# Lusion Astronaut Export: glove_shoes
g glove_shoes
v 0.072970 1.386976 -0.175941
v -0.002233 1.386567 -0.175584
v 0.000679 1.348915 -0.176982
v 0.076688 1.349914 -0.177318
v 0.000777 1.304245 -0.176954
v 0.076314 1.303541 -0.176961
v 0.001210 1.254238 -0.176918
v 0.075724 1.254147 -0.176940
v 0.074170 1.206071 -0.176619
v 0.000659 1.205413 -0.176933
v 0.072242 1.157064 -0.175099
v -0.000698 1.155633 -0.179658
v 0.000305 1.107670 -0.178987
v 0.075016 1.108670 -0.172666
v 0.072518 1.065885 -0.166045
v -0.000423 1.065022 -0.172159
v 0.067207 1.034205 -0.161365
v -0.001190 1.033796 -0.167486
v -0.075410 1.348052 -0.177311
v -0.077396 1.386249 -0.176440
v -0.074957 1.305085 -0.176982
v -0.073305 1.254329 -0.176982
v -0.072813 1.204868 -0.176861
v -0.073856 1.153748 -0.176412
v -0.074210 1.107080 -0.174300
v -0.073619 1.066339 -0.166880
v -0.069587 1.034795 -0.162035
v -0.076354 1.433735 -0.173836
v -0.001485 1.433372 -0.173051
v 0.074092 1.432668 -0.172067
v 0.070334 1.462645 -0.178659
v 0.030618 1.459125 -0.181370
v -0.004652 1.456490 -0.179144
v -0.038133 1.456354 -0.180828
v -0.075036 1.460033 -0.179316
v 0.149137 1.473568 -0.164497
v 0.146619 1.066180 -0.164982
v 0.148468 1.110895 -0.166109
v 0.145695 1.158744 -0.173822
v 0.147859 1.206616 -0.181014
v 0.150239 1.254057 -0.180115
v 0.151911 1.302746 -0.182490
v 0.152717 1.350913 -0.181606
v 0.148134 1.387294 -0.175220
v 0.151144 1.432532 -0.165410
v -0.147918 1.106989 -0.165153
v -0.147229 1.066793 -0.164918
v -0.146442 1.204368 -0.181420
v -0.147819 1.254397 -0.181927
v -0.147701 1.473000 -0.161771
v -0.151026 1.433940 -0.166266
v -0.152580 1.385863 -0.176490
v -0.151360 1.347075 -0.181713
v -0.150376 1.305903 -0.183161
v -0.147111 1.151841 -0.174229
v 0.137944 1.033591 -0.165346
v -0.127361 1.006612 -0.164076
v -0.064335 1.005659 -0.164946
v -0.002528 1.006635 -0.168649
v 0.059496 1.003592 -0.166288
v 0.124647 1.005454 -0.167822
v 0.108359 1.470525 -0.170540
v -0.118273 1.469321 -0.168942
v -0.139892 1.034545 -0.163855
v 0.108359 1.470525 -0.170540
v -0.118273 1.469321 -0.168942
v 0.109421 1.471547 -0.187585
v 0.072026 1.466278 -0.193799
v 0.031523 1.461055 -0.197709
v -0.001761 1.457035 -0.198586
v -0.038251 1.458534 -0.199036
v -0.078104 1.465029 -0.197530
v -0.121952 1.469821 -0.188869
v 0.032644 1.446748 -0.216009
v -0.001623 1.441298 -0.214660
v 0.105939 1.450063 -0.210993
v 0.071495 1.452016 -0.210851
v 0.100943 1.411593 -0.234245
v 0.069843 1.411843 -0.227453
v 0.035674 1.409640 -0.226497
v 0.066557 1.372283 -0.244412
v 0.034907 1.370671 -0.238576
v 0.091973 1.377847 -0.257896
v -0.116955 1.455082 -0.214789
v -0.079127 1.452062 -0.219091
v -0.001721 1.404531 -0.222330
v -0.111152 1.426514 -0.247159
v -0.078124 1.424515 -0.238497
v -0.039470 1.444863 -0.218806
v -0.001623 1.368309 -0.237826
v -0.100589 1.392131 -0.261228
v -0.070020 1.385409 -0.253701
v -0.040690 1.414023 -0.230093
v -0.036106 1.373191 -0.247151
v 0.042519 1.295706 -0.284958
v 0.016927 1.278333 -0.286285
v 0.006875 1.299408 -0.268213
v 0.039313 1.316190 -0.267064
v 0.080642 1.349233 -0.272686
v 0.055424 1.341625 -0.259166
v 0.064472 1.323866 -0.278708
v 0.031916 1.336742 -0.252067
v -0.000266 1.330474 -0.252310
v -0.054853 1.301815 -0.294040
v -0.053496 1.326182 -0.279029
v -0.023576 1.302315 -0.274762
v -0.019661 1.279741 -0.291051
v -0.030244 1.335811 -0.259416
v -0.076000 1.332314 -0.288340
v -0.086760 1.362223 -0.275055
v -0.062525 1.354388 -0.268983
v 0.102457 1.223330 -0.252452
v 0.129053 1.248220 -0.222594
v 0.115086 1.201484 -0.227795
v 0.076826 1.191378 -0.262491
v 0.091678 1.159607 -0.233931
v 0.051824 1.156223 -0.266501
v 0.078045 1.142143 -0.243705
v 0.051725 1.126179 -0.260693
v 0.144554 1.470457 -0.182455
v 0.152147 1.070336 -0.182790
v 0.149078 1.106421 -0.182098
v 0.133676 1.070790 -0.209117
v 0.133931 1.093409 -0.206220
v 0.148193 1.134241 -0.185366
v 0.139557 1.118457 -0.198401
v 0.144337 1.126587 -0.215709
v 0.149629 1.150819 -0.197602
v 0.147898 1.194694 -0.223614
v 0.127892 1.151114 -0.230071
v 0.149531 1.171416 -0.202339
v 0.151734 1.202074 -0.200341
v 0.158894 1.248561 -0.219105
v 0.157970 1.254034 -0.200748
v 0.152127 1.278083 -0.229729
v 0.152521 1.299771 -0.207105
v 0.123643 1.275108 -0.251297
v 0.091619 1.244496 -0.279015
v 0.083239 1.320005 -0.295146
v 0.058650 1.280763 -0.304071
v 0.075764 1.262959 -0.294561
v 0.107749 1.300044 -0.274370
v 0.155353 1.434939 -0.190602
v 0.136272 1.447793 -0.218435
v 0.149000 1.437187 -0.211528
v 0.127774 1.419633 -0.249049
v 0.147367 1.405257 -0.235101
v 0.115027 1.384455 -0.273592
v 0.098877 1.352844 -0.286064
v 0.153780 1.387203 -0.205735
v 0.156199 1.350005 -0.211999
v 0.152993 1.362813 -0.238048
v 0.139715 1.375576 -0.254300
v 0.124470 1.335607 -0.268056
v 0.146069 1.322503 -0.244911
v -0.139892 1.034545 -0.163855
v -0.142331 1.055642 -0.214953
v -0.142233 1.039269 -0.192429
v -0.147662 1.067293 -0.185473
v -0.146108 1.078670 -0.210943
v -0.151478 1.115619 -0.187064
v -0.151281 1.107284 -0.206491
v -0.154606 1.213883 -0.206049
v -0.156042 1.260506 -0.199407
v -0.150750 1.470411 -0.180643
v -0.153799 1.178615 -0.207169
v -0.156376 1.140259 -0.203002
v -0.152068 1.217880 -0.227845
v -0.145990 1.194603 -0.240424
v -0.153937 1.159085 -0.229843
v -0.158697 1.119366 -0.224620
v -0.131709 1.154634 -0.256184
v -0.149767 1.138533 -0.242985
v -0.151517 1.062978 -0.239560
v -0.157832 1.095816 -0.235379
v -0.143197 1.446044 -0.209952
v -0.155491 1.436324 -0.185958
v -0.159091 1.264094 -0.220632
v -0.133676 1.233482 -0.233774
v -0.156140 1.390996 -0.193085
v -0.154566 1.349778 -0.201411
v -0.154566 1.305653 -0.203352
v -0.135308 1.415499 -0.240295
v -0.150849 1.389747 -0.218128
v -0.146364 1.349392 -0.224884
v -0.149845 1.306629 -0.226040
v -0.127951 1.391041 -0.264731
v -0.140679 1.257963 -0.252131
v -0.137787 1.301769 -0.249142
v -0.138849 1.348006 -0.247565
v -0.144573 1.381344 -0.245189
v 0.023281 1.122136 -0.280349
v 0.031503 1.166852 -0.287348
v 0.059102 1.203732 -0.286114
v 0.042500 1.230234 -0.301168
v 0.019838 1.253103 -0.304999
v -0.002882 1.121478 -0.292171
v 0.003649 1.170553 -0.297743
v 0.020468 1.200689 -0.298899
v -0.111447 1.353956 -0.285650
v -0.131984 1.368786 -0.263211
v -0.128935 1.345417 -0.264139
v -0.094018 1.318211 -0.298621
v -0.123722 1.302610 -0.271138
v -0.118450 1.260983 -0.274912
v -0.033943 1.130766 -0.297472
v -0.024658 1.182907 -0.303172
v -0.004023 1.218016 -0.304728
v -0.096812 1.173801 -0.263768
v -0.114890 1.212271 -0.250162
v -0.119709 1.229076 -0.270503
v -0.069134 1.135240 -0.285450
v -0.074642 1.130176 -0.267007
v -0.091815 1.181091 -0.286342
v -0.104995 1.266501 -0.289524
v -0.105743 1.206230 -0.281241
v -0.036559 1.226805 -0.307168
v -0.051273 1.193149 -0.302216
v -0.085835 1.273700 -0.302837
v -0.094982 1.241771 -0.292542
v -0.085698 1.219175 -0.293798
v -0.074052 1.249855 -0.305256
v -0.065456 1.225465 -0.304264
v -0.057332 1.278833 -0.306426
v -0.048932 1.253330 -0.308502
v -0.018934 1.255396 -0.306205
v -0.073895 1.190379 -0.294953
v -0.054224 1.136353 -0.293783
v -0.054460 1.092273 -0.281626
v -0.108595 1.122659 -0.265152
v -0.147445 1.107625 -0.254643
v -0.137374 1.076694 -0.258424
v -0.114162 1.088095 -0.267193
v -0.121735 1.058640 -0.258795
v 0.027431 1.089730 -0.277445
v -0.002724 1.087799 -0.283795
v -0.028651 1.089048 -0.287112
v -0.016711 1.068451 -0.277873
v 0.024638 1.070631 -0.275840
v 0.020015 1.048603 -0.268712
v -0.012914 1.046513 -0.268591
v -0.050211 1.069723 -0.273935
v -0.050899 1.044469 -0.266265
v -0.080957 1.090956 -0.272337
v -0.083121 1.070835 -0.268248
v -0.090891 1.047762 -0.262384
v -0.091579 1.028209 -0.252638
v -0.132554 1.040949 -0.242842
v 0.133872 1.100449 -0.235058
v 0.107474 1.121750 -0.251325
v 0.076177 1.099449 -0.265737
v 0.108752 1.092864 -0.246859
v 0.100254 1.068928 -0.247537
v 0.069744 1.074355 -0.262498
v 0.064177 1.048852 -0.259266
v 0.090438 1.042198 -0.248100
v 0.129682 1.064295 -0.232740
v 0.135544 1.048830 -0.207647
v 0.129092 1.042471 -0.226354
v 0.117801 1.031366 -0.233132
v 0.148173 1.046150 -0.192265
v 0.137925 1.025598 -0.207947
v 0.137433 1.014924 -0.186814
v -0.132318 1.004455 -0.187456
v -0.098189 0.994758 -0.193777
v 0.113611 0.998869 -0.195062
v -0.119040 1.023758 -0.231091
v -0.126201 1.012789 -0.211671
v -0.093723 1.016287 -0.234059
v 0.117506 1.011450 -0.216316
v 0.093763 1.019761 -0.236364
v 0.060617 1.028936 -0.249806
v 0.020842 1.029254 -0.257539
v -0.009570 1.026324 -0.255214
v -0.050663 1.020284 -0.254507
v -0.098504 1.003774 -0.215574
v 0.058709 1.018808 -0.232939
v 0.085245 1.006544 -0.219662
v 0.059141 1.006794 -0.216273
v 0.073856 0.994645 -0.198707
v 0.021707 1.019080 -0.233410
v 0.028297 0.994486 -0.198187
v 0.027884 1.007861 -0.216216
v -0.006718 0.994486 -0.201818
v -0.008370 1.015628 -0.233845
v -0.005813 1.004591 -0.216045
v -0.049739 1.009338 -0.235365
v -0.054991 0.993168 -0.200969
v -0.051863 0.999754 -0.219498
v 0.070334 1.462645 -0.178659
v 0.030618 1.459125 -0.181370
v -0.004652 1.456490 -0.179144
v -0.038133 1.456354 -0.180828
v -0.075036 1.460033 -0.179316
v 0.149137 1.473568 -0.164497
v 0.146619 1.066180 -0.164982
v 0.148468 1.110895 -0.166109
v 0.145695 1.158744 -0.173822
v 0.147859 1.206616 -0.181014
v 0.150239 1.254057 -0.180115
v 0.151911 1.302746 -0.182490
v 0.152717 1.350913 -0.181606
v 0.148134 1.387294 -0.175220
v 0.151144 1.432532 -0.165410
v -0.147918 1.106989 -0.165153
v -0.147229 1.066793 -0.164918
v -0.146442 1.204368 -0.181420
v -0.147819 1.254397 -0.181927
v -0.147701 1.473000 -0.161771
v -0.151026 1.433940 -0.166266
v -0.152580 1.385863 -0.176490
v -0.151360 1.347075 -0.181713
v -0.150376 1.305903 -0.183161
v -0.147111 1.151841 -0.174229
v 0.137944 1.033591 -0.165346
v -0.127361 1.006612 -0.164076
v -0.064335 1.005659 -0.164946
v -0.002528 1.006635 -0.168649
v 0.059496 1.003592 -0.166288
v 0.124647 1.005454 -0.167822
v -0.578245 0.983449 0.085272
v -0.579287 0.972389 0.088268
v -0.575353 0.976272 0.098235
v -0.574979 0.988263 0.096680
v -0.563354 0.986923 0.100354
v -0.565675 0.975160 0.101339
v -0.553754 0.981337 0.094383
v -0.630452 0.953404 -0.018159
v -0.629665 0.960058 -0.016232
v -0.626301 0.960625 -0.024195
v -0.626538 0.953722 -0.025422
v -0.640819 0.937598 0.010629
v -0.639383 0.949793 0.011964
v -0.637652 0.950270 0.002425
v -0.638950 0.938188 0.001240
v -0.642806 0.943548 0.036300
v -0.643907 0.928741 0.037455
v -0.644576 0.930058 0.047237
v -0.642924 0.944661 0.046495
v -0.636294 0.949907 0.072016
v -0.636393 0.938756 0.074113
v -0.634917 0.940913 0.083880
v -0.634740 0.951928 0.082054
v -0.618099 0.957809 -0.025750
v -0.618059 0.951701 -0.026620
v -0.628996 0.947522 -0.001471
v -0.629705 0.936599 -0.001978
v -0.634445 0.939869 0.031520
v -0.635095 0.926220 0.032961
v -0.628721 0.945592 0.066022
v -0.629036 0.934509 0.068377
v -0.625613 0.949838 0.086856
v -0.625928 0.938915 0.088582
v -0.634681 0.942140 0.052581
v -0.636767 0.929104 0.054001
v -0.632518 0.946523 0.018299
v -0.634386 0.935486 0.017885
v -0.625121 0.956765 -0.009647
v -0.626577 0.951042 -0.011167
v -0.623095 0.962942 -0.008334
v -0.628013 0.967575 -0.015020
v -0.620262 0.969846 -0.005880
v -0.625711 0.974796 -0.013243
v -0.624138 0.967779 -0.023403
v -0.621679 0.975273 -0.022490
v -0.616368 0.963986 -0.025286
v -0.612827 0.971344 -0.024138
v -0.626793 0.959490 -0.001656
v -0.635803 0.963782 0.002339
v -0.638321 0.963396 0.012920
v -0.634347 0.972276 0.013854
v -0.631888 0.972616 0.002717
v -0.631278 0.958354 0.020104
v -0.626911 0.967075 0.021003
v -0.625770 0.960603 0.060814
v -0.634662 0.966235 0.066579
v -0.632773 0.968665 0.077952
v -0.628308 0.979588 0.074534
v -0.629980 0.975886 0.063090
v -0.623016 0.966008 0.083781
v -0.617745 0.976999 0.080320
v -0.632675 0.956061 0.028230
v -0.641606 0.960989 0.033952
v -0.641468 0.962147 0.045881
v -0.636531 0.971322 0.032789
v -0.636078 0.972616 0.044868
v -0.631711 0.958037 0.052388
v -0.626852 0.968710 0.050490
v -0.627364 0.966258 0.027324
v -0.621167 0.970004 0.058082
v -0.622918 0.968029 -0.000722
v -0.534063 1.076149 0.054222
v -0.543387 1.063455 0.054571
v -0.531014 1.055325 0.049813
v -0.519507 1.065680 0.050512
v -0.510438 1.076195 0.050897
v -0.525821 1.088708 0.054785
v -0.509179 1.084756 0.040588
v -0.520824 1.095975 0.045061
v -0.548738 1.085960 -0.028304
v -0.536660 1.093318 -0.022818
v -0.557511 1.076513 -0.026150
v -0.557433 1.101289 -0.013985
v -0.545492 1.104877 -0.012201
v -0.565793 1.086119 -0.007485
v -0.558869 1.109850 0.009245
v -0.548522 1.111872 0.007925
v -0.532765 1.105263 0.041494
v -0.542817 1.099654 0.047166
v -0.552830 1.108919 0.031569
v -0.542719 1.112507 0.028316
v -0.565458 1.090002 0.013219
v -0.549328 1.085755 0.048307
v -0.558593 1.069586 0.051989
v -0.559990 1.090343 0.033817
v -0.535519 1.047376 0.058174
v -0.548148 1.053894 0.062020
v -0.571616 1.074310 0.037955
v -0.565380 1.064113 -0.020050
v -0.557531 1.047036 -0.015619
v -0.575019 1.069791 -0.002905
v -0.568685 1.054552 -0.014449
v -0.576946 1.073265 0.017921
v -0.578402 1.061047 0.001133
v -0.576376 1.045014 -0.012637
v -0.565872 1.034909 -0.018487
v -0.609365 0.978793 -0.023410
v -0.618512 0.982994 -0.020934
v -0.540476 1.038224 0.066814
v -0.552082 1.041903 0.073378
v -0.553066 1.029822 0.082475
v -0.554167 1.016605 0.089089
v -0.543623 1.011836 0.079329
v -0.541401 1.024621 0.074341
v -0.585779 1.034909 -0.013999
v -0.575589 1.025144 -0.018194
v -0.565675 1.044288 0.069226
v -0.564042 1.058776 0.059630
v -0.577930 1.060888 0.041429
v -0.585858 1.061093 0.020932
v -0.584835 1.055143 0.001661
v -0.594552 1.022396 -0.014370
v -0.585956 1.014038 -0.019300
v -0.594119 1.043584 0.003873
v -0.596991 1.048421 0.025619
v -0.588316 1.048126 0.045232
v -0.576907 1.046332 0.058959
v -0.603680 1.008293 -0.015198
v -0.594906 1.001571 -0.019828
v -0.611686 0.993850 -0.017438
v -0.603444 0.989535 -0.021120
v -0.617312 0.977090 -0.004203
v -0.622387 0.982177 -0.011538
v -0.615659 0.994599 -0.008541
v -0.609148 1.010223 -0.007143
v -0.618177 0.976568 -0.000329
v -0.627934 0.981450 0.003131
v -0.630432 0.981155 0.014817
v -0.622485 0.975795 0.021581
v -0.618984 0.981904 -0.002177
v -0.617607 0.994486 -0.000351
v -0.624452 0.996416 0.010644
v -0.612060 1.011654 0.002346
v -0.631770 0.981859 0.031363
v -0.622111 0.976318 0.025476
v -0.624629 0.983880 0.023728
v -0.622977 0.997052 0.023479
v -0.630452 0.982994 0.043698
v -0.621305 0.978316 0.049691
v -0.618964 0.979225 0.054707
v -0.625633 0.986741 0.059559
v -0.623016 0.986741 0.051125
v -0.619062 0.980565 0.051939
v -0.626557 0.999186 0.037084
v -0.621482 1.000526 0.048414
v -0.623508 0.990148 0.070910
v -0.612433 0.987991 0.076739
v -0.621226 1.002593 0.062598
v -0.614636 1.001684 0.070774
v -0.568212 1.029050 0.079557
v -0.584461 1.033160 0.065887
v -0.569511 1.013335 0.087112
v -0.578835 1.015197 0.078729
v -0.592742 1.023100 0.068648
v -0.605548 1.012244 0.070232
v -0.588021 1.014788 0.073478
v -0.615974 1.013516 0.011664
v -0.617390 1.014175 0.022751
v -0.603424 1.029890 0.004886
v -0.612355 1.024667 0.014903
v -0.604053 1.034772 0.029294
v -0.612905 1.027551 0.031534
v -0.618905 1.015356 0.034017
v -0.615817 1.015946 0.045496
v -0.612925 1.016219 0.059780
v -0.607850 1.028777 0.051375
v -0.598781 1.037043 0.049406
v -0.616702 0.977499 -0.002234
v -0.621443 0.976863 0.023778
v -0.602303 0.995712 0.074170
v -0.594159 1.000186 0.073706
v -0.586231 1.006658 0.075747
v -0.577320 1.007271 0.073849
v -0.571911 1.004864 0.075055
v -0.574192 0.995099 0.081126
v -0.572324 1.000753 0.093262
v -0.556882 1.007725 0.092392
v -0.570239 1.006726 0.089595
v -0.559360 0.999096 0.096480
v -0.547341 1.002706 0.084537
v -0.551079 0.993464 0.089495
v -0.572756 1.000027 0.078244
v -0.575746 0.963805 0.101603
v -0.574488 0.959217 0.098899
v -0.562586 0.961102 0.100968
v -0.569137 0.964463 0.103886
v -0.568862 0.958377 0.101046
v -0.627698 0.939710 -0.025729
v -0.621777 0.938415 -0.026571
v -0.624216 0.935054 -0.022889
v -0.630255 0.939278 -0.020734
v -0.626223 0.934759 -0.019165
v -0.627383 0.946659 -0.025907
v -0.630590 0.946341 -0.019464
v -0.627895 0.937598 -0.015726
v -0.627875 0.944365 -0.013115
v -0.637789 0.916660 0.001747
v -0.631967 0.915774 -0.001129
v -0.633481 0.912322 0.002888
v -0.639462 0.916342 0.007590
v -0.634917 0.911754 0.008560
v -0.638026 0.927424 0.001732
v -0.640071 0.926992 0.009110
v -0.635449 0.914843 0.013483
v -0.635468 0.925085 0.016423
v -0.642019 0.912208 0.039888
v -0.634819 0.910187 0.035208
v -0.635429 0.903806 0.042236
v -0.634957 0.918181 0.033967
v -0.642943 0.920498 0.038704
v -0.642432 0.912981 0.047679
v -0.636019 0.904919 0.048600
v -0.643632 0.921542 0.047501
v -0.636471 0.912231 0.054414
v -0.636688 0.920679 0.054464
v -0.634603 0.924108 0.079086
v -0.630295 0.920906 0.074391
v -0.629252 0.918794 0.079564
v -0.629823 0.927628 0.070717
v -0.635508 0.931444 0.076596
v -0.628190 0.920270 0.084851
v -0.633658 0.925925 0.085165
v -0.634504 0.933442 0.084630
v -0.627600 0.925198 0.089224
v -0.626419 0.932011 0.089538
v -0.630236 0.926288 -0.002427
v -0.619889 0.945069 -0.027313
v -0.556567 0.970368 0.096751
v -0.536129 1.073787 -0.030766
v -0.528575 1.084620 -0.026021
v -0.544056 1.065385 -0.027840
v -0.552259 1.055960 -0.024073
v -0.578992 0.962783 0.094711
v 0.565163 1.001912 0.065944
v 0.581294 0.997574 0.067549
v 0.564534 0.996847 0.071809
v 0.540083 1.014084 0.060465
v 0.546063 1.002865 0.067592
v 0.549879 0.996098 0.072900
v 0.554187 1.005886 0.049185
v 0.567288 1.001775 0.051104
v 0.546456 1.012767 0.042179
v 0.580094 0.995008 0.052445
v 0.568921 0.977885 0.079172
v 0.565242 0.989467 0.074441
v 0.552298 0.987900 0.077531
v 0.556902 0.976295 0.082546
v 0.570258 0.967643 0.083795
v 0.559872 0.965985 0.086135
v 0.572324 0.959308 0.091579
v 0.565281 0.958286 0.093655
v 0.611528 0.967915 0.063197
v 0.605686 0.976590 0.059009
v 0.610309 0.978680 0.051190
v 0.603365 0.981200 0.070639
v 0.609601 0.970890 0.074106
v 0.597188 0.985969 0.069604
v 0.597542 0.980882 0.057047
v 0.619102 0.943230 0.070546
v 0.615679 0.957741 0.066408
v 0.614518 0.960489 0.077795
v 0.618354 0.945524 0.080777
v 0.617764 0.962306 0.032875
v 0.611823 0.972071 0.031405
v 0.612512 0.976409 0.023807
v 0.611430 0.973729 0.043870
v 0.617056 0.963419 0.044747
v 0.602067 0.977226 0.039632
v 0.603267 0.977453 0.022516
v 0.626105 0.937257 0.037113
v 0.623292 0.952018 0.033917
v 0.622052 0.952609 0.046238
v 0.626164 0.938370 0.047451
v 0.615168 0.962965 0.005671
v 0.609876 0.971072 0.006006
v 0.608971 0.977249 -0.000244
v 0.617351 0.962510 0.016701
v 0.612768 0.970958 0.017750
v 0.601417 0.979316 0.000983
v 0.621757 0.944138 0.004736
v 0.619613 0.954471 0.004972
v 0.621659 0.953767 0.015980
v 0.624059 0.943866 0.014232
v 0.608440 0.973116 -0.006758
v 0.611961 0.966212 -0.008969
v 0.608420 0.966871 -0.017331
v 0.604211 0.973570 -0.016026
v 0.596086 0.981314 -0.014406
v 0.614617 0.958650 -0.010118
v 0.617154 0.954131 -0.011195
v 0.613456 0.954448 -0.019029
v 0.611764 0.959740 -0.019086
v 0.614558 0.948975 -0.020121
v 0.615954 0.942708 -0.021462
v 0.618413 0.948953 -0.011616
v 0.619338 0.941777 -0.013500
v 0.619436 0.936644 -0.021227
v 0.622033 0.936190 -0.016054
v 0.622584 0.934305 0.004872
v 0.623587 0.924154 0.004051
v 0.625475 0.934032 0.013961
v 0.625888 0.923427 0.013419
v 0.627619 0.914366 0.003823
v 0.628800 0.913866 0.010016
v 0.626931 0.925198 0.039061
v 0.627147 0.917068 0.039981
v 0.627934 0.926470 0.049171
v 0.627482 0.918431 0.049962
v 0.628583 0.909393 0.041280
v 0.628741 0.910074 0.049634
v 0.619889 0.932397 0.072836
v 0.618276 0.934555 0.082910
v 0.620872 0.925675 0.074770
v 0.619161 0.928151 0.084116
v 0.624000 0.919953 0.078080
v 0.622839 0.921837 0.084572
v 0.534752 1.026574 0.051675
v 0.531132 1.037339 0.043013
v 0.524700 1.049170 0.036235
v 0.511166 1.056415 0.036571
v 0.501507 1.063250 0.036057
v 0.501980 1.075059 0.028252
v 0.544037 1.065385 -0.027833
v 0.537997 1.046786 -0.017909
v 0.531506 1.056460 -0.019129
v 0.545925 1.038429 -0.014221
v 0.528536 1.042675 -0.001706
v 0.519821 1.050669 -0.004018
v 0.536916 1.036862 0.001076
v 0.522988 1.043675 0.018492
v 0.511992 1.050556 0.016351
v 0.531762 1.037997 0.020325
v 0.534791 1.029368 0.023329
v 0.501153 1.055188 0.014532
v 0.509337 1.056551 -0.007906
v 0.498458 1.067361 0.012028
v 0.504871 1.068791 -0.007457
v 0.521749 1.063704 -0.024423
v 0.517461 1.075945 -0.022597
v 0.536109 1.073787 -0.030766
v 0.528555 1.084597 -0.026078
v 0.552417 1.027369 -0.011973
v 0.563590 1.015719 -0.012187
v 0.544922 1.026370 0.002054
v 0.555682 1.017013 0.003516
v 0.549072 1.019103 0.019483
v 0.539020 1.019012 0.034487
v 0.574330 1.005000 -0.011759
v 0.584421 0.992805 -0.012430
v 0.572147 1.001957 0.002268
v 0.583989 0.990852 0.001839
v 0.595516 0.981564 0.000962
v 0.589143 0.991715 0.068191
v 0.556390 1.013448 0.028523
v 0.562803 1.010564 0.020061
v 0.573720 1.003320 0.020026
v 0.583713 0.993782 0.021888
v 0.593490 0.984698 0.021595
v 0.573170 1.004773 0.035672
v 0.562921 1.009201 0.034245
v 0.582002 0.993940 0.036977
v 0.593392 0.986605 0.037969
v 0.589949 0.988081 0.054229
v 0.571891 1.004864 0.075055
v 0.577300 1.007271 0.073842
v 0.572737 1.000027 0.078244
v 0.541341 1.024667 0.074177
v 0.543604 1.011836 0.079307
v 0.547322 1.002706 0.084537
v 0.574173 0.995121 0.081176
v 0.578225 0.983449 0.085272
v 0.551039 0.993486 0.089474
v 0.553734 0.981337 0.094383
v 0.579248 0.972389 0.088261
v 0.556547 0.970368 0.096751
v 0.578992 0.962783 0.094725
v 0.562567 0.961102 0.100968
v 0.574448 0.959263 0.098920
v 0.568881 0.958354 0.101018
v 0.618905 0.979247 0.054728
v 0.621148 0.970004 0.058082
v 0.619043 0.980565 0.051939
v 0.612414 0.987991 0.076739
v 0.617705 0.976999 0.080320
v 0.602322 0.995689 0.074170
v 0.625790 0.960625 0.060814
v 0.628701 0.945592 0.066022
v 0.622997 0.966008 0.083773
v 0.625672 0.949929 0.086834
v 0.627344 0.966258 0.027324
v 0.622092 0.976340 0.025455
v 0.621423 0.976886 0.023750
v 0.621305 0.978316 0.049734
v 0.626833 0.968710 0.050490
v 0.632655 0.956061 0.028230
v 0.634426 0.939869 0.031520
v 0.631691 0.958037 0.052388
v 0.634662 0.942140 0.052581
v 0.618158 0.976568 -0.000329
v 0.622957 0.968074 -0.000758
v 0.616682 0.977521 -0.002241
v 0.622466 0.975795 0.021581
v 0.626892 0.967075 0.021003
v 0.626774 0.959490 -0.001656
v 0.628977 0.947522 -0.001471
v 0.631259 0.958354 0.020104
v 0.632616 0.946455 0.018235
v 0.617292 0.977113 -0.004182
v 0.620243 0.969846 -0.005880
v 0.612807 0.971344 -0.024138
v 0.609345 0.978793 -0.023410
v 0.603483 0.989444 -0.021205
v 0.623095 0.962919 -0.008356
v 0.625082 0.956742 -0.009604
v 0.618059 0.957809 -0.025729
v 0.616328 0.963986 -0.025265
v 0.618099 0.951678 -0.026649
v 0.619869 0.945069 -0.027313
v 0.626557 0.951042 -0.011167
v 0.627855 0.944365 -0.013115
v 0.621757 0.938415 -0.026571
v 0.624216 0.935054 -0.022832
v 0.626183 0.934759 -0.019243
v 0.627875 0.937598 -0.015726
v 0.629685 0.936599 -0.001978
v 0.630216 0.926288 -0.002427
v 0.634386 0.935486 0.017892
v 0.635449 0.925085 0.016423
v 0.631967 0.915751 -0.001129
v 0.633462 0.912345 0.002888
v 0.634937 0.911754 0.008525
v 0.635468 0.914843 0.013455
v 0.635055 0.926243 0.032961
v 0.634937 0.918181 0.033967
v 0.636865 0.929104 0.054001
v 0.636668 0.920679 0.054464
v 0.634799 0.910187 0.035208
v 0.635429 0.903829 0.042207
v 0.635999 0.904896 0.048564
v 0.636511 0.912208 0.054393
v 0.628996 0.934509 0.068363
v 0.625849 0.938960 0.088525
v 0.629803 0.927628 0.070717
v 0.626400 0.932011 0.089538
v 0.630275 0.920906 0.074391
v 0.629311 0.918817 0.079550
v 0.628190 0.920248 0.084829
v 0.627580 0.925198 0.089224
v 0.540476 1.038292 0.066786
v 0.535538 1.047399 0.058210
v 0.531073 1.055325 0.049827
v 0.519507 1.065680 0.050490
v 0.510320 1.076149 0.050869
v 0.509120 1.084870 0.040566
v 0.552279 1.055960 -0.024045
v 0.557511 1.047036 -0.015598
v 0.565852 1.034909 -0.018480
v 0.575569 1.025166 -0.018137
v 0.585936 1.014061 -0.019279
v 0.594887 1.001548 -0.019807
v 0.594139 1.000186 0.073685
v 0.586172 1.006658 0.075783
v 0.578795 1.015197 0.078751
v 0.569471 1.013335 0.087120
v 0.571891 1.004864 0.075055
v 0.577300 1.007271 0.073842
v 0.570219 1.006726 0.089595
v 0.572737 1.000027 0.078244
v 0.568193 1.029050 0.079564
v 0.553007 1.029844 0.082511
v 0.554148 1.016605 0.089089
v 0.556862 1.007725 0.092392
v 0.541341 1.024667 0.074177
v 0.543604 1.011836 0.079307
v 0.547322 1.002706 0.084537
v 0.574173 0.995121 0.081176
v 0.572304 1.000753 0.093262
v 0.574940 0.988309 0.096673
v 0.578225 0.983449 0.085272
v 0.559341 0.999096 0.096480
v 0.563334 0.986923 0.100354
v 0.551039 0.993486 0.089474
v 0.553734 0.981337 0.094383
v 0.575333 0.976272 0.098235
v 0.579248 0.972389 0.088261
v 0.565655 0.975160 0.101339
v 0.556547 0.970368 0.096751
v 0.575746 0.963805 0.101610
v 0.578992 0.962783 0.094725
v 0.569117 0.964463 0.103886
v 0.562567 0.961102 0.100968
v 0.574448 0.959263 0.098920
v 0.568881 0.958354 0.101018
v 0.618905 0.979247 0.054728
v 0.625574 0.986855 0.059587
v 0.629960 0.975886 0.063090
v 0.621148 0.970004 0.058082
v 0.622997 0.986741 0.051125
v 0.619043 0.980565 0.051939
v 0.623488 0.990148 0.070910
v 0.628288 0.979588 0.074534
v 0.621207 1.002661 0.062576
v 0.621462 1.000504 0.048421
v 0.612414 0.987991 0.076739
v 0.617705 0.976999 0.080320
v 0.614617 1.001684 0.070767
v 0.602322 0.995689 0.074170
v 0.625790 0.960625 0.060814
v 0.634642 0.966235 0.066579
v 0.636275 0.949907 0.072016
v 0.628701 0.945592 0.066022
v 0.632754 0.968687 0.077944
v 0.634721 0.952018 0.082033
v 0.622997 0.966008 0.083773
v 0.625672 0.949929 0.086834
v 0.631750 0.981859 0.031363
v 0.636511 0.971322 0.032789
v 0.627344 0.966258 0.027324
v 0.622092 0.976340 0.025455
v 0.624610 0.983880 0.023728
v 0.621423 0.976886 0.023750
v 0.630432 0.982994 0.043698
v 0.636058 0.972616 0.044868
v 0.626557 0.999209 0.037099
v 0.622977 0.996961 0.023486
v 0.621305 0.978316 0.049734
v 0.626833 0.968710 0.050490
v 0.632655 0.956061 0.028230
v 0.641566 0.960966 0.033938
v 0.642786 0.943548 0.036300
v 0.634426 0.939869 0.031520
v 0.641448 0.962147 0.045881
v 0.642904 0.944706 0.046488
v 0.631691 0.958037 0.052388
v 0.634662 0.942140 0.052581
v 0.618158 0.976568 -0.000329
v 0.627914 0.981450 0.003131
v 0.631868 0.972616 0.002717
v 0.622957 0.968074 -0.000758
v 0.618984 0.981950 -0.002120
v 0.616682 0.977521 -0.002241
v 0.630413 0.981132 0.014825
v 0.634327 0.972276 0.013854
v 0.624433 0.996416 0.010644
v 0.617666 0.994531 -0.000194
v 0.622466 0.975795 0.021581
v 0.626892 0.967075 0.021003
v 0.626774 0.959490 -0.001656
v 0.635783 0.963759 0.002332
v 0.637612 0.950224 0.002375
v 0.628977 0.947522 -0.001471
v 0.638301 0.963396 0.012920
v 0.639363 0.949793 0.011971
v 0.631259 0.958354 0.020104
v 0.632616 0.946455 0.018235
v 0.625692 0.974796 -0.013243
v 0.622387 0.982154 -0.011545
v 0.617292 0.977113 -0.004182
v 0.620243 0.969846 -0.005880
v 0.621659 0.975273 -0.022490
v 0.618492 0.982994 -0.020934
v 0.611686 0.993804 -0.017495
v 0.615659 0.994622 -0.008556
v 0.612807 0.971344 -0.024138
v 0.609345 0.978793 -0.023410
v 0.603483 0.989444 -0.021205
v 0.629626 0.960080 -0.016261
v 0.627993 0.967575 -0.015020
v 0.623095 0.962919 -0.008356
v 0.625082 0.956742 -0.009604
v 0.626282 0.960625 -0.024195
v 0.624118 0.967779 -0.023403
v 0.618059 0.957809 -0.025729
v 0.616328 0.963986 -0.025265
v 0.626478 0.953676 -0.025472
v 0.618099 0.951678 -0.026649
v 0.627364 0.946659 -0.025907
v 0.619869 0.945069 -0.027313
v 0.630432 0.953404 -0.018159
v 0.630570 0.946341 -0.019464
v 0.626557 0.951042 -0.011167
v 0.627855 0.944365 -0.013115
v 0.621757 0.938415 -0.026571
v 0.627698 0.939733 -0.025714
v 0.624216 0.935054 -0.022832
v 0.630236 0.939278 -0.020734
v 0.626183 0.934759 -0.019243
v 0.627875 0.937598 -0.015726
v 0.639009 0.938188 0.001340
v 0.629685 0.936599 -0.001978
v 0.638006 0.927424 0.001732
v 0.630216 0.926288 -0.002427
v 0.640799 0.937598 0.010629
v 0.640052 0.926992 0.009110
v 0.634386 0.935486 0.017892
v 0.635449 0.925085 0.016423
v 0.631967 0.915751 -0.001129
v 0.637770 0.916614 0.001782
v 0.633462 0.912345 0.002888
v 0.639442 0.916387 0.007690
v 0.634937 0.911754 0.008525
v 0.635468 0.914843 0.013455
v 0.643888 0.928741 0.037455
v 0.635055 0.926243 0.032961
v 0.642924 0.920498 0.038704
v 0.634937 0.918181 0.033967
v 0.644576 0.930058 0.047237
v 0.643612 0.921542 0.047501
v 0.636865 0.929104 0.054001
v 0.636668 0.920679 0.054464
v 0.634799 0.910187 0.035208
v 0.641999 0.912186 0.039924
v 0.635429 0.903829 0.042207
v 0.635999 0.904896 0.048564
v 0.642412 0.912981 0.047679
v 0.636511 0.912208 0.054393
v 0.636353 0.938756 0.074113
v 0.628996 0.934509 0.068363
v 0.634878 0.940845 0.083888
v 0.625849 0.938960 0.088525
v 0.635488 0.931444 0.076596
v 0.629803 0.927628 0.070717
v 0.634485 0.933442 0.084630
v 0.626400 0.932011 0.089538
v 0.630275 0.920906 0.074391
v 0.634583 0.924108 0.079086
v 0.629311 0.918817 0.079550
v 0.633678 0.925925 0.085108
v 0.628190 0.920248 0.084829
v 0.627580 0.925198 0.089224
v 0.552062 1.041903 0.073371
v 0.540476 1.038292 0.066786
v 0.565675 1.044310 0.069247
v 0.548207 1.053849 0.062113
v 0.535538 1.047399 0.058210
v 0.564042 1.058776 0.059651
v 0.543368 1.063455 0.054571
v 0.531073 1.055325 0.049827
v 0.558554 1.069518 0.052024
v 0.534024 1.076149 0.054165
v 0.519507 1.065680 0.050490
v 0.549289 1.085801 0.048314
v 0.525703 1.088867 0.054736
v 0.510320 1.076149 0.050869
v 0.542778 1.099722 0.047166
v 0.520765 1.096020 0.045075
v 0.509120 1.084870 0.040566
v 0.532804 1.105331 0.041594
v 0.584461 1.033205 0.065930
v 0.576907 1.046263 0.059102
v 0.577950 1.060934 0.041465
v 0.571576 1.074310 0.037983
v 0.588336 1.048171 0.045268
v 0.559990 1.090366 0.033817
v 0.552751 1.109056 0.031569
v 0.542679 1.112576 0.028316
v 0.576868 1.073356 0.017907
v 0.565458 1.089957 0.013198
v 0.585838 1.061002 0.020953
v 0.575019 1.069813 -0.002919
v 0.565793 1.086142 -0.007493
v 0.578382 1.061184 0.001183
v 0.584776 1.055097 0.001690
v 0.565340 1.064091 -0.020014
v 0.557492 1.076286 -0.026157
v 0.568704 1.054621 -0.014477
v 0.552279 1.055960 -0.024045
v 0.557511 1.047036 -0.015598
v 0.548758 1.085983 -0.028290
v 0.536660 1.093318 -0.022832
v 0.557413 1.101243 -0.013985
v 0.545492 1.104923 -0.012166
v 0.558849 1.109828 0.009252
v 0.548502 1.111940 0.007911
v 0.596991 1.048421 0.025591
v 0.594119 1.043606 0.003909
v 0.576356 1.045037 -0.012644
v 0.585798 1.034931 -0.014056
v 0.565852 1.034909 -0.018480
v 0.575569 1.025166 -0.018137
v 0.594454 1.022282 -0.014563
v 0.585936 1.014061 -0.019279
v 0.603660 1.008293 -0.015291
v 0.594887 1.001548 -0.019807
v 0.603424 1.029822 0.004979
v 0.609129 1.010223 -0.007143
v 0.604053 1.034818 0.029294
v 0.598762 1.037043 0.049413
v 0.612964 1.027414 0.031612
v 0.612217 1.024826 0.014889
v 0.612020 1.011631 0.002353
v 0.615954 1.013516 0.011664
v 0.607732 1.028891 0.051425
v 0.592723 1.023122 0.068641
v 0.588002 1.014765 0.073507
v 0.617371 1.014220 0.022787
v 0.618846 1.015378 0.034009
v 0.615836 1.015901 0.045518
v 0.613004 1.016219 0.059737
v 0.605509 1.012267 0.070225
v 0.594139 1.000186 0.073685
v 0.586172 1.006658 0.075783
v 0.544037 1.065385 -0.027833
v 0.536109 1.073787 -0.030766
v 0.528555 1.084597 -0.026078
v -0.211692 0.108151 0.033432
v -0.206518 0.127409 0.018813
v -0.210964 0.126659 0.018156
v -0.215665 0.109150 0.031434
v -0.230320 0.108696 0.027560
v -0.225186 0.127954 0.012984
v -0.221173 0.126955 0.014946
v -0.225875 0.109468 0.028216
v -0.215291 0.108106 0.030164
v -0.210590 0.125592 0.016886
v -0.211692 0.108151 0.033432
v -0.206518 0.127409 0.018813
v -0.210964 0.126659 0.018156
v -0.215665 0.109150 0.031434
v -0.211318 0.107084 0.032162
v -0.206144 0.126364 0.017550
v -0.211318 0.107084 0.032162
v -0.229966 0.107629 0.026297
v -0.225501 0.108401 0.026946
v -0.215665 0.109150 0.031434
v -0.225875 0.109468 0.028216
v -0.215291 0.108106 0.030164
v -0.220799 0.125887 0.013676
v -0.230320 0.108696 0.027560
v -0.225875 0.109468 0.028216
v -0.225186 0.127954 0.012984
v -0.221173 0.126955 0.014946
v -0.229966 0.107629 0.026297
v -0.225501 0.108401 0.026946
v -0.224812 0.126887 0.011721
v -0.217455 0.106993 0.027810
v -0.212813 0.124320 0.014660
v -0.210708 0.125410 0.016851
v -0.215370 0.108083 0.030000
v -0.218675 0.110490 0.032005
v -0.215764 0.109241 0.031391
v -0.211121 0.126569 0.018242
v -0.214032 0.127818 0.018848
v -0.225383 0.108378 0.026846
v -0.225776 0.109536 0.028238
v -0.222471 0.107129 0.026233
v -0.215232 0.124161 0.013597
v -0.219894 0.106834 0.026746
v -0.223691 0.110626 0.030421
v -0.221271 0.110785 0.031484
v -0.216609 0.128113 0.018335
v -0.220721 0.125706 0.013697
v -0.221134 0.126864 0.015088
v -0.219029 0.127977 0.017279
v -0.217809 0.124457 0.013084
v -0.215232 0.124161 0.013597
v -0.219894 0.106834 0.026746
v -0.235750 0.031574 -0.099015
v -0.248693 0.013293 -0.085624
v -0.255165 0.032324 -0.068408
v -0.245880 0.049901 -0.083091
v -0.256090 0.068364 -0.067017
v -0.261715 0.049038 -0.054774
v -0.262601 0.069272 -0.031536
v -0.256975 0.086963 -0.046027
v -0.263466 0.087167 -0.012016
v -0.244011 0.106425 0.018392
v -0.239231 0.124161 0.004194
v -0.257821 0.105608 -0.024951
v -0.221763 0.109332 0.030057
v -0.217219 0.127046 0.015773
v -0.196525 0.104858 0.030514
v -0.171956 0.089416 0.017536
v -0.168041 0.107447 0.003438
v -0.192237 0.122572 0.016137
v -0.163438 0.065366 -0.006073
v -0.156179 0.084806 -0.020157
v -0.158245 0.048629 -0.054331
v -0.153976 0.066570 -0.037522
v -0.160901 0.041544 -0.029210
v -0.161825 0.029144 -0.041025
v -0.164461 0.020560 -0.080066
v -0.163202 0.001439 -0.067523
v -0.262660 0.032051 -0.037023
v -0.260201 0.022263 -0.058177
v -0.262699 -0.005034 -0.042652
v -0.258647 -0.004489 -0.061737
v -0.169517 0.025579 -0.014135
v -0.165622 0.014179 -0.034162
v -0.175595 -0.014118 -0.022197
v -0.170323 -0.013186 -0.039206
v -0.259080 0.048947 -0.054139
v -0.261715 0.049038 -0.054774
v -0.260201 0.022263 -0.058177
v -0.163478 0.042089 -0.029781
v -0.164500 0.029508 -0.041040
v -0.160901 0.041544 -0.029210
v -0.164481 -0.014708 -0.063385
v -0.163359 -0.002490 -0.063171
v -0.175910 -0.010007 -0.021641
v -0.176323 -0.014345 -0.021712
v -0.182303 -0.012460 -0.099115
v -0.178172 0.032551 -0.098338
v -0.165759 0.031733 -0.082877
v -0.169949 -0.013868 -0.083676
v -0.253906 -0.006192 -0.080358
v -0.252785 0.006026 -0.080144
v -0.234313 0.038319 -0.098323
v -0.238523 -0.007282 -0.099115
v -0.220406 -0.008803 -0.108026
v -0.216255 0.036207 -0.107249
v -0.196269 0.034322 -0.105337
v -0.200420 -0.010666 -0.106114
v -0.261814 -0.006146 -0.040975
v -0.261420 -0.001809 -0.040897
v -0.216354 0.013815 -0.105836
v -0.206813 0.028804 -0.103831
v -0.204433 0.028804 -0.115054
v -0.213993 0.013815 -0.117066
v -0.189325 0.027873 -0.100150
v -0.186945 0.027873 -0.111380
v -0.181378 0.011930 -0.098480
v -0.179018 0.011930 -0.109703
v -0.190919 -0.003081 -0.100485
v -0.188558 -0.003081 -0.111715
v -0.208407 -0.002150 -0.104167
v -0.206046 -0.002150 -0.115389
v -0.184565 0.012294 -0.118236
v -0.190761 0.004323 -0.119542
v -0.200125 0.004845 -0.121511
v -0.205456 0.013429 -0.122631
v -0.199259 0.021400 -0.121332
v -0.189916 0.020901 -0.119363
v 0.211672 0.108151 0.033432
v 0.215646 0.109150 0.031434
v 0.210944 0.126659 0.018156
v 0.206498 0.127409 0.018813
v 0.225855 0.109468 0.028216
v 0.211672 0.108151 0.033432
v 0.215646 0.109150 0.031434
v 0.230301 0.108696 0.027560
v 0.211298 0.107084 0.032162
v 0.229946 0.107629 0.026297
v 0.230301 0.108696 0.027560
v 0.225166 0.127954 0.012984
v 0.221153 0.126955 0.014946
v 0.225855 0.109468 0.028216
v 0.217436 0.106993 0.027810
v 0.215350 0.108083 0.030000
v 0.210688 0.125410 0.016851
v 0.212793 0.124320 0.014660
v 0.218655 0.110490 0.032005
v 0.214013 0.127818 0.018848
v 0.211101 0.126569 0.018242
v 0.215744 0.109241 0.031391
v 0.225757 0.109536 0.028238
v 0.225363 0.108378 0.026846
v 0.222452 0.107129 0.026233
v 0.219875 0.106834 0.026746
v 0.215213 0.124161 0.013597
v 0.216590 0.128113 0.018335
v 0.221252 0.110785 0.031484
v 0.223671 0.110626 0.030421
v 0.220701 0.125706 0.013697
v 0.221114 0.126864 0.015088
v 0.219009 0.127977 0.017279
v 0.217790 0.124457 0.013084
v 0.219875 0.106834 0.026746
v 0.215213 0.124161 0.013597
v 0.220701 0.125706 0.013697
v 0.221114 0.126864 0.015088
v 0.219009 0.127977 0.017279
v 0.217790 0.124457 0.013084
v 0.210688 0.125410 0.016851
v 0.212793 0.124320 0.014660
v 0.214013 0.127818 0.018848
v 0.211101 0.126569 0.018242
v 0.215213 0.124161 0.013597
v 0.216590 0.128113 0.018335
v 0.235730 0.031574 -0.099015
v 0.245861 0.049901 -0.083091
v 0.255145 0.032324 -0.068408
v 0.248673 0.013293 -0.085624
v 0.256070 0.068364 -0.067017
v 0.256955 0.086963 -0.046027
v 0.262581 0.069272 -0.031536
v 0.261696 0.049038 -0.054774
v 0.263447 0.087167 -0.012016
v 0.257801 0.105608 -0.024951
v 0.239212 0.124161 0.004194
v 0.243992 0.106425 0.018392
v 0.217200 0.127046 0.015773
v 0.221744 0.109332 0.030057
v 0.196505 0.104858 0.030514
v 0.192217 0.122572 0.016137
v 0.168022 0.107447 0.003438
v 0.171936 0.089416 0.017536
v 0.156160 0.084806 -0.020157
v 0.163418 0.065366 -0.006073
v 0.158225 0.048629 -0.054331
v 0.161805 0.029144 -0.041025
v 0.160881 0.041544 -0.029210
v 0.153957 0.066570 -0.037522
v 0.164441 0.020560 -0.080066
v 0.163182 0.001439 -0.067523
v 0.262640 0.032051 -0.037023
v 0.260181 0.022263 -0.058177
v 0.262679 -0.005034 -0.042652
v 0.258627 -0.004489 -0.061737
v 0.169497 0.025579 -0.014135
v 0.165602 0.014179 -0.034162
v 0.170303 -0.013186 -0.039206
v 0.175575 -0.014118 -0.022197
v 0.164461 -0.014708 -0.063385
v 0.176303 -0.014345 -0.021712
v 0.175890 -0.010007 -0.021641
v 0.163340 -0.002490 -0.063171
v 0.182283 -0.012460 -0.099115
v 0.169930 -0.013868 -0.083676
v 0.165740 0.031733 -0.082877
v 0.178152 0.032551 -0.098338
v 0.253886 -0.006192 -0.080358
v 0.238503 -0.007282 -0.099115
v 0.234294 0.038319 -0.098323
v 0.252765 0.006026 -0.080144
v 0.220386 -0.008803 -0.108026
v 0.200400 -0.010666 -0.106114
v 0.196250 0.034322 -0.105337
v 0.216236 0.036207 -0.107249
v 0.261794 -0.006146 -0.040975
v 0.261401 -0.001809 -0.040897
v 0.216334 0.013815 -0.105836
v 0.213973 0.013815 -0.117066
v 0.204413 0.028804 -0.115054
v 0.206793 0.028804 -0.103831
v 0.186926 0.027873 -0.111380
v 0.189306 0.027873 -0.100150
v 0.178998 0.011930 -0.109703
v 0.181359 0.011930 -0.098480
v 0.188539 -0.003081 -0.111715
v 0.190899 -0.003081 -0.100485
v 0.206026 -0.002150 -0.115389
v 0.208387 -0.002150 -0.104167
v 0.184545 0.012294 -0.118236
v 0.205436 0.013429 -0.122631
v 0.200105 0.004845 -0.121511
v 0.190742 0.004323 -0.119542
v 0.199240 0.021400 -0.121332
v 0.189896 0.020901 -0.119363
v -0.556567 0.970368 0.096751
v -0.556921 0.976295 0.082546
v -0.559892 0.965985 0.086135
v -0.570298 0.967688 0.083781
v -0.568940 0.977885 0.079172
v -0.618295 0.934555 0.082882
v -0.619908 0.932397 0.072836
v -0.619121 0.943230 0.070546
v -0.618354 0.945592 0.080763
v -0.626931 0.925108 0.039175
v -0.626105 0.937257 0.037113
v -0.626183 0.938370 0.047451
v -0.627914 0.926516 0.049121
v -0.622623 0.934396 0.004779
v -0.621777 0.944116 0.004715
v -0.624079 0.943866 0.014232
v -0.625495 0.934032 0.013961
v -0.613476 0.954448 -0.019029
v -0.617135 0.954062 -0.011253
v -0.618433 0.948953 -0.011616
v -0.614597 0.948998 -0.020306
v -0.611804 0.959672 -0.019029
v -0.608440 0.966871 -0.017331
v -0.611981 0.966212 -0.008977
v -0.614597 0.958695 -0.010097
v -0.621698 0.953767 0.016002
v -0.617371 0.962510 0.016701
v -0.619633 0.954471 0.004972
v -0.614538 0.960489 0.077795
v -0.609620 0.970890 0.074106
v -0.615699 0.957741 0.066408
v -0.622013 0.952677 0.046174
v -0.617076 0.963419 0.044747
v -0.623292 0.952064 0.033945
v -0.617784 0.962306 0.032875
v -0.611548 0.967915 0.063197
v -0.615187 0.962965 0.005671
v -0.501547 1.063228 0.035964
v -0.511186 1.056437 0.036571
v -0.502058 1.075014 0.028252
v -0.501193 1.055188 0.014532
v -0.498537 1.067338 0.012035
v -0.511953 1.050578 0.016330
v -0.519821 1.050646 -0.004025
v -0.509356 1.056551 -0.007906
v -0.504910 1.068791 -0.007443
v -0.521788 1.063682 -0.024402
v -0.517500 1.075900 -0.022597
v -0.531526 1.056460 -0.019136
v -0.536129 1.073787 -0.030766
v -0.528575 1.084620 -0.026021
v -0.544056 1.065385 -0.027840
v -0.524700 1.049216 0.036214
v -0.523047 1.043675 0.018492
v -0.528555 1.042743 -0.001685
v -0.538135 1.046718 -0.018009
v -0.552259 1.055960 -0.024073
v -0.536955 1.036862 0.001083
v -0.545748 1.038474 -0.014142
v -0.531801 1.037952 0.020447
v -0.552515 1.027437 -0.012073
v -0.604171 0.973615 -0.015933
v -0.531191 1.037316 0.043028
v -0.534791 1.026483 0.051696
v -0.563649 1.015742 -0.012159
v -0.544941 1.026347 0.002054
v -0.574350 1.005023 -0.011752
v -0.584481 0.992828 -0.012401
v -0.534830 1.029368 0.023315
v -0.555682 1.016991 0.003516
v -0.540122 1.014084 0.060457
v -0.539020 1.018989 0.034495
v -0.572186 1.001980 0.002268
v -0.583969 0.990807 0.001889
v -0.573799 1.003251 0.020011
v -0.583772 0.993804 0.021888
v -0.546063 1.002843 0.067585
v -0.554206 1.005886 0.049185
v -0.565183 1.001934 0.065944
v -0.567268 1.001730 0.051097
v -0.573209 1.004750 0.035693
v -0.582022 0.993940 0.036977
v -0.580133 0.995031 0.052445
v -0.546495 1.012767 0.042179
v -0.549112 1.019103 0.019491
v -0.562901 1.009224 0.034245
v -0.556390 1.013425 0.028523
v -0.562823 1.010564 0.020061
v -0.608460 0.973070 -0.006786
v -0.596087 0.981405 -0.014435
v -0.603463 0.981155 0.070703
v -0.605706 0.976590 0.059009
v -0.611450 0.973729 0.043870
v -0.589969 0.988081 0.054365
v -0.593411 0.986628 0.037969
v -0.593490 0.984698 0.021595
v -0.595516 0.981541 0.000933
v -0.608991 0.977249 -0.000244
v -0.601476 0.979338 0.000926
v -0.612748 0.970981 0.017735
v -0.612532 0.976409 0.023836
v -0.611823 0.972139 0.031384
v -0.603286 0.977453 0.022516
v -0.609876 0.971095 0.006006
v -0.610309 0.978634 0.051218
v -0.597582 0.980905 0.057054
v -0.602047 0.977249 0.039689
v -0.597208 0.985947 0.069611
v -0.589162 0.991715 0.068199
v -0.581254 0.997619 0.067528
v -0.549899 0.996098 0.072900
v -0.552397 0.987809 0.077630
v -0.565262 0.989467 0.074441
v -0.564554 0.996847 0.071809
v -0.578992 0.962783 0.094711
v -0.572343 0.959308 0.091579
v -0.565301 0.958286 0.093655
v -0.622052 0.936190 -0.016054
v -0.619358 0.941777 -0.013486
v -0.619456 0.936667 -0.021234
v -0.628898 0.913866 0.010137
v -0.625908 0.923427 0.013419
v -0.627698 0.914321 0.003816
v -0.628741 0.910097 0.049620
v -0.628623 0.909347 0.041372
v -0.622859 0.921837 0.084572
v -0.619181 0.928151 0.084116
v -0.620892 0.925675 0.074770
v -0.624020 0.919953 0.078080
v -0.627167 0.917068 0.039981
v -0.627501 0.918431 0.049962
v -0.623607 0.924154 0.004058
v -0.615974 0.942753 -0.021419
v -0.578245 0.983449 0.085272
v -0.579287 0.972389 0.088268
v -0.553754 0.981337 0.094383
v -0.618099 0.957809 -0.025750
v -0.618059 0.951701 -0.026620
v -0.628996 0.947522 -0.001471
v -0.629705 0.936599 -0.001978
v -0.634445 0.939869 0.031520
v -0.635095 0.926220 0.032961
v -0.628721 0.945592 0.066022
v -0.629036 0.934509 0.068377
v -0.625613 0.949838 0.086856
v -0.625928 0.938915 0.088582
v -0.634681 0.942140 0.052581
v -0.636767 0.929104 0.054001
v -0.632518 0.946523 0.018299
v -0.634386 0.935486 0.017885
v -0.625121 0.956765 -0.009647
v -0.626577 0.951042 -0.011167
v -0.623095 0.962942 -0.008334
v -0.620262 0.969846 -0.005880
v -0.616368 0.963986 -0.025286
v -0.612827 0.971344 -0.024138
v -0.626793 0.959490 -0.001656
v -0.631278 0.958354 0.020104
v -0.626911 0.967075 0.021003
v -0.625770 0.960603 0.060814
v -0.623016 0.966008 0.083781
v -0.617745 0.976999 0.080320
v -0.632675 0.956061 0.028230
v -0.631711 0.958037 0.052388
v -0.626852 0.968710 0.050490
v -0.627364 0.966258 0.027324
v -0.621167 0.970004 0.058082
v -0.622918 0.968029 -0.000722
v -0.531014 1.055325 0.049813
v -0.519507 1.065680 0.050512
v -0.510438 1.076195 0.050897
v -0.509179 1.084756 0.040588
v -0.535519 1.047376 0.058174
v -0.557531 1.047036 -0.015619
v -0.565872 1.034909 -0.018487
v -0.609365 0.978793 -0.023410
v -0.540476 1.038224 0.066814
v -0.543623 1.011836 0.079329
v -0.541401 1.024621 0.074341
v -0.575589 1.025144 -0.018194
v -0.585956 1.014038 -0.019300
v -0.594906 1.001571 -0.019828
v -0.603444 0.989535 -0.021120
v -0.617312 0.977090 -0.004203
v -0.618177 0.976568 -0.000329
v -0.622485 0.975795 0.021581
v -0.622111 0.976318 0.025476
v -0.621305 0.978316 0.049691
v -0.618964 0.979225 0.054707
v -0.619062 0.980565 0.051939
v -0.612433 0.987991 0.076739
v -0.616702 0.977499 -0.002234
v -0.621443 0.976863 0.023778
v -0.602303 0.995712 0.074170
v -0.594159 1.000186 0.073706
v -0.586231 1.006658 0.075747
v -0.577320 1.007271 0.073849
v -0.571911 1.004864 0.075055
v -0.574192 0.995099 0.081126
v -0.547341 1.002706 0.084537
v -0.551079 0.993464 0.089495
v -0.572756 1.000027 0.078244
v -0.574488 0.959217 0.098899
v -0.562586 0.961102 0.100968
v -0.568862 0.958377 0.101046
v -0.621777 0.938415 -0.026571
v -0.624216 0.935054 -0.022889
v -0.626223 0.934759 -0.019165
v -0.627895 0.937598 -0.015726
v -0.627875 0.944365 -0.013115
v -0.631967 0.915774 -0.001129
v -0.633481 0.912322 0.002888
v -0.634917 0.911754 0.008560
v -0.635449 0.914843 0.013483
v -0.635468 0.925085 0.016423
v -0.634819 0.910187 0.035208
v -0.635429 0.903806 0.042236
v -0.634957 0.918181 0.033967
v -0.636019 0.904919 0.048600
v -0.636471 0.912231 0.054414
v -0.636688 0.920679 0.054464
v -0.630295 0.920906 0.074391
v -0.629252 0.918794 0.079564
v -0.629823 0.927628 0.070717
v -0.628190 0.920270 0.084851
v -0.627600 0.925198 0.089224
v -0.626419 0.932011 0.089538
v -0.630236 0.926288 -0.002427
v -0.619889 0.945069 -0.027313
v -0.149354 0.192222 -0.071768
v -0.155019 0.164607 -0.070291
v -0.168258 0.165311 -0.087507
v -0.165169 0.193607 -0.089662
v -0.156888 0.131111 -0.070662
v -0.171680 0.131338 -0.088007
v -0.158874 0.096274 -0.070998
v -0.173156 0.095343 -0.090532
v -0.160547 0.061937 -0.070827
v -0.174749 0.063549 -0.093729
v -0.153248 0.192631 -0.034233
v -0.156475 0.167673 -0.034554
v -0.157222 0.130475 -0.035910
v -0.153130 0.098091 -0.033420
v -0.163182 0.057827 -0.033562
v -0.183798 0.194175 -0.099765
v -0.186119 0.164857 -0.096261
v -0.188460 0.130861 -0.098573
v -0.191391 0.096229 -0.101976
v -0.194401 0.065457 -0.104951
v -0.214013 0.193766 -0.096005
v -0.213796 0.167242 -0.093365
v -0.214800 0.131951 -0.092737
v -0.218203 0.096864 -0.099508
v -0.220662 0.065548 -0.102797
v -0.231127 0.194947 -0.078639
v -0.230950 0.167991 -0.075721
v -0.230655 0.133200 -0.075321
v -0.238385 0.098045 -0.081436
v -0.244582 0.065139 -0.082977
v -0.255421 0.064367 -0.050728
v -0.250405 0.096251 -0.051192
v -0.243736 0.133881 -0.050614
v -0.239861 0.170148 -0.050229
v -0.239113 0.197150 -0.051570
v -0.247218 0.067024 0.129770
v -0.255204 0.053194 0.150025
v -0.230556 0.051173 0.152879
v -0.227999 0.065730 0.133644
v -0.206616 0.046767 0.134336
v -0.211062 0.060733 0.122022
v -0.284731 0.053058 0.101617
v -0.274521 0.054079 0.134800
v -0.263742 0.067455 0.120538
v -0.272200 0.065752 0.098628
v -0.253670 0.071566 0.095282
v -0.281406 0.051672 0.062634
v -0.267007 0.069636 0.066108
v -0.275662 0.053058 0.029650
v -0.265827 0.076403 0.033353
v -0.261774 0.083125 0.008254
v -0.261106 0.057304 -0.012637
v -0.252844 0.088144 0.037491
v -0.242064 0.079106 0.064025
v -0.235612 0.199489 -0.024730
v -0.236281 0.168127 -0.024038
v -0.243225 0.130997 -0.021562
v -0.235081 0.134880 -0.004168
v -0.256699 0.096478 -0.016304
v -0.244523 0.103677 0.010365
v -0.176756 0.194743 -0.007015
v -0.179706 0.168604 -0.006265
v -0.176834 0.132246 -0.004496
v -0.223652 0.069295 0.101681
v -0.204492 0.058076 0.099848
v -0.196840 0.043383 0.104321
v -0.189286 0.042384 0.074406
v -0.196722 0.064412 0.071887
v -0.181162 0.047743 0.042578
v -0.188322 0.078333 0.045767
v -0.175851 0.082376 0.025598
v -0.171739 0.053126 0.003666
v -0.188617 0.097568 0.025655
v -0.172349 0.098431 0.000998
v -0.185942 0.112875 0.010601
v -0.199377 0.134608 0.005307
v -0.195581 0.195742 -0.002748
v -0.219029 0.197786 -0.007778
v -0.219068 0.169195 -0.004068
v -0.196899 0.169036 0.000213
v -0.224340 0.139468 0.001882
v -0.203233 0.108878 0.021595
v -0.228038 0.114124 0.016594
v -0.210138 0.092595 0.044975
v -0.234569 0.095843 0.039182
v -0.216865 0.076676 0.067977
v -0.238602 0.071657 0.099491
v -0.261145 0.033505 0.158459
v -0.231402 0.029644 0.159058
v -0.283924 0.034890 0.138803
v -0.205200 0.025624 0.138917
v -0.191037 0.021923 0.109223
v -0.185627 0.020628 0.074869
v -0.189817 0.007820 0.096066
v -0.188263 0.007820 0.087391
v -0.181418 0.022490 0.038362
v -0.185017 0.005731 0.053929
v -0.176520 0.025874 0.003723
v -0.169497 0.028872 -0.030366
v -0.164638 0.031938 -0.069186
v -0.178113 0.033550 -0.093850
v -0.198512 0.035617 -0.103410
v -0.222924 0.037819 -0.102583
v -0.244759 0.038501 -0.081058
v -0.256011 0.038909 -0.048980
v -0.265315 0.034935 -0.013878
v -0.282429 0.029303 0.026090
v -0.292875 0.029258 0.059787
v -0.289353 0.017381 0.041515
v -0.284337 0.012884 0.024064
v -0.295294 0.033187 0.104763
v -0.295786 0.019152 0.077987
v -0.295904 0.022218 0.093712
v -0.193004 -0.012914 0.076682
v -0.197489 -0.010529 0.098706
v -0.203213 -0.008258 0.119297
v -0.262011 0.001121 0.153329
v -0.234294 -0.000696 0.153714
v -0.293465 0.001507 0.108909
v -0.275741 0.002824 0.008468
v -0.191312 -0.006941 0.078187
v -0.196545 -0.005306 0.099833
v -0.295609 0.007570 0.097686
v -0.294389 0.009001 0.105070
v -0.264627 0.013952 -0.013707
v -0.173156 -0.012006 -0.037322
v -0.172152 -0.012119 -0.043073
v -0.167825 -0.011824 -0.060638
v -0.201836 -0.004761 -0.104388
v -0.170736 -0.011006 -0.079324
v -0.183798 0.194175 -0.099765
v -0.186119 0.164857 -0.096261
v -0.188460 0.130861 -0.098573
v -0.191391 0.096229 -0.101976
v -0.194401 0.065457 -0.104951
v -0.198512 0.035617 -0.103410
v -0.190840 -0.012732 0.035329
v -0.190643 -0.013186 0.051875
v -0.285518 -0.006828 0.029072
v -0.276548 -0.006146 0.012170
v -0.291950 -0.005306 0.052774
v -0.288527 -0.006078 0.040245
v -0.191430 -0.013731 0.063211
v -0.293957 -0.002831 0.075504
v -0.293288 -0.004193 0.061870
v -0.195030 -0.011279 0.086627
v -0.294743 -0.000946 0.096723
v -0.293976 -0.002331 0.083980
v -0.199141 -0.010439 0.107724
v -0.216354 -0.004239 0.139630
v -0.207344 -0.006601 0.128436
v -0.282941 0.002847 0.136484
v -0.188027 -0.006760 0.052174
v -0.286993 -0.000583 0.029465
v -0.289393 0.000439 0.038155
v -0.188893 -0.006896 0.063133
v -0.293071 0.001825 0.053580
v -0.294055 0.001688 0.060522
v -0.193004 -0.005692 0.085693
v -0.295176 0.004096 0.076132
v -0.196643 -0.003921 0.105484
v -0.295609 0.004482 0.082361
v -0.202879 -0.004057 0.119925
v -0.205023 -0.001877 0.125325
v -0.184899 0.000121 0.032133
v -0.179372 0.011817 -0.016225
v -0.180965 -0.010507 -0.023795
v -0.257722 0.017789 -0.035746
v -0.256876 -0.004534 -0.045356
v -0.256916 -0.004761 -0.057128
v -0.255558 -0.004443 -0.063835
v -0.252627 -0.004443 -0.073766
v -0.168454 -0.011619 -0.053761
v -0.249755 -0.004443 -0.080294
v -0.244228 -0.004557 -0.090290
v -0.168376 -0.010529 -0.072546
v -0.180493 -0.007305 -0.094506
v -0.201836 -0.004761 -0.104388
v -0.225776 -0.003512 -0.103610
v -0.238681 -0.005102 -0.095320
v -0.167864 -0.004670 -0.075528
v -0.241395 -0.000651 -0.093179
v -0.250896 -0.000174 -0.077248
v -0.167628 -0.007009 -0.056843
v -0.172723 -0.008440 -0.040590
v -0.256404 0.001575 -0.060638
v -0.190840 -0.012732 0.035329
v -0.190643 -0.013186 0.051875
v -0.285518 -0.006828 0.029072
v -0.276548 -0.006146 0.012170
v -0.291950 -0.005306 0.052774
v -0.288527 -0.006078 0.040245
v -0.191430 -0.013731 0.063211
v -0.293957 -0.002831 0.075504
v -0.293288 -0.004193 0.061870
v -0.195030 -0.011279 0.086627
v -0.294743 -0.000946 0.096723
v -0.293976 -0.002331 0.083980
v -0.199141 -0.010439 0.107724
v -0.216354 -0.004239 0.139630
v -0.207344 -0.006601 0.128436
v -0.235966 -0.005556 0.134443
v -0.282941 0.002847 0.136484
v -0.272613 -0.001718 0.127466
v -0.188027 -0.006760 0.052174
v -0.286993 -0.000583 0.029465
v -0.289393 0.000439 0.038155
v -0.188893 -0.006896 0.063133
v -0.293071 0.001825 0.053580
v -0.294055 0.001688 0.060522
v -0.193004 -0.005692 0.085693
v -0.295176 0.004096 0.076132
v -0.196643 -0.003921 0.105484
v -0.295609 0.004482 0.082361
v -0.202879 -0.004057 0.119925
v -0.205023 -0.001877 0.125325
v -0.184899 0.000121 0.032133
v -0.179372 0.011817 -0.016225
v -0.180965 -0.010507 -0.023795
v -0.257722 0.017789 -0.035746
v -0.256876 -0.004534 -0.045356
v -0.256916 -0.004761 -0.057128
v -0.255558 -0.004443 -0.063835
v -0.252627 -0.004443 -0.073766
v -0.168454 -0.011619 -0.053761
v -0.249755 -0.004443 -0.080294
v -0.244228 -0.004557 -0.090290
v -0.168376 -0.010529 -0.072546
v -0.180493 -0.007305 -0.094506
v -0.225776 -0.003512 -0.103610
v -0.238681 -0.005102 -0.095320
v -0.167864 -0.004670 -0.075528
v -0.241395 -0.000651 -0.093179
v -0.250896 -0.000174 -0.077248
v -0.167628 -0.007009 -0.056843
v -0.172723 -0.008440 -0.040590
v -0.256404 0.001575 -0.060638
v -0.193004 -0.012914 0.076682
v -0.197489 -0.010529 0.098706
v -0.203213 -0.008258 0.119297
v -0.262011 0.001121 0.153329
v -0.234294 -0.000696 0.153714
v -0.293465 0.001507 0.108909
v -0.275741 0.002824 0.008468
v -0.191312 -0.006941 0.078187
v -0.196545 -0.005306 0.099833
v -0.295609 0.007570 0.097686
v -0.294389 0.009001 0.105070
v -0.264627 0.013952 -0.013707
v -0.173156 -0.012006 -0.037322
v -0.172152 -0.012119 -0.043073
v -0.167825 -0.011824 -0.060638
v -0.201836 -0.004761 -0.104388
v -0.170736 -0.011006 -0.079324
v 0.183778 0.194153 -0.099757
v 0.186099 0.164857 -0.096233
v 0.168238 0.165289 -0.087522
v 0.165189 0.193585 -0.089798
v 0.214013 0.193789 -0.096033
v 0.213737 0.167242 -0.093336
v 0.188421 0.130815 -0.098545
v 0.171700 0.131338 -0.087971
v 0.214780 0.131951 -0.092737
v 0.191391 0.096206 -0.101955
v 0.173097 0.095388 -0.090554
v 0.218183 0.096842 -0.099493
v 0.194381 0.065457 -0.104923
v 0.174749 0.063504 -0.093757
v 0.220603 0.065548 -0.102783
v 0.222924 0.037819 -0.102626
v 0.198512 0.035617 -0.103382
v 0.178034 0.033573 -0.093871
v 0.225776 -0.003467 -0.103610
v 0.201817 -0.004761 -0.104395
v 0.180473 -0.007305 -0.094506
v 0.244503 0.065162 -0.082941
v 0.244680 0.038501 -0.081015
v 0.238602 -0.005034 -0.095298
v 0.255342 0.064367 -0.050743
v 0.255971 0.038909 -0.048966
v 0.261007 0.057282 -0.012651
v 0.265237 0.034935 -0.013835
v 0.264548 0.014042 -0.013678
v 0.275584 0.053035 0.029672
v 0.282429 0.029303 0.026040
v 0.284278 0.012884 0.024071
v 0.281387 0.051695 0.062634
v 0.292875 0.029281 0.059773
v 0.289275 0.017381 0.041529
v 0.284691 0.053035 0.101617
v 0.295255 0.033141 0.104756
v 0.295825 0.022195 0.093691
v 0.295707 0.019152 0.077973
v 0.274541 0.054102 0.134843
v 0.283944 0.034935 0.138824
v 0.294252 0.009046 0.105092
v 0.255185 0.053194 0.150025
v 0.261125 0.033505 0.158401
v 0.261971 0.001166 0.153265
v 0.282842 0.002915 0.136448
v 0.293366 0.001575 0.108894
v 0.230517 0.051195 0.152936
v 0.231382 0.029644 0.159065
v 0.234274 -0.000696 0.153700
v 0.206557 0.046767 0.134351
v 0.205200 0.025670 0.138945
v 0.216334 -0.004239 0.139630
v 0.196741 0.043429 0.104343
v 0.190938 0.021877 0.109230
v 0.202977 -0.004034 0.119925
v 0.205023 -0.001877 0.125318
v 0.207364 -0.006646 0.128429
v 0.189188 0.042407 0.074420
v 0.185549 0.020628 0.074877
v 0.188184 0.007820 0.087405
v 0.189758 0.007820 0.096081
v 0.196604 -0.003966 0.105498
v 0.181103 0.047743 0.042614
v 0.181398 0.022490 0.038362
v 0.184939 0.005708 0.053936
v 0.191312 -0.006941 0.078187
v 0.192965 -0.005715 0.085707
v 0.188814 -0.006964 0.063126
v 0.188007 -0.006805 0.052174
v 0.171680 0.053126 0.003645
v 0.176500 0.025851 0.003709
v 0.184840 0.000099 0.032126
v 0.163143 0.057781 -0.033555
v 0.169477 0.028872 -0.030373
v 0.160625 0.061960 -0.070841
v 0.164638 0.031892 -0.069157
v 0.167549 -0.007032 -0.056850
v 0.172703 -0.008440 -0.040590
v 0.167785 -0.004693 -0.075550
v 0.158776 0.096229 -0.071012
v 0.156809 0.131133 -0.070677
v 0.154980 0.164607 -0.070291
v 0.149275 0.192245 -0.071790
v 0.153111 0.098091 -0.033405
v 0.157183 0.130475 -0.035903
v 0.156396 0.167650 -0.034511
v 0.153229 0.192631 -0.034233
v 0.172290 0.098431 0.001012
v 0.176795 0.132246 -0.004482
v 0.179746 0.168627 -0.006358
v 0.176716 0.194857 -0.006922
v 0.175733 0.082308 0.025576
v 0.188283 0.078379 0.045796
v 0.185942 0.112943 0.010615
v 0.188558 0.097614 0.025683
v 0.199358 0.134631 0.005343
v 0.196840 0.169036 0.000149
v 0.195581 0.195788 -0.002720
v 0.238326 0.098023 -0.081421
v 0.230615 0.133177 -0.075307
v 0.230851 0.168036 -0.075707
v 0.231107 0.194970 -0.078632
v 0.250287 0.096251 -0.051149
v 0.243697 0.133881 -0.050600
v 0.239782 0.170194 -0.050150
v 0.239035 0.197150 -0.051570
v 0.256621 0.096456 -0.016290
v 0.243106 0.130974 -0.021569
v 0.236182 0.168150 -0.024038
v 0.235612 0.199512 -0.024723
v 0.261696 0.083102 0.008282
v 0.265728 0.076358 0.033346
v 0.266987 0.069613 0.066044
v 0.272122 0.065752 0.098571
v 0.263742 0.067524 0.120538
v 0.247198 0.067024 0.129749
v 0.228038 0.065798 0.133673
v 0.211023 0.060802 0.122015
v 0.204394 0.058145 0.099876
v 0.196623 0.064458 0.071916
v 0.219009 0.197809 -0.007764
v 0.219009 0.169217 -0.004196
v 0.235022 0.134858 -0.004182
v 0.224321 0.139468 0.001939
v 0.244484 0.103677 0.010394
v 0.203292 0.108901 0.021695
v 0.228019 0.114124 0.016594
v 0.210098 0.092640 0.045004
v 0.234510 0.095911 0.039161
v 0.216826 0.076721 0.067999
v 0.242064 0.079151 0.064003
v 0.223612 0.069340 0.101710
v 0.238582 0.071702 0.099491
v 0.253650 0.071679 0.095282
v 0.252804 0.088167 0.037534
v 0.180965 -0.010529 -0.023831
v 0.256817 -0.004489 -0.045377
v 0.256837 -0.004738 -0.057107
v 0.199082 -0.010393 0.107731
v 0.203213 -0.008236 0.119261
v 0.197489 -0.010507 0.098720
v 0.194951 -0.011256 0.086577
v 0.191411 -0.013777 0.063211
v 0.193024 -0.012869 0.076653
v 0.190761 -0.012732 0.035272
v 0.190624 -0.013164 0.051810
v 0.173097 -0.012006 -0.037337
v 0.168415 -0.011642 -0.053761
v 0.172133 -0.012119 -0.043066
v 0.168317 -0.010552 -0.072589
v 0.167805 -0.011801 -0.060631
v 0.170697 -0.010984 -0.079310
v 0.183778 0.194153 -0.099757
v 0.186099 0.164857 -0.096233
v 0.188421 0.130815 -0.098545
v 0.191391 0.096206 -0.101955
v 0.194381 0.065457 -0.104923
v 0.198512 0.035617 -0.103382
v 0.201817 -0.004761 -0.104395
v 0.250837 -0.000128 -0.077276
v 0.241336 -0.000696 -0.093094
v 0.256345 0.001575 -0.060631
v 0.257644 0.017835 -0.035760
v 0.293012 0.001825 0.053573
v 0.289314 0.000439 0.038197
v 0.293996 0.001688 0.060607
v 0.295117 0.004096 0.076118
v 0.295570 0.007570 0.097679
v 0.196525 -0.005306 0.099826
v 0.179372 0.011862 -0.016247
v 0.275682 0.002869 0.008539
v 0.286934 -0.000583 0.029465
v 0.294684 -0.000901 0.096708
v 0.293898 -0.002286 0.084037
v 0.295530 0.004504 0.082396
v 0.293917 -0.002785 0.075490
v 0.293209 -0.004125 0.061920
v 0.291891 -0.005284 0.052766
v 0.288468 -0.006010 0.040295
v 0.285459 -0.006805 0.029065
v 0.276489 -0.006101 0.012249
v 0.255539 -0.004398 -0.063785
v 0.252549 -0.004421 -0.073730
v 0.249677 -0.004421 -0.080294
v 0.244169 -0.004534 -0.090254
v 0.250837 -0.000128 -0.077276
v 0.241336 -0.000696 -0.093094
v 0.256345 0.001575 -0.060631
v 0.257644 0.017835 -0.035760
v 0.293012 0.001825 0.053573
v 0.289314 0.000439 0.038197
v 0.293996 0.001688 0.060607
v 0.295117 0.004096 0.076118
v 0.295570 0.007570 0.097679
v 0.196525 -0.005306 0.099826
v 0.179372 0.011862 -0.016247
v 0.235946 -0.005511 0.134436
v 0.272574 -0.001673 0.127466
v 0.275682 0.002869 0.008539
v 0.286934 -0.000583 0.029465
v 0.294684 -0.000901 0.096708
v 0.293898 -0.002286 0.084037
v 0.295530 0.004504 0.082396
v 0.293917 -0.002785 0.075490
v 0.293209 -0.004125 0.061920
v 0.291891 -0.005284 0.052766
v 0.288468 -0.006010 0.040295
v 0.285459 -0.006805 0.029065
v 0.276489 -0.006101 0.012249
v 0.255539 -0.004398 -0.063785
v 0.252549 -0.004421 -0.073730
v 0.249677 -0.004421 -0.080294
v 0.244169 -0.004534 -0.090254
v 0.225776 -0.003467 -0.103610
v 0.201817 -0.004761 -0.104395
v 0.180473 -0.007305 -0.094506
v 0.238602 -0.005034 -0.095298
v 0.264548 0.014042 -0.013678
v 0.294252 0.009046 0.105092
v 0.261971 0.001166 0.153265
v 0.282842 0.002915 0.136448
v 0.293366 0.001575 0.108894
v 0.234274 -0.000696 0.153700
v 0.216334 -0.004239 0.139630
v 0.202977 -0.004034 0.119925
v 0.205023 -0.001877 0.125318
v 0.207364 -0.006646 0.128429
v 0.196604 -0.003966 0.105498
v 0.191312 -0.006941 0.078187
v 0.192965 -0.005715 0.085707
v 0.188814 -0.006964 0.063126
v 0.188007 -0.006805 0.052174
v 0.184840 0.000099 0.032126
v 0.167549 -0.007032 -0.056850
v 0.172703 -0.008440 -0.040590
v 0.167785 -0.004693 -0.075550
v 0.180965 -0.010529 -0.023831
v 0.256817 -0.004489 -0.045377
v 0.256837 -0.004738 -0.057107
v 0.199082 -0.010393 0.107731
v 0.203213 -0.008236 0.119261
v 0.197489 -0.010507 0.098720
v 0.194951 -0.011256 0.086577
v 0.191411 -0.013777 0.063211
v 0.193024 -0.012869 0.076653
v 0.190761 -0.012732 0.035272
v 0.190624 -0.013164 0.051810
v 0.173097 -0.012006 -0.037337
v 0.168415 -0.011642 -0.053761
v 0.172133 -0.012119 -0.043066
v 0.168317 -0.010552 -0.072589
v 0.167805 -0.011801 -0.060631
v 0.170697 -0.010984 -0.079310
v -0.225875 0.109468 0.028216
v -0.211692 0.108151 0.033432
v -0.215665 0.109150 0.031434
v -0.230320 0.108696 0.027560
v -0.211318 0.107084 0.032162
v -0.229966 0.107629 0.026297
v -0.206144 0.126364 0.017550
v -0.224812 0.126887 0.011721
v -0.210964 0.126659 0.018156
v -0.221173 0.126955 0.014946
v -0.210590 0.125592 0.016886
v -0.220799 0.125887 0.013676
v -0.206518 0.127409 0.018813
v -0.210964 0.126659 0.018156
v -0.225186 0.127954 0.012984
v -0.221173 0.126955 0.014946
v -0.206144 0.126364 0.017550
v -0.224812 0.126887 0.011721
v -0.215193 0.129612 0.017086
v -0.220740 0.109014 0.032711
v -0.219698 0.107810 0.031498
v -0.214170 0.128408 0.015873
v -0.217101 0.129657 0.016465
v -0.222629 0.109060 0.032090
v -0.217239 0.128476 0.014860
v -0.222766 0.107879 0.030485
v -0.215429 0.127704 0.014496
v -0.220957 0.107106 0.030121
v -0.215193 0.129612 0.017086
v -0.220740 0.109014 0.032711
v -0.214170 0.128408 0.015873
v -0.217101 0.129657 0.016465
v -0.222629 0.109060 0.032090
v -0.222766 0.107879 0.030485
v -0.215429 0.127704 0.014496
v -0.220957 0.107106 0.030121
v -0.220721 0.125706 0.013697
v -0.221134 0.126864 0.015088
v -0.219029 0.127977 0.017279
v -0.217809 0.124457 0.013084
v -0.212813 0.124320 0.014660
v -0.210708 0.125410 0.016851
v -0.211121 0.126569 0.018242
v -0.214032 0.127818 0.018848
v -0.215232 0.124161 0.013597
v -0.216609 0.128113 0.018335
v -0.217455 0.106993 0.027810
v -0.215370 0.108083 0.030000
v -0.218675 0.110490 0.032005
v -0.215764 0.109241 0.031391
v -0.225383 0.108378 0.026846
v -0.225776 0.109536 0.028238
v -0.222471 0.107129 0.026233
v -0.219894 0.106834 0.026746
v -0.223691 0.110626 0.030421
v -0.221271 0.110785 0.031484
v -0.219068 -0.010257 -0.031344
v -0.209193 -0.010461 -0.071868
v -0.204236 -0.010575 -0.091396
v -0.201345 -0.010620 -0.103574
v -0.164481 -0.014708 -0.063385
v -0.176323 -0.014345 -0.021712
v -0.182303 -0.012460 -0.099115
v -0.169949 -0.013868 -0.083676
v -0.253906 -0.006192 -0.080358
v -0.238523 -0.007282 -0.099115
v -0.220406 -0.008803 -0.108026
v -0.200420 -0.010666 -0.106114
v -0.261814 -0.006146 -0.040975
v -0.163359 -0.002490 -0.063171
v -0.175910 -0.010007 -0.021641
v -0.176323 -0.014345 -0.021712
v -0.178172 0.032551 -0.098338
v -0.165759 0.031733 -0.082877
v -0.252785 0.006026 -0.080144
v -0.234313 0.038319 -0.098323
v -0.216255 0.036207 -0.107249
v -0.196269 0.034322 -0.105337
v -0.261814 -0.006146 -0.040975
v -0.261420 -0.001809 -0.040897
v -0.219068 -0.010257 -0.031344
v 0.210570 0.125592 0.016886
v 0.215272 0.108106 0.030164
v 0.211672 0.108151 0.033432
v 0.215646 0.109150 0.031434
v 0.210944 0.126659 0.018156
v 0.206498 0.127409 0.018813
v 0.211298 0.107084 0.032162
v 0.206125 0.126364 0.017550
v 0.211298 0.107084 0.032162
v 0.229946 0.107629 0.026297
v 0.225481 0.108401 0.026946
v 0.215646 0.109150 0.031434
v 0.225855 0.109468 0.028216
v 0.215272 0.108106 0.030164
v 0.210944 0.126659 0.018156
v 0.206498 0.127409 0.018813
v 0.225166 0.127954 0.012984
v 0.221153 0.126955 0.014946
v 0.206125 0.126364 0.017550
v 0.224793 0.126887 0.011721
v 0.220780 0.125887 0.013676
v 0.230301 0.108696 0.027560
v 0.225855 0.109468 0.028216
v 0.225166 0.127954 0.012984
v 0.221153 0.126955 0.014946
v 0.229946 0.107629 0.026297
v 0.225481 0.108401 0.026946
v 0.224793 0.126887 0.011721
v 0.206125 0.126364 0.017550
v 0.224793 0.126887 0.011721
v 0.210944 0.126659 0.018156
v 0.221153 0.126955 0.014946
v 0.210570 0.125592 0.016886
v 0.220780 0.125887 0.013676
v 0.215173 0.129612 0.017086
v 0.214151 0.128408 0.015873
v 0.219678 0.107810 0.031498
v 0.220721 0.109014 0.032711
v 0.217081 0.129657 0.016465
v 0.222609 0.109060 0.032090
v 0.217219 0.128476 0.014860
v 0.222747 0.107879 0.030485
v 0.215409 0.127704 0.014496
v 0.220937 0.107106 0.030121
v 0.215173 0.129612 0.017086
v 0.214151 0.128408 0.015873
v 0.220721 0.109014 0.032711
v 0.217081 0.129657 0.016465
v 0.222609 0.109060 0.032090
v 0.222747 0.107879 0.030485
v 0.215409 0.127704 0.014496
v 0.220937 0.107106 0.030121
v 0.217436 0.106993 0.027810
v 0.215350 0.108083 0.030000
v 0.218655 0.110490 0.032005
v 0.215744 0.109241 0.031391
v 0.225757 0.109536 0.028238
v 0.225363 0.108378 0.026846
v 0.222452 0.107129 0.026233
v 0.219875 0.106834 0.026746
v 0.221252 0.110785 0.031484
v 0.223671 0.110626 0.030421
v 0.163458 0.042089 -0.029781
v 0.164481 0.029508 -0.041040
v 0.160881 0.041544 -0.029210
v 0.252844 0.032119 -0.067024
v 0.243559 0.049901 -0.081707
v 0.233448 0.031302 -0.097574
v 0.246451 0.012748 -0.084197
v 0.259945 0.068909 -0.031108
v 0.254339 0.086532 -0.045527
v 0.253532 0.068205 -0.066139
v 0.237382 0.122640 0.002903
v 0.255244 0.104745 -0.025094
v 0.260889 0.086350 -0.012080
v 0.242182 0.104904 0.017093
v 0.221272 0.107583 0.028045
v 0.216747 0.125297 0.013761
v 0.170166 0.106743 0.001954
v 0.193220 0.121141 0.014075
v 0.197489 0.103428 0.028444
v 0.174120 0.088825 0.016052
v 0.158697 0.085010 -0.021063
v 0.165936 0.065707 -0.006958
v 0.160881 0.049174 -0.054374
v 0.156553 0.067092 -0.038050
v 0.165877 0.001393 -0.067331
v 0.167136 0.020696 -0.079916
v 0.257506 0.022286 -0.057813
v 0.259965 0.032074 -0.036780
v 0.255991 -0.004421 -0.061173
v 0.260024 -0.005011 -0.042181
v 0.172015 0.026147 -0.014955
v 0.168120 0.014746 -0.034961
v 0.178093 -0.013550 -0.022960
v 0.172841 -0.012619 -0.039955
v 0.235730 0.031574 -0.099015
v 0.245861 0.049901 -0.083091
v 0.255145 0.032324 -0.068408
v 0.248673 0.013293 -0.085624
v 0.256070 0.068364 -0.067017
v 0.256955 0.086963 -0.046027
v 0.262581 0.069272 -0.031536
v 0.263447 0.087167 -0.012016
v 0.257801 0.105608 -0.024951
v 0.239212 0.124161 0.004194
v 0.243992 0.106425 0.018392
v 0.217200 0.127046 0.015773
v 0.221744 0.109332 0.030057
v 0.196505 0.104858 0.030514
v 0.192217 0.122572 0.016137
v 0.168022 0.107447 0.003438
v 0.171936 0.089416 0.017536
v 0.156160 0.084806 -0.020157
v 0.163418 0.065366 -0.006073
v 0.158225 0.048629 -0.054331
v 0.161805 0.029144 -0.041025
v 0.153957 0.066570 -0.037522
v 0.164441 0.020560 -0.080066
v 0.163182 0.001439 -0.067523
v 0.262640 0.032051 -0.037023
v 0.260181 0.022263 -0.058177
v 0.262679 -0.005034 -0.042652
v 0.258627 -0.004489 -0.061737
v 0.169497 0.025579 -0.014135
v 0.165602 0.014179 -0.034162
v 0.170303 -0.013186 -0.039206
v 0.175575 -0.014118 -0.022197
v 0.259060 0.048947 -0.054139
v 0.163458 0.042089 -0.029781
v 0.164481 0.029508 -0.041040
v 0.261696 0.049038 -0.054774
v 0.160881 0.041544 -0.029210
v 0.160881 0.041544 -0.029210
v 0.209174 -0.010461 -0.071868
v 0.219049 -0.010257 -0.031344
v 0.204217 -0.010575 -0.091396
v 0.201325 -0.010620 -0.103574
v 0.164461 -0.014708 -0.063385
v 0.176303 -0.014345 -0.021712
v 0.182283 -0.012460 -0.099115
v 0.169930 -0.013868 -0.083676
v 0.253886 -0.006192 -0.080358
v 0.238503 -0.007282 -0.099115
v 0.220386 -0.008803 -0.108026
v 0.200400 -0.010666 -0.106114
v 0.261794 -0.006146 -0.040975
v 0.176303 -0.014345 -0.021712
v 0.175890 -0.010007 -0.021641
v 0.163340 -0.002490 -0.063171
v 0.165740 0.031733 -0.082877
v 0.178152 0.032551 -0.098338
v 0.234294 0.038319 -0.098323
v 0.252765 0.006026 -0.080144
v 0.196250 0.034322 -0.105337
v 0.216236 0.036207 -0.107249
v 0.261794 -0.006146 -0.040975
v 0.261401 -0.001809 -0.040897
v 0.219049 -0.010257 -0.031344
v -0.252863 0.032119 -0.067024
v -0.246470 0.012748 -0.084197
v -0.233468 0.031302 -0.097574
v -0.243579 0.049901 -0.081707
v -0.259965 0.068909 -0.031108
v -0.253552 0.068205 -0.066139
v -0.254358 0.086532 -0.045527
v -0.237402 0.122640 0.002903
v -0.242202 0.104904 0.017093
v -0.260909 0.086350 -0.012080
v -0.255263 0.104745 -0.025094
v -0.221291 0.107583 0.028045
v -0.216767 0.125297 0.013761
v -0.170185 0.106743 0.001954
v -0.174139 0.088825 0.016052
v -0.197509 0.103428 0.028444
v -0.193240 0.121141 0.014075
v -0.158717 0.085010 -0.021063
v -0.165956 0.065707 -0.006958
v -0.156573 0.067092 -0.038050
v -0.160901 0.049174 -0.054374
v -0.167156 0.020696 -0.079916
v -0.165897 0.001393 -0.067331
v -0.259984 0.032074 -0.036780
v -0.257526 0.022286 -0.057813
v -0.260043 -0.005011 -0.042181
v -0.256011 -0.004421 -0.061173
v -0.168140 0.014746 -0.034961
v -0.172034 0.026147 -0.014955
v -0.178113 -0.013550 -0.022960
v -0.172861 -0.012619 -0.039955
v -0.235750 0.031574 -0.099015
v -0.248693 0.013293 -0.085624
v -0.255165 0.032324 -0.068408
v -0.245880 0.049901 -0.083091
v -0.256090 0.068364 -0.067017
v -0.262601 0.069272 -0.031536
v -0.256975 0.086963 -0.046027
v -0.263466 0.087167 -0.012016
v -0.244011 0.106425 0.018392
v -0.239231 0.124161 0.004194
v -0.257821 0.105608 -0.024951
v -0.221763 0.109332 0.030057
v -0.217219 0.127046 0.015773
v -0.196525 0.104858 0.030514
v -0.171956 0.089416 0.017536
v -0.168041 0.107447 0.003438
v -0.192237 0.122572 0.016137
v -0.163438 0.065366 -0.006073
v -0.156179 0.084806 -0.020157
v -0.158245 0.048629 -0.054331
v -0.153976 0.066570 -0.037522
v -0.161825 0.029144 -0.041025
v -0.164461 0.020560 -0.080066
v -0.163202 0.001439 -0.067523
v -0.262660 0.032051 -0.037023
v -0.262699 -0.005034 -0.042652
v -0.258647 -0.004489 -0.061737
v -0.169517 0.025579 -0.014135
v -0.165622 0.014179 -0.034162
v -0.175595 -0.014118 -0.022197
v -0.170323 -0.013186 -0.039206
v -0.259080 0.048947 -0.054139
v -0.163478 0.042089 -0.029781
v -0.164500 0.029508 -0.041040
v -0.261715 0.049038 -0.054774
v -0.160901 0.041544 -0.029210
v -0.160901 0.041544 -0.029210
v -0.260201 0.022263 -0.058177
v 0.259060 0.048947 -0.054139
v 0.261696 0.049038 -0.054774
v 0.260181 0.022263 -0.058177
vt 0.086100 0.356900
vt 0.153800 0.357500
vt 0.151700 0.323600
vt 0.083300 0.323500
vt 0.152100 0.283400
vt 0.084300 0.281800
vt 0.152300 0.238400
vt 0.085400 0.237400
vt 0.087200 0.194100
vt 0.153300 0.194500
vt 0.089500 0.150100
vt 0.155100 0.149800
vt 0.154700 0.106700
vt 0.087600 0.106400
vt 0.090200 0.067600
vt 0.155800 0.068000
vt 0.095200 0.038900
vt 0.156900 0.039500
vt 0.220100 0.323600
vt 0.221600 0.358000
vt 0.220100 0.284900
vt 0.219200 0.239200
vt 0.219400 0.194700
vt 0.220800 0.148800
vt 0.221500 0.106800
vt 0.221700 0.069500
vt 0.218500 0.040900
vt 0.220300 0.400900
vt 0.152700 0.399600
vt 0.084500 0.398200
vt 0.087900 0.425800
vt 0.123700 0.423900
vt 0.155300 0.421200
vt 0.185200 0.421900
vt 0.218400 0.425100
vt 0.016000 0.434100
vt 0.023600 0.066600
vt 0.021400 0.106800
vt 0.023400 0.150400
vt 0.020900 0.193800
vt 0.018400 0.236300
vt 0.016200 0.279900
vt 0.014900 0.323000
vt 0.018500 0.356000
vt 0.014900 0.397300
vt 0.288200 0.106500
vt 0.287900 0.070400
vt 0.285700 0.195200
vt 0.286300 0.240000
vt 0.285300 0.437000
vt 0.288000 0.401800
vt 0.289000 0.358000
vt 0.288500 0.323000
vt 0.288000 0.286100
vt 0.286700 0.147600
vt 0.031800 0.037400
vt 0.270600 0.016100
vt 0.214000 0.014600
vt 0.158300 0.015100
vt 0.102600 0.011200
vt 0.044000 0.012100
vt 0.053000 0.431900
vt 0.258100 0.433500
vt 0.281600 0.041300
vt 0.992100 0.122800
vt 0.972800 0.384700
vt 0.976100 0.125000
vt 0.974000 0.166500
vt 0.969700 0.211600
vt 0.964800 0.248500
vt 0.961700 0.289200
vt 0.958800 0.333100
vt 0.954300 0.380200
vt 0.947800 0.210400
vt 0.942600 0.246700
vt 0.947200 0.133700
vt 0.953000 0.169300
vt 0.906100 0.143300
vt 0.912000 0.173400
vt 0.911400 0.206700
vt 0.871600 0.176700
vt 0.872700 0.206200
vt 0.868800 0.150200
vt 0.929700 0.366600
vt 0.935700 0.328200
vt 0.906700 0.243300
vt 0.894500 0.351800
vt 0.905200 0.321000
vt 0.938900 0.286800
vt 0.869400 0.239800
vt 0.864600 0.336400
vt 0.868400 0.306700
vt 0.907500 0.282700
vt 0.866300 0.272900
vt 0.790300 0.191600
vt 0.774200 0.214800
vt 0.799700 0.226000
vt 0.815100 0.197800
vt 0.839200 0.158000
vt 0.839600 0.184500
vt 0.816200 0.172200
vt 0.838400 0.206700
vt 0.831600 0.235000
vt 0.785000 0.284800
vt 0.811200 0.285200
vt 0.796800 0.253500
vt 0.771000 0.248900
vt 0.830500 0.262800
vt 0.809400 0.308000
vt 0.837400 0.320300
vt 0.837400 0.296700
vt 0.712400 0.111200
vt 0.732300 0.072900
vt 0.687200 0.087400
vt 0.683700 0.138800
vt 0.649600 0.112800
vt 0.651200 0.163200
vt 0.635700 0.131000
vt 0.623100 0.162500
vt 0.970600 0.087800
vt 0.537800 0.046500
vt 0.574800 0.034100
vt 0.550600 0.073500
vt 0.570900 0.063700
vt 0.606200 0.031200
vt 0.593000 0.048500
vt 0.607300 0.062100
vt 0.627500 0.039400
vt 0.678500 0.055300
vt 0.635800 0.079000
vt 0.650200 0.040100
vt 0.683400 0.032300
vt 0.734300 0.045300
vt 0.739900 0.028200
vt 0.764300 0.057300
vt 0.791100 0.038000
vt 0.764400 0.092000
vt 0.736800 0.134500
vt 0.805900 0.151000
vt 0.770600 0.173000
vt 0.754200 0.154700
vt 0.788000 0.119800
vt 0.937100 0.067400
vt 0.935100 0.103500
vt 0.929200 0.086500
vt 0.900600 0.114300
vt 0.893000 0.088400
vt 0.864400 0.124800
vt 0.835200 0.137500
vt 0.885700 0.055600
vt 0.844900 0.049600
vt 0.852900 0.074900
vt 0.861300 0.095700
vt 0.822200 0.107500
vt 0.812900 0.077000
vt 0.479900 0.394700
vt 0.527600 0.372200
vt 0.502500 0.379500
vt 0.523100 0.402200
vt 0.545100 0.387600
vt 0.571200 0.422600
vt 0.570100 0.403000
vt 0.679300 0.426200
vt 0.728600 0.436100
vt 0.947800 0.407700
vt 0.642400 0.420100
vt 0.602600 0.416700
vt 0.685900 0.405200
vt 0.664100 0.389500
vt 0.628100 0.395400
vt 0.589000 0.392300
vt 0.632200 0.361400
vt 0.612400 0.378900
vt 0.547700 0.360200
vt 0.572000 0.376600
vt 0.917800 0.393300
vt 0.916700 0.421100
vt 0.733100 0.415800
vt 0.703400 0.388100
vt 0.869900 0.430900
vt 0.824900 0.431400
vt 0.777300 0.433000
vt 0.882600 0.375100
vt 0.863000 0.407500
vt 0.821500 0.408300
vt 0.778000 0.410900
vt 0.855900 0.360000
vt 0.732100 0.380800
vt 0.773900 0.385700
vt 0.818200 0.386300
vt 0.850300 0.385000
vt 0.620200 0.195700
vt 0.663500 0.190000
vt 0.698700 0.165300
vt 0.724200 0.185900
vt 0.744900 0.209100
vt 0.621100 0.222800
vt 0.666900 0.218600
vt 0.695600 0.204300
vt 0.822600 0.342200
vt 0.836700 0.367600
vt 0.814900 0.368400
vt 0.792000 0.323300
vt 0.775800 0.360800
vt 0.738400 0.351100
vt 0.630000 0.252400
vt 0.677700 0.246500
vt 0.710800 0.229300
vt 0.656700 0.331700
vt 0.686600 0.362100
vt 0.709000 0.350600
vt 0.631500 0.287700
vt 0.622000 0.302400
vt 0.670600 0.313500
vt 0.745500 0.333000
vt 0.691200 0.330500
vt 0.717000 0.260900
vt 0.685500 0.272700
vt 0.754100 0.311800
vt 0.724500 0.320600
vt 0.705400 0.309600
vt 0.734300 0.298400
vt 0.713400 0.288500
vt 0.761400 0.285300
vt 0.739600 0.274800
vt 0.744500 0.246500
vt 0.680900 0.295400
vt 0.634000 0.272100
vt 0.591500 0.271800
vt 0.609100 0.330400
vt 0.588300 0.361900
vt 0.565300 0.345300
vt 0.578800 0.326400
vt 0.551900 0.330000
vt 0.588800 0.194400
vt 0.588600 0.222900
vt 0.590400 0.247100
vt 0.569100 0.236000
vt 0.570700 0.198400
vt 0.548600 0.203200
vt 0.546200 0.232700
vt 0.568900 0.266800
vt 0.543900 0.266800
vt 0.585800 0.297400
vt 0.566900 0.296900
vt 0.544800 0.302000
vt 0.524800 0.303500
vt 0.532400 0.340700
vt 0.585400 0.086800
vt 0.609700 0.110900
vt 0.593600 0.147100
vt 0.582500 0.113600
vt 0.561400 0.125300
vt 0.570300 0.155300
vt 0.546300 0.162800
vt 0.537800 0.138400
vt 0.552500 0.096400
vt 0.530100 0.080200
vt 0.531400 0.099000
vt 0.524300 0.113200
vt 0.519400 0.065200
vt 0.510000 0.089700
vt 0.490100 0.083400
vt 0.474600 0.355500
vt 0.465500 0.321600
vt 0.478700 0.107900
vt 0.512200 0.333400
vt 0.494300 0.343800
vt 0.505400 0.309300
vt 0.501100 0.111200
vt 0.514600 0.135600
vt 0.525100 0.166300
vt 0.527100 0.202600
vt 0.522500 0.230000
vt 0.518700 0.267100
vt 0.486400 0.316800
vt 0.506100 0.166500
vt 0.493500 0.140700
vt 0.486600 0.164000
vt 0.468600 0.146900
vt 0.502100 0.200700
vt 0.461100 0.191100
vt 0.482700 0.193700
vt 0.461200 0.228200
vt 0.498900 0.229000
vt 0.478200 0.226700
vt 0.497900 0.268000
vt 0.463000 0.277900
vt 0.481000 0.272100
vt 0.988700 0.168000
vt 0.985300 0.213700
vt 0.983400 0.253700
vt 0.979300 0.291000
vt 0.976600 0.333300
vt 0.985100 0.076200
vt 0.524700 0.034100
vt 0.574400 0.018200
vt 0.630200 0.014900
vt 0.685600 0.013000
vt 0.740000 0.007100
vt 0.797200 0.015000
vt 0.853500 0.022200
vt 0.897500 0.029100
vt 0.948300 0.045800
vt 0.553700 0.438300
vt 0.512200 0.418200
vt 0.664800 0.449600
vt 0.720600 0.454100
vt 0.963000 0.418500
vt 0.923300 0.438800
vt 0.868900 0.447900
vt 0.824500 0.450700
vt 0.778100 0.452700
vt 0.605700 0.447200
vt 0.490800 0.055200
vt 0.454400 0.366900
vt 0.427400 0.295000
vt 0.428000 0.223600
vt 0.432500 0.153000
vt 0.464400 0.081100
vt 0.229500 0.822100
vt 0.219500 0.815100
vt 0.214400 0.825700
vt 0.223500 0.833200
vt 0.215200 0.841700
vt 0.206900 0.833300
vt 0.204700 0.848600
vt 0.409300 0.795700
vt 0.403300 0.799000
vt 0.408400 0.805800
vt 0.414300 0.802300
vt 0.375100 0.755800
vt 0.369200 0.766500
vt 0.377900 0.770800
vt 0.383400 0.760200
vt 0.331900 0.750000
vt 0.332700 0.735400
vt 0.323000 0.735100
vt 0.321500 0.749600
vt 0.273600 0.761000
vt 0.268500 0.751100
vt 0.259700 0.755900
vt 0.264400 0.765700
vt 0.415000 0.811500
vt 0.420700 0.808400
vt 0.387600 0.773200
vt 0.392800 0.763000
vt 0.342100 0.747800
vt 0.342700 0.733400
vt 0.281300 0.753800
vt 0.275300 0.743400
vt 0.254200 0.768100
vt 0.249400 0.757300
vt 0.311200 0.746500
vt 0.313000 0.732600
vt 0.361500 0.760200
vt 0.367200 0.749900
vt 0.399700 0.791200
vt 0.405600 0.788200
vt 0.393700 0.795000
vt 0.397200 0.803600
vt 0.386500 0.799200
vt 0.390600 0.808000
vt 0.402900 0.810500
vt 0.396900 0.815400
vt 0.410000 0.815900
vt 0.404200 0.821800
vt 0.382700 0.784800
vt 0.372500 0.783000
vt 0.363500 0.778700
vt 0.359000 0.787300
vt 0.369000 0.792100
vt 0.355700 0.771400
vt 0.350700 0.779900
vt 0.291100 0.767900
vt 0.282600 0.775500
vt 0.272600 0.780500
vt 0.278600 0.790900
vt 0.288900 0.784700
vt 0.261800 0.783700
vt 0.267000 0.795600
vt 0.342000 0.765200
vt 0.331200 0.767500
vt 0.320200 0.766600
vt 0.331000 0.778800
vt 0.319100 0.778300
vt 0.308900 0.763400
vt 0.308100 0.775400
vt 0.342500 0.777000
vt 0.297500 0.777200
vt 0.379300 0.793600
vt 0.270200 0.929800
vt 0.268000 0.913900
vt 0.252800 0.919800
vt 0.252600 0.935000
vt 0.254500 0.949500
vt 0.272900 0.944700
vt 0.260300 0.961800
vt 0.276300 0.957100
vt 0.369900 0.938200
vt 0.370100 0.952900
vt 0.368900 0.925500
vt 0.350200 0.941600
vt 0.351700 0.953900
vt 0.347500 0.923900
vt 0.329200 0.944300
vt 0.330200 0.954800
vt 0.291500 0.955000
vt 0.291700 0.942000
vt 0.309500 0.944400
vt 0.309300 0.955900
vt 0.327300 0.923200
vt 0.288600 0.926500
vt 0.284600 0.907000
vt 0.306500 0.924400
vt 0.250500 0.908500
vt 0.263800 0.901200
vt 0.304800 0.904000
vt 0.367400 0.910300
vt 0.381500 0.900100
vt 0.347400 0.904900
vt 0.367200 0.899200
vt 0.326000 0.902200
vt 0.346500 0.894700
vt 0.366500 0.886600
vt 0.382300 0.886800
vt 0.398500 0.827100
vt 0.390500 0.820400
vt 0.246400 0.896500
vt 0.256100 0.886400
vt 0.246700 0.875400
vt 0.236600 0.865600
vt 0.226400 0.876900
vt 0.235900 0.886200
vt 0.367600 0.873000
vt 0.382100 0.874200
vt 0.268900 0.879500
vt 0.279400 0.893500
vt 0.302600 0.888600
vt 0.325400 0.886800
vt 0.346400 0.886000
vt 0.370400 0.858500
vt 0.383100 0.860200
vt 0.346200 0.870800
vt 0.323700 0.869200
vt 0.302000 0.871200
vt 0.283900 0.875200
vt 0.374900 0.843000
vt 0.386400 0.846800
vt 0.382300 0.829400
vt 0.390900 0.834900
vt 0.379900 0.804300
vt 0.383500 0.812900
vt 0.373700 0.823600
vt 0.365900 0.838600
vt 0.377100 0.802100
vt 0.365600 0.801300
vt 0.353900 0.796000
vt 0.346100 0.788000
vt 0.374600 0.807600
vt 0.366000 0.818700
vt 0.352700 0.813300
vt 0.356300 0.835000
vt 0.331300 0.790600
vt 0.343000 0.787600
vt 0.341900 0.796000
vt 0.338600 0.810100
vt 0.317500 0.790400
vt 0.306600 0.785800
vt 0.302000 0.786000
vt 0.296000 0.795500
vt 0.306200 0.794800
vt 0.304200 0.787800
vt 0.323100 0.808200
vt 0.309400 0.810000
vt 0.284500 0.801300
vt 0.272200 0.806200
vt 0.294700 0.812300
vt 0.284100 0.815300
vt 0.257500 0.864600
vt 0.278800 0.858900
vt 0.244900 0.851400
vt 0.258200 0.847000
vt 0.278500 0.845400
vt 0.282500 0.829000
vt 0.268100 0.841200
vt 0.346300 0.831700
vt 0.334900 0.828700
vt 0.348300 0.854000
vt 0.339800 0.842200
vt 0.323000 0.853200
vt 0.323000 0.841300
vt 0.323200 0.826900
vt 0.310900 0.827500
vt 0.295900 0.828500
vt 0.302600 0.842400
vt 0.301500 0.855000
vt 0.378000 0.804000
vt 0.344100 0.788700
vt 0.270100 0.817600
vt 0.266100 0.825500
vt 0.262600 0.834700
vt 0.255400 0.838400
vt 0.249900 0.836800
vt 0.239900 0.830900
vt 0.233200 0.842100
vt 0.230500 0.858400
vt 0.238900 0.846700
vt 0.223800 0.851600
vt 0.220600 0.867900
vt 0.214100 0.858900
vt 0.244800 0.834300
vt 0.204100 0.818900
vt 0.200200 0.815200
vt 0.193400 0.827200
vt 0.200200 0.824200
vt 0.195500 0.819900
vt 0.424300 0.793400
vt 0.429500 0.796200
vt 0.429000 0.789600
vt 0.421500 0.789100
vt 0.426300 0.785500
vt 0.419600 0.797900
vt 0.415200 0.792100
vt 0.420800 0.783600
vt 0.412800 0.785400
vt 0.391900 0.741000
vt 0.398300 0.741600
vt 0.395000 0.736100
vt 0.386900 0.738400
vt 0.389300 0.732500
vt 0.387900 0.750600
vt 0.380800 0.746900
vt 0.382300 0.732800
vt 0.374100 0.740900
vt 0.332800 0.719200
vt 0.341000 0.716200
vt 0.333300 0.708700
vt 0.342200 0.724800
vt 0.333000 0.727300
vt 0.325400 0.718600
vt 0.326100 0.708400
vt 0.324000 0.726900
vt 0.317400 0.714700
vt 0.314600 0.723600
vt 0.259500 0.739100
vt 0.262900 0.732900
vt 0.256200 0.732400
vt 0.269800 0.737700
vt 0.264200 0.744900
vt 0.250800 0.735700
vt 0.254400 0.742300
vt 0.256900 0.749200
vt 0.247100 0.742500
vt 0.247300 0.750100
vt 0.396600 0.752800
vt 0.425600 0.802800
vt 0.196900 0.839300
vt 0.387000 0.938800
vt 0.382700 0.952700
vt 0.385800 0.926100
vt 0.383400 0.912900
vt 0.207600 0.812700
vt 0.239200 0.595200
vt 0.240600 0.576900
vt 0.230100 0.597400
vt 0.249000 0.626200
vt 0.238300 0.616200
vt 0.229500 0.613400
vt 0.257700 0.607100
vt 0.255800 0.592200
vt 0.266100 0.616900
vt 0.255900 0.576200
vt 0.208100 0.597400
vt 0.221400 0.598600
vt 0.219800 0.612100
vt 0.206600 0.609600
vt 0.196900 0.597600
vt 0.196200 0.607500
vt 0.185700 0.598000
vt 0.185200 0.604700
vt 0.238000 0.533600
vt 0.246800 0.542900
vt 0.255900 0.537800
vt 0.235200 0.550700
vt 0.228400 0.539800
vt 0.238200 0.557600
vt 0.251300 0.552100
vt 0.220700 0.510600
vt 0.230200 0.523500
vt 0.220600 0.530100
vt 0.211600 0.516800
vt 0.277700 0.520700
vt 0.280100 0.533000
vt 0.290200 0.534000
vt 0.265700 0.534200
vt 0.266300 0.521100
vt 0.270500 0.544800
vt 0.290700 0.544000
vt 0.274700 0.492200
vt 0.277400 0.507900
vt 0.265400 0.508400
vt 0.264200 0.493000
vt 0.314600 0.526800
vt 0.312100 0.537000
vt 0.319500 0.543100
vt 0.304500 0.523000
vt 0.299400 0.532400
vt 0.314900 0.550200
vt 0.321700 0.506700
vt 0.318400 0.517100
vt 0.308000 0.513000
vt 0.312400 0.503200
vt 0.328300 0.545100
vt 0.336200 0.540600
vt 0.341800 0.547700
vt 0.335500 0.552700
vt 0.328700 0.561000
vt 0.343200 0.535600
vt 0.347400 0.532000
vt 0.352800 0.539200
vt 0.348800 0.543100
vt 0.357400 0.536000
vt 0.362500 0.532400
vt 0.351700 0.528800
vt 0.358200 0.525700
vt 0.366800 0.527200
vt 0.363800 0.522900
vt 0.324600 0.497200
vt 0.328000 0.487800
vt 0.315500 0.493700
vt 0.319600 0.484500
vt 0.330400 0.478100
vt 0.324900 0.476000
vt 0.273100 0.479800
vt 0.272300 0.472000
vt 0.262700 0.480800
vt 0.262900 0.472900
vt 0.271000 0.464500
vt 0.263500 0.465000
vt 0.214400 0.501900
vt 0.206100 0.507400
vt 0.210200 0.496800
vt 0.203100 0.502000
vt 0.205200 0.492000
vt 0.200300 0.495700
vt 0.259900 0.637900
vt 0.269500 0.648100
vt 0.277300 0.661100
vt 0.281000 0.675900
vt 0.284400 0.687000
vt 0.290200 0.699500
vt 0.355200 0.652300
vt 0.333600 0.644500
vt 0.337600 0.655700
vt 0.329300 0.632900
vt 0.315200 0.649100
vt 0.318800 0.661000
vt 0.311800 0.638800
vt 0.295300 0.655300
vt 0.299300 0.668100
vt 0.292100 0.644900
vt 0.287600 0.635900
vt 0.302600 0.679600
vt 0.322300 0.673400
vt 0.306700 0.691600
vt 0.325800 0.686200
vt 0.341400 0.668600
vt 0.345800 0.681000
vt 0.358700 0.664300
vt 0.360400 0.678900
vt 0.323800 0.620700
vt 0.322300 0.605000
vt 0.308700 0.625500
vt 0.306200 0.610800
vt 0.290300 0.617400
vt 0.274800 0.626200
vt 0.321900 0.590400
vt 0.323200 0.575500
vt 0.307500 0.588300
vt 0.309100 0.571600
vt 0.313100 0.556600
vt 0.240500 0.567100
vt 0.280700 0.607700
vt 0.289300 0.600400
vt 0.289300 0.586500
vt 0.288300 0.571800
vt 0.290200 0.557400
vt 0.273300 0.588100
vt 0.274700 0.599700
vt 0.272200 0.573200
vt 0.272000 0.558700
vt 0.254700 0.563200
vt 0.229900 0.586700
vt 0.230700 0.582700
vt 0.225300 0.587600
vt 0.238300 0.640000
vt 0.231500 0.630700
vt 0.224200 0.626900
vt 0.220200 0.587000
vt 0.207400 0.585200
vt 0.215200 0.624900
vt 0.202800 0.622400
vt 0.195600 0.587000
vt 0.192000 0.617600
vt 0.183500 0.590800
vt 0.180800 0.611500
vt 0.178300 0.597200
vt 0.177700 0.604000
vt 0.251300 0.529700
vt 0.244500 0.525500
vt 0.253700 0.529800
vt 0.221900 0.554000
vt 0.217900 0.545000
vt 0.226800 0.562600
vt 0.239400 0.517000
vt 0.229900 0.504700
vt 0.211200 0.536500
vt 0.203100 0.523100
vt 0.288000 0.517400
vt 0.290200 0.525400
vt 0.291000 0.526400
vt 0.254600 0.527600
vt 0.255200 0.519500
vt 0.288100 0.507400
vt 0.285000 0.492300
vt 0.253200 0.509300
vt 0.253600 0.494400
vt 0.323400 0.536100
vt 0.325400 0.528900
vt 0.323800 0.537700
vt 0.292200 0.525000
vt 0.295100 0.517600
vt 0.328300 0.521500
vt 0.331100 0.510700
vt 0.297400 0.509300
vt 0.303000 0.499700
vt 0.325400 0.536800
vt 0.331600 0.532700
vt 0.348100 0.554500
vt 0.344000 0.559300
vt 0.339800 0.567000
vt 0.337600 0.528100
vt 0.342900 0.524500
vt 0.358300 0.546200
vt 0.353900 0.550200
vt 0.362600 0.542000
vt 0.368000 0.537100
vt 0.348200 0.521000
vt 0.355200 0.517800
vt 0.371300 0.530300
vt 0.370600 0.524000
vt 0.368200 0.520100
vt 0.363200 0.517500
vt 0.334400 0.500300
vt 0.337000 0.489600
vt 0.306400 0.489400
vt 0.311300 0.479300
vt 0.336400 0.477800
vt 0.332600 0.472800
vt 0.326700 0.469900
vt 0.320000 0.471300
vt 0.283400 0.478800
vt 0.281800 0.470500
vt 0.252100 0.481500
vt 0.252700 0.472600
vt 0.278700 0.462200
vt 0.270200 0.455700
vt 0.263100 0.456600
vt 0.255200 0.463600
vt 0.222500 0.495900
vt 0.197900 0.513100
vt 0.216800 0.490300
vt 0.194900 0.505900
vt 0.209000 0.486600
vt 0.202400 0.487400
vt 0.197500 0.491400
vt 0.194100 0.498200
vt 0.245900 0.651100
vt 0.254400 0.659100
vt 0.261900 0.666700
vt 0.263900 0.682000
vt 0.266000 0.696100
vt 0.274400 0.707000
vt 0.351000 0.639900
vt 0.344000 0.629000
vt 0.339700 0.616200
vt 0.338500 0.604100
vt 0.338100 0.591200
vt 0.338500 0.578700
vt 0.229400 0.568900
vt 0.227800 0.576900
vt 0.153800 0.885900
vt 0.165300 0.893900
vt 0.164700 0.878500
vt 0.158900 0.878400
vt 0.172400 0.891100
vt 0.170200 0.877600
vt 0.149400 0.903000
vt 0.156700 0.916400
vt 0.169200 0.909900
vt 0.177100 0.904800
vt 0.163900 0.930000
vt 0.175800 0.923700
vt 0.183900 0.916700
vt 0.176000 0.875800
vt 0.179200 0.888400
vt 0.190900 0.882600
vt 0.188400 0.870200
vt 0.185400 0.900100
vt 0.196500 0.893100
vt 0.192600 0.909900
vt 0.204500 0.902700
vt 0.201800 0.878000
vt 0.200000 0.866400
vt 0.206900 0.887400
vt 0.214700 0.896000
vt 0.213700 0.874400
vt 0.212000 0.867400
vt 0.215900 0.880600
vt 0.221600 0.885400
vt 0.218400 0.872100
vt 0.221700 0.877800
vt 0.129200 0.814800
vt 0.132200 0.825700
vt 0.142100 0.817300
vt 0.136200 0.807600
vt 0.122600 0.822100
vt 0.126600 0.815900
vt 0.141600 0.834600
vt 0.150200 0.826300
vt 0.128700 0.842200
vt 0.115200 0.835700
vt 0.152000 0.842700
vt 0.159900 0.834000
vt 0.138000 0.848100
vt 0.150800 0.854300
vt 0.145300 0.800500
vt 0.151100 0.810300
vt 0.164100 0.799300
vt 0.158900 0.790100
vt 0.158900 0.818200
vt 0.171300 0.806700
vt 0.168200 0.824700
vt 0.180200 0.812100
vt 0.099800 0.810900
vt 0.103400 0.799700
vt 0.092800 0.794600
vt 0.089400 0.804700
vt 0.088100 0.813100
vt 0.088000 0.805500
vt 0.113000 0.814600
vt 0.115000 0.802500
vt 0.102700 0.830100
vt 0.087200 0.827400
vt 0.124800 0.813300
vt 0.126300 0.802900
vt 0.096700 0.783500
vt 0.106400 0.788700
vt 0.110700 0.771700
vt 0.101500 0.766700
vt 0.117200 0.791000
vt 0.120800 0.774400
vt 0.129000 0.791100
vt 0.131500 0.774300
vt 0.052600 0.808900
vt 0.063900 0.811400
vt 0.063100 0.801600
vt 0.052900 0.800200
vt 0.053400 0.814900
vt 0.051100 0.810500
vt 0.076500 0.809600
vt 0.074100 0.799800
vt 0.072800 0.826500
vt 0.058700 0.827900
vt 0.086200 0.804200
vt 0.084100 0.795100
vt 0.052000 0.790700
vt 0.062300 0.791900
vt 0.060500 0.778700
vt 0.050600 0.778200
vt 0.072100 0.790300
vt 0.070200 0.777000
vt 0.081700 0.785500
vt 0.079200 0.773000
vt 0.038000 0.810700
vt 0.043300 0.817500
vt 0.049300 0.810300
vt 0.044500 0.803400
vt 0.029800 0.816000
vt 0.034500 0.822600
vt 0.039800 0.833500
vt 0.049800 0.830500
vt 0.021000 0.820100
vt 0.024900 0.826800
vt 0.030000 0.836300
vt 0.028400 0.798500
vt 0.032900 0.804600
vt 0.038700 0.797400
vt 0.034100 0.792100
vt 0.021500 0.803500
vt 0.025500 0.809600
vt 0.013500 0.807200
vt 0.017100 0.812800
vt 0.016800 0.798500
vt 0.009000 0.802400
vt 0.013100 0.792800
vt 0.005900 0.795700
vt 0.023600 0.793600
vt 0.018900 0.788500
vt 0.029300 0.787500
vt 0.023200 0.782700
vt 0.004100 0.788300
vt 0.009900 0.787100
vt 0.006500 0.782100
vt 0.013800 0.783800
vt 0.010100 0.779000
vt 0.016100 0.778700
vt 0.058400 0.766900
vt 0.048500 0.767000
vt 0.056800 0.756500
vt 0.047700 0.756100
vt 0.067500 0.765000
vt 0.064600 0.755000
vt 0.076700 0.761600
vt 0.072700 0.751100
vt 0.049400 0.744900
vt 0.055700 0.746100
vt 0.054200 0.740500
vt 0.061400 0.745100
vt 0.060600 0.738800
vt 0.067200 0.741000
vt 0.114000 0.757500
vt 0.105000 0.752900
vt 0.116100 0.749600
vt 0.107900 0.744600
vt 0.123400 0.760000
vt 0.124800 0.751900
vt 0.133600 0.760400
vt 0.134700 0.751300
vt 0.111500 0.736700
vt 0.118500 0.741900
vt 0.121000 0.731800
vt 0.127900 0.733500
vt 0.125700 0.743500
vt 0.134500 0.742000
vt 0.172000 0.791500
vt 0.167900 0.782100
vt 0.179000 0.798800
vt 0.188200 0.803500
vt 0.178000 0.787000
vt 0.174900 0.778400
vt 0.183700 0.793300
vt 0.192500 0.797200
vt 0.183000 0.775900
vt 0.184300 0.782900
vt 0.189400 0.777600
vt 0.188100 0.787500
vt 0.193600 0.782400
vt 0.195000 0.790000
vt 0.144500 0.924300
vt 0.150900 0.936700
vt 0.134200 0.914000
vt 0.132900 0.936200
vt 0.143500 0.947100
vt 0.120200 0.924400
vt 0.125200 0.947300
vt 0.138000 0.957300
vt 0.111400 0.935900
vt 0.118500 0.961900
vt 0.133800 0.972000
vt 0.101900 0.953500
vt 0.111500 0.975500
vt 0.127900 0.985400
vt 0.094300 0.967400
vt 0.104500 0.986500
vt 0.118500 0.995600
vt 0.090700 0.979500
vt 0.130600 0.891400
vt 0.121200 0.905600
vt 0.099300 0.913100
vt 0.092900 0.927200
vt 0.104900 0.896600
vt 0.085300 0.946200
vt 0.076600 0.964600
vt 0.073400 0.975600
vt 0.073000 0.919500
vt 0.065700 0.939100
vt 0.078000 0.904700
vt 0.051800 0.915800
vt 0.046200 0.933900
vt 0.055700 0.906400
vt 0.058100 0.898000
vt 0.031000 0.915200
vt 0.025200 0.929100
vt 0.034400 0.904700
vt 0.015000 0.913100
vt 0.020500 0.901400
vt 0.020600 0.941200
vt 0.016200 0.955200
vt 0.038500 0.950000
vt 0.033600 0.961400
vt 0.057800 0.958700
vt 0.053800 0.968400
vt 0.084700 0.888500
vt 0.062700 0.883500
vt 0.038700 0.892800
vt 0.041600 0.879500
vt 0.023500 0.888500
vt 0.027300 0.876600
vt 0.042800 0.864800
vt 0.030300 0.862800
vt 0.043000 0.848800
vt 0.031000 0.849100
vt 0.065500 0.866800
vt 0.052900 0.847100
vt 0.089900 0.873300
vt 0.110000 0.881200
vt 0.093400 0.861700
vt 0.076900 0.858100
vt 0.063100 0.846300
vt 0.073700 0.846000
vt 0.112600 0.868900
vt 0.134800 0.878600
vt 0.145900 0.877500
vt 0.085500 0.846400
vt 0.097200 0.848100
vt 0.108900 0.852000
vt 0.122800 0.857200
vt 0.135600 0.861600
vt 0.152300 0.863000
vt 0.153100 0.872900
vt 0.008800 0.925000
vt 0.004100 0.936800
vt 0.004200 0.951400
vt 0.828400 0.979300
vt 0.827400 0.946800
vt 0.821600 0.948500
vt 0.822600 0.978000
vt 0.876500 0.980300
vt 0.876600 0.949400
vt 0.882500 0.949400
vt 0.882400 0.980300
vt 0.811300 0.950000
vt 0.811900 0.979600
vt 0.819300 0.948400
vt 0.820000 0.980900
vt 0.809700 0.979600
vt 0.809100 0.950100
vt 0.817100 0.948400
vt 0.817700 0.980900
vt 0.798900 0.996900
vt 0.798500 0.971200
vt 0.797000 0.977000
vt 0.795000 0.991100
vt 0.794800 0.977100
vt 0.797300 0.991100
vt 0.851200 0.965300
vt 0.859500 0.996200
vt 0.849300 0.994800
vt 0.859200 0.963700
vt 0.849000 0.965300
vt 0.857300 0.996200
vt 0.851500 0.994800
vt 0.857000 0.963800
vt 0.771100 0.965800
vt 0.771100 0.936600
vt 0.766900 0.936500
vt 0.766900 0.965800
vt 0.760200 0.965800
vt 0.764400 0.965800
vt 0.764400 0.936500
vt 0.760200 0.936500
vt 0.746500 0.965800
vt 0.749000 0.965800
vt 0.742300 0.965800
vt 0.738800 0.936500
vt 0.738800 0.965800
vt 0.753200 0.965800
vt 0.756700 0.965800
vt 0.756700 0.936500
vt 0.746500 0.936600
vt 0.749000 0.936500
vt 0.753200 0.936500
vt 0.742300 0.936500
vt 0.774600 0.936600
vt 0.774600 0.965800
vt 0.304600 0.216200
vt 0.319900 0.215400
vt 0.318400 0.199900
vt 0.303900 0.200800
vt 0.303100 0.185200
vt 0.316800 0.186800
vt 0.316300 0.168600
vt 0.302500 0.168700
vt 0.315600 0.153100
vt 0.315400 0.129000
vt 0.301700 0.129100
vt 0.301900 0.152200
vt 0.315500 0.114200
vt 0.301900 0.114400
vt 0.314600 0.099100
vt 0.313600 0.080500
vt 0.300000 0.081100
vt 0.300900 0.099500
vt 0.314400 0.060100
vt 0.299600 0.060700
vt 0.303800 0.031500
vt 0.301200 0.045900
vt 0.316300 0.040600
vt 0.317800 0.030600
vt 0.307900 0.009200
vt 0.321200 0.008400
vt 0.331200 0.185000
vt 0.327700 0.198400
vt 0.346000 0.201400
vt 0.338500 0.210000
vt 0.330100 0.041800
vt 0.327500 0.028300
vt 0.345800 0.023500
vt 0.338600 0.016000
vt 0.319300 0.254600
vt 0.319400 0.254500
vt 0.328300 0.241000
vt 0.313600 0.401100
vt 0.314300 0.411200
vt 0.313600 0.401200
vt 0.966700 0.491000
vt 0.972500 0.494600
vt 0.968700 0.464600
vt 0.965900 0.464500
vt 0.947100 0.497800
vt 0.952700 0.526600
vt 0.967800 0.522600
vt 0.956900 0.494900
vt 0.904700 0.490500
vt 0.899000 0.494100
vt 0.906200 0.522900
vt 0.916600 0.495100
vt 0.926700 0.497900
vt 0.921600 0.526700
vt 0.937300 0.528100
vt 0.937200 0.498700
vt 0.905900 0.466100
vt 0.903000 0.466100
vt 0.917500 0.479300
vt 0.927500 0.495500
vt 0.930700 0.489700
vt 0.923600 0.479200
vt 0.946500 0.495400
vt 0.943200 0.489700
vt 0.956400 0.479100
vt 0.950200 0.479100
vt 0.946300 0.462900
vt 0.943100 0.468600
vt 0.927400 0.463000
vt 0.930600 0.468700
vt 0.944500 0.479100
vt 0.940000 0.474700
vt 0.933800 0.474700
vt 0.929300 0.479200
vt 0.933800 0.483700
vt 0.940100 0.483700
vt 0.867500 0.996200
vt 0.861700 0.994900
vt 0.861200 0.965400
vt 0.867000 0.963800
vt 0.869300 0.992700
vt 0.871200 0.973600
vt 0.870000 0.979100
vt 0.872100 0.997400
vt 0.873200 0.973400
vt 0.874300 0.997400
vt 0.906000 0.997000
vt 0.905300 0.966200
vt 0.911100 0.966000
vt 0.911900 0.996900
vt 0.771200 0.996700
vt 0.767000 0.996800
vt 0.766900 0.967500
vt 0.771100 0.967500
vt 0.760300 0.996800
vt 0.760200 0.967500
vt 0.764400 0.967500
vt 0.764500 0.996800
vt 0.749100 0.996800
vt 0.746600 0.996800
vt 0.742400 0.996900
vt 0.738900 0.996900
vt 0.738800 0.967600
vt 0.756700 0.967500
vt 0.756800 0.996800
vt 0.753300 0.996800
vt 0.746500 0.967600
vt 0.749000 0.967600
vt 0.753200 0.967600
vt 0.742300 0.967600
vt 0.774700 0.996700
vt 0.774600 0.967500
vt 0.813700 0.996900
vt 0.816100 0.996800
vt 0.818500 0.993300
vt 0.811100 0.993500
vt 0.813200 0.983100
vt 0.810900 0.986600
vt 0.818200 0.986400
vt 0.815600 0.983000
vt 0.810500 0.990100
vt 0.818800 0.989800
vt 0.352500 0.220400
vt 0.351700 0.205000
vt 0.366200 0.204000
vt 0.367800 0.219500
vt 0.350800 0.189400
vt 0.350100 0.172900
vt 0.364000 0.172800
vt 0.364600 0.190900
vt 0.363100 0.157200
vt 0.349400 0.156400
vt 0.349100 0.133300
vt 0.362700 0.133200
vt 0.349100 0.118600
vt 0.362800 0.118300
vt 0.361700 0.103300
vt 0.348100 0.103700
vt 0.347000 0.085400
vt 0.360700 0.084600
vt 0.346600 0.064900
vt 0.361300 0.064200
vt 0.350600 0.035700
vt 0.364500 0.034700
vt 0.363100 0.044700
vt 0.348000 0.050200
vt 0.354500 0.013400
vt 0.367800 0.012500
vt 0.378900 0.189100
vt 0.375500 0.202400
vt 0.393800 0.205300
vt 0.386300 0.214000
vt 0.376900 0.045800
vt 0.374200 0.032300
vt 0.385200 0.019900
vt 0.392500 0.027500
vt 0.888200 0.491300
vt 0.887500 0.464800
vt 0.890300 0.464900
vt 0.894000 0.494900
vt 0.868500 0.498000
vt 0.878300 0.495200
vt 0.889100 0.522900
vt 0.873900 0.526800
vt 0.826200 0.490500
vt 0.838000 0.495100
vt 0.827500 0.522900
vt 0.820400 0.494000
vt 0.848100 0.497900
vt 0.858600 0.498900
vt 0.858600 0.528200
vt 0.842800 0.526800
vt 0.827500 0.466100
vt 0.824600 0.466100
vt 0.836300 0.476700
vt 0.842500 0.476700
vt 0.849600 0.487200
vt 0.846400 0.492900
vt 0.862100 0.487100
vt 0.865300 0.492800
vt 0.869100 0.476600
vt 0.875200 0.476500
vt 0.862000 0.466100
vt 0.865200 0.460300
vt 0.849500 0.466100
vt 0.846200 0.460400
vt 0.863300 0.476600
vt 0.848200 0.476700
vt 0.852600 0.472100
vt 0.858900 0.472100
vt 0.852600 0.481100
vt 0.858900 0.481100
vt 0.024000 0.578900
vt 0.038000 0.587900
vt 0.027500 0.589300
vt 0.027500 0.599200
vt 0.038700 0.600100
vt 0.030800 0.690000
vt 0.038700 0.696100
vt 0.045500 0.687700
vt 0.036900 0.680900
vt 0.096000 0.722000
vt 0.098500 0.709600
vt 0.088100 0.708200
vt 0.085900 0.720200
vt 0.147500 0.707900
vt 0.145500 0.698200
vt 0.135900 0.700900
vt 0.138100 0.710700
vt 0.178800 0.668400
vt 0.173000 0.675100
vt 0.176900 0.678600
vt 0.183300 0.671700
vt 0.175100 0.664200
vt 0.168500 0.659000
vt 0.162400 0.665600
vt 0.169000 0.671100
vt 0.132400 0.690800
vt 0.129600 0.680600
vt 0.143000 0.687600
vt 0.046700 0.668300
vt 0.055100 0.659100
vt 0.055800 0.675500
vt 0.090200 0.692800
vt 0.091900 0.680200
vt 0.102100 0.694000
vt 0.103200 0.681300
vt 0.064300 0.666000
vt 0.140000 0.677500
vt 0.121400 0.515900
vt 0.117200 0.526700
vt 0.128000 0.503900
vt 0.139000 0.524600
vt 0.143900 0.512900
vt 0.134900 0.535700
vt 0.153800 0.544300
vt 0.158200 0.532100
vt 0.162600 0.519700
vt 0.176900 0.538400
vt 0.182200 0.526400
vt 0.172300 0.550900
vt 0.193900 0.543900
vt 0.196600 0.529400
vt 0.189600 0.555600
vt 0.112400 0.541100
vt 0.129900 0.548200
vt 0.149300 0.555800
vt 0.167500 0.561900
vt 0.184500 0.567700
vt 0.145200 0.565900
vt 0.162200 0.572900
vt 0.125900 0.558400
vt 0.156100 0.584900
vt 0.162500 0.653500
vt 0.103600 0.553600
vt 0.093200 0.563200
vt 0.153400 0.600400
vt 0.141200 0.578900
vt 0.151800 0.614900
vt 0.152100 0.629900
vt 0.120900 0.567100
vt 0.137700 0.593400
vt 0.081500 0.574000
vt 0.107400 0.575800
vt 0.137300 0.615900
vt 0.137700 0.632600
vt 0.119000 0.616400
vt 0.116900 0.631000
vt 0.070100 0.583300
vt 0.088900 0.593700
vt 0.069500 0.604400
vt 0.085900 0.608400
vt 0.103100 0.613800
vt 0.101000 0.628400
vt 0.085000 0.624400
vt 0.098000 0.584500
vt 0.122300 0.585700
vt 0.105300 0.602100
vt 0.111900 0.594600
vt 0.120000 0.602500
vt 0.155000 0.660500
vt 0.156400 0.644600
vt 0.062500 0.648700
vt 0.073700 0.657200
vt 0.091900 0.667100
vt 0.082600 0.637400
vt 0.099800 0.643000
vt 0.117900 0.645400
vt 0.140700 0.647800
vt 0.146000 0.661700
vt 0.142100 0.654300
vt 0.125400 0.670600
vt 0.116300 0.668800
vt 0.106200 0.669100
vt 0.117400 0.658800
vt 0.138300 0.667100
vt 0.082400 0.663000
vt 0.078700 0.648300
vt 0.097300 0.656700
vt 0.066100 0.642000
vt 0.069100 0.632600
vt 0.069700 0.622700
vt 0.061100 0.585600
vt 0.051200 0.586300
vt 0.052100 0.599800
vt 0.060700 0.601600
vt 0.013700 0.605100
vt 0.016400 0.598100
vt 0.016300 0.591400
vt 0.188500 0.685500
vt 0.183200 0.682200
vt 0.191800 0.681400
vt 0.145600 0.729200
vt 0.141300 0.720200
vt 0.151400 0.727700
vt 0.085600 0.736100
vt 0.093000 0.737100
vt 0.024100 0.701200
vt 0.027400 0.695200
vt 0.034100 0.700800
vt 0.028900 0.705300
vt 0.094800 0.729600
vt 0.085500 0.728100
vt 0.149900 0.717700
vt 0.188000 0.675800
vt 0.037200 0.612300
vt 0.025600 0.609700
vt 0.035000 0.574900
vt 0.184900 0.661700
vt 0.188800 0.666300
vt 0.155200 0.695100
vt 0.157400 0.705800
vt 0.108800 0.710200
vt 0.106400 0.723600
vt 0.054300 0.694300
vt 0.046300 0.702600
vt 0.028800 0.674200
vt 0.022800 0.683800
vt 0.077700 0.706100
vt 0.075400 0.718900
vt 0.126300 0.703300
vt 0.128600 0.714100
vt 0.167800 0.682200
vt 0.172800 0.686100
vt 0.162800 0.678200
vt 0.157200 0.673100
vt 0.180800 0.657400
vt 0.175300 0.652700
vt 0.153300 0.684100
vt 0.121700 0.693400
vt 0.120500 0.684900
vt 0.064500 0.682600
vt 0.037700 0.661300
vt 0.045000 0.653200
vt 0.112800 0.695300
vt 0.078500 0.691400
vt 0.080300 0.681400
vt 0.113200 0.685300
vt 0.070200 0.674500
vt 0.150800 0.676500
vt 0.097400 0.534500
vt 0.100500 0.519400
vt 0.103500 0.505400
vt 0.112800 0.495400
vt 0.089400 0.541600
vt 0.176700 0.578100
vt 0.171600 0.590500
vt 0.171600 0.647600
vt 0.080200 0.549000
vt 0.064300 0.568300
vt 0.071700 0.559500
vt 0.169500 0.602600
vt 0.168400 0.615500
vt 0.167200 0.628000
vt 0.167800 0.639600
vt 0.151400 0.668500
vt 0.149500 0.669100
vt 0.117500 0.678200
vt 0.115700 0.677500
vt 0.080300 0.673200
vt 0.077300 0.670800
vt 0.079600 0.670800
vt 0.049600 0.644500
vt 0.149900 0.667500
vt 0.116500 0.676700
vt 0.055000 0.636200
vt 0.058100 0.630100
vt 0.056900 0.622100
vt 0.060200 0.616400
vt 0.059700 0.612200
vt 0.050100 0.611300
vt 0.056700 0.571800
vt 0.047600 0.573100
vt 0.055200 0.611000
vt 0.008900 0.598400
vt 0.012400 0.584300
vt 0.008700 0.591500
vt 0.196600 0.678700
vt 0.195400 0.684800
vt 0.192600 0.688600
vt 0.187500 0.690800
vt 0.179500 0.689900
vt 0.157300 0.728400
vt 0.153100 0.733100
vt 0.146800 0.735300
vt 0.140300 0.733300
vt 0.132500 0.724600
vt 0.100600 0.739800
vt 0.091600 0.745800
vt 0.104200 0.731800
vt 0.084600 0.744400
vt 0.077200 0.736900
vt 0.075400 0.727800
vt 0.032300 0.710900
vt 0.025800 0.709600
vt 0.040200 0.707800
vt 0.021100 0.705300
vt 0.018100 0.698400
vt 0.019500 0.690700
vt 0.159100 0.716800
vt 0.193800 0.671600
vt 0.677900 0.737500
vt 0.690800 0.713900
vt 0.671800 0.704600
vt 0.658100 0.727800
vt 0.704800 0.686100
vt 0.684600 0.676100
vt 0.716100 0.655700
vt 0.695300 0.645200
vt 0.726500 0.625200
vt 0.702800 0.616700
vt 0.709100 0.751000
vt 0.721200 0.731200
vt 0.737100 0.699800
vt 0.749200 0.671600
vt 0.760400 0.633500
vt 0.640700 0.717800
vt 0.655500 0.694500
vt 0.667800 0.667000
vt 0.676300 0.637300
vt 0.682500 0.610000
vt 0.778000 0.878100
vt 0.802700 0.874200
vt 0.834900 0.871100
vt 0.867200 0.873900
vt 0.895900 0.877300
vt 0.776100 0.856100
vt 0.800800 0.850400
vt 0.832600 0.847200
vt 0.866500 0.848200
vt 0.897500 0.848800
vt 0.898200 0.817600
vt 0.866800 0.816800
vt 0.830200 0.818700
vt 0.796700 0.824200
vt 0.772500 0.831800
vt 0.924000 0.660600
vt 0.942700 0.649200
vt 0.931400 0.635900
vt 0.916200 0.648800
vt 0.911100 0.627300
vt 0.903100 0.641700
vt 0.944000 0.692000
vt 0.947800 0.666000
vt 0.929800 0.672900
vt 0.927100 0.690600
vt 0.909200 0.685400
vt 0.931300 0.720800
vt 0.909300 0.712400
vt 0.920100 0.746900
vt 0.893800 0.738900
vt 0.882100 0.760100
vt 0.905900 0.783600
vt 0.876800 0.730400
vt 0.882900 0.702400
vt 0.765600 0.810500
vt 0.793000 0.798300
vt 0.828700 0.788200
vt 0.819200 0.768800
vt 0.865800 0.781800
vt 0.852900 0.752500
vt 0.735500 0.767100
vt 0.752700 0.748200
vt 0.771300 0.717400
vt 0.893300 0.663000
vt 0.883700 0.645600
vt 0.885600 0.628900
vt 0.859900 0.632200
vt 0.858700 0.657100
vt 0.831200 0.638000
vt 0.833000 0.671900
vt 0.810900 0.672900
vt 0.795400 0.639100
vt 0.814200 0.693700
vt 0.785300 0.685000
vt 0.795900 0.706400
vt 0.792700 0.734700
vt 0.747400 0.777100
vt 0.758800 0.792400
vt 0.781400 0.775400
vt 0.767000 0.758900
vt 0.808300 0.758900
vt 0.817900 0.714400
vt 0.833300 0.739800
vt 0.843000 0.697900
vt 0.858200 0.720200
vt 0.866400 0.681300
vt 0.901300 0.674000
vt 0.959100 0.639100
vt 0.943300 0.621500
vt 0.966100 0.661700
vt 0.919000 0.610300
vt 0.892000 0.607500
vt 0.862200 0.609800
vt 0.883300 0.595800
vt 0.875500 0.596400
vt 0.830700 0.612000
vt 0.846500 0.595600
vt 0.801100 0.611500
vt 0.770800 0.606700
vt 0.735600 0.598100
vt 0.710400 0.589700
vt 0.689900 0.583300
vt 0.921600 0.878800
vt 0.922600 0.850000
vt 0.923000 0.818800
vt 0.929000 0.787900
vt 0.944200 0.754100
vt 0.955900 0.726600
vt 0.961300 0.743400
vt 0.960000 0.758700
vt 0.965600 0.690500
vt 0.971200 0.712700
vt 0.972800 0.699400
vt 0.869600 0.576700
vt 0.890500 0.577500
vt 0.912300 0.579300
vt 0.980900 0.624800
vt 0.960200 0.601100
vt 0.996200 0.682800
vt 0.965600 0.775200
vt 0.869900 0.582300
vt 0.890900 0.582300
vt 0.987900 0.695900
vt 0.988800 0.688400
vt 0.949400 0.791600
vt 0.775800 0.566800
vt 0.770900 0.565300
vt 0.755300 0.560500
vt 0.700000 0.546700
vt 0.738300 0.555300
vt 0.779900 0.906400
vt 0.806400 0.900800
vt 0.835600 0.897100
vt 0.865600 0.899500
vt 0.893500 0.901900
vt 0.920900 0.902100
vt 0.833200 0.575400
vt 0.847800 0.576600
vt 0.980100 0.758400
vt 0.975000 0.774300
vt 0.986000 0.737900
vt 0.983200 0.749100
vt 0.857400 0.575600
vt 0.990700 0.717800
vt 0.988400 0.730100
vt 0.878600 0.576900
vt 0.995300 0.697900
vt 0.993700 0.710000
vt 0.900100 0.576900
vt 0.938700 0.587100
vt 0.923600 0.582200
vt 0.993000 0.652400
vt 0.847000 0.583100
vt 0.974500 0.756400
vt 0.976400 0.749200
vt 0.856300 0.582700
vt 0.979800 0.735800
vt 0.982300 0.730100
vt 0.876700 0.582700
vt 0.984700 0.716200
vt 0.896000 0.583400
vt 0.986500 0.710600
vt 0.912300 0.583100
vt 0.917500 0.585600
vt 0.828700 0.589100
vt 0.788700 0.593600
vt 0.789300 0.571200
vt 0.944300 0.809500
vt 0.965400 0.818500
vt 0.965000 0.829200
vt 0.964400 0.835300
vt 0.963900 0.844700
vt 0.761000 0.562600
vt 0.963700 0.850900
vt 0.963600 0.861400
vt 0.744600 0.558100
vt 0.721500 0.552700
vt 0.958900 0.904900
vt 0.960700 0.882400
vt 0.963600 0.868500
vt 0.740400 0.562500
vt 0.959800 0.864800
vt 0.959600 0.847800
vt 0.757100 0.566000
vt 0.772000 0.569400
vt 0.958800 0.832000
vt 0.514700 0.535900
vt 0.528900 0.540100
vt 0.532600 0.452400
vt 0.515800 0.455900
vt 0.564000 0.452400
vt 0.552300 0.452700
vt 0.550800 0.542500
vt 0.594000 0.455800
vt 0.582000 0.453400
vt 0.580700 0.544600
vt 0.623000 0.460700
vt 0.611700 0.458200
vt 0.608200 0.546300
vt 0.646700 0.540800
vt 0.634200 0.545000
vt 0.648000 0.522600
vt 0.664400 0.482800
vt 0.653200 0.489400
vt 0.534700 0.542300
vt 0.538200 0.451000
vt 0.546400 0.450900
vt 0.544400 0.544200
vt 0.570400 0.451200
vt 0.576700 0.451900
vt 0.575400 0.545700
vt 0.600300 0.454600
vt 0.601700 0.547200
vt 0.605800 0.455700
vt 0.623200 0.545800
vt 0.628700 0.545300
vt 0.502100 0.539200
vt 0.458000 0.530400
vt 0.436900 0.527800
vt 0.461800 0.457800
vt 0.440000 0.456800
vt 0.429900 0.453400
vt 0.417400 0.452400
vt 0.408100 0.452500
vt 0.404700 0.530400
vt 0.398100 0.453200
vt 0.388100 0.455400
vt 0.384000 0.525500
vt 0.361800 0.508100
vt 0.367400 0.466900
vt 0.378500 0.458500
vt 0.378200 0.524600
vt 0.383200 0.456700
vt 0.402900 0.452800
vt 0.399600 0.530000
vt 0.418800 0.529800
vt 0.423500 0.452100
vt 0.562900 0.544100
vt 0.591800 0.545200
vt 0.619400 0.545500
vt 0.672300 0.505800
vt 0.664500 0.529600
vt 0.643900 0.465900
vt 0.507100 0.455000
vt 0.568400 0.545600
vt 0.596600 0.546000
vt 0.630700 0.459900
vt 0.636900 0.462800
vt 0.482800 0.457900
vt 0.423100 0.530700
vt 0.414800 0.529900
vt 0.394200 0.529100
vt 0.359700 0.487000
vt 0.372000 0.521100
vt 0.602600 0.646700
vt 0.577100 0.656800
vt 0.584000 0.674700
vt 0.609100 0.665600
vt 0.734600 0.811200
vt 0.726200 0.834900
vt 0.547800 0.663800
vt 0.553600 0.682000
vt 0.717200 0.866000
vt 0.517100 0.666500
vt 0.521300 0.686700
vt 0.713800 0.898300
vt 0.736300 0.929400
vt 0.491900 0.688700
vt 0.711700 0.927300
vt 0.708300 0.952700
vt 0.731300 0.956500
vt 0.464000 0.691100
vt 0.704400 0.991800
vt 0.727000 0.994300
vt 0.425600 0.695000
vt 0.683400 0.923400
vt 0.679900 0.948300
vt 0.690300 0.992000
vt 0.652800 0.918200
vt 0.649200 0.942900
vt 0.617800 0.919500
vt 0.617700 0.943000
vt 0.617500 0.963600
vt 0.579100 0.926500
vt 0.581600 0.951600
vt 0.583100 0.968000
vt 0.551300 0.932600
vt 0.552400 0.957900
vt 0.567900 0.966300
vt 0.520700 0.939700
vt 0.515100 0.960700
vt 0.522600 0.969500
vt 0.535900 0.970300
vt 0.494400 0.938600
vt 0.486700 0.955700
vt 0.508700 0.983000
vt 0.478900 0.930400
vt 0.465900 0.944600
vt 0.447800 0.963300
vt 0.472600 0.980300
vt 0.501800 0.989200
vt 0.467900 0.916800
vt 0.451500 0.925700
vt 0.428300 0.938500
vt 0.463300 0.895200
vt 0.445100 0.899900
vt 0.418700 0.914800
vt 0.469600 0.870500
vt 0.447400 0.872700
vt 0.419600 0.888200
vt 0.421100 0.893800
vt 0.416600 0.899100
vt 0.477700 0.845800
vt 0.455200 0.844000
vt 0.439600 0.854500
vt 0.437600 0.862000
vt 0.423000 0.872200
vt 0.488700 0.818800
vt 0.463300 0.813400
vt 0.444200 0.825800
vt 0.426800 0.846400
vt 0.425900 0.853100
vt 0.429700 0.833100
vt 0.431900 0.824000
vt 0.496500 0.783800
vt 0.468300 0.784300
vt 0.441200 0.807200
vt 0.497500 0.748500
vt 0.469300 0.753600
vt 0.495800 0.713600
vt 0.467400 0.717500
vt 0.431800 0.732500
vt 0.432400 0.747800
vt 0.431600 0.715400
vt 0.527600 0.709200
vt 0.559600 0.703700
vt 0.589500 0.695200
vt 0.615200 0.686700
vt 0.537100 0.744600
vt 0.567100 0.738000
vt 0.600900 0.728300
vt 0.622600 0.720000
vt 0.543500 0.782500
vt 0.578000 0.775000
vt 0.611700 0.762400
vt 0.633600 0.749000
vt 0.526700 0.805400
vt 0.521700 0.827000
vt 0.562600 0.797000
vt 0.546600 0.812600
vt 0.591000 0.799200
vt 0.619500 0.778400
vt 0.641100 0.762600
vt 0.688700 0.892900
vt 0.694100 0.859400
vt 0.703100 0.828700
vt 0.713500 0.805000
vt 0.657800 0.887200
vt 0.666500 0.851600
vt 0.678200 0.819600
vt 0.689800 0.797600
vt 0.623600 0.879800
vt 0.636900 0.844500
vt 0.653400 0.811300
vt 0.670400 0.786700
vt 0.599200 0.891700
vt 0.576200 0.899300
vt 0.547300 0.909500
vt 0.522600 0.922800
vt 0.504600 0.922100
vt 0.493600 0.914100
vt 0.483500 0.904300
vt 0.479000 0.890100
vt 0.486500 0.871800
vt 0.502400 0.849400
vt 0.654000 0.776700
vt 0.633100 0.795700
vt 0.619600 0.831600
vt 0.611900 0.819100
vt 0.597200 0.861600
vt 0.566300 0.820300
vt 0.588500 0.840000
vt 0.545400 0.841700
vt 0.564600 0.860800
vt 0.524800 0.861500
vt 0.542500 0.881700
vt 0.501700 0.884500
vt 0.511100 0.894400
vt 0.520800 0.904400
vt 0.571000 0.880900
vt 0.431000 0.765100
vt 0.640900 0.984400
vt 0.651400 0.986000
vt 0.415900 0.875000
vt 0.415900 0.887400
vt 0.418200 0.865700
vt 0.419800 0.853900
vt 0.422400 0.832800
vt 0.421300 0.845000
vt 0.426900 0.809000
vt 0.425300 0.823600
vt 0.429200 0.751000
vt 0.427800 0.735700
vt 0.428700 0.746000
vt 0.426400 0.718700
vt 0.426800 0.729600
vt 0.424900 0.712000
vt 0.762100 0.818500
vt 0.751600 0.843500
vt 0.742600 0.871700
vt 0.739200 0.901600
vt 0.489100 0.667500
vt 0.461600 0.669700
vt 0.423700 0.672800
vt 0.670700 0.984200
vt 0.687300 0.987600
vt 0.655400 0.980500
vt 0.636000 0.962000
vt 0.557000 0.983100
vt 0.570700 0.982200
vt 0.550800 0.984500
vt 0.536700 0.984200
vt 0.516200 0.983600
vt 0.422800 0.866900
vt 0.453100 0.768700
vt 0.598300 0.976500
vt 0.578200 0.981700
vt 0.516800 0.991100
vt 0.529000 0.991900
vt 0.530900 0.984900
vt 0.537200 0.990400
vt 0.549700 0.990400
vt 0.557800 0.989500
vt 0.569400 0.988900
vt 0.579100 0.987600
vt 0.595600 0.985600
vt 0.657500 0.986600
vt 0.666800 0.987800
vt 0.673000 0.988800
vt 0.683300 0.990700
vt 0.631300 0.561700
vt 0.650300 0.567900
vt 0.610800 0.558700
vt 0.572300 0.560000
vt 0.465200 0.541100
vt 0.489000 0.543500
vt 0.458800 0.541100
vt 0.435200 0.541000
vt 0.404500 0.542800
vt 0.428400 0.632300
vt 0.567800 0.632500
vt 0.380100 0.603100
vt 0.378700 0.569500
vt 0.527500 0.552100
vt 0.497100 0.544500
vt 0.412000 0.544500
vt 0.423400 0.543400
vt 0.429600 0.541500
vt 0.441200 0.543000
vt 0.453400 0.541900
vt 0.471400 0.543000
vt 0.482900 0.544600
vt 0.502500 0.546500
vt 0.518700 0.552000
vt 0.616900 0.559700
vt 0.626100 0.560900
vt 0.636000 0.562700
vt 0.645700 0.566000
vt 0.664800 0.579700
vt 0.670300 0.600500
vt 0.665800 0.621300
vt 0.654800 0.570200
vt 0.551300 0.557700
vt 0.398000 0.545100
vt 0.357900 0.583700
vt 0.368400 0.561800
vt 0.390800 0.547300
vt 0.362900 0.608200
vt 0.379300 0.621300
vt 0.402100 0.628900
vt 0.396600 0.627900
vt 0.391200 0.626900
vt 0.423200 0.632900
vt 0.456400 0.635000
vt 0.449400 0.634400
vt 0.480400 0.636400
vt 0.490200 0.635700
vt 0.522900 0.636300
vt 0.625800 0.638800
vt 0.606700 0.636400
vt 0.647700 0.635900
vt 0.589000 0.632300
vt 0.594100 0.561500
vt 0.604400 0.559300
vt 0.416900 0.631200
vt 0.405900 0.629200
vt 0.433200 0.632000
vt 0.444400 0.632700
vt 0.474300 0.634000
vt 0.462100 0.634100
vt 0.510800 0.631500
vt 0.496200 0.634100
vt 0.602400 0.636900
vt 0.620700 0.638700
vt 0.610700 0.637000
vt 0.641800 0.636100
vt 0.631200 0.638500
vt 0.654200 0.633100
vt 0.885900 0.992500
vt 0.888100 0.973500
vt 0.886700 0.979000
vt 0.888600 0.997300
vt 0.890000 0.973300
vt 0.890800 0.997300
vt 0.834100 0.971100
vt 0.834300 0.996900
vt 0.830500 0.977000
vt 0.830600 0.991100
vt 0.832700 0.977000
vt 0.832800 0.991000
vt 0.915800 0.973600
vt 0.917300 0.979100
vt 0.915900 0.997400
vt 0.918300 0.992500
vt 0.913700 0.973500
vt 0.913800 0.997500
vt 0.801500 0.933900
vt 0.801400 0.968700
vt 0.804000 0.968700
vt 0.804100 0.933900
vt 0.798900 0.933900
vt 0.798700 0.968700
vt 0.796300 0.933900
vt 0.796100 0.968700
vt 0.806800 0.933900
vt 0.793500 0.968700
vt 0.795000 0.929900
vt 0.803200 0.971200
vt 0.792800 0.931400
vt 0.797100 0.931400
vt 0.805300 0.972700
vt 0.807400 0.971200
vt 0.793600 0.933900
vt 0.806600 0.968700
vt 0.803900 0.996900
vt 0.806300 0.996700
vt 0.808600 0.993100
vt 0.801200 0.993600
vt 0.800800 0.986700
vt 0.803100 0.983100
vt 0.805500 0.982900
vt 0.808200 0.986200
vt 0.800500 0.990200
vt 0.808800 0.989700
vt 0.876800 0.994200
vt 0.879600 0.997400
vt 0.884100 0.993500
vt 0.882000 0.997200
vt 0.878200 0.983700
vt 0.880700 0.983400
vt 0.876100 0.987400
vt 0.876000 0.990800
vt 0.883400 0.986600
vt 0.884300 0.990000
vt 0.038100 0.448000
vt 0.038400 0.474500
vt 0.038700 0.487300
vt 0.038800 0.495300
vt 0.067500 0.475600
vt 0.066100 0.448100
vt 0.051300 0.495300
vt 0.061200 0.487400
vt 0.009400 0.473400
vt 0.016300 0.487200
vt 0.026300 0.495300
vt 0.039000 0.497000
vt 0.010100 0.447800
vt 0.805400 0.499000
vt 0.803900 0.527000
vt 0.803900 0.529700
vt 0.788800 0.467000
vt 0.798800 0.474700
vt 0.747300 0.500900
vt 0.753900 0.475400
vt 0.763800 0.467100
vt 0.776500 0.465300
vt 0.747800 0.529700
vt 0.747800 0.526900
vt 0.775800 0.529700
vt 0.839200 0.994900
vt 0.838500 0.965400
vt 0.846500 0.963700
vt 0.836300 0.965400
vt 0.837000 0.994900
vt 0.847300 0.996200
vt 0.844300 0.963700
vt 0.845100 0.996200
vt 0.789000 0.971200
vt 0.789500 0.996900
vt 0.790900 0.991000
vt 0.792900 0.976900
vt 0.793200 0.991000
vt 0.790600 0.977000
vt 0.780200 0.978300
vt 0.778400 0.972900
vt 0.779200 0.996700
vt 0.781500 0.991700
vt 0.776400 0.972900
vt 0.777200 0.996900
vt 0.901000 0.995400
vt 0.892700 0.964500
vt 0.903000 0.965900
vt 0.892900 0.996900
vt 0.903200 0.995400
vt 0.894900 0.964400
vt 0.900800 0.965900
vt 0.895200 0.996900
vt 0.783800 0.996900
vt 0.783200 0.971100
vt 0.787400 0.991000
vt 0.787000 0.976900
vt 0.785100 0.991000
vt 0.784800 0.977000
vt 0.784900 0.930400
vt 0.787600 0.930400
vt 0.787700 0.965100
vt 0.785100 0.965200
vt 0.782300 0.930400
vt 0.782500 0.965200
vt 0.779700 0.930400
vt 0.779900 0.965200
vt 0.790200 0.930400
vt 0.777200 0.965200
vt 0.778400 0.926400
vt 0.776300 0.927900
vt 0.786900 0.967600
vt 0.780500 0.927900
vt 0.789100 0.969200
vt 0.791200 0.967600
vt 0.777100 0.930400
vt 0.790400 0.965100
vt 0.821100 0.993500
vt 0.823700 0.996900
vt 0.828400 0.993300
vt 0.826100 0.996800
vt 0.825600 0.983000
vt 0.823200 0.983100
vt 0.820800 0.986600
vt 0.820500 0.990100
vt 0.828800 0.989800
vt 0.828200 0.986400
vt 0.366000 0.406800
vt 0.367000 0.416800
vt 0.366000 0.406900
vt 0.369200 0.247000
vt 0.354400 0.247100
vt 0.354500 0.231500
vt 0.369800 0.231300
vt 0.368900 0.278500
vt 0.354900 0.279300
vt 0.354300 0.262700
vt 0.356100 0.318600
vt 0.355100 0.295800
vt 0.368900 0.294300
vt 0.370000 0.318300
vt 0.370300 0.333000
vt 0.356400 0.332800
vt 0.353700 0.365000
vt 0.355300 0.347200
vt 0.369200 0.347900
vt 0.367500 0.366400
vt 0.351700 0.385100
vt 0.366700 0.387100
vt 0.352800 0.414600
vt 0.351400 0.399900
vt 0.368500 0.439600
vt 0.355400 0.437400
vt 0.378000 0.247500
vt 0.382500 0.260600
vt 0.388200 0.235200
vt 0.396200 0.243100
vt 0.379900 0.408100
vt 0.374500 0.421100
vt 0.391000 0.429800
vt 0.382700 0.435500
vt 0.353900 0.230800
vt 0.352800 0.247000
vt 0.370800 0.246900
vt 0.370500 0.230600
vt 0.352700 0.262700
vt 0.353300 0.279300
vt 0.370300 0.279000
vt 0.370400 0.294300
vt 0.353500 0.295800
vt 0.354500 0.318600
vt 0.371500 0.318300
vt 0.354900 0.332700
vt 0.371900 0.333000
vt 0.370700 0.348000
vt 0.353800 0.347100
vt 0.352200 0.364900
vt 0.369000 0.366400
vt 0.350100 0.385100
vt 0.368200 0.386700
vt 0.351200 0.414800
vt 0.368600 0.416800
vt 0.349800 0.400000
vt 0.354600 0.438200
vt 0.369100 0.440300
vt 0.383900 0.261500
vt 0.376800 0.246400
vt 0.397300 0.242900
vt 0.388200 0.234200
vt 0.381400 0.407300
vt 0.373200 0.422000
vt 0.382500 0.436500
vt 0.392000 0.430100
vt 0.368100 0.260200
vt 0.366000 0.406800
vt 0.367000 0.416800
vt 0.368200 0.260100
vt 0.366000 0.406900
vt 0.366000 0.406900
vt 0.038300 0.544600
vt 0.038300 0.518000
vt 0.038500 0.557400
vt 0.038500 0.565400
vt 0.067400 0.546000
vt 0.066300 0.518500
vt 0.051000 0.565500
vt 0.061000 0.557800
vt 0.009300 0.543200
vt 0.016000 0.557100
vt 0.026000 0.565300
vt 0.038700 0.567100
vt 0.010300 0.517600
vt 0.741900 0.528600
vt 0.741900 0.525800
vt 0.743400 0.497800
vt 0.736700 0.473600
vt 0.726700 0.465900
vt 0.691800 0.474400
vt 0.685200 0.499900
vt 0.714400 0.464300
vt 0.701700 0.466100
vt 0.685900 0.528700
vt 0.685900 0.526000
vt 0.713900 0.528700
vt 0.320700 0.241400
vt 0.321700 0.225800
vt 0.306400 0.225600
vt 0.305900 0.241100
vt 0.319700 0.272900
vt 0.305500 0.256800
vt 0.305600 0.273400
vt 0.305900 0.312700
vt 0.319800 0.312700
vt 0.319200 0.288700
vt 0.305400 0.289900
vt 0.319700 0.327400
vt 0.305900 0.326900
vt 0.302400 0.359000
vt 0.316100 0.360700
vt 0.318300 0.342300
vt 0.304400 0.341200
vt 0.299900 0.379000
vt 0.314800 0.381400
vt 0.299200 0.393800
vt 0.300200 0.408600
vt 0.302300 0.431500
vt 0.315300 0.433900
vt 0.333700 0.255400
vt 0.329600 0.242100
vt 0.347800 0.238200
vt 0.340000 0.230100
vt 0.321800 0.415600
vt 0.327500 0.402700
vt 0.338100 0.424700
vt 0.329600 0.430200
vt 0.305800 0.224800
vt 0.322400 0.225000
vt 0.322300 0.241400
vt 0.304300 0.241000
vt 0.303900 0.256800
vt 0.321000 0.273500
vt 0.304000 0.273300
vt 0.320800 0.288800
vt 0.321300 0.312700
vt 0.304300 0.312600
vt 0.303800 0.289900
vt 0.321300 0.327500
vt 0.304400 0.326800
vt 0.319800 0.342400
vt 0.317600 0.360800
vt 0.300800 0.358900
vt 0.302900 0.341100
vt 0.316300 0.381100
vt 0.298300 0.379000
vt 0.298600 0.408700
vt 0.297600 0.393900
vt 0.315900 0.411200
vt 0.301500 0.432200
vt 0.315900 0.434600
vt 0.335100 0.256300
vt 0.348900 0.238100
vt 0.340000 0.229100
vt 0.329000 0.402000
vt 0.320400 0.416500
vt 0.339100 0.425000
vt 0.329400 0.431200
vt 0.319300 0.254600
vt 0.313600 0.401100
vt 0.314300 0.411200
vt 0.319400 0.254500
vt 0.313600 0.401200
vt 0.313600 0.401200
vt 0.328300 0.241000
vt 0.368100 0.260200
vt 0.368200 0.260100
vt 0.376800 0.246400
vn -1.009673 -1.104429 0.996582
vn -1.003448 -1.076944 0.997985
vn -0.997712 -1.025068 0.999633
vn -0.957252 -1.043391 0.998779
vn -0.998688 -0.985448 0.999938
vn -0.935893 -0.973253 0.998901
vn -1.001678 -0.986965 0.999999
vn -0.951088 -0.986965 0.999389
vn -0.968542 -0.930539 0.998901
vn -1.021634 -1.026585 0.999511
vn -1.070210 -0.932055 0.997924
vn -1.029445 -1.015906 0.999572
vn -1.023464 -0.805369 0.991456
vn -1.126659 -0.787107 0.985719
vn -1.067647 -0.706168 0.978763
vn -1.014250 -0.674193 0.975040
vn -1.038660 -0.985448 0.999572
vn -0.998688 -0.904570 0.998230
vn -1.071675 -1.015906 0.998474
vn -0.998932 -1.113590 0.996032
vn -1.078632 -0.979320 0.998413
vn -1.064229 -0.986965 0.998901
vn -1.046288 -0.989999 0.999450
vn -0.949929 -0.915249 0.997985
vn -0.873891 -0.767206 0.983706
vn -0.921308 -0.669582 0.972843
vn -0.934672 -0.915249 0.997558
vn -0.833858 -0.875569 0.989869
vn -1.009856 -0.765689 0.987489
vn -1.142220 -0.918343 0.993652
vn -1.384735 0.414834 0.371989
vn -1.142220 0.570461 0.244691
vn -1.030849 0.537819 0.291986
vn -0.946939 0.534361 0.295403
vn -0.608796 0.418171 0.366924
vn 0.139071 0.274375 0.052767
vn 0.235858 -1.116624 0.567392
vn 0.309638 -0.843533 0.504841
vn 0.284678 -0.811497 0.522783
vn 0.323124 -1.014389 0.499776
vn 0.174222 -1.023551 0.618836
vn 0.420582 -0.951896 0.407628
vn 0.424427 -1.061715 0.402319
vn 0.235980 -1.202052 0.557994
vn 0.248612 -1.061654 0.560862
vn -2.193812 -0.872535 0.600163
vn -2.399712 -1.087622 0.424776
vn -2.238482 -0.939700 0.569345
vn -2.154755 -1.040297 0.631896
vn -1.780181 0.271948 0.342392
vn -2.178128 -1.092233 0.612551
vn -2.297738 -1.260056 0.497030
vn -2.338137 -1.119658 0.480309
vn -2.313056 -0.991576 0.508259
vn -2.180264 -0.742876 0.595524
vn 0.190882 -1.417200 0.548718
vn -1.829855 -2.175739 0.378763
vn -0.921125 -2.204438 0.585944
vn -0.997712 -2.175861 0.609316
vn -1.038111 -2.294417 0.514178
vn -0.199376 -2.324875 0.254333
vn -1.316326 0.442926 0.360395
vn -0.582555 0.424420 0.352583
vn -2.345216 -1.333289 0.438934
vn -1.316326 0.442926 0.360395
vn -0.582555 0.424420 0.352583
vn -1.090410 0.921457 -1.586551
vn -1.175113 0.937718 -1.509049
vn -1.179141 0.924066 -1.556710
vn -1.075397 0.877894 -1.714765
vn -0.796755 0.934017 -1.512650
vn -0.771551 0.970421 -1.332565
vn -1.054038 0.925826 -1.576665
vn -1.094437 0.119294 -2.662486
vn -0.985934 0.018333 -2.728027
vn -1.114454 0.304954 -2.521152
vn -0.997346 0.263150 -2.559963
vn -1.613764 0.180513 -2.502112
vn -1.268543 -0.170422 -2.805162
vn -1.201476 -0.411599 -2.904328
vn -1.689558 -0.100344 -2.653881
vn -1.290939 -0.258884 -2.839275
vn -2.005548 0.079795 -2.359008
vn -1.382050 0.564637 -2.200708
vn -0.822080 0.510516 -2.312018
vn -0.852288 -0.396370 -2.904634
vn -1.198425 0.198655 -2.597250
vn -0.499561 -0.051684 -2.694768
vn -0.665245 0.240883 -2.541717
vn -0.753549 -0.237951 -2.837445
vn -0.595920 -0.069886 -2.730102
vn -0.365121 -0.100405 -2.675911
vn -0.471367 -0.295834 -2.800342
vn -0.353038 -0.216291 -2.727905
vn -1.778472 0.100788 -2.485574
vn -1.279100 0.191070 -2.590781
vn -1.038050 0.122267 -2.662791
vn -1.670579 0.074031 -2.555997
vn -2.075666 0.033501 -2.340822
vn -1.830832 -0.021347 -2.540740
vn -1.998591 0.046000 -2.390008
vn -1.388519 -0.094216 -2.746212
vn -0.821104 -0.140024 -2.802294
vn -0.276817 -0.097492 -2.638198
vn -0.085441 -0.112357 -2.548125
vn -0.317155 0.052371 -2.565517
vn -0.492421 0.119415 -2.585960
vn -0.254970 -0.191840 -2.676521
vn -0.379157 -0.145971 -2.704471
vn -0.443539 -0.020741 -2.659617
vn -0.206577 -0.103317 -2.608601
vn 0.501563 -1.612629 -2.164765
vn -0.017093 -1.481271 -2.670785
vn -0.096792 -1.170017 -2.775321
vn 0.303047 -1.698057 -2.341372
vn -0.175088 -0.875569 -2.818649
vn 0.215475 -1.507240 -2.501441
vn -0.237944 -0.553635 -2.797412
vn -0.095877 -0.784012 -2.772392
vn 0.146639 0.522165 -1.635555
vn 0.987753 -1.011356 -1.222781
vn 0.945951 -0.968642 -1.462731
vn 0.873147 -0.944251 -1.700302
vn 0.919221 -1.116624 -1.548960
vn 0.995625 -1.101334 -1.077785
vn 0.901463 -1.462948 -1.400547
vn 0.891455 -1.130336 -1.635188
vn 0.973290 -1.005228 -1.327317
vn 0.392693 -1.148660 -2.426745
vn 0.092021 -0.707746 -2.652112
vn 0.958522 -1.228020 -1.328842
vn 0.982444 -1.220376 -0.868041
vn 0.659192 -1.096784 -2.111917
vn 0.977318 -0.964091 -0.698697
vn 0.680062 -1.272251 -2.047840
vn 0.995137 -0.921377 -1.127032
vn 0.395378 -1.565243 -2.311896
vn 0.293588 -1.519496 -2.430224
vn -0.897874 -0.491142 -2.934536
vn -0.977329 -0.597927 -2.961387
vn -0.023378 -1.321093 -2.713564
vn 0.285411 -1.284447 -2.503698
vn 0.966333 -0.649742 -1.141495
vn -0.336195 0.360228 -2.319402
vn 0.673533 -0.103620 -1.646112
vn -0.746653 0.268672 -2.534821
vn 0.727479 -0.530822 -1.898573
vn -0.856682 -0.115634 -2.793812
vn -1.008025 -0.335575 -2.890415
vn 0.997456 -0.881697 -0.999612
vn 0.998249 -1.031196 -1.079738
vn 0.846479 -0.951896 -1.768284
vn 0.446396 -0.771817 -2.364500
vn 0.291757 -1.125786 -2.520968
vn 0.693061 -1.189857 -2.046010
vn -2.345216 -1.333289 0.438934
vn -2.875649 -1.678096 -1.071316
vn -2.915804 -1.516462 -1.222781
vn -2.983909 -1.231054 -1.062956
vn -2.959621 -1.327161 -0.790662
vn -2.979820 -1.108979 -0.745991
vn -2.935088 -1.353129 -0.651768
vn -2.992452 -1.075427 -0.854311
vn -2.933502 -1.081494 -0.498412
vn -2.334292 0.433279 -1.444302
vn -2.993795 -0.871018 -0.902032
vn -2.975731 -0.951896 -0.693754
vn -2.716983 -0.907604 -2.021905
vn -2.480571 -0.718424 -2.316839
vn -2.876199 -0.773394 -1.657646
vn -2.997639 -1.028101 -1.080470
vn -1.984860 -0.832854 -2.733580
vn -2.529818 -0.730620 -2.261795
vn -2.771723 -1.751329 -1.527174
vn -2.962733 -1.208180 -1.313159
vn -2.313483 -0.011882 -2.149020
vn -2.983482 -0.777945 -1.142288
vn -2.943083 -1.092173 -1.460840
vn -2.411123 -1.289058 -2.384760
vn -2.999653 -1.003711 -1.003029
vn -2.991659 -1.031135 -1.173960
vn -2.995687 -0.863373 -0.985942
vn -2.384943 -0.118546 -2.150790
vn -2.912021 -0.826726 -1.562752
vn -2.908176 -1.015906 -1.597353
vn -2.874307 -0.787046 -1.667227
vn -1.892224 -0.243958 -2.627579
vn -2.669505 -1.351612 -2.039114
vn -2.719058 -0.887764 -2.016656
vn -2.802541 -1.079977 -1.860981
vn -2.812488 -0.823693 -1.828577
vn -0.070612 -1.249377 -2.751827
vn -0.116259 -1.504206 -2.718629
vn 0.001642 -1.618636 -2.612506
vn -0.473625 -1.360774 -2.893344
vn -1.016080 -0.575053 -2.956749
vn -0.486745 -1.369875 -2.895113
vn -0.549907 -1.305864 -2.922758
vn -0.549662 -1.368419 -2.911346
vn -1.647206 -0.457468 -2.816269
vn -2.576747 -0.997643 -2.229939
vn -2.634355 -1.058620 -2.150180
vn -1.467913 -0.597866 -2.904817
vn -2.524753 -0.982414 -2.293894
vn -2.401970 -1.125786 -2.419484
vn -1.136057 -1.340873 -2.964011
vn -0.955116 -1.224926 -2.985492
vn -0.824888 -1.151693 -2.985675
vn -2.348206 -1.327161 -2.437608
vn -2.534639 -1.356163 -2.228292
vn -2.607687 -1.548497 -2.049122
vn -2.373349 -1.600252 -2.318670
vn -2.132664 -1.267701 -2.624345
vn -2.322758 -1.553109 -2.389520
vn -2.287486 -1.160855 -2.520480
vn -2.508825 -1.510273 -2.204248
vn -1.014250 -1.119658 -2.995683
vn -1.342933 -1.258539 -2.951745
vn -1.719887 -1.025068 -2.865455
vn -2.102273 -1.235605 -2.650220
vn -1.887708 -1.282930 -2.767693
vn -1.576416 -1.151693 -2.908112
vn -1.498426 -1.255445 -2.918364
vn -0.807739 -0.498665 -2.929593
vn -1.052269 -0.970219 -2.999283
vn -0.761909 -0.501760 -2.925260
vn -1.718423 -1.276802 -2.843974
vn -1.648122 -1.357740 -2.855630
vn -1.673386 -1.478238 -2.818344
vn -1.450399 -0.793174 -2.938746
vn -2.320379 -0.828304 -2.493324
vn -2.060288 -1.388198 -2.647840
vn -1.457783 -1.102851 -2.943506
vn -1.680953 -1.690352 -2.744503
vn -0.442929 -1.073910 -2.919096
vn -0.686482 -1.481332 -2.912872
vn -1.124218 -1.642966 -2.885777
vn -1.007659 -1.736221 -2.854959
vn -0.622100 -1.455364 -2.907746
vn -0.790896 -1.832206 -2.801257
vn -1.000824 -1.934381 -2.762201
vn -1.360264 -1.626342 -2.860940
vn -1.165898 -1.746900 -2.843120
vn -1.409878 -1.063231 -2.956078
vn -1.306562 -1.397421 -2.933559
vn -1.344947 -1.640054 -2.859109
vn -1.464496 -2.258073 -2.473735
vn -2.288828 -2.218271 -1.908642
vn 0.614582 -1.157821 -2.168548
vn -0.277794 -0.552118 -2.813462
vn -0.381171 -0.826787 -2.895113
vn -0.082085 -1.234088 -2.760065
vn -0.137069 -1.278319 -2.780996
vn -0.330703 -1.357740 -2.848307
vn -0.473075 -1.638476 -2.816635
vn -0.313250 -1.557598 -2.790211
vn 0.561246 -1.226504 -2.227560
vn 0.763789 -0.901537 -1.939521
vn 0.624041 -1.347062 -2.111246
vn 0.016166 -1.746839 -2.546904
vn 0.933868 -1.255506 -1.436063
vn 0.643874 -1.730093 -1.865253
vn 0.627642 -2.151045 -1.012183
vn -2.383174 -2.422498 -1.172008
vn -1.283982 -2.967042 -1.066007
vn -0.361582 -2.859529 -1.303334
vn -2.067001 -2.341924 -2.014338
vn -2.272657 -2.247334 -1.891494
vn -1.437645 -2.591777 -2.112466
vn -0.117907 -2.442278 -2.053028
vn -0.603121 -2.284041 -2.471111
vn -0.757454 -2.326877 -2.466290
vn -0.843744 -2.439305 -2.367734
vn -0.881519 -2.464302 -2.344606
vn -1.049827 -2.382818 -2.432909
vn -1.446188 -2.692859 -1.946417
vn -1.055076 -2.653421 -2.106791
vn -0.895006 -2.668347 -2.080306
vn -1.086809 -2.628970 -2.140721
vn -0.941385 -2.967224 -1.284904
vn -0.884143 -2.732054 -1.972902
vn -1.019864 -2.969590 -1.273615
vn -0.953712 -2.621629 -2.153536
vn -0.897264 -2.968377 -1.263728
vn -0.761238 -2.710151 -1.989439
vn -0.789310 -2.636433 -2.113564
vn -0.985873 -2.712578 -2.013484
vn -1.028652 -2.987792 -1.044648
vn -1.034083 -2.770157 -1.908032
vn -1.384735 0.414834 0.371989
vn -1.142220 0.570461 0.244691
vn -1.030849 0.537819 0.291986
vn -0.946939 0.534361 0.295403
vn -0.608796 0.418171 0.366924
vn 0.139071 0.274375 0.052767
vn 0.235858 -1.116624 0.567392
vn 0.309638 -0.843533 0.504841
vn 0.284678 -0.811497 0.522783
vn 0.323124 -1.014389 0.499776
vn 0.174222 -1.023551 0.618836
vn 0.420582 -0.951896 0.407628
vn 0.424427 -1.061715 0.402319
vn 0.235980 -1.202052 0.557994
vn 0.248612 -1.061654 0.560862
vn -2.193812 -0.872535 0.600163
vn -2.399712 -1.087622 0.424776
vn -2.238482 -0.939700 0.569345
vn -2.154755 -1.040297 0.631896
vn -1.780181 0.271948 0.342392
vn -2.178128 -1.092233 0.612551
vn -2.297738 -1.260056 0.497030
vn -2.338137 -1.119658 0.480309
vn -2.313056 -0.991576 0.508259
vn -2.180264 -0.742876 0.595524
vn 0.190882 -1.417200 0.548718
vn -1.829855 -2.175739 0.378763
vn -0.921125 -2.204438 0.585944
vn -0.997712 -2.175861 0.609316
vn -1.038111 -2.294417 0.514178
vn -0.199376 -2.324875 0.254333
vn -2.881020 -0.921013 -1.675343
vn -2.876199 -1.275406 -1.629574
vn -2.402763 -0.614309 0.375224
vn -2.431018 -0.455830 0.291314
vn -0.684102 -0.645495 0.944893
vn -0.758004 -0.724370 0.967656
vn 0.761532 -1.261512 -0.092534
vn -2.992513 -0.821994 -0.970136
vn -2.959377 -0.670674 -0.757830
vn -2.226033 -0.562312 -2.521335
vn -2.113929 -0.671524 -2.630325
vn -2.935882 -0.957478 -0.499999
vn -2.900060 -0.840317 -0.394608
vn -2.549346 -0.768541 -2.245013
vn -2.532381 -0.891950 -2.281200
vn -2.738586 -0.975134 -1.987975
vn -2.707463 -1.110981 -2.033744
vn -2.840682 -0.917554 -0.221846
vn -2.777154 -0.764475 -0.111025
vn -2.887610 -1.044119 -1.657707
vn -2.878030 -1.195560 -1.654900
vn -2.618976 -0.843169 0.164748
vn -2.601706 -0.649560 0.148332
vn -0.294515 -0.917979 -2.870276
vn -0.077081 -0.898867 -2.772270
vn -0.715469 -0.988239 -2.979755
vn -0.645350 -0.967792 -2.968283
vn -1.039697 -1.300586 -2.975117
vn -0.935100 -1.257690 -2.980793
vn -1.386566 -1.493891 -2.896029
vn -1.358433 -1.520770 -2.894198
vn -0.799379 -0.671888 0.964544
vn -0.759102 -0.717211 0.966801
vn -1.096756 -0.879391 0.994629
vn -1.240898 -0.846385 0.980288
vn -1.393828 -1.154848 0.953681
vn -1.495924 -1.131125 0.932139
vn -1.868912 -1.186763 0.790256
vn -2.008111 -1.249984 0.707201
vn -1.798610 -1.185064 0.822904
vn -2.922822 -0.507038 -0.735800
vn -1.703777 -1.206360 0.859214
vn -2.874368 -0.379988 -0.660434
vn -2.152925 -0.442178 -2.540008
vn -2.122473 -0.317070 -2.512791
vn -0.361582 -1.024400 -2.895175
vn -0.313433 -1.061532 -2.877172
vn -0.793764 -1.016998 -2.989214
vn -2.482584 -0.518202 -2.256913
vn -2.856060 -0.544170 -0.402969
vn -2.732667 -0.267499 -0.309478
vn -2.347840 -0.297472 -2.305733
vn -1.515757 -1.113287 0.928173
vn -1.352636 -1.019364 0.968327
vn -1.342140 -1.515006 -2.898836
vn -2.809132 -0.737294 -1.814114
vn -2.555998 -0.277511 0.035436
vn -2.454024 -0.028325 -0.018694
vn -2.713749 -0.581242 -1.946661
vn -0.851006 -0.560673 0.948006
vn -0.742625 -0.509647 0.924694
vn -1.210325 -1.244463 -2.972371
vn -2.710576 -0.621772 -1.968752
vn -2.680490 -0.423915 -0.074715
vn -2.588097 -0.329629 -2.021173
vn -2.500343 -0.111326 -0.010821
vn -1.068074 -0.832854 0.992737
vn -0.963415 -0.762291 0.986818
vn -1.105178 -1.218313 -2.983966
vn -1.233758 -1.573009 -2.898287
vn -0.736034 -1.026949 -2.982196
vn -1.054404 -0.950257 0.998840
vn -0.687946 -0.415785 0.890703
vn 0.196863 -1.366417 0.557323
vn -0.330276 -1.793133 0.704210
vn 0.255996 -0.938912 0.555858
vn -0.635586 -0.328901 0.852623
vn 0.587914 -0.213925 -0.062204
vn -0.183021 0.219223 0.369060
vn -1.562625 -0.324896 -2.800769
vn -0.942850 0.064809 -2.699284
vn -2.131078 -0.802518 -2.638747
vn -2.127721 0.283233 -2.053699
vn -1.296371 0.618575 -2.153048
vn -2.722292 -0.245172 -1.692857
vn -2.318609 0.512215 -1.091210
vn -1.480240 0.931893 -1.285148
vn -0.929180 0.512033 0.320362
vn -1.588011 0.098119 0.572579
vn -2.113319 0.451663 -0.171867
vn -1.382478 0.854231 -0.323331
vn -2.769831 -0.062423 -0.905023
vn -1.883192 -0.314764 0.662957
vn -1.681258 0.026342 0.582892
vn -2.518772 -0.038215 -0.111574
vn 0.534334 -0.631601 0.232547
vn -0.466302 0.095024 0.594182
vn -2.406486 0.151390 -0.150569
vn -2.325871 -1.089321 -2.493690
vn -1.264881 -1.470289 -2.922880
vn -2.789299 -0.417969 -1.686938
vn -2.161590 -0.889705 -2.624894
vn -2.666637 0.116078 -0.966109
vn -2.633867 -0.196087 -1.837548
vn -1.855547 -0.246628 -2.648389
vn -0.911788 -0.998371 -2.998063
vn -0.461908 -0.979502 -2.926358
vn -2.092082 -0.120306 -2.432787
vn 0.560575 -0.522267 0.161026
vn -0.550273 0.125907 0.598759
vn -0.506212 -0.064668 0.703783
vn -0.413942 -0.345950 0.801057
vn 0.791556 -1.171655 -0.129454
vn 0.716312 -0.787471 0.007364
vn -1.935308 -0.208525 -2.586326
vn -0.925030 -1.009111 -2.998551
vn -1.577515 0.198412 0.502400
vn -1.620477 0.228627 0.460476
vn -2.337832 0.221468 -0.136777
vn -2.567532 0.253200 -0.998391
vn -2.409598 0.108069 -1.899854
vn -2.007135 -0.211680 -2.543303
vn -0.926434 -0.990302 -2.998673
vn -2.514256 0.062564 -1.775546
vn -2.587976 0.224683 -0.926381
vn -2.286448 0.299737 -0.172538
vn -2.059128 0.199747 0.210639
vn -2.070296 -0.210466 -2.499487
vn -0.848932 -0.976893 -2.994279
vn -2.075605 -0.113753 -2.441269
vn -0.696429 -0.914521 -2.975545
vn -2.158783 -1.886631 0.360029
vn -2.880409 -0.312094 -0.926443
vn -2.746581 -0.157680 -1.508073
vn -2.582666 -0.106351 -1.846152
vn -1.210081 -1.722327 -2.848551
vn -2.479716 -0.412873 -2.215843
vn -2.860942 -0.471241 -0.482240
vn -1.765596 -1.697026 0.706224
vn -2.867045 -1.117534 -1.704391
vn -2.713444 -0.266650 -1.736185
vn -2.803517 -0.251967 -1.451503
vn -2.657056 -0.184619 -1.779086
vn -2.764034 -0.532036 -1.823878
vn -1.577576 -1.931711 -2.666269
vn -2.991049 -1.031803 -1.180246
vn -2.872843 -0.327141 -1.232056
vn -2.668895 -0.396248 -0.071053
vn -1.435814 -1.541581 0.871785
vn -1.834249 -2.270633 -2.288218
vn -2.935699 -0.779401 -1.456080
vn -2.921052 -1.131853 -0.463628
vn -2.061874 -2.586074 -0.435007
vn -2.872598 -0.293043 -0.907403
vn -2.836227 -0.285277 -0.635780
vn -2.433581 -0.109809 0.082486
vn -0.876637 -0.616311 0.961187
vn -2.725100 -0.134989 -0.457464
vn -1.855791 -0.138447 0.595097
vn -1.715555 -0.003631 0.586676
vn -1.964356 0.124512 0.352950
vn -2.125097 -0.469663 0.569772
vn -1.994563 -0.957660 0.734723
vn -1.800014 0.049337 0.510700
vn -1.773407 -0.135595 0.635191
vn -1.550603 -0.560127 0.874226
vn -2.744750 -0.205309 -1.584293
vn -2.842696 -0.254637 -1.254392
vn -2.535066 0.050551 -1.750282
vn -2.603842 0.096905 -1.498614
vn -2.475444 0.361381 -0.994547
vn -2.590111 0.224137 -0.991861
vn -2.824205 -0.171271 -0.943102
vn -2.753171 -0.097310 -0.638038
vn -2.451644 0.120871 -0.187001
vn -2.362425 0.292274 -0.291171
vn -2.233295 0.369026 -0.202989
vn -1.945804 -2.705782 -1.394566
vn -2.048571 -2.688551 -0.902521
vn -0.824582 -0.989877 0.992310
vn -0.841242 -1.294579 0.970036
vn -1.045129 -1.477995 0.938608
vn -1.317241 -2.179319 0.575081
vn -2.468488 -2.215602 -0.419751
vn -2.833237 -0.796875 -1.775546
vn -2.366575 -0.110295 0.166274
vn -0.449459 -0.363849 0.818510
vn -2.418996 -0.142998 0.127157
vn -0.484365 -0.380837 0.834438
vn 0.787895 -1.262665 -0.146053
vn 0.791922 -1.192830 -0.134946
vn -2.886268 -1.064506 -1.659477
vn -2.285228 -1.232935 0.512408
vn -1.941349 -2.612709 -0.310821
vn 0.278515 -1.996753 0.161697
vn -1.013578 -1.140529 0.994141
vn -1.000275 -2.665738 0.089321
vn -2.174711 -1.611173 -2.493873
vn -0.477530 -1.937778 -2.681159
vn -1.135080 -2.831983 -1.763585
vn -2.860454 -1.683799 -1.232606
vn -1.651844 -2.871603 -0.831304
vn -2.172148 -0.852027 -2.614520
vn -2.998982 -0.970037 -1.049042
vn -2.133762 -2.028910 0.277156
vn -2.146883 -1.424784 0.579048
vn -2.483378 -1.664687 -2.158174
vn -0.845392 -1.844766 -2.800830
vn -1.252066 -2.819909 -1.762975
vn -2.845747 -1.746536 -0.868652
vn -1.517649 -2.895144 -0.689909
vn -2.538850 -1.052796 -2.275464
vn -2.964686 -1.147325 -0.663302
vn -1.640676 -2.064222 0.559398
vn -1.654590 -1.379097 0.848901
vn -2.656812 -1.756243 -1.815152
vn -0.944009 -1.907077 -2.775687
vn -1.161199 -2.926634 -1.466210
vn -0.904587 -1.338143 -2.966940
vn -2.704473 -1.301011 -1.997983
vn -2.784233 -1.634775 -0.369466
vn -1.317363 -2.782049 -0.174125
vn -2.858501 -1.157032 -0.281468
vn -1.336464 -1.605288 0.872396
vn -1.291733 -0.998250 0.978518
vn -2.795462 -1.855323 -1.153578
vn -1.637808 -2.375173 -2.292246
vn -1.526986 -2.917169 -0.954087
vn -1.517771 -1.787187 -2.758905
vn -2.904088 -1.331347 -1.505632
vn -1.350500 -2.673990 0.017738
vn -2.574489 -1.571614 0.086148
vn -2.650282 -0.982111 0.129292
vn -1.095414 -1.648366 0.885516
vn -0.857170 -0.966518 0.994751
vn -0.662071 -1.140529 -2.965476
vn -0.256374 -1.210425 -2.843425
vn 0.730347 -1.500323 -0.136899
vn -0.796694 -1.126150 -2.984942
vn -0.483938 -0.519719 -2.874670
vn -1.129832 -1.602376 -2.899019
vn -1.348608 -1.745261 -2.818100
vn -2.826219 -1.790160 -1.144668
vn -1.049461 -2.944593 -1.413606
vn -1.738683 -2.548881 0.009439
vn -0.311053 -2.004701 -2.578942
vn -2.794669 -1.870431 -0.987224
vn -2.416128 -2.351389 -1.368936
vn -2.273999 -2.190362 -1.965151
vn -1.765657 -2.753957 -1.544383
vn -1.705913 -2.834896 -1.303212
vn -2.140475 -2.552825 -1.501299
vn -2.068160 -2.679147 -0.996743
vn -0.500598 -1.605348 -2.835858
vn -0.498828 -1.649640 -2.819870
vn -2.390131 -1.924794 -2.090863
vn -2.348328 -1.855990 -2.195216
vn -0.540875 -1.967023 -2.682868
vn -2.180203 -2.158812 -2.112100
vn -0.415712 -2.638617 -1.967470
vn -1.699566 -2.796429 -1.491474
vn -2.372494 -2.054453 -1.989500
vn -2.015861 -2.617199 -1.560921
vn -1.119397 -2.964190 -0.713221
vn -2.315008 -1.925401 0.179760
vn -2.671397 -1.551956 -0.057811
vn -2.059067 -2.133207 0.251892
vn -2.113990 -2.641165 -0.836430
vn -2.577113 -1.485458 -2.124549
vn -2.493325 -1.814975 -2.042043
vn -2.736145 -1.333046 -0.069466
vn -2.824266 -1.060198 -0.184133
vn -2.454085 -1.909504 -2.017999
vn -1.974913 -2.592748 -1.689379
vn -1.020474 -2.982393 -0.845401
vn -2.092021 -2.393011 -0.086737
vn -2.572048 -1.697087 0.012612
vn -2.061874 -2.677266 -0.859925
vn -2.023855 -2.704569 -0.922171
vn -2.712040 -1.396814 -1.949285
vn -2.514195 -1.688774 -2.102641
vn -2.658094 -1.476539 0.005656
vn -2.707891 -1.202962 0.017800
vn -2.636674 -1.835968 -1.775851
vn -2.267591 -2.376569 -1.682422
vn -1.217159 -2.964373 -1.220279
vn -2.319890 -1.817827 0.252624
vn -2.012017 -2.359155 0.047031
vn -1.979002 -2.731508 -0.947374
vn -2.871073 -1.274072 -1.645197
vn -2.751646 -1.570643 -1.769200
vn -2.374081 -1.630407 0.303336
vn -2.496132 -1.344817 0.278133
vn -1.852496 -2.448952 0.067474
vn -2.112892 -1.874010 0.405858
vn -2.773310 -1.820982 -1.401340
vn -2.560636 -2.094498 -1.583195
vn -2.301888 -2.216269 -1.892653
vn -2.155915 -1.774324 0.430146
vn -2.073774 -1.620820 0.564097
vn -2.927216 -1.480847 -1.205327
vn -2.816882 -1.671907 -1.480185
vn -2.962184 -1.338689 -1.161023
vn -2.863078 -1.658074 -1.281487
vn -2.008782 -1.550075 0.632872
vn -2.020011 -1.804964 0.513995
vn -2.374996 -2.422923 -1.225283
vn -1.644277 -2.483900 0.161026
vn -2.926850 -1.129305 -1.515823
vn -2.880226 -1.376670 -1.559273
vn -2.459639 -1.209879 0.348861
vn -2.426624 -1.494255 0.306815
vn -2.431323 -2.268995 -1.557259
vn -2.137790 -2.372685 -0.112001
vn -2.802419 -1.166376 -1.847617
vn -2.812671 -1.225472 -1.810514
vn -2.668163 -0.958509 0.102319
vn -2.684151 -1.051582 0.076384
vn -2.617329 -1.991353 -1.614318
vn -2.492287 -1.876801 -0.008624
vn -2.558805 -1.434978 -2.170379
vn -2.860454 -1.013904 -0.267310
vn -2.456527 -1.866366 -2.052051
vn -2.768977 -1.442865 -0.185719
vn -2.020987 -2.619141 -1.545787
vn -2.237689 -2.276033 -0.100406
vn -2.887488 -1.585630 -0.717920
vn -2.886329 -1.550621 -0.647130
vn -2.409476 -2.218211 -0.292757
vn -1.988095 -2.446039 -0.052135
vn -2.672740 -1.675730 -0.146541
vn -2.937163 -0.776489 -0.551382
vn -0.869314 -1.605773 -2.897921
vn -1.625786 -2.200858 -2.462201
vn -1.591063 -2.200798 -2.476664
vn -1.726173 -2.061249 -2.523592
vn -2.105630 -2.521699 -1.652764
vn -1.924567 -2.596388 -1.747780
vn -2.308967 -2.365405 -1.624326
vn -2.104531 -2.649538 -0.858338
vn -1.994991 -2.720769 -0.908501
vn -2.516392 -2.287136 -1.113790
vn -2.622699 -2.098866 -1.364237
vn -2.592430 -2.196914 -1.052765
vn -2.268507 -2.212386 -1.944525
vn -2.957241 -1.333835 -1.220462
vn -2.650404 -1.487157 -2.013117
vn -1.835165 -1.819162 -2.616168
vn -2.123998 -1.111406 -2.649487
vn -1.201476 -1.127303 -2.984942
vn -1.513194 -0.521842 -2.875769
vn -2.058701 -1.930376 -2.411123
vn -2.042957 -2.049903 -2.336001
vn -2.397210 -2.284224 -1.606507
vn -2.258377 -2.495731 -1.379249
vn -2.086529 -2.613074 -1.423614
vn -2.436998 -2.321295 -1.397007
vn -2.153901 -2.038496 -2.251054
vn -2.259902 -2.088552 -2.096233
vn -2.370358 -2.436574 -1.155470
vn -2.370358 -2.444523 -1.032809
vn -2.107460 -2.653603 -0.988261
vn -2.025808 -2.269116 0.143145
vn -1.878127 -2.733935 -1.426177
vn -2.094218 -2.661430 -1.057280
vn -2.281261 -2.522306 -0.930958
vn -2.344117 -2.466608 -0.913322
vn -2.233905 -2.560773 -0.932362
vn -2.090739 -2.641772 -1.275811
vn -1.792203 -2.774465 -1.426849
vn -2.258621 -2.538324 -1.114034
vn -2.281566 -2.523337 -1.029453
vn -2.266371 -2.529587 -0.857057
vn 0.470135 -2.213782 -0.418591
vn -0.687519 -2.178530 0.576729
vn 0.886451 -1.064991 -1.660819
vn -2.719363 -0.790686 0.001750
vn -2.791434 -1.171412 -0.130492
vn -2.787773 -1.260784 -0.146480
vn 0.835922 -0.793841 -1.769810
vn 0.881691 -0.921134 -1.675099
vn -2.791434 -1.192587 -0.135252
vn -2.760067 -1.261998 -0.091069
vn 0.876381 -1.275346 -1.630978
vn -2.729676 -1.500383 -0.136838
vn 0.825975 -1.792587 -1.142899
vn -2.276928 -1.997056 0.162429
vn -0.060421 -2.612406 -0.306793
vn -0.994538 -2.670592 0.081815
vn -0.164103 -2.270208 -2.287974
vn -0.765998 -1.570522 -2.899141
vn 0.057114 -2.585467 -0.423107
vn -1.123851 -0.616008 0.961065
vn -1.257375 -0.509404 0.924572
vn -1.175906 -0.990181 0.992188
vn -0.653223 -1.513792 -2.898470
vn -0.612580 -1.493831 -2.895968
vn -1.148750 -0.560977 0.948067
vn -1.190186 -0.673465 0.965764
vn -0.894212 -1.217767 -2.984027
vn -0.418030 -1.931711 -2.664927
vn 0.052903 -2.685639 -0.892451
vn -0.565224 -1.536423 0.873738
vn -1.034998 -0.762959 0.986879
vn -0.788699 -1.243796 -2.972432
vn -0.957740 -1.300100 -2.975178
vn -0.930218 -0.832308 0.992676
vn -0.901169 -0.878602 0.994507
vn -0.791262 -1.715289 -2.851603
vn -1.257314 -1.023672 -2.983051
vn -0.051877 -2.704872 -1.394627
vn -0.237456 -1.693082 0.709520
vn -0.646449 -1.020093 0.968266
vn -1.206785 -1.018576 -2.989031
vn -1.284654 -0.992304 -2.979633
vn -0.484304 -1.114500 0.928295
vn -0.592930 -1.151390 0.951362
vn 0.159454 -1.889664 0.357954
vn -0.294454 -1.208484 0.858482
vn -1.683455 -1.061532 -2.878088
vn -1.534797 -0.982232 -2.927091
vn -1.303938 -0.915188 -2.975362
vn -0.198461 -1.180999 0.822294
vn -0.134018 -1.186095 0.792086
vn -1.712748 -0.921013 -2.867347
vn -1.638907 -1.025675 -2.894747
vn -1.917244 -0.899838 -2.774894
vn -1.746800 -1.209697 -2.842022
vn 0.011833 -1.253503 0.704821
vn 0.146700 -1.425391 0.579475
vn -1.515757 -1.943724 -2.679634
vn -0.860709 -2.833864 -1.758459
vn -0.348339 -2.873180 -0.846866
vn 0.132298 -2.034916 0.274166
vn -1.354162 -0.968278 -2.968283
vn -1.336647 -1.137314 -2.965781
vn -0.502368 -1.128759 0.932078
vn -0.347973 -1.381160 0.849572
vn -1.149177 -1.848892 -2.799304
vn -0.747019 -2.820395 -1.761755
vn -0.477774 -2.894659 -0.693509
vn -0.361460 -2.069197 0.557079
vn -1.063680 -1.257690 -2.980793
vn -1.090104 -1.339356 -2.966940
vn -0.743357 -0.847659 0.978457
vn -0.709366 -0.999160 0.978763
vn -1.052696 -1.905197 -2.776786
vn -0.834468 -2.925420 -1.469932
vn -0.685200 -2.785811 -0.181081
vn -0.653284 -1.608685 0.869527
vn -0.643337 -1.520284 -2.894808
vn -1.248588 -0.713328 0.965276
vn -0.481314 -1.787005 -2.758905
vn -1.139596 -0.965001 0.994934
vn -0.363291 -2.374445 -2.293894
vn -0.459040 -2.913528 -0.956040
vn -0.649622 -2.676295 0.014260
vn -0.902268 -1.649033 0.885211
vn -2.558561 -0.521660 0.162673
vn -2.532503 -0.628749 0.233218
vn -2.197656 -1.358468 0.558177
vn -1.664904 -1.792101 0.706285
vn -2.255142 -0.944676 0.556224
vn -2.587243 -0.214350 -0.061777
vn -0.651392 -1.745565 -2.818100
vn -0.738048 -1.469076 -2.923734
vn -1.089555 -1.000798 -2.997941
vn -1.079852 -1.009535 -2.998307
vn -1.080218 -0.993396 -2.998429
vn -1.157171 -0.979684 -2.993791
vn -1.154547 -1.296885 0.969975
vn -0.953956 -1.481029 0.937815
vn -0.005742 -0.960754 0.735272
vn 0.125707 -0.470331 0.569955
vn 0.470135 -2.213782 -0.418591
vn -0.687519 -2.178530 0.576729
vn 0.419361 -0.141420 0.126363
vn 0.886451 -1.064991 -1.660819
vn -0.284812 -0.005269 0.588140
vn -1.497755 -0.065942 0.703112
vn -1.587279 -0.346618 0.800752
vn -1.550176 -0.364152 0.818510
vn -2.719363 -0.790686 0.001750
vn -2.791434 -1.171412 -0.130492
vn -2.787773 -1.260784 -0.146480
vn 0.835922 -0.793841 -1.769810
vn 0.366574 -0.109809 0.166640
vn 0.430956 -0.455526 0.291863
vn 0.881691 -0.921134 -1.675099
vn -1.515269 -0.381019 0.834377
vn -1.315227 -0.645373 0.944893
vn -2.791434 -1.192587 -0.135252
vn -2.760067 -1.261998 -0.091069
vn 0.403312 -0.612853 0.374858
vn 0.876381 -1.275346 -1.630978
vn -1.241387 -0.723885 0.967595
vn -2.729676 -1.500383 -0.136838
vn 0.286204 -1.236272 0.511615
vn 0.825975 -1.792587 -1.142899
vn -0.986727 -1.142289 0.994019
vn -2.276928 -1.997056 0.162429
vn -0.060421 -2.612406 -0.306793
vn -0.994538 -2.670592 0.081815
vn -0.164103 -2.270208 -2.287974
vn 0.937834 -0.777338 -1.448757
vn 0.713138 -0.579543 -1.948125
vn -0.765998 -1.570522 -2.899141
vn 0.919527 -1.134037 -0.456610
vn 0.057114 -2.585467 -0.423107
vn 0.433703 -0.110052 0.083341
vn 0.454573 -0.028749 -0.018144
vn 0.725404 -0.136081 -0.454718
vn 0.837936 -0.287400 -0.637366
vn -1.123851 -0.616008 0.961065
vn -1.257375 -0.509404 0.924572
vn -0.146223 -0.139478 0.597050
vn -1.175906 -0.990181 0.992188
vn -0.653223 -1.513792 -2.898470
vn 0.809986 -0.736808 -1.813504
vn 0.888648 -1.044969 -1.656486
vn -0.612580 -1.493831 -2.895968
vn 0.556730 -0.276479 0.034642
vn 0.602743 -0.650531 0.148027
vn -1.148750 -0.560977 0.948067
vn -1.190186 -0.673465 0.965764
vn 0.764461 -0.531793 -1.824122
vn 0.589318 -0.329993 -2.020562
vn -0.894212 -1.217767 -2.984027
vn -0.418030 -1.931711 -2.664927
vn 0.991720 -1.030892 -1.180551
vn 0.052903 -2.685639 -0.892451
vn 0.669932 -0.396430 -0.071724
vn 0.502234 -0.112418 -0.011798
vn 0.873147 -0.292740 -0.907708
vn 0.873513 -0.327323 -1.232301
vn -0.565224 -1.536423 0.873738
vn -1.034998 -0.762959 0.986879
vn -0.788699 -1.243796 -2.972432
vn 0.710514 -0.623106 -1.970461
vn 0.739135 -0.975558 -1.988158
vn -0.957740 -1.300100 -2.975178
vn 0.681344 -0.424037 -0.075142
vn 0.778313 -0.763323 -0.112367
vn -0.930218 -0.832308 0.992676
vn -0.901169 -0.878602 0.994507
vn -0.791262 -1.715289 -2.851603
vn 0.478983 -0.409597 -2.215904
vn 0.350159 -0.296562 -2.303475
vn -1.257314 -1.023672 -2.983051
vn 0.864909 -1.112802 -1.712690
vn -0.051877 -2.704872 -1.394627
vn 0.860942 -0.470816 -0.480349
vn 0.733399 -0.267499 -0.309722
vn 0.803639 -0.251421 -1.452540
vn 0.711186 -0.266104 -1.742349
vn -0.237456 -1.693082 0.709520
vn -0.646449 -1.020093 0.968266
vn -1.206785 -1.018576 -2.989031
vn 0.484232 -0.519658 -2.256241
vn 0.546661 -0.768905 -2.249285
vn -1.284654 -0.992304 -2.979633
vn 0.856975 -0.543867 -0.404189
vn 0.900975 -0.838618 -0.395951
vn -0.484304 -1.114500 0.928295
vn -0.592930 -1.151390 0.951362
vn 0.875222 -0.380352 -0.660922
vn 0.882362 -0.315613 -0.928944
vn 0.159454 -1.889664 0.357954
vn -0.294454 -1.208484 0.858482
vn 0.123022 -0.318040 -2.513279
vn 0.094523 -0.123218 -2.433214
vn 0.076093 -0.115998 -2.442734
vn 0.746946 -0.158833 -1.510819
vn -1.683455 -1.061532 -2.878088
vn -1.534797 -0.982232 -2.927091
vn -1.303938 -0.915188 -2.975362
vn 0.960414 -0.669522 -0.762956
vn 0.923432 -0.507220 -0.735434
vn -0.198461 -1.180999 0.822294
vn -0.134018 -1.186095 0.792086
vn 0.224995 -0.559824 -2.522006
vn 0.152070 -0.443392 -2.541534
vn -1.712748 -0.921013 -2.867347
vn -1.638907 -1.025675 -2.894747
vn 0.108009 -0.669764 -2.634475
vn -1.917244 -0.899838 -2.774894
vn 0.174832 -0.854940 -2.613299
vn -1.746800 -1.209697 -2.842022
vn 0.993123 -0.821569 -0.970320
vn 0.999653 -0.969127 -1.048981
vn 0.011833 -1.253503 0.704821
vn 0.146700 -1.425391 0.579475
vn -1.515757 -1.943724 -2.679634
vn 0.176541 -1.611962 -2.492531
vn -0.860709 -2.833864 -1.758459
vn 0.860454 -1.685619 -1.232239
vn -0.348339 -2.873180 -0.846866
vn 0.132298 -2.034916 0.274166
vn 0.540802 -0.892860 -2.271925
vn -1.354162 -0.968278 -2.968283
vn 0.539948 -1.052856 -2.274915
vn -1.336647 -1.137314 -2.965781
vn 0.936431 -0.957599 -0.499572
vn 0.965113 -1.147689 -0.662204
vn -0.502368 -1.128759 0.932078
vn -0.347973 -1.381160 0.849572
vn -1.149177 -1.848892 -2.799304
vn 0.487100 -1.668388 -2.152010
vn -0.747019 -2.820395 -1.761755
vn 0.849347 -1.737313 -0.857850
vn -0.477774 -2.894659 -0.693509
vn -0.361460 -2.069197 0.557079
vn 0.707768 -1.110921 -2.034232
vn -1.063680 -1.257690 -2.980793
vn 0.704778 -1.300829 -1.998593
vn -1.090104 -1.339356 -2.966940
vn 0.842573 -0.918343 -0.224775
vn 0.860027 -1.158853 -0.284153
vn -0.743357 -0.847659 0.978457
vn -0.709366 -0.999160 0.978763
vn -1.052696 -1.905197 -2.776786
vn 0.658643 -1.756789 -1.812222
vn -0.834468 -2.925420 -1.469932
vn -0.685200 -2.785811 -0.181081
vn 0.786064 -1.632773 -0.370748
vn -0.653284 -1.608685 0.869527
vn 0.878761 -1.195318 -1.654716
vn -0.643337 -1.520284 -2.894808
vn 0.618183 -0.843594 0.166762
vn -1.248588 -0.713328 0.965276
vn 0.904636 -1.329709 -1.506975
vn -0.481314 -1.787005 -2.758905
vn 0.649428 -0.977803 0.131489
vn -1.139596 -0.965001 0.994934
vn -0.363291 -2.374445 -2.293894
vn 0.797170 -1.852896 -1.155348
vn -0.459040 -2.913528 -0.956040
vn 0.578760 -1.571189 0.081083
vn -0.649622 -2.676295 0.014260
vn -0.902268 -1.649033 0.885211
vn -1.451680 0.124512 0.599003
vn -2.558561 -0.521660 0.162673
vn -0.424194 0.197502 0.504048
vn -1.531929 0.096723 0.593389
vn -2.532503 -0.628749 0.233218
vn -0.381110 0.230569 0.459866
vn -1.314617 -0.413176 0.889361
vn -2.197656 -1.358468 0.558177
vn -0.322709 0.029315 0.582892
vn -0.947366 -0.949226 0.998901
vn -1.664904 -1.792101 0.706285
vn -0.118212 -0.316038 0.664544
vn -1.367282 -0.327384 0.851403
vn -2.255142 -0.944676 0.556224
vn -0.409853 0.095510 0.573800
vn -1.820274 0.217099 0.368572
vn -2.587243 -0.214350 -0.061777
vn -1.069295 0.511305 0.321216
vn -0.034546 0.122813 0.354048
vn 0.057785 0.199383 0.212714
vn 0.337709 0.224198 -0.139401
vn 0.405997 0.152968 -0.150874
vn 0.288523 0.299615 -0.174674
vn 0.519870 -0.038397 -0.112245
vn 0.113624 0.453483 -0.174613
vn -0.613922 0.854959 -0.327054
vn 0.668224 0.114622 -0.964583
vn 0.769892 -0.061331 -0.905328
vn 0.568935 0.252229 -0.999490
vn 0.788627 -0.415907 -1.688586
vn 0.722597 -0.245354 -1.693834
vn 0.640457 -0.199242 -1.828882
vn 0.413442 0.106006 -1.897352
vn 0.325443 -1.089139 -2.494606
vn 0.127965 -0.809131 -2.642042
vn 0.163848 -0.889402 -2.623735
vn -0.651392 -1.745565 -2.818100
vn -0.738048 -1.469076 -2.923734
vn -0.431761 -0.323258 -2.798633
vn -1.053306 0.064748 -2.699345
vn 0.130955 0.280624 -2.054004
vn -0.695269 0.618333 -2.151339
vn 0.322697 0.509060 -1.093041
vn -0.511400 0.929284 -1.289237
vn 0.588158 0.225533 -0.930470
vn 0.514683 0.064202 -1.773715
vn -0.143538 -0.248569 -2.649121
vn -0.064388 -0.208221 -2.586326
vn -1.089555 -1.000798 -2.997941
vn -1.079852 -1.009535 -2.998307
vn -0.000189 -0.216534 -2.550871
vn -1.080218 -0.993396 -2.998429
vn 0.068038 -0.210224 -2.501441
vn -1.157171 -0.979684 -2.993791
vn 0.537263 0.049277 -1.748939
vn 0.582422 -0.102043 -1.843284
vn 0.478129 0.359075 -0.995035
vn 0.236956 0.367266 -0.204576
vn 0.593955 0.219890 -0.990824
vn 0.600302 0.102912 -1.498980
vn 0.656446 -0.181647 -1.778720
vn 0.744322 -0.202761 -1.584049
vn 0.360777 0.293912 -0.289767
vn -0.197118 0.047578 0.510761
vn -0.446651 -0.562918 0.874287
vn 0.842756 -0.253302 -1.254941
vn 0.824510 -0.170361 -0.945299
vn 0.753842 -0.096158 -0.641211
vn 0.455000 0.119476 -0.189869
vn -0.226166 -0.137052 0.636045
vn -1.154547 -1.296885 0.969975
vn -0.953956 -1.481029 0.937815
vn -0.869314 -1.605773 -2.897921
vn -1.201476 -1.127303 -2.984942
vn -1.513194 -0.521842 -2.875769
vn -0.391362 -1.196713 0.893754
vn 0.092021 0.602072 -0.472415
vn -2.093669 -0.321620 0.535720
vn -1.840962 0.632652 -0.185109
vn -2.591210 -1.132278 0.202645
vn -2.109413 0.667539 -1.161511
vn -0.944070 -0.356811 0.896745
vn -0.688801 0.597764 0.177746
vn -1.055686 -1.637323 -2.891025
vn -1.305646 -2.564656 -2.192470
vn -0.391362 -1.196713 0.893754
vn 0.092021 0.602072 -0.472415
vn -2.093669 -0.321620 0.535720
vn -1.840962 0.632652 -0.185109
vn 0.110694 -2.643653 -0.834783
vn 0.592369 -0.843654 -2.201807
vn 0.110694 -2.643653 -0.834783
vn -2.092875 -2.577822 -1.528089
vn 0.091899 -1.671058 -2.530549
vn -1.840962 0.632652 -0.185109
vn -0.688801 0.597764 0.177746
vn -1.055686 -1.637323 -2.891025
vn -0.154888 -2.599361 -1.831384
vn -2.591210 -1.132278 0.202645
vn -0.688801 0.597764 0.177746
vn -2.109413 0.667539 -1.161511
vn -0.944070 -0.356811 0.896745
vn -2.092875 -2.577822 -1.528089
vn 0.091899 -1.671058 -2.530549
vn -1.613703 -0.779098 -2.891879
vn -0.438901 -2.905398 -1.104514
vn 0.110939 -0.856760 -2.658092
vn 0.749143 -0.518323 -1.848899
vn 0.232685 -2.441004 -0.390703
vn -1.048058 -1.151208 0.992737
vn -0.081292 -1.537455 0.689625
vn 0.435106 0.385589 -0.768937
vn -0.498279 0.897248 -0.561207
vn -2.434618 -2.362371 -1.230897
vn -2.748228 -1.458397 -0.150508
vn -1.501233 -2.874151 -1.438871
vn -0.396366 -0.854576 -2.902132
vn -0.963049 -2.965404 -1.300649
vn -2.110085 -1.119840 0.658197
vn -1.603085 -1.122145 0.902054
vn -1.036585 0.988441 -0.699124
vn -1.919319 -0.440237 -2.689337
vn -2.232563 0.463858 -1.608887
vn -1.560245 0.928556 -0.896174
vn -0.951576 -0.825756 -2.992815
vn -0.396366 -0.854576 -2.902132
vn -0.963049 -2.965404 -1.300649
vn -1.114026 -0.849964 -2.991961
vn -2.147920 -2.466426 -1.705062
vn -2.778314 -1.883597 -0.812203
vn -1.693952 0.071604 -2.547331
vn -2.019523 0.107038 -2.326542
vn -2.892798 -1.166680 -1.619993
vn -2.803151 -1.354282 -0.216659
vn -2.027456 0.273222 -2.162629
vn -2.734681 -1.478844 -0.134397
vn -2.300179 -1.099271 0.515337
vn -1.747715 0.865274 -1.062528
vn -2.138889 0.477570 -1.743569
vn -1.501660 -1.033441 0.935434
vn -1.022488 0.979946 -0.646825
vn -0.651087 -1.183243 0.959662
vn -0.033021 -1.609960 0.636778
vn 0.473979 0.363080 -0.960922
vn -0.228058 0.821285 -0.640479
vn 0.116980 -1.688107 0.504414
vn 0.731141 -0.077167 -1.416780
vn 0.568569 -0.302569 -2.034415
vn 0.758480 -0.335878 -1.694993
vn 0.871988 -1.640357 -0.731894
vn 0.259108 -2.152623 0.029577
vn 0.118017 -0.970947 -2.658458
vn 0.011650 -2.703234 -1.191841
vn -2.562528 -1.205086 0.229008
vn -2.182400 -0.795601 -2.601277
vn -2.303780 -2.242965 -0.148250
vn -1.899364 -2.061127 -2.428271
vn -0.156963 -1.477631 0.746501
vn 0.765559 -1.109343 -1.932381
vn -0.468315 -2.459327 0.246644
vn 0.230366 -2.258741 -1.934517
vn 0.926972 -1.402457 -0.658603
vn -2.892798 -1.166680 -1.619993
vn -2.182400 -0.795601 -2.601277
vn -2.921846 -0.886854 -1.543041
vn -2.537324 -1.736039 0.037694
vn 0.871988 -1.640357 -0.731894
vn 0.391839 -2.424925 -1.014685
vn 0.738464 -0.151917 -0.471927
vn -0.080742 -0.059268 0.513873
vn -0.278709 -2.244422 0.379312
vn -0.228424 -2.349447 -2.246172
vn 0.009453 0.216675 -2.236652
vn 0.438829 0.348700 -0.622415
vn 0.206443 -2.420799 -1.702621
vn -2.476604 -2.159236 -1.669302
vn -2.584131 0.212367 -1.217654
vn -2.192164 0.602133 -1.218692
vn -2.044665 -2.202132 -2.197901
vn -1.387909 -2.233500 -2.516269
vn -1.139291 0.322610 -2.503881
vn -0.537885 0.355131 -2.407706
vn -0.786258 -2.344290 -2.454695
vn -2.469098 -2.030548 -0.131224
vn -2.308967 0.151997 -0.007526
vn -2.954128 -0.882910 -1.411226
vn -1.887403 0.793982 -1.186776
vn -1.672044 0.674152 -1.885147
vn -2.669811 -0.890130 -2.095928
vn 0.067000 0.688350 -0.775649
vn 0.139377 0.576286 -1.504045
vn 0.954738 -1.094054 -0.588912
vn 0.970422 -1.086773 -1.330063
vn -0.111988 -2.770885 -0.813363
vn -0.027650 -2.651116 -1.539257
vn -2.066329 -2.665313 -1.224428
vn -1.839070 -2.553189 -1.920298
vn 0.284617 -1.038234 -2.532380
vn -0.249600 -1.789250 -2.672189
vn -1.092850 -1.743684 -2.849589
vn -1.557743 -0.938730 -2.919951
vn -1.012358 -0.187653 -2.832624
vn -0.169107 -0.233219 -2.655224
vn -1.608028 -1.196713 0.893754
vn -0.158367 0.632652 -0.185109
vn 0.094279 -0.321620 0.535720
vn -2.091411 0.602072 -0.472415
vn -1.310589 0.597764 0.177746
vn -1.608028 -1.196713 0.893754
vn -0.158367 0.632652 -0.185109
vn 0.591820 -1.132278 0.202645
vn -2.110085 -2.643653 -0.834783
vn 0.093546 -2.577822 -1.528089
vn 0.591820 -1.132278 0.202645
vn 0.110084 0.667539 -1.161511
vn -1.055320 -0.356811 0.896745
vn -1.310589 0.597764 0.177746
vn -1.560428 -2.905398 -1.104514
vn -2.232074 -2.441004 -0.390703
vn -2.748472 -0.518323 -1.848899
vn -2.110268 -0.856760 -2.658092
vn -0.951271 -1.151208 0.992737
vn -1.501050 0.897248 -0.561207
vn -2.434435 0.385589 -0.768937
vn -1.918098 -1.537455 0.689625
vn 0.748838 -1.458397 -0.150508
vn 0.435289 -2.362371 -1.230897
vn -0.498157 -2.874151 -1.438871
vn -1.036341 -2.965404 -1.300649
vn -1.602963 -0.854576 -2.902132
vn -0.962805 0.988380 -0.699124
vn -0.396244 -1.122145 0.902054
vn 0.110694 -1.119840 0.658197
vn -0.080071 -0.440237 -2.689337
vn 0.233173 0.463858 -1.608887
vn -0.439084 0.928556 -0.896174
vn -1.047814 -0.825756 -2.992815
vn -1.036341 -2.965404 -1.300649
vn -1.602963 -0.854576 -2.902132
vn -0.080071 -0.440237 -2.689337
vn 0.233173 0.463858 -1.608887
vn -0.439084 0.928556 -0.896174
vn -1.047814 -0.825756 -2.992815
vn -2.748472 -0.518323 -1.848899
vn -2.110268 -0.856760 -2.658092
vn -1.501050 0.897248 -0.561207
vn -2.434435 0.385589 -0.768937
vn -1.602963 -0.854576 -2.902132
vn -0.962805 0.988380 -0.699124
vn -0.885364 -0.849964 -2.991961
vn -0.305377 0.071604 -2.547331
vn 0.778924 -1.883597 -0.812203
vn 0.148530 -2.466426 -1.705062
vn 0.020194 0.107038 -2.326542
vn 0.028127 0.273222 -2.162629
vn 0.803761 -1.354282 -0.216659
vn 0.893408 -1.166680 -1.619993
vn 0.735290 -1.478844 -0.134397
vn 0.139499 0.477570 -1.743569
vn -0.251614 0.865274 -1.062528
vn 0.300789 -1.099271 0.515337
vn -0.976841 0.979946 -0.646825
vn -0.497730 -1.033441 0.935434
vn -1.348303 -1.183243 0.959662
vn -1.771332 0.821285 -0.640479
vn -2.473369 0.363080 -0.960922
vn -1.966370 -1.609960 0.636778
vn -2.730531 -0.077167 -1.416780
vn -2.116370 -1.688107 0.504414
vn -2.567959 -0.302569 -2.034415
vn -2.258499 -2.152623 0.029577
vn -2.871317 -1.640357 -0.731894
vn -2.757809 -0.335878 -1.694993
vn -2.117347 -0.970947 -2.658458
vn -2.011040 -2.703234 -1.191841
vn 0.563199 -1.205086 0.229008
vn 0.183010 -0.795601 -2.601277
vn 0.304389 -2.242965 -0.148250
vn -0.100027 -2.061127 -2.428271
vn -1.842427 -1.477631 0.746501
vn -2.764888 -1.109343 -1.932381
vn -2.229756 -2.258741 -1.934517
vn -1.531075 -2.459327 0.246644
vn -2.391229 -2.424925 -1.014685
vn -1.720620 -2.244422 0.379312
vn -1.918648 -0.059268 0.513873
vn -2.737854 -0.151917 -0.471927
vn -1.770905 -2.349447 -2.246172
vn -2.205834 -2.420799 -1.702621
vn -2.438158 0.348700 -0.622415
vn -2.008782 0.216675 -2.236652
vn 0.477214 -2.159236 -1.669302
vn 0.045336 -2.202132 -2.197901
vn 0.192835 0.602133 -1.218692
vn 0.584802 0.212367 -1.217654
vn -0.611420 -2.233500 -2.516269
vn -1.213132 -2.344290 -2.454695
vn -1.461444 0.355131 -2.407706
vn -0.860099 0.322610 -2.503881
vn 0.469708 -2.030609 -0.131224
vn 0.309638 0.151936 -0.007526
vn 0.954738 -0.882910 -1.411226
vn 0.670420 -0.890130 -2.095928
vn -0.327286 0.674152 -1.885147
vn -0.111988 0.793982 -1.186776
vn -2.138706 0.576286 -1.504045
vn -2.066329 0.688350 -0.775649
vn -2.969812 -1.086773 -1.330063
vn -2.954128 -1.094054 -0.588912
vn -1.971679 -2.651116 -1.539257
vn -1.887403 -2.770885 -0.813363
vn -0.160320 -2.553189 -1.920298
vn 0.067000 -2.665313 -1.224428
vn -2.284007 -1.038234 -2.532380
vn -0.441647 -0.938730 -2.919951
vn -0.906540 -1.743684 -2.849589
vn -1.749729 -1.789250 -2.672189
vn -0.987032 -0.187653 -2.832624
vn -1.830283 -0.233219 -2.655224
vn 0.730347 -1.500323 -0.136899
vn 0.349609 -1.853564 -2.196315
vn 0.180447 -2.158993 -2.112283
vn -1.460102 -1.965749 -2.683112
vn -1.496839 -1.605348 -2.836407
vn 0.862712 -1.016513 -0.271521
vn 0.558439 -1.435645 -2.171416
vn 0.577296 -1.485761 -2.125098
vn 0.825425 -1.063110 -0.185597
vn 0.807667 -1.163767 -1.838280
vn 0.711857 -1.398149 -1.950139
vn 0.708867 -1.201445 0.017555
vn 0.672617 -0.961179 0.096583
vn 0.924653 -1.129426 -1.526320
vn 0.871194 -1.272919 -1.647271
vn 0.501014 -1.346698 0.272580
vn 0.463300 -1.212549 0.345138
vn 0.927948 -1.481271 -1.203314
vn 0.083416 -1.629254 0.554394
vn 0.010430 -1.547527 0.633055
vn 0.960902 -1.335291 -1.189156
vn 0.819811 -1.671240 -1.472495
vn 0.773248 -1.820982 -1.404391
vn 0.112769 -1.872251 0.407567
vn 0.151887 -1.776266 0.432893
vn 0.375545 -1.627676 0.303885
vn 0.320500 -1.817827 0.252624
vn 0.752683 -1.570643 -1.768223
vn 0.737732 -1.332136 -0.070931
vn 0.672312 -1.551774 -0.058177
vn 0.494728 -1.814733 -2.041189
vn 0.660900 -1.478723 0.000957
vn 0.572780 -1.695813 0.013345
vn 0.515904 -1.689138 -2.100871
vn 0.454451 -1.909140 -2.018793
vn 0.374630 -2.053604 -1.988280
vn 0.636795 -1.836939 -1.775851
vn 0.676706 -1.671968 -0.150081
vn -0.008366 -2.444098 -0.052135
vn 0.937529 -0.771938 -0.552480
vn 0.595725 -2.193456 -1.052581
vn 0.958949 -1.327222 -1.221011
vn -0.005925 -2.721679 -0.908135
vn -0.076654 -2.598027 -1.746498
vn 0.271619 -2.209838 -1.944525
vn 0.652723 -1.483274 -2.012263
vn -0.163737 -1.818312 -2.616351
vn 0.124791 -1.108979 -2.649548
vn -0.406375 -2.200373 -2.476237
vn -0.796694 -1.126150 -2.984942
vn -0.483938 -0.519719 -2.874670
vn -1.129832 -1.602376 -2.899019
vn 0.407828 -2.221245 -0.293612
vn 0.108131 -2.647839 -0.861268
vn 0.107399 -2.521275 -1.651787
vn -0.380500 -2.202375 -2.463971
vn -1.348608 -1.745261 -2.818100
vn 0.312262 -2.363402 -1.623044
vn -0.267053 -2.072534 -2.512669
vn 0.521640 -2.281796 -1.113546
vn 0.054429 -1.925886 -2.417836
vn 0.563138 -2.096014 -1.575201
vn 0.886939 -1.551652 -0.648900
vn 0.887854 -1.587511 -0.720178
vn 0.043811 -2.051662 -2.334414
vn 0.397209 -2.285134 -1.605958
vn 0.154938 -2.039042 -2.250261
vn 0.259414 -2.088248 -2.097820
vn 0.623248 -2.098684 -1.365396
vn 0.259170 -2.495064 -1.381446
vn 0.795279 -1.870491 -0.987468
vn 0.438401 -2.320081 -1.398350
vn 0.371456 -2.435968 -1.157240
vn 0.372128 -2.443431 -1.033908
vn 0.282359 -2.521942 -0.930348
vn 0.345582 -2.465758 -0.912041
vn 0.417531 -2.350782 -1.368081
vn -0.232635 -2.753350 -1.544749
vn -0.952370 -2.944775 -1.413179
vn -0.296102 -2.835988 -1.302785
vn 0.090434 -2.642257 -1.276788
vn 0.258925 -2.538506 -1.114461
vn 0.068709 -2.679147 -0.996255
vn 0.139987 -2.553856 -1.500750
vn 0.087871 -2.612588 -1.423675
vn -0.206638 -2.773858 -1.428313
vn -0.121813 -2.733814 -1.427886
vn 0.094401 -2.661673 -1.057708
vn -0.140975 -2.444462 0.068939
vn 0.301277 -2.212083 -1.900160
vn 0.317327 -1.920244 0.181957
vn 0.019339 -2.616289 -1.558358
vn 0.089519 -2.398229 -0.091130
vn 0.267469 -2.528980 -0.854677
vn 0.282725 -2.522973 -1.028660
vn 0.233478 -2.561501 -0.930897
vn 0.101419 -2.658032 -0.993631
vn -0.778203 -2.963948 -1.220034
vn -0.023378 -2.733207 -0.947557
vn 0.014823 -2.362432 0.040623
vn -0.976048 -2.982757 -0.850466
vn -0.027650 -2.595296 -1.687853
vn 0.022574 -2.705661 -0.921988
vn 0.268690 -2.376326 -1.681995
vn -0.879933 -2.964676 -0.716638
vn 0.115516 -2.640680 -0.837407
vn 0.062423 -2.677509 -0.861573
vn 0.059555 -2.135270 0.250061
vn 0.028371 -2.267720 0.143023
vn -0.260096 -2.549063 0.008646
vn 0.273449 -2.194063 -1.962100
vn 0.391656 -1.925158 -2.089338
vn -1.497267 -1.650975 -2.820297
vn -1.686812 -2.005975 -2.578759
vn -2.826219 -1.790160 -1.144668
vn -1.581177 -2.638556 -1.969057
vn -0.298726 -2.796004 -1.491474
vn -0.353221 -2.482686 0.161575
vn 0.023916 -1.801627 0.513568
vn 0.379817 -2.418858 -1.225893
vn 0.131931 -2.369712 -0.099186
vn 0.429736 -1.492132 0.304923
vn 0.428332 -2.274576 -1.553781
vn 0.495216 -1.873646 -0.009296
vn 0.618793 -1.996449 -1.603760
vn 0.239519 -2.274516 -0.099857
vn 0.769282 -1.442926 -0.185048
vn 0.456709 -1.866790 -2.052356
vn 0.023794 -2.617745 -1.545909
vn 0.811755 -1.227717 -1.813260
vn 0.684944 -1.053281 0.076017
vn 0.880958 -1.379219 -1.557137
vn 0.864909 -1.658377 -1.272821
vn -2.881020 -0.921013 -1.675343
vn -2.876199 -1.275406 -1.629574
vn 0.761532 -1.261512 -0.092534
vn -0.294515 -0.917979 -2.870276
vn -0.077081 -0.898867 -2.772270
vn -0.715469 -0.988239 -2.979755
vn -0.645350 -0.967792 -2.968283
vn -1.039697 -1.300586 -2.975117
vn -0.935100 -1.257690 -2.980793
vn -1.386566 -1.493891 -2.896029
vn -1.358433 -1.520770 -2.894198
vn -0.799379 -0.671888 0.964544
vn -0.759102 -0.717211 0.966801
vn -1.096756 -0.879391 0.994629
vn -1.240898 -0.846385 0.980288
vn -1.393828 -1.154848 0.953681
vn -1.495924 -1.131125 0.932139
vn -1.868912 -1.186763 0.790256
vn -2.008111 -1.249984 0.707201
vn -1.798610 -1.185064 0.822904
vn -1.703777 -1.206360 0.859214
vn -0.361582 -1.024400 -2.895175
vn -0.313433 -1.061532 -2.877172
vn -0.793764 -1.016998 -2.989214
vn -1.515757 -1.113287 0.928173
vn -1.352636 -1.019364 0.968327
vn -1.342140 -1.515006 -2.898836
vn -0.851006 -0.560673 0.948006
vn -0.742625 -0.509647 0.924694
vn -1.210325 -1.244463 -2.972371
vn -1.068074 -0.832854 0.992737
vn -0.963415 -0.762291 0.986818
vn -1.105178 -1.218313 -2.983966
vn -1.233758 -1.573009 -2.898287
vn -0.736034 -1.026949 -2.982196
vn 0.196863 -1.366417 0.557323
vn -0.330276 -1.793133 0.704210
vn 0.255996 -0.938912 0.555858
vn 0.587914 -0.213925 -0.062204
vn 0.534334 -0.631601 0.232547
vn -1.264881 -1.470289 -2.922880
vn -0.911788 -0.998371 -2.998063
vn -0.461908 -0.979502 -2.926358
vn 0.560575 -0.522267 0.161026
vn 0.791556 -1.171655 -0.129454
vn 0.716312 -0.787471 0.007364
vn -0.925030 -1.009111 -2.998551
vn -0.926434 -0.990302 -2.998673
vn -0.848932 -0.976893 -2.994279
vn -0.696429 -0.914521 -2.975545
vn -2.158783 -1.886631 0.360029
vn -1.210081 -1.722327 -2.848551
vn -1.765596 -1.697026 0.706224
vn -1.577576 -1.931711 -2.666269
vn -1.435814 -1.541581 0.871785
vn -1.834249 -2.270633 -2.288218
vn -2.061874 -2.586074 -0.435007
vn -0.876637 -0.616311 0.961187
vn -1.945804 -2.705782 -1.394566
vn -2.048571 -2.688551 -0.902521
vn -0.824582 -0.989877 0.992310
vn -0.841242 -1.294579 0.970036
vn -1.045129 -1.477995 0.938608
vn -1.317241 -2.179319 0.575081
vn -2.468488 -2.215602 -0.419751
vn -2.833237 -0.796875 -1.775546
vn 0.787895 -1.262665 -0.146053
vn 0.791922 -1.192830 -0.134946
vn -2.886268 -1.064506 -1.659477
vn -1.941349 -2.612709 -0.310821
vn 0.278515 -1.996753 0.161697
vn -1.000275 -2.665738 0.089321
vn -0.477530 -1.937778 -2.681159
vn -1.135080 -2.831983 -1.763585
vn -1.651844 -2.871603 -0.831304
vn -2.133762 -2.028910 0.277156
vn -2.146883 -1.424784 0.579048
vn -0.845392 -1.844766 -2.800830
vn -1.252066 -2.819909 -1.762975
vn -1.517649 -2.895144 -0.689909
vn -1.640676 -2.064222 0.559398
vn -1.654590 -1.379097 0.848901
vn -0.944009 -1.907077 -2.775687
vn -1.161199 -2.926634 -1.466210
vn -0.904587 -1.338143 -2.966940
vn -1.317363 -2.782049 -0.174125
vn -1.336464 -1.605288 0.872396
vn -1.291733 -0.998250 0.978518
vn -1.637808 -2.375173 -2.292246
vn -1.526986 -2.917169 -0.954087
vn -1.517771 -1.787187 -2.758905
vn -1.350500 -2.673990 0.017738
vn -1.095414 -1.648366 0.885516
vn -0.857170 -0.966518 0.994751
vn -0.662071 -1.140529 -2.965476
vn -0.256374 -1.210425 -2.843425
vn 0.874124 -1.338021 -1.605591
vn 0.888892 -1.209697 -1.619932
vn 0.266310 -1.169956 -2.537628
vn 0.233966 -1.282809 -2.546477
vn 0.878761 -1.028769 -1.685351
vn 0.310248 -1.006016 -2.511204
vn 0.878640 -1.072818 -1.681690
vn 0.363462 -0.960936 -2.463239
vn 0.909152 -1.226746 -1.547251
vn 0.371151 -1.074153 -2.453780
vn 0.831528 -1.252593 -0.240520
vn 0.863505 -1.129547 -0.286960
vn 0.927216 -0.888189 -0.473636
vn 0.962733 -1.007290 -0.614665
vn 0.954799 -1.284022 -0.695645
vn -0.628324 -1.233178 -2.949914
vn -0.642543 -1.094357 -2.965048
vn -0.613373 -0.870715 -2.958824
vn -0.566994 -0.803367 -2.943872
vn -0.568641 -0.957417 -2.952782
vn -1.875258 -1.181241 -2.787770
vn -1.910226 -1.073000 -2.778738
vn -1.908456 -0.760228 -2.766961
vn -1.808619 -0.654960 -2.798450
vn -1.761446 -0.869501 -2.845439
vn -2.709050 -1.083618 -2.033927
vn -2.695991 -1.010992 -2.059313
vn -2.639298 -0.737779 -2.117531
vn -2.601279 -0.600172 -2.133214
vn -2.653028 -0.832915 -2.114602
vn -2.927948 -0.803306 -1.497516
vn -2.901524 -0.602963 -1.484212
vn -2.927826 -0.645738 -1.405795
vn -2.982200 -0.884123 -1.242492
vn -2.992513 -0.973192 -1.168590
vn -1.165959 0.864849 -0.266822
vn -1.487380 0.256173 0.487571
vn -0.429991 0.069602 0.598698
vn -0.452266 0.746414 -0.169120
vn 0.520298 -0.187410 0.023658
vn 0.273999 0.458519 -0.467289
vn -2.615803 0.180513 -0.853395
vn -2.235736 0.288876 -0.083197
vn -1.728553 0.805874 -0.501036
vn -2.123937 0.661411 -0.882321
vn -1.333108 0.968479 -0.756793
vn -2.715946 0.018818 -1.199164
vn -2.248734 0.567246 -0.860047
vn -2.823717 -0.269138 -1.394261
vn -2.607260 0.199322 -0.930653
vn -2.801015 -0.122733 -1.075832
vn -2.925202 -0.651502 -1.422882
vn -2.101053 0.576104 -0.417798
vn -1.413356 0.857447 -0.350914
vn -2.810230 -0.897654 -0.155268
vn -2.820910 -0.706593 -0.223128
vn -2.898778 -0.457832 -0.665560
vn -2.523532 -0.245475 0.060944
vn -2.912082 -0.403590 -0.977032
vn -2.410940 0.251865 -0.314665
vn 0.110206 -1.037627 0.663018
vn 0.150971 -0.944311 0.635191
vn 0.350952 -0.641430 0.433564
vn -0.433958 0.889604 -0.609173
vn 0.418873 0.335170 -0.514706
vn 0.813830 -0.310395 -0.498595
vn 0.883155 -0.519294 -0.515438
vn 0.447616 0.152179 -0.222701
vn 0.924164 -0.873263 -0.465642
vn 0.437486 -0.048832 0.025428
vn 0.775750 -0.493993 -0.223311
vn 0.929413 -1.162614 -0.501769
vn 0.100503 0.175174 0.198068
vn 0.751645 -0.655627 -0.093449
vn 0.108009 -0.116726 0.418735
vn -0.666709 -0.290555 0.844385
vn -0.908553 -0.816169 0.990418
vn -2.025198 -0.804338 0.707139
vn -1.903574 -0.626989 0.747050
vn -0.818663 -0.759743 0.978579
vn -1.793606 -0.214410 0.664422
vn -0.605318 0.301799 0.476342
vn -1.594419 0.340934 0.370708
vn -0.600070 0.561118 0.199593
vn -1.470537 0.669056 0.015298
vn -0.529341 0.750419 -0.131102
vn -0.928326 0.977944 -0.642248
vn -1.695660 -0.702224 0.852990
vn -0.394841 -0.894681 0.904007
vn -2.616535 -0.559642 0.096217
vn 0.567226 -0.983567 0.242860
vn 0.902378 -0.966154 -0.382281
vn 0.975548 -1.003104 -0.686675
vn 0.894811 -1.449054 -0.554250
vn 0.935759 -1.405551 -0.716821
vn 0.970483 -1.192587 -0.722802
vn 0.959620 -1.336565 -0.800120
vn 0.936004 -1.411618 -0.727867
vn 0.928192 -1.355799 -0.614970
vn 0.950589 -1.194589 -1.392430
vn 0.347901 -1.105096 -2.473247
vn -0.601473 -1.032591 -2.959495
vn -1.787687 -0.926959 -2.837201
vn -2.696051 -0.865011 -2.052173
vn -2.935394 -0.902204 -1.495624
vn -2.896093 -0.817322 -1.611877
vn -2.848615 -0.572505 -1.639033
vn -2.910983 -0.497330 -1.324937
vn -2.913790 -0.778188 -1.540233
vn -2.840926 -0.888128 -1.774448
vn -2.918001 -0.494479 -0.724388
vn -2.992635 -0.877510 -1.125751
vn -2.997151 -0.891162 -0.973859
vn -0.308062 -2.395559 0.241640
vn -0.318803 -2.344229 0.303092
vn -0.363657 -2.258680 0.407811
vn -1.626580 -2.220395 0.445403
vn -0.655664 -2.271907 0.494772
vn -2.281139 -2.387672 -1.632503
vn -2.137851 -1.769713 -2.447128
vn 0.469708 -2.119859 -0.251199
vn 0.242693 -2.192849 0.002909
vn -2.797415 -1.564940 -0.339869
vn -2.720156 -1.989836 -0.807260
vn -2.248857 -2.253037 -1.916759
vn 0.284800 -2.515692 -1.132463
vn -0.107411 -2.425592 0.066986
vn 0.048998 -2.533409 -0.283482
vn -0.764899 -2.148254 -2.612384
vn 0.092509 -2.617745 -0.609539
vn -0.628324 -1.233178 -2.949914
vn -0.642543 -1.094357 -2.965048
vn -0.613373 -0.870715 -2.958824
vn -0.566994 -0.803367 -2.943872
vn -0.568641 -0.957417 -2.952782
vn -0.601473 -1.032591 -2.959495
vn -0.063045 -2.536200 -1.852743
vn -0.337843 -2.413761 0.237063
vn -2.453658 -2.183263 -0.323087
vn -1.736731 -2.331852 -2.285289
vn -2.346986 -2.231680 -0.200609
vn -1.852923 -2.303457 -2.242084
vn 0.015434 -2.476801 -1.868488
vn -2.261916 -2.210687 -0.044568
vn -1.930975 -2.343319 -2.138829
vn 0.137546 -2.464060 -1.727581
vn -2.271375 -2.173798 -0.011248
vn -1.921089 -2.410546 -2.062365
vn 0.214926 -2.490877 -1.517166
vn -0.138534 -2.390220 0.137226
vn 0.192530 -2.589714 -1.121357
vn -2.370481 -2.099230 -0.058177
vn 0.526461 -2.146070 -0.424877
vn -2.849287 -1.727059 -1.182809
vn -2.634660 -1.688592 -1.914745
vn 0.715091 -1.998452 -1.198554
vn -2.878335 -1.651582 -0.823981
vn -2.703741 -1.821649 -1.634029
vn 0.628008 -2.139457 -1.160596
vn -2.842269 -1.649276 -0.590072
vn 0.646804 -2.107906 -0.810251
vn -2.737244 -1.901010 -1.384924
vn 0.174039 -1.897491 0.340073
vn 0.386530 -2.309646 -0.423107
vn 0.618244 -2.064161 -1.474509
vn 0.360167 -2.236413 -0.229718
vn -0.407534 -2.412851 0.272946
vn -2.815295 -1.820982 -0.897578
vn -2.362852 -2.246120 -0.251687
vn -2.175931 -2.374627 -1.833642
vn -2.467694 -2.293082 -0.622110
vn -2.133641 -2.263412 -2.043324
vn 0.327579 -2.445311 -1.340498
vn -2.556852 -2.241145 -0.922171
vn -2.044116 -2.133753 -2.263931
vn 0.166533 -2.438030 -1.733927
vn -0.058102 -2.183384 -2.298288
vn -0.764899 -2.148254 -2.612384
vn -1.504040 -2.021265 -2.636794
vn -2.429980 -2.372261 -1.198431
vn 0.769587 -1.616148 -1.689684
vn -2.245988 -1.393052 -2.511021
vn -2.703130 -1.482728 -1.924020
vn 0.816149 -1.812912 -0.848818
vn 0.701544 -1.873950 -0.432810
vn -2.912265 -1.444564 -1.366007
vn -0.063045 -2.536200 -1.852743
vn -0.337843 -2.413761 0.237063
vn -2.453658 -2.183263 -0.323087
vn -1.736731 -2.331852 -2.285289
vn -2.346986 -2.231680 -0.200609
vn -1.852923 -2.303457 -2.242084
vn 0.015434 -2.476801 -1.868488
vn -2.261916 -2.210687 -0.044568
vn -1.930975 -2.343319 -2.138829
vn 0.137546 -2.464060 -1.727581
vn -2.271375 -2.173798 -0.011248
vn -1.921089 -2.410546 -2.062365
vn 0.214926 -2.490877 -1.517166
vn -0.138534 -2.390220 0.137226
vn 0.192530 -2.589714 -1.121357
vn -1.126415 -2.979056 -0.853456
vn -2.370481 -2.099230 -0.058177
vn -1.323222 -2.958245 -0.876829
vn 0.526461 -2.146070 -0.424877
vn -2.849287 -1.727059 -1.182809
vn -2.634660 -1.688592 -1.914745
vn 0.715091 -1.998452 -1.198554
vn -2.878335 -1.651582 -0.823981
vn -2.703741 -1.821649 -1.634029
vn 0.628008 -2.139457 -1.160596
vn -2.842269 -1.649276 -0.590072
vn 0.646804 -2.107906 -0.810251
vn -2.737244 -1.901010 -1.384924
vn 0.174039 -1.897491 0.340073
vn 0.386530 -2.309646 -0.423107
vn 0.618244 -2.064161 -1.474509
vn 0.360167 -2.236413 -0.229718
vn -0.407534 -2.412851 0.272946
vn -2.815295 -1.820982 -0.897578
vn -2.362852 -2.246120 -0.251687
vn -2.175931 -2.374627 -1.833642
vn -2.467694 -2.293082 -0.622110
vn -2.133641 -2.263412 -2.043324
vn 0.327579 -2.445311 -1.340498
vn -2.556852 -2.241145 -0.922171
vn -2.044116 -2.133753 -2.263931
vn 0.166533 -2.438030 -1.733927
vn -0.058102 -2.183384 -2.298288
vn -1.504040 -2.021265 -2.636794
vn -2.429980 -2.372261 -1.198431
vn 0.769587 -1.616148 -1.689684
vn -2.245988 -1.393052 -2.511021
vn -2.703130 -1.482728 -1.924020
vn 0.816149 -1.812912 -0.848818
vn 0.701544 -1.873950 -0.432810
vn -2.912265 -1.444564 -1.366007
vn -0.308062 -2.395559 0.241640
vn -0.318803 -2.344229 0.303092
vn -0.363657 -2.258680 0.407811
vn -1.626580 -2.220395 0.445403
vn -0.655664 -2.271907 0.494772
vn -2.281139 -2.387672 -1.632503
vn -2.137851 -1.769713 -2.447128
vn 0.469708 -2.119859 -0.251199
vn 0.242693 -2.192849 0.002909
vn -2.797415 -1.564940 -0.339869
vn -2.720156 -1.989836 -0.807260
vn -2.248857 -2.253037 -1.916759
vn 0.284800 -2.515692 -1.132463
vn -0.107411 -2.425592 0.066986
vn 0.048998 -2.533409 -0.283482
vn -0.764899 -2.148254 -2.612384
vn 0.092509 -2.617745 -0.609539
vn -1.367221 -1.236575 -2.950219
vn -1.354955 -1.096177 -2.965292
vn -2.263381 -1.172201 -2.539276
vn -2.229328 -1.286146 -2.548979
vn -0.123521 -1.185792 -2.787038
vn -0.089286 -1.074395 -2.778738
vn -1.386627 -0.870047 -2.958641
vn -2.307258 -1.005106 -2.513279
vn -0.090690 -0.759561 -2.766716
vn -1.431115 -0.803064 -2.944117
vn -2.361266 -0.961239 -2.464703
vn -0.190161 -0.655506 -2.798328
vn -1.429406 -0.956871 -2.953087
vn -2.369626 -1.074638 -2.454634
vn -0.238066 -0.868834 -2.845439
vn -0.210788 -0.925867 -2.836773
vn -1.397429 -1.031681 -2.959617
vn -2.347230 -1.103822 -2.473369
vn -0.489857 -2.020476 -2.635574
vn -1.233514 -2.150135 -2.611164
vn -1.939457 -2.186357 -2.296884
vn 0.654493 -0.831884 -2.113198
vn 0.697089 -0.864283 -2.051441
vn 0.432177 -2.369591 -1.205388
vn 0.928497 -0.802396 -1.497516
vn 0.936126 -0.901597 -1.495075
vn 0.925690 -0.650106 -1.422516
vn 0.896520 -0.816715 -1.612243
vn 0.249589 -2.252855 -1.916820
vn 0.822923 -0.266104 -1.395360
vn 0.849286 -0.574204 -1.640131
vn 0.841780 -0.891647 -1.774387
vn 0.715335 0.020881 -1.199774
vn 0.911898 -0.498422 -1.325059
vn 0.914828 -0.784558 -1.541271
vn 0.616779 0.180270 -0.855104
vn 0.919527 -0.497937 -0.724449
vn 0.997883 -0.893892 -0.970930
vn 0.993489 -0.880180 -1.124469
vn 0.236224 0.288694 -0.082831
vn 0.617877 -0.562736 0.096400
vn 0.718814 -1.992263 -0.802500
vn -0.511644 0.254049 0.489219
vn -0.302936 -0.705562 0.853234
vn -0.371651 -2.220213 0.445098
vn 0.371273 -2.099109 -0.058238
vn 0.281322 -2.387125 -1.634639
vn -1.567446 0.068267 0.600285
vn -1.602047 -0.897047 0.904922
vn -1.340858 -2.272210 0.495138
vn -2.519322 -0.188685 0.025123
vn -2.565640 -0.985873 0.244020
vn -1.859880 -2.390038 0.138141
vn -2.813282 -0.311973 -0.496948
vn -2.901219 -0.969673 -0.380451
vn -2.157501 -1.902102 0.350814
vn -2.388727 -2.305398 -0.420239
vn -2.189845 -2.590806 -1.126056
vn -2.883400 -0.521296 -0.517025
vn -2.975121 -1.004803 -0.687956
vn -2.934539 -1.409070 -0.718164
vn -2.893286 -1.452451 -0.553945
vn -2.644851 -2.108756 -0.804392
vn -2.924043 -0.875265 -0.467228
vn -2.970056 -1.192891 -0.724571
vn -2.959499 -1.335291 -0.803233
vn -2.464948 -2.126655 -0.253335
vn -2.627703 -2.138911 -1.160901
vn -2.711552 -2.004398 -1.193305
vn -2.524265 -2.149953 -0.428660
vn -2.928803 -1.164374 -0.502501
vn -2.935027 -1.413924 -0.729270
vn -2.617939 -2.063069 -1.475974
vn -2.954250 -1.284993 -0.697171
vn -2.927338 -1.356527 -0.614604
vn -2.908420 -1.227717 -1.547190
vn -2.950467 -1.192284 -1.390905
vn -2.814441 -1.814914 -0.846377
vn -2.699713 -1.874557 -0.430247
vn -2.767329 -1.618697 -1.691576
vn -2.877846 -1.074456 -1.681995
vn -2.877480 -1.028101 -1.687304
vn -2.887855 -1.210425 -1.620908
vn -2.873453 -1.338871 -1.605164
vn -2.962062 -1.008079 -0.614421
vn -2.926179 -0.887946 -0.472354
vn -2.862224 -1.129487 -0.285129
vn -2.830064 -1.253443 -0.238750
vn -2.751280 -0.655021 -0.094121
vn -2.350220 -0.639731 0.433259
vn -2.149629 -0.946132 0.635740
vn -2.107094 -1.044362 0.664483
vn -2.776788 -0.496360 -0.225691
vn -2.437059 -0.048347 0.024634
vn -2.107766 -0.116605 0.418430
vn -2.101480 0.174385 0.197397
vn -1.332864 -0.286733 0.842920
vn -1.180849 -0.760896 0.978701
vn -1.088274 -0.826241 0.991395
vn 0.603048 -0.601143 -2.131933
vn 0.640640 -0.737294 -2.116372
vn 0.697211 -1.011659 -2.058276
vn 0.710819 -1.087683 -2.031730
vn 0.902500 -0.603266 -1.483114
vn 0.928863 -0.645859 -1.404086
vn 0.983115 -0.884791 -1.240417
vn 0.993123 -0.975862 -1.168834
vn 0.912875 -0.403954 -0.977948
vn 0.899754 -0.458196 -0.666964
vn 0.821336 -0.708049 -0.222151
vn 0.811084 -0.902507 -0.155268
vn 0.802663 -0.124917 -1.076137
vn 0.609761 0.196834 -0.932667
vn 0.252640 0.564819 -0.862732
vn 0.127294 0.659773 -0.885189
vn -0.271447 0.806238 -0.501463
vn -0.833065 0.864606 -0.266334
vn -1.542792 0.747628 -0.168754
vn -2.271558 0.459429 -0.465459
vn -2.417470 0.335716 -0.513852
vn -2.447067 0.152785 -0.223799
vn 0.026113 -0.812589 0.707811
vn -0.094412 -0.627232 0.746379
vn 0.526644 -0.244686 0.056917
vn -0.204563 -0.210648 0.662103
vn 0.413320 0.251198 -0.316923
vn -1.392181 0.303256 0.475549
vn -0.401737 0.340630 0.369609
vn -1.398100 0.561664 0.199288
vn -0.528120 0.669238 0.014626
vn -1.468585 0.751208 -0.131956
vn -0.583043 0.857022 -0.351586
vn -1.561648 0.890878 -0.609905
vn -1.071003 0.977883 -0.641882
vn -0.663475 0.968054 -0.757281
vn 0.105080 0.574162 -0.419079
vn -1.590330 -2.412851 0.273617
vn 0.363767 -2.245878 -0.251749
vn 0.176968 -2.374809 -1.832849
vn -2.219137 -2.488511 -1.512589
vn -1.643178 -2.259772 0.403417
vn -1.674790 -2.345564 0.304740
vn -2.137607 -2.461147 -1.732279
vn -2.009576 -2.483293 -1.863422
vn -1.682906 -2.397683 0.243837
vn -1.935979 -2.536079 -1.853353
vn -1.660754 -2.416006 0.234927
vn -2.283824 -2.516299 -1.129229
vn -2.321721 -2.450954 -1.336653
vn -1.887647 -2.427352 0.068206
vn -2.159759 -2.443491 -1.732951
vn -2.041980 -2.536625 -0.281224
vn -2.077680 -2.628667 -0.616008
vn -1.367221 -1.236575 -2.950219
vn -1.354955 -1.096177 -2.965292
vn -1.386627 -0.870047 -2.958641
vn -1.431115 -0.803064 -2.944117
vn -1.429406 -0.956871 -2.953087
vn -1.397429 -1.031681 -2.959617
vn -1.233514 -2.150135 -2.611164
vn 0.704168 -1.481514 -1.924020
vn 0.247148 -1.395661 -2.509862
vn 0.913363 -1.444261 -1.363993
vn 0.815417 -1.821771 -0.895259
vn 0.878640 -1.653402 -0.827460
vn 0.633378 -1.691141 -1.916209
vn 0.704229 -1.822074 -1.633907
vn 0.842756 -1.648305 -0.587875
vn 0.797659 -1.565486 -0.339259
vn -2.239886 -2.196065 0.001750
vn -2.357604 -2.238172 -0.229230
vn 0.137241 -1.769045 -2.448471
vn 0.849469 -1.728152 -1.183358
vn 0.270398 -2.179380 -0.015886
vn -0.080742 -2.413276 -2.060900
vn 0.736755 -1.904286 -1.382117
vn 0.262465 -2.212083 -0.046277
vn -0.070795 -2.340286 -2.144382
vn 0.348084 -2.231741 -0.201403
vn -0.144453 -2.304610 -2.239520
vn 0.453170 -2.186479 -0.326321
vn -0.261073 -2.329607 -2.286754
vn 0.469280 -2.291808 -0.621256
vn 0.132481 -2.266932 -2.041006
vn 0.557035 -2.241509 -0.919241
vn 0.047411 -2.131326 -2.263870
vn 0.704168 -1.481514 -1.924020
vn 0.247148 -1.395661 -2.509862
vn 0.913363 -1.444261 -1.363993
vn 0.815417 -1.821771 -0.895259
vn 0.878640 -1.653402 -0.827460
vn 0.633378 -1.691141 -1.916209
vn 0.704229 -1.822074 -1.633907
vn 0.842756 -1.648305 -0.587875
vn 0.797659 -1.565486 -0.339259
vn -2.239886 -2.196065 0.001750
vn -2.357604 -2.238172 -0.229230
vn -0.870596 -2.978813 -0.852175
vn -0.672263 -2.957456 -0.874327
vn 0.137241 -1.769045 -2.448471
vn 0.849469 -1.728152 -1.183358
vn 0.270398 -2.179380 -0.015886
vn -0.080742 -2.413276 -2.060900
vn 0.736755 -1.904286 -1.382117
vn 0.262465 -2.212083 -0.046277
vn -0.070795 -2.340286 -2.144382
vn 0.348084 -2.231741 -0.201403
vn -0.144453 -2.304610 -2.239520
vn 0.453170 -2.186479 -0.326321
vn -0.261073 -2.329607 -2.286754
vn 0.469280 -2.291808 -0.621256
vn 0.132481 -2.266932 -2.041006
vn 0.557035 -2.241509 -0.919241
vn 0.047411 -2.131326 -2.263870
vn -0.489857 -2.020476 -2.635574
vn -1.233514 -2.150135 -2.611164
vn -1.939457 -2.186357 -2.296884
vn 0.432177 -2.369591 -1.205388
vn 0.249589 -2.252855 -1.916820
vn 0.718814 -1.992263 -0.802500
vn -0.371651 -2.220213 0.445098
vn 0.371273 -2.099109 -0.058238
vn 0.281322 -2.387125 -1.634639
vn -1.340858 -2.272210 0.495138
vn -1.859880 -2.390038 0.138141
vn -2.157501 -1.902102 0.350814
vn -2.388727 -2.305398 -0.420239
vn -2.189845 -2.590806 -1.126056
vn -2.644851 -2.108756 -0.804392
vn -2.464948 -2.126655 -0.253335
vn -2.627703 -2.138911 -1.160901
vn -2.711552 -2.004398 -1.193305
vn -2.524265 -2.149953 -0.428660
vn -2.617939 -2.063069 -1.475974
vn -2.814441 -1.814914 -0.846377
vn -2.699713 -1.874557 -0.430247
vn -2.767329 -1.618697 -1.691576
vn -1.590330 -2.412851 0.273617
vn 0.363767 -2.245878 -0.251749
vn 0.176968 -2.374809 -1.832849
vn -2.219137 -2.488511 -1.512589
vn -1.643178 -2.259772 0.403417
vn -1.674790 -2.345564 0.304740
vn -2.137607 -2.461147 -1.732279
vn -2.009576 -2.483293 -1.863422
vn -1.682906 -2.397683 0.243837
vn -1.935979 -2.536079 -1.853353
vn -1.660754 -2.416006 0.234927
vn -2.283824 -2.516299 -1.129229
vn -2.321721 -2.450954 -1.336653
vn -1.887647 -2.427352 0.068206
vn -2.159759 -2.443491 -1.732951
vn -2.041980 -2.536625 -0.281224
vn -2.077680 -2.628667 -0.616008
vn -0.688801 0.597764 0.177746
vn -0.391362 -1.196713 0.893754
vn -1.840962 0.632652 -0.185109
vn -2.591210 -1.132278 0.202645
vn 0.110694 -2.643653 -0.834783
vn -2.092875 -2.577822 -1.528089
vn 0.592369 -0.843654 -2.201807
vn -1.613703 -0.779098 -2.891879
vn -2.093669 -0.321620 0.535720
vn -0.944070 -0.356811 0.896745
vn -1.305646 -2.564656 -2.192470
vn -0.154888 -2.599361 -1.831384
vn 0.092021 0.602072 -0.472415
vn -2.093669 -0.321620 0.535720
vn -2.109413 0.667539 -1.161511
vn -0.944070 -0.356811 0.896745
vn 0.592369 -0.843654 -2.201807
vn -1.613703 -0.779098 -2.891879
vn -0.157696 0.737738 -0.442208
vn -0.656213 -1.119233 0.965886
vn 0.317815 -2.254433 -0.186757
vn 0.816210 -0.397947 -1.594729
vn -1.951052 0.770441 -1.033542
vn -2.449325 -1.085863 0.374370
vn -2.085247 -0.344919 -2.551603
vn -2.583581 -2.201101 -1.143692
vn -0.375068 -1.066811 -2.898348
vn -0.873586 -2.923357 -1.490254
vn -0.157696 0.737738 -0.442208
vn -0.656213 -1.119233 0.965886
vn 0.816210 -0.397947 -1.594729
vn -1.951052 0.770441 -1.033542
vn -2.449325 -1.085863 0.374370
vn -2.583581 -2.201101 -1.143692
vn -0.375068 -1.066811 -2.898348
vn -0.873586 -2.923357 -1.490254
vn -1.919319 -0.440237 -2.689337
vn -2.232563 0.463858 -1.608887
vn -1.560245 0.928556 -0.896174
vn -0.951576 -0.825756 -2.992815
vn 0.110939 -0.856760 -2.658092
vn 0.749143 -0.518323 -1.848899
vn 0.435106 0.385589 -0.768937
vn -0.498279 0.897248 -0.561207
vn -0.396366 -0.854576 -2.902132
vn -1.036585 0.988441 -0.699124
vn -0.438901 -2.905398 -1.104514
vn 0.232685 -2.441004 -0.390703
vn -1.048058 -1.151208 0.992737
vn -0.081292 -1.537455 0.689625
vn -2.434618 -2.362371 -1.230897
vn -2.748228 -1.458397 -0.150508
vn -1.501233 -2.874151 -1.438871
vn -0.963049 -2.965404 -1.300649
vn -2.110085 -1.119840 0.658197
vn -1.603085 -1.122145 0.902054
vn -1.439536 -2.391979 0.355208
vn -1.182863 -2.979784 -1.034640
vn -1.182863 -2.979784 -1.034579
vn -1.182802 -2.979784 -1.034701
vn 0.391839 -2.424925 -1.014685
vn -0.278709 -2.244422 0.379312
vn -0.228424 -2.349447 -2.246172
vn 0.206443 -2.420799 -1.702621
vn -2.476604 -2.159236 -1.669302
vn -2.044665 -2.202132 -2.197901
vn -1.387909 -2.233500 -2.516269
vn -0.786258 -2.344290 -2.454695
vn -2.469098 -2.030548 -0.131224
vn 0.738464 -0.151917 -0.471927
vn -0.080742 -0.059268 0.513873
vn -0.278709 -2.244422 0.379312
vn 0.009453 0.216675 -2.236652
vn 0.438829 0.348700 -0.622415
vn -2.584131 0.212367 -1.217654
vn -2.192164 0.602133 -1.218692
vn -1.139291 0.322610 -2.503881
vn -0.537885 0.355131 -2.407706
vn -2.469098 -2.030548 -0.131224
vn -2.308967 0.151997 -0.007526
vn -1.439536 -2.391979 0.355208
vn -0.693683 -2.564656 -2.192470
vn -0.943704 -1.637323 -2.891025
vn -1.608028 -1.196713 0.893754
vn -0.158367 0.632652 -0.185109
vn 0.094279 -0.321620 0.535720
vn -2.091411 0.602072 -0.472415
vn -2.110085 -2.643653 -0.834783
vn -2.591759 -0.843654 -2.201807
vn -2.110085 -2.643653 -0.834783
vn 0.093546 -2.577822 -1.528089
vn -2.091228 -1.671058 -2.530549
vn -0.158367 0.632652 -0.185109
vn -1.310589 0.597764 0.177746
vn -0.943704 -1.637323 -2.891025
vn 0.094279 -0.321620 0.535720
vn -2.091411 0.602072 -0.472415
vn 0.110084 0.667539 -1.161511
vn -1.055320 -0.356811 0.896745
vn -2.591759 -0.843654 -2.201807
vn -0.385626 -0.779098 -2.891879
vn -1.844502 -2.599361 -1.831384
vn 0.591820 -1.132278 0.202645
vn -1.310589 0.597764 0.177746
vn 0.110084 0.667539 -1.161511
vn -1.055320 -0.356811 0.896745
vn 0.093546 -2.577822 -1.528089
vn -2.091228 -1.671058 -2.530549
vn -0.385626 -0.779098 -2.891879
vn -2.591759 -0.843654 -2.201807
vn -0.385626 -0.779098 -2.891879
vn 0.094279 -0.321620 0.535720
vn -1.055320 -0.356811 0.896745
vn -0.693683 -2.564656 -2.192470
vn -1.844502 -2.599361 -1.831384
vn -1.841694 0.737738 -0.442208
vn -2.815600 -0.397947 -1.594729
vn -2.317205 -2.254433 -0.186757
vn -1.343177 -1.119233 0.965886
vn -0.048277 0.770441 -1.033542
vn 0.449996 -1.085863 0.374370
vn 0.085857 -0.344919 -2.551603
vn 0.584252 -2.201101 -1.143692
vn -1.624322 -1.066811 -2.898348
vn -1.125804 -2.923357 -1.490254
vn -1.841694 0.737738 -0.442208
vn -2.815600 -0.397947 -1.594729
vn -1.343177 -1.119233 0.965886
vn -0.048277 0.770441 -1.033542
vn 0.449996 -1.085863 0.374370
vn 0.584252 -2.201101 -1.143692
vn -1.624322 -1.066811 -2.898348
vn -1.125804 -2.923357 -1.490254
vn -1.560428 -2.905398 -1.104514
vn -2.232074 -2.441004 -0.390703
vn -0.951271 -1.151208 0.992737
vn -1.918098 -1.537455 0.689625
vn 0.748838 -1.458397 -0.150508
vn 0.435289 -2.362371 -1.230897
vn -0.498157 -2.874151 -1.438871
vn -1.036341 -2.965404 -1.300649
vn -0.396244 -1.122145 0.902054
vn 0.110694 -1.119840 0.658197
vn 0.922517 -0.886854 -1.543041
vn 0.537934 -1.736039 0.037694
vn -2.871317 -1.640357 -0.731894
vn -1.656421 -1.989169 0.602237
vn -2.749876 -0.028931 -1.126422
vn -2.835617 -1.084346 -1.787446
vn -1.771210 -2.759054 -0.480532
vn -2.284618 -1.746839 0.331774
vn -2.714969 -0.183952 -1.640620
vn -2.667492 -0.018738 -1.527296
vn -2.167571 -0.498847 -2.548002
vn -2.534700 -0.240985 -2.041616
vn -1.883375 -2.513872 -0.055431
vn -1.501538 -2.891261 -0.643042
vn -0.930156 -2.987125 -0.975568
vn -1.496961 -0.642704 -2.906098
vn -0.303791 -0.074315 -2.637099
vn -0.770453 -0.449459 -2.912323
vn -0.294942 -2.860075 -1.020848
vn 0.371579 -2.422013 -0.745869
vn -0.147810 0.168985 -2.390924
vn 0.876137 -1.412650 -0.451057
vn 0.217794 0.175356 -2.078536
vn -0.092581 0.216796 -2.313178
vn 0.244157 -2.552036 -1.089746
vn 0.233051 -0.766356 -2.559170
vn -2.609578 -0.791111 -2.170135
vn -2.247270 -1.184882 0.550732
vn -2.352722 -2.036979 -2.034354
vn -2.000727 -2.223065 0.213873
vn 0.788383 -0.887885 -0.109743
vn -0.116442 -0.527000 -2.734068
vn 0.644668 -1.973758 -0.429698
vn -0.083916 -1.779724 -2.592246
vn -0.885364 -0.849964 -2.991961
vn -0.305377 0.071604 -2.547331
vn 0.778924 -1.883597 -0.812203
vn 0.148530 -2.466426 -1.705062
vn 0.020194 0.107038 -2.326542
vn 0.028127 0.273222 -2.162629
vn 0.803761 -1.354282 -0.216659
vn 0.735290 -1.478844 -0.134397
vn 0.139499 0.477570 -1.743569
vn -0.251614 0.865274 -1.062528
vn 0.300789 -1.099271 0.515337
vn -0.976841 0.979946 -0.646825
vn -0.497730 -1.033441 0.935434
vn -1.348303 -1.183243 0.959662
vn -1.771332 0.821285 -0.640479
vn -2.473369 0.363080 -0.960922
vn -1.966370 -1.609960 0.636778
vn -2.730531 -0.077167 -1.416780
vn -2.116370 -1.688107 0.504414
vn -2.567959 -0.302569 -2.034415
vn -2.258499 -2.152623 0.029577
vn -2.757809 -0.335878 -1.694993
vn -2.117347 -0.970947 -2.658458
vn -2.011040 -2.703234 -1.191841
vn 0.563199 -1.205086 0.229008
vn 0.183010 -0.795601 -2.601277
vn 0.304389 -2.242965 -0.148250
vn -0.100027 -2.061127 -2.428271
vn -1.842427 -1.477631 0.746501
vn -2.764888 -1.109343 -1.932381
vn -2.229756 -2.258741 -1.934517
vn -1.531075 -2.459327 0.246644
vn -2.926362 -1.402457 -0.658603
vn 0.922517 -0.886854 -1.543041
vn 0.537934 -1.736039 0.037694
vn 0.893408 -1.166680 -1.619993
vn -2.871317 -1.640357 -0.731894
vn -2.871317 -1.640357 -0.731894
vn -0.816527 -2.979784 -1.034640
vn -0.559793 -2.391858 0.355330
vn -0.816527 -2.979784 -1.034579
vn -0.816527 -2.979784 -1.034701
vn -2.391229 -2.424925 -1.014685
vn -1.720620 -2.244422 0.379312
vn -1.770905 -2.349447 -2.246172
vn -2.205834 -2.420799 -1.702621
vn 0.477214 -2.159236 -1.669302
vn 0.045336 -2.202132 -2.197901
vn -0.611420 -2.233500 -2.516269
vn -1.213132 -2.344290 -2.454695
vn 0.469708 -2.030609 -0.131224
vn -1.720620 -2.244422 0.379312
vn -1.918648 -0.059268 0.513873
vn -2.737854 -0.151917 -0.471927
vn -2.438158 0.348700 -0.622415
vn -2.008782 0.216675 -2.236652
vn 0.192835 0.602133 -1.218692
vn 0.584802 0.212367 -1.217654
vn -1.461444 0.355131 -2.407706
vn -0.860099 0.322610 -2.503881
vn 0.469708 -2.030609 -0.131224
vn 0.309638 0.151936 -0.007526
vn -0.559793 -2.391858 0.355330
vn -0.342969 -1.989169 0.602237
vn -0.228180 -2.759054 -0.480532
vn 0.836288 -1.084346 -1.787446
vn 0.750547 -0.028931 -1.126422
vn 0.285289 -1.746839 0.331774
vn 0.668101 -0.018738 -1.527296
vn 0.715640 -0.183952 -1.640620
vn 0.168181 -0.498847 -2.548002
vn -0.497791 -2.891261 -0.643042
vn -0.116015 -2.513872 -0.055431
vn 0.535371 -0.240985 -2.041616
vn -1.069234 -2.987125 -0.975568
vn -0.502429 -0.642704 -2.906098
vn -1.695599 -0.074315 -2.637099
vn -2.370908 -2.422013 -0.745869
vn -1.704448 -2.860075 -1.020848
vn -1.228937 -0.449459 -2.912323
vn -1.851520 0.168985 -2.390924
vn -2.875466 -1.412650 -0.451057
vn -1.906809 0.216796 -2.313178
vn -2.217184 0.175356 -2.078536
vn -2.232441 -0.766356 -2.559170
vn -2.243547 -2.552036 -1.089746
vn 0.247880 -1.184882 0.550732
vn 0.610249 -0.791111 -2.170135
vn 0.001337 -2.223065 0.213873
vn 0.353393 -2.036979 -2.034354
vn -1.882948 -0.527000 -2.734068
vn -2.787773 -0.887885 -0.109743
vn -2.643997 -1.973758 -0.429698
vn -1.915474 -1.779724 -2.592246
vn -1.114026 -0.849964 -2.991961
vn -2.147920 -2.466426 -1.705062
vn -2.778314 -1.883597 -0.812203
vn -1.693952 0.071604 -2.547331
vn -2.019523 0.107038 -2.326542
vn -2.803151 -1.354282 -0.216659
vn -2.027456 0.273222 -2.162629
vn -2.734681 -1.478844 -0.134397
vn -2.300179 -1.099271 0.515337
vn -1.747715 0.865274 -1.062528
vn -2.138889 0.477570 -1.743569
vn -1.501660 -1.033441 0.935434
vn -1.022488 0.979946 -0.646825
vn -0.651087 -1.183243 0.959662
vn -0.033021 -1.609960 0.636778
vn 0.473979 0.363080 -0.960922
vn -0.228058 0.821285 -0.640479
vn 0.116980 -1.688107 0.504414
vn 0.731141 -0.077167 -1.416780
vn 0.568569 -0.302569 -2.034415
vn 0.758480 -0.335878 -1.694993
vn 0.259108 -2.152623 0.029577
vn 0.118017 -0.970947 -2.658458
vn 0.011650 -2.703234 -1.191841
vn -2.562528 -1.205086 0.229008
vn -2.303780 -2.242965 -0.148250
vn -1.899364 -2.061127 -2.428271
vn -0.156963 -1.477631 0.746501
vn 0.765559 -1.109343 -1.932381
vn -0.468315 -2.459327 0.246644
vn 0.230366 -2.258741 -1.934517
vn 0.926972 -1.402457 -0.658603
vn -2.921846 -0.886854 -1.543041
vn -2.537324 -1.736039 0.037694
vn -2.892798 -1.166680 -1.619993
vn 0.871988 -1.640357 -0.731894
vn 0.871988 -1.640357 -0.731894
vn -2.182400 -0.795601 -2.601277
vn -2.926362 -1.402457 -0.658603
vn 0.893408 -1.166680 -1.619993
vn 0.183010 -0.795601 -2.601277
f 2027/2027/2027 2024/2024/2024 2023/2023/2023
f 2027/2027/2027 2026/2026/2026 2028/2028/2028
f 2026/2026/2026 2027/2027/2027 2025/2025/2025
f 2024/2024/2024 2027/2027/2027 2028/2028/2028
f 2127/2127/2127 2130/2130/2130 2126/2126/2126
f 2129/2129/2129 2130/2130/2130 2131/2131/2131
f 2130/2130/2130 2129/2129/2129 2128/2128/2128
f 2130/2130/2130 2127/2127/2127 2131/2131/2131
f 2106/2106/2106 2108/2108/2108 2107/2107/2107
f 2109/2109/2109 2108/2108/2108 2111/2111/2111
f 2108/2108/2108 2109/2109/2109 2110/2110/2110
f 2108/2108/2108 2106/2106/2106 2111/2111/2111
f 1054/1054/1054 1052/1052/1052 1053/1053/1053
f 1054/1054/1054 1055/1055/1055 1057/1057/1057
f 1055/1055/1055 1054/1054/1054 1056/1056/1056
f 1052/1052/1052 1054/1054/1054 1057/1057/1057
f 1/1/1 3/3/3 4/4/4
f 5/5/5 4/4/4 3/3/3
f 7/7/7 6/6/6 5/5/5
f 9/9/9 7/7/7 10/10/10
f 11/11/11 10/10/10 12/12/12
f 11/11/11 13/13/13 14/14/14
f 15/15/15 13/13/13 16/16/16
f 17/17/17 16/16/16 18/18/18
f 19/19/19 2/2/2 20/20/20
f 21/21/21 3/3/3 19/19/19
f 22/22/22 5/5/5 21/21/21
f 22/22/22 10/10/10 7/7/7
f 12/12/12 23/23/23 24/24/24
f 13/13/13 24/24/24 25/25/25
f 16/16/16 25/25/25 26/26/26
f 27/27/27 16/16/16 26/26/26
f 28/28/28 2/2/2 29/29/29
f 29/29/29 1/1/1 30/30/30
f 30/30/30 62/62/62 31/31/31
f 30/30/30 32/32/32 29/29/29
f 29/29/29 32/32/32 33/33/33
f 29/29/29 33/33/33 34/34/34
f 28/28/28 34/34/34 35/35/35
f 28/28/28 35/35/35 63/63/63
f 37/37/37 14/14/14 15/15/15
f 39/39/39 9/9/9 11/11/11
f 14/14/14 39/39/39 11/11/11
f 8/8/8 40/40/40 41/41/41
f 6/6/6 41/41/41 42/42/42
f 4/4/4 42/42/42 43/43/43
f 4/4/4 44/44/44 1/1/1
f 30/30/30 44/44/44 45/45/45
f 62/62/62 45/45/45 36/36/36
f 25/25/25 47/47/47 26/26/26
f 64/64/64 26/26/26 47/47/47
f 48/48/48 22/22/22 49/49/49
f 63/63/63 51/51/51 28/28/28
f 20/20/20 51/51/51 52/52/52
f 20/20/20 53/53/53 19/19/19
f 19/19/19 54/54/54 21/21/21
f 49/49/49 21/21/21 54/54/54
f 24/24/24 48/48/48 55/55/55
f 55/55/55 25/25/25 24/24/24
f 56/56/56 15/15/15 17/17/17
f 27/27/27 57/57/57 58/58/58
f 18/18/18 58/58/58 59/59/59
f 60/60/60 18/18/18 59/59/59
f 61/61/61 17/17/17 60/60/60
f 17/17/17 61/61/61 56/56/56
f 18/18/18 60/60/60 17/17/17
f 58/58/58 18/18/18 27/27/27
f 57/57/57 27/27/27 64/64/64
f 15/15/15 56/56/56 37/37/37
f 25/25/25 55/55/55 46/46/46
f 48/48/48 24/24/24 23/23/23
f 21/21/21 49/49/49 22/22/22
f 54/54/54 19/19/19 53/53/53
f 53/53/53 20/20/20 52/52/52
f 51/51/51 20/20/20 28/28/28
f 51/51/51 63/63/63 50/50/50
f 22/22/22 48/48/48 23/23/23
f 26/26/26 64/64/64 27/27/27
f 47/47/47 25/25/25 46/46/46
f 45/45/45 62/62/62 30/30/30
f 44/44/44 30/30/30 1/1/1
f 44/44/44 4/4/4 43/43/43
f 42/42/42 4/4/4 6/6/6
f 41/41/41 6/6/6 8/8/8
f 40/40/40 8/8/8 9/9/9
f 39/39/39 14/14/14 38/38/38
f 9/9/9 39/39/39 40/40/40
f 14/14/14 37/37/37 38/38/38
f 34/34/34 28/28/28 29/29/29
f 32/32/32 30/30/30 31/31/31
f 1/1/1 29/29/29 2/2/2
f 2/2/2 28/28/28 20/20/20
f 16/16/16 27/27/27 18/18/18
f 25/25/25 16/16/16 13/13/13
f 24/24/24 13/13/13 12/12/12
f 23/23/23 12/12/12 10/10/10
f 10/10/10 22/22/22 23/23/23
f 5/5/5 22/22/22 7/7/7
f 3/3/3 21/21/21 5/5/5
f 2/2/2 19/19/19 3/3/3
f 16/16/16 17/17/17 15/15/15
f 13/13/13 15/15/15 14/14/14
f 13/13/13 11/11/11 12/12/12
f 10/10/10 11/11/11 9/9/9
f 7/7/7 9/9/9 8/8/8
f 6/6/6 7/7/7 8/8/8
f 4/4/4 5/5/5 6/6/6
f 3/3/3 1/1/1 2/2/2
f 2123/2123/2123 2118/2118/2118 2125/2125/2125
f 2120/2120/2120 2118/2118/2118 2124/2124/2124
f 2121/2121/2121 2123/2123/2123 2125/2125/2125
f 2123/2123/2123 2121/2121/2121 2119/2119/2119
f 2118/2118/2118 2120/2120/2120 2122/2122/2122
f 2118/2118/2118 2123/2123/2123 2124/2124/2124
f 1044/1044/1044 1051/1051/1051 1050/1050/1050
f 1044/1044/1044 1048/1048/1048 1045/1045/1045
f 1051/1051/1051 1046/1046/1046 1050/1050/1050
f 1046/1046/1046 1051/1051/1051 1047/1047/1047
f 1048/1048/1048 1044/1044/1044 1049/1049/1049
f 1051/1051/1051 1044/1044/1044 1045/1045/1045
f 2105/2105/2105 2099/2099/2099 2104/2104/2104
f 2102/2102/2102 2099/2099/2099 2098/2098/2098
f 2100/2100/2100 2105/2105/2105 2104/2104/2104
f 2105/2105/2105 2100/2100/2100 2103/2103/2103
f 2099/2099/2099 2102/2102/2102 2101/2101/2101
f 2099/2099/2099 2105/2105/2105 2098/2098/2098
f 1058/1058/1058 1063/1063/1063 1065/1065/1065
f 1058/1058/1058 1060/1060/1060 1064/1064/1064
f 1063/1063/1063 1061/1061/1061 1065/1065/1065
f 1061/1061/1061 1063/1063/1063 1059/1059/1059
f 1060/1060/1060 1058/1058/1058 1062/1062/1062
f 1063/1063/1063 1058/1058/1058 1064/1064/1064
f 1126/1126/1126 1127/1127/1127 1125/1125/1125
f 2162/2162/2162 2161/2161/2161 2160/2160/2160
f 2056/2056/2056 2054/2054/2054 2055/2055/2055
f 2057/2057/2057 2062/2062/2062 2060/2060/2060
f 2061/2061/2061 2055/2055/2055 2062/2062/2062
f 2058/2058/2058 2060/2060/2060 2059/2059/2059
f 2060/2060/2060 2058/2058/2058 2057/2057/2057
f 2055/2055/2055 2061/2061/2061 2056/2056/2056
f 2062/2062/2062 2057/2057/2057 2061/2061/2061
f 2054/2054/2054 2056/2056/2056 2053/2053/2053
f 1201/1201/1201 1203/1203/1203 1202/1202/1202
f 1209/1209/1209 1205/1205/1205 1206/1206/1206
f 1202/1202/1202 1208/1208/1208 1209/1209/1209
f 1206/1206/1206 1204/1204/1204 1207/1207/1207
f 1204/1204/1204 1206/1206/1206 1205/1205/1205
f 1208/1208/1208 1202/1202/1202 1203/1203/1203
f 1205/1205/1205 1209/1209/1209 1208/1208/1208
f 1203/1203/1203 1201/1201/1201 1200/1200/1200
f 2153/2153/2153 2150/2150/2150 2152/2152/2152
f 2158/2158/2158 2156/2156/2156 2159/2159/2159
f 2152/2152/2152 2157/2157/2157 2158/2158/2158
f 2159/2159/2159 2155/2155/2155 2154/2154/2154
f 2155/2155/2155 2159/2159/2159 2156/2156/2156
f 2157/2157/2157 2152/2152/2152 2150/2150/2150
f 2156/2156/2156 2158/2158/2158 2157/2157/2157
f 2150/2150/2150 2153/2153/2153 2151/2151/2151
f 2328/2328/2328 2326/2326/2326 2327/2327/2327
f 2251/2251/2251 2246/2246/2246 2255/2255/2255
f 2247/2247/2247 2250/2250/2250 2248/2248/2248
f 2253/2253/2253 2248/2248/2248 2250/2250/2250
f 2256/2256/2256 2246/2246/2246 2245/2245/2245
f 2246/2246/2246 2254/2254/2254 2255/2255/2255
f 2253/2253/2253 2252/2252/2252 2249/2249/2249
f 2246/2246/2246 2256/2256/2256 2254/2254/2254
f 2248/2248/2248 2253/2253/2253 2249/2249/2249
f 2250/2250/2250 2247/2247/2247 2251/2251/2251
f 2246/2246/2246 2251/2251/2251 2247/2247/2247
f 2257/2257/2257 2259/2259/2259 2260/2260/2260
f 2261/2261/2261 2262/2262/2262 2263/2263/2263
f 2265/2265/2265 2267/2267/2267 2264/2264/2264
f 2265/2265/2265 2269/2269/2269 2268/2268/2268
f 2271/2271/2271 2273/2273/2273 2270/2270/2270
f 2274/2274/2274 2271/2271/2271 2270/2270/2270
f 2320/2320/2320 2277/2277/2277 2321/2321/2321
f 2272/2272/2272 2269/2269/2269 2273/2273/2273
f 2319/2319/2319 2260/2260/2260 2262/2262/2262
f 2321/2321/2321 2278/2278/2278 2279/2279/2279
f 2266/2266/2266 2263/2263/2263 2267/2267/2267
f 2319/2319/2319 2280/2280/2280 2281/2281/2281
f 2281/2281/2281 2282/2282/2282 2283/2283/2283
f 2275/2275/2275 2276/2276/2276 2320/2320/2320
f 2320/2320/2320 2285/2285/2285 2275/2275/2275
f 2286/2286/2286 2284/2284/2284 2287/2287/2287
f 2260/2260/2260 2288/2288/2288 2291/2291/2291
f 2258/2258/2258 2288/2288/2288 2259/2259/2259
f 2258/2258/2258 2290/2290/2290 2289/2289/2289
f 2262/2262/2262 2294/2294/2294 2263/2263/2263
f 2267/2267/2267 2297/2297/2297 2264/2264/2264
f 2265/2265/2265 2295/2295/2295 2266/2266/2266
f 2264/2264/2264 2300/2300/2300 2269/2269/2269
f 2268/2268/2268 2296/2296/2296 2265/2265/2265
f 2273/2273/2273 2303/2303/2303 2270/2270/2270
f 2271/2271/2271 2301/2301/2301 2272/2272/2272
f 2270/2270/2270 2306/2306/2306 2274/2274/2274
f 2271/2271/2271 2305/2305/2305 2302/2302/2302
f 2276/2276/2276 2307/2307/2307 2277/2277/2277
f 2269/2269/2269 2304/2304/2304 2273/2273/2273
f 2272/2272/2272 2299/2299/2299 2268/2268/2268
f 2262/2262/2262 2291/2291/2291 2292/2292/2292
f 2319/2319/2319 2290/2290/2290 2257/2257/2257
f 2279/2279/2279 2309/2309/2309 2321/2321/2321
f 2279/2279/2279 2310/2310/2310 2311/2311/2311
f 2277/2277/2277 2310/2310/2310 2278/2278/2278
f 2267/2267/2267 2294/2294/2294 2298/2298/2298
f 2266/2266/2266 2293/2293/2293 2261/2261/2261
f 2261/2261/2261 2312/2312/2312 2280/2280/2280
f 2283/2283/2283 2325/2325/2325 2281/2281/2281
f 2282/2282/2282 2314/2314/2314 2283/2283/2283
f 2280/2280/2280 2313/2313/2313 2282/2282/2282
f 2274/2274/2274 2308/2308/2308 2276/2276/2276
f 2285/2285/2285 2305/2305/2305 2275/2275/2275
f 2320/2320/2320 2316/2316/2316 2284/2284/2284
f 2287/2287/2287 2317/2317/2317 2286/2286/2286
f 2284/2284/2284 2318/2318/2318 2287/2287/2287
f 2286/2286/2286 2315/2315/2315 2285/2285/2285
f 2315/2315/2315 2286/2286/2286 2317/2317/2317
f 2318/2318/2318 2284/2284/2284 2316/2316/2316
f 2317/2317/2317 2287/2287/2287 2318/2318/2318
f 2316/2316/2316 2320/2320/2320 2324/2324/2324
f 2305/2305/2305 2285/2285/2285 2315/2315/2315
f 2308/2308/2308 2274/2274/2274 2306/2306/2306
f 2313/2313/2313 2280/2280/2280 2312/2312/2312
f 2314/2314/2314 2282/2282/2282 2313/2313/2313
f 2325/2325/2325 2283/2283/2283 2314/2314/2314
f 2312/2312/2312 2261/2261/2261 2293/2293/2293
f 2325/2325/2325 2319/2319/2319 2281/2281/2281
f 2293/2293/2293 2266/2266/2266 2295/2295/2295
f 2294/2294/2294 2267/2267/2267 2263/2263/2263
f 2310/2310/2310 2277/2277/2277 2307/2307/2307
f 2310/2310/2310 2279/2279/2279 2278/2278/2278
f 2309/2309/2309 2279/2279/2279 2311/2311/2311
f 2290/2290/2290 2319/2319/2319 2322/2322/2322
f 2291/2291/2291 2262/2262/2262 2260/2260/2260
f 2299/2299/2299 2272/2272/2272 2301/2301/2301
f 2304/2304/2304 2269/2269/2269 2300/2300/2300
f 2307/2307/2307 2276/2276/2276 2308/2308/2308
f 2323/2323/2323 2321/2321/2321 2309/2309/2309
f 2305/2305/2305 2271/2271/2271 2275/2275/2275
f 2306/2306/2306 2270/2270/2270 2303/2303/2303
f 2301/2301/2301 2271/2271/2271 2302/2302/2302
f 2303/2303/2303 2273/2273/2273 2304/2304/2304
f 2296/2296/2296 2268/2268/2268 2299/2299/2299
f 2300/2300/2300 2264/2264/2264 2297/2297/2297
f 2295/2295/2295 2265/2265/2265 2296/2296/2296
f 2297/2297/2297 2267/2267/2267 2298/2298/2298
f 2294/2294/2294 2262/2262/2262 2292/2292/2292
f 2290/2290/2290 2258/2258/2258 2257/2257/2257
f 2288/2288/2288 2258/2258/2258 2289/2289/2289
f 2288/2288/2288 2260/2260/2260 2259/2259/2259
f 2284/2284/2284 2286/2286/2286 2285/2285/2285
f 2285/2285/2285 2320/2320/2320 2284/2284/2284
f 2276/2276/2276 2275/2275/2275 2274/2274/2274
f 2282/2282/2282 2281/2281/2281 2280/2280/2280
f 2280/2280/2280 2319/2319/2319 2261/2261/2261
f 2263/2263/2263 2266/2266/2266 2261/2261/2261
f 2278/2278/2278 2321/2321/2321 2277/2277/2277
f 2260/2260/2260 2319/2319/2319 2257/2257/2257
f 2269/2269/2269 2272/2272/2272 2268/2268/2268
f 2277/2277/2277 2320/2320/2320 2276/2276/2276
f 2271/2271/2271 2274/2274/2274 2275/2275/2275
f 2273/2273/2273 2271/2271/2271 2272/2272/2272
f 2269/2269/2269 2265/2265/2265 2264/2264/2264
f 2267/2267/2267 2265/2265/2265 2266/2266/2266
f 2262/2262/2262 2261/2261/2261 2319/2319/2319
f 2259/2259/2259 2257/2257/2257 2258/2258/2258
f 2163/2163/2163 2165/2165/2165 2166/2166/2166
f 2167/2167/2167 2169/2169/2169 2226/2226/2226
f 2171/2171/2171 2173/2173/2173 2170/2170/2170
f 2175/2175/2175 2173/2173/2173 2174/2174/2174
f 2177/2177/2177 2179/2179/2179 2176/2176/2176
f 2180/2180/2180 2179/2179/2179 2181/2181/2181
f 2227/2227/2227 2182/2182/2182 2183/2183/2183
f 2178/2178/2178 2175/2175/2175 2174/2174/2174
f 2226/2226/2226 2164/2164/2164 2163/2163/2163
f 2228/2228/2228 2185/2185/2185 2182/2182/2182
f 2172/2172/2172 2168/2168/2168 2167/2167/2167
f 2226/2226/2226 2187/2187/2187 2167/2167/2167
f 2186/2186/2186 2189/2189/2189 2187/2187/2187
f 2181/2181/2181 2183/2183/2183 2180/2180/2180
f 2227/2227/2227 2190/2190/2190 2191/2191/2191
f 2192/2192/2192 2191/2191/2191 2190/2190/2190
f 2164/2164/2164 2194/2194/2194 2165/2165/2165
f 2194/2194/2194 2166/2166/2166 2165/2165/2165
f 2166/2166/2166 2196/2196/2196 2163/2163/2163
f 2199/2199/2199 2169/2169/2169 2168/2168/2168
f 2203/2203/2203 2171/2171/2171 2170/2170/2170
f 2201/2201/2201 2173/2173/2173 2172/2172/2172
f 2205/2205/2205 2170/2170/2170 2175/2175/2175
f 2204/2204/2204 2174/2174/2174 2173/2173/2173
f 2209/2209/2209 2177/2177/2177 2176/2176/2176
f 2207/2207/2207 2179/2179/2179 2178/2178/2178
f 2211/2211/2211 2176/2176/2176 2180/2180/2180
f 2179/2179/2179 2212/2212/2212 2181/2181/2181
f 2213/2213/2213 2183/2183/2183 2182/2182/2182
f 2208/2208/2208 2175/2175/2175 2177/2177/2177
f 2206/2206/2206 2178/2178/2178 2174/2174/2174
f 2169/2169/2169 2195/2195/2195 2164/2164/2164
f 2196/2196/2196 2226/2226/2226 2163/2163/2163
f 2214/2214/2214 2184/2184/2184 2228/2228/2228
f 2184/2184/2184 2216/2216/2216 2185/2185/2185
f 2216/2216/2216 2182/2182/2182 2185/2185/2185
f 2171/2171/2171 2199/2199/2199 2168/2168/2168
f 2200/2200/2200 2172/2172/2172 2167/2167/2167
f 2226/2226/2226 2219/2219/2219 2186/2186/2186
f 2218/2218/2218 2167/2167/2167 2187/2187/2187
f 2219/2219/2219 2188/2188/2188 2186/2186/2186
f 2221/2221/2221 2189/2189/2189 2188/2188/2188
f 2220/2220/2220 2187/2187/2187 2189/2189/2189
f 2215/2215/2215 2180/2180/2180 2183/2183/2183
f 2212/2212/2212 2190/2190/2190 2181/2181/2181
f 2223/2223/2223 2227/2227/2227 2191/2191/2191
f 2225/2225/2225 2193/2193/2193 2192/2192/2192
f 2224/2224/2224 2191/2191/2191 2193/2193/2193
f 2222/2222/2222 2192/2192/2192 2190/2190/2190
f 2192/2192/2192 2222/2222/2222 2225/2225/2225
f 2191/2191/2191 2224/2224/2224 2223/2223/2223
f 2193/2193/2193 2225/2225/2225 2224/2224/2224
f 2227/2227/2227 2223/2223/2223 2231/2231/2231
f 2190/2190/2190 2212/2212/2212 2222/2222/2222
f 2180/2180/2180 2215/2215/2215 2211/2211/2211
f 2187/2187/2187 2220/2220/2220 2218/2218/2218
f 2189/2189/2189 2221/2221/2221 2220/2220/2220
f 2188/2188/2188 2219/2219/2219 2221/2221/2221
f 2167/2167/2167 2218/2218/2218 2200/2200/2200
f 2172/2172/2172 2200/2200/2200 2201/2201/2201
f 2199/2199/2199 2171/2171/2171 2202/2202/2202
f 2182/2182/2182 2216/2216/2216 2213/2213/2213
f 2216/2216/2216 2184/2184/2184 2217/2217/2217
f 2184/2184/2184 2214/2214/2214 2217/2217/2217
f 2226/2226/2226 2196/2196/2196 2229/2229/2229
f 2195/2195/2195 2169/2169/2169 2198/2198/2198
f 2178/2178/2178 2206/2206/2206 2207/2207/2207
f 2175/2175/2175 2208/2208/2208 2205/2205/2205
f 2183/2183/2183 2213/2213/2213 2215/2215/2215
f 2228/2228/2228 2230/2230/2230 2214/2214/2214
f 2212/2212/2212 2179/2179/2179 2210/2210/2210
f 2176/2176/2176 2211/2211/2211 2209/2209/2209
f 2179/2179/2179 2207/2207/2207 2210/2210/2210
f 2177/2177/2177 2209/2209/2209 2208/2208/2208
f 2174/2174/2174 2204/2204/2204 2206/2206/2206
f 2170/2170/2170 2205/2205/2205 2203/2203/2203
f 2173/2173/2173 2201/2201/2201 2204/2204/2204
f 2171/2171/2171 2203/2203/2203 2202/2202/2202
f 2169/2169/2169 2199/2199/2199 2198/2198/2198
f 2196/2196/2196 2166/2166/2166 2197/2197/2197
f 2166/2166/2166 2194/2194/2194 2197/2197/2197
f 2194/2194/2194 2164/2164/2164 2195/2195/2195
f 2191/2191/2191 2192/2192/2192 2193/2193/2193
f 2190/2190/2190 2227/2227/2227 2181/2181/2181
f 2183/2183/2183 2181/2181/2181 2227/2227/2227
f 2189/2189/2189 2186/2186/2186 2188/2188/2188
f 2187/2187/2187 2226/2226/2226 2186/2186/2186
f 2168/2168/2168 2172/2172/2172 2171/2171/2171
f 2185/2185/2185 2228/2228/2228 2184/2184/2184
f 2164/2164/2164 2226/2226/2226 2169/2169/2169
f 2175/2175/2175 2178/2178/2178 2177/2177/2177
f 2182/2182/2182 2227/2227/2227 2228/2228/2228
f 2179/2179/2179 2180/2180/2180 2176/2176/2176
f 2179/2179/2179 2177/2177/2177 2178/2178/2178
f 2173/2173/2173 2175/2175/2175 2170/2170/2170
f 2173/2173/2173 2171/2171/2171 2172/2172/2172
f 2169/2169/2169 2167/2167/2167 2168/2168/2168
f 2165/2165/2165 2163/2163/2163 2164/2164/2164
f 2091/2091/2091 2087/2087/2087 2086/2086/2086
f 2086/2086/2086 2092/2092/2092 2091/2091/2091
f 2090/2090/2090 2093/2093/2093 2092/2092/2092
f 2096/2096/2096 2097/2097/2097 2087/2087/2087
f 2087/2087/2087 2097/2097/2097 2088/2088/2088
f 2093/2093/2093 2089/2089/2089 2094/2094/2094
f 2097/2097/2097 2096/2096/2096 2095/2095/2095
f 2093/2093/2093 2090/2090/2090 2089/2089/2089
f 2092/2092/2092 2086/2086/2086 2090/2090/2090
f 2087/2087/2087 2091/2091/2091 2096/2096/2096
f 2036/2036/2036 2038/2038/2038 2035/2035/2035
f 2040/2040/2040 2035/2035/2035 2039/2039/2039
f 2042/2042/2042 2039/2039/2039 2041/2041/2041
f 2044/2044/2044 2041/2041/2041 2051/2051/2051
f 2037/2037/2037 2043/2043/2043 2038/2038/2038
f 2041/2041/2041 2047/2047/2047 2051/2051/2051
f 2049/2049/2049 2037/2037/2037 2046/2046/2046
f 2037/2037/2037 2050/2050/2050 2052/2052/2052
f 2045/2045/2045 2041/2041/2041 2048/2048/2048
f 2050/2050/2050 2037/2037/2037 2049/2049/2049
f 2047/2047/2047 2041/2041/2041 2045/2045/2045
f 2043/2043/2043 2037/2037/2037 2052/2052/2052
f 2041/2041/2041 2044/2044/2044 2042/2042/2042
f 2039/2039/2039 2042/2042/2042 2040/2040/2040
f 2035/2035/2035 2040/2040/2040 2036/2036/2036
f 2038/2038/2038 2036/2036/2036 2037/2037/2037
f 2133/2133/2133 2135/2135/2135 2132/2132/2132
f 2132/2132/2132 2137/2137/2137 2136/2136/2136
f 2136/2136/2136 2139/2139/2139 2138/2138/2138
f 2138/2138/2138 2141/2141/2141 2148/2148/2148
f 2140/2140/2140 2134/2134/2134 2133/2133/2133
f 2143/2143/2143 2138/2138/2138 2148/2148/2148
f 2146/2146/2146 2144/2144/2144 2134/2134/2134
f 2147/2147/2147 2134/2134/2134 2149/2149/2149
f 2142/2142/2142 2145/2145/2145 2138/2138/2138
f 2134/2134/2134 2147/2147/2147 2146/2146/2146
f 2138/2138/2138 2143/2143/2143 2142/2142/2142
f 2134/2134/2134 2140/2140/2140 2149/2149/2149
f 2141/2141/2141 2138/2138/2138 2139/2139/2139
f 2139/2139/2139 2136/2136/2136 2137/2137/2137
f 2137/2137/2137 2132/2132/2132 2135/2135/2135
f 2135/2135/2135 2133/2133/2133 2134/2134/2134
f 2063/2063/2063 2066/2066/2066 2065/2065/2065
f 2069/2069/2069 2072/2072/2072 2071/2071/2071
f 2070/2070/2070 2065/2065/2065 2072/2072/2072
f 2067/2067/2067 2071/2071/2071 2068/2068/2068
f 2071/2071/2071 2067/2067/2067 2069/2069/2069
f 2065/2065/2065 2070/2070/2070 2063/2063/2063
f 2072/2072/2072 2069/2069/2069 2070/2070/2070
f 2066/2066/2066 2063/2063/2063 2064/2064/2064
f 1122/1122/1122 1124/1124/1124 1123/1123/1123
f 1179/1179/1179 1181/1181/1181 1178/1178/1178
f 1183/1183/1183 1185/1185/1185 1182/1182/1182
f 1185/1185/1185 1180/1180/1180 1179/1179/1179
f 1195/1195/1195 1187/1187/1187 1194/1194/1194
f 1189/1189/1189 1197/1197/1197 1188/1188/1188
f 1191/1191/1191 1193/1193/1193 1196/1196/1196
f 1178/1178/1178 1199/1199/1199 1198/1198/1198
f 1183/1183/1183 1192/1192/1192 1191/1191/1191
f 1188/1188/1188 1194/1194/1194 1187/1187/1187
f 1196/1196/1196 1186/1186/1186 1195/1195/1195
f 1186/1186/1186 1196/1196/1196 1193/1193/1193
f 1194/1194/1194 1188/1188/1188 1197/1197/1197
f 1192/1192/1192 1183/1183/1183 1182/1182/1182
f 1199/1199/1199 1178/1178/1178 1181/1181/1181
f 1193/1193/1193 1191/1191/1191 1192/1192/1192
f 1197/1197/1197 1189/1189/1189 1190/1190/1190
f 1187/1187/1187 1195/1195/1195 1186/1186/1186
f 1180/1180/1180 1185/1185/1185 1184/1184/1184
f 1185/1185/1185 1183/1183/1183 1184/1184/1184
f 1181/1181/1181 1179/1179/1179 1180/1180/1180
f 1067/1067/1067 1069/1069/1069 1066/1066/1066
f 1071/1071/1071 1073/1073/1073 1070/1070/1070
f 1068/1068/1068 1071/1071/1071 1069/1069/1069
f 1074/1074/1074 1083/1083/1083 1082/1082/1082
f 1085/1085/1085 1078/1078/1078 1076/1076/1076
f 1079/1079/1079 1081/1081/1081 1084/1084/1084
f 1086/1086/1086 1066/1066/1066 1087/1087/1087
f 1080/1080/1080 1073/1073/1073 1081/1081/1081
f 1082/1082/1082 1076/1076/1076 1074/1074/1074
f 1075/1075/1075 1084/1084/1084 1083/1083/1083
f 1084/1084/1084 1075/1075/1075 1079/1079/1079
f 1076/1076/1076 1082/1082/1082 1085/1085/1085
f 1073/1073/1073 1080/1080/1080 1070/1070/1070
f 1066/1066/1066 1086/1086/1086 1067/1067/1067
f 1081/1081/1081 1079/1079/1079 1080/1080/1080
f 1078/1078/1078 1085/1085/1085 1077/1077/1077
f 1083/1083/1083 1074/1074/1074 1075/1075/1075
f 1071/1071/1071 1068/1068/1068 1072/1072/1072
f 1073/1073/1073 1071/1071/1071 1072/1072/1072
f 1069/1069/1069 1067/1067/1067 1068/1068/1068
f 2112/2112/2112 2114/2114/2114 2113/2113/2113
f 2113/2113/2113 2117/2117/2117 2116/2116/2116
f 2117/2117/2117 2113/2113/2113 2114/2114/2114
f 2114/2114/2114 2112/2112/2112 2115/2115/2115
f 2031/2031/2031 2030/2030/2030 2029/2029/2029
f 2034/2034/2034 2029/2029/2029 2033/2033/2033
f 2029/2029/2029 2034/2034/2034 2031/2031/2031
f 2030/2030/2030 2031/2031/2031 2032/2032/2032
f 1168/1168/1168 1169/1169/1169 1171/1171/1171
f 1171/1171/1171 1172/1172/1172 1173/1173/1173
f 1172/1172/1172 1171/1171/1171 1169/1169/1169
f 1169/1169/1169 1168/1168/1168 1170/1170/1170
f 1281/1281/1281 1280/1280/1280 1282/1282/1282
f 1281/1281/1281 1283/1283/1283 1284/1284/1284
f 1414/1414/1414 1284/1284/1284 1283/1283/1283
f 1285/1285/1285 1287/1287/1287 1288/1288/1288
f 1289/1289/1289 1291/1291/1291 1292/1292/1292
f 1293/1293/1293 1295/1295/1295 1296/1296/1296
f 1297/1297/1297 1299/1299/1299 1300/1300/1300
f 1297/1297/1297 1417/1417/1417 1416/1416/1416
f 1294/1294/1294 1419/1419/1419 1418/1418/1418
f 1290/1290/1290 1421/1421/1421 1420/1420/1420
f 1287/1287/1287 1423/1423/1423 1422/1422/1422
f 1425/1425/1425 1288/1288/1288 1424/1424/1424
f 1427/1427/1427 1291/1291/1291 1426/1426/1426
f 1429/1429/1429 1295/1295/1295 1428/1428/1428
f 1431/1431/1431 1298/1298/1298 1430/1430/1430
f 1416/1416/1416 1301/1301/1301 1297/1297/1297
f 1434/1434/1434 1302/1302/1302 1301/1301/1301
f 1303/1303/1303 1432/1432/1432 1304/1304/1304
f 1297/1297/1297 1304/1304/1304 1298/1298/1298
f 1301/1301/1301 1303/1303/1303 1304/1304/1304
f 1304/1304/1304 1430/1430/1430 1298/1298/1298
f 1305/1305/1305 1428/1428/1428 1295/1295/1295
f 1306/1306/1306 1437/1437/1437 1305/1305/1305
f 1307/1307/1307 1295/1295/1295 1294/1294/1294
f 1418/1418/1418 1307/1307/1307 1294/1294/1294
f 1308/1308/1308 1424/1424/1424 1288/1288/1288
f 1441/1441/1441 1308/1308/1308 1309/1309/1309
f 1310/1310/1310 1288/1288/1288 1287/1287/1287
f 1422/1422/1422 1310/1310/1310 1287/1287/1287
f 1311/1311/1311 1426/1426/1426 1291/1291/1291
f 1311/1311/1311 1444/1444/1444 1443/1443/1443
f 1311/1311/1311 1290/1290/1290 1313/1313/1313
f 1420/1420/1420 1313/1313/1313 1290/1290/1290
f 1312/1312/1312 1313/1313/1313 1314/1314/1314
f 1313/1313/1313 1445/1445/1445 1314/1314/1314
f 1309/1309/1309 1310/1310/1310 1315/1315/1315
f 1310/1310/1310 1446/1446/1446 1315/1315/1315
f 1306/1306/1306 1307/1307/1307 1316/1316/1316
f 1316/1316/1316 1436/1436/1436 1447/1447/1447
f 1317/1317/1317 1449/1449/1449 1318/1318/1318
f 1451/1451/1451 1317/1317/1317 1319/1319/1319
f 1319/1319/1319 1320/1320/1320 1321/1321/1321
f 1320/1320/1320 1318/1318/1318 1322/1322/1322
f 1322/1322/1322 1324/1324/1324 1320/1320/1320
f 1324/1324/1324 1321/1321/1321 1320/1320/1320
f 1325/1325/1325 1326/1326/1326 1327/1327/1327
f 1326/1326/1326 1323/1323/1323 1328/1328/1328
f 1327/1327/1327 1329/1329/1329 1330/1330/1330
f 1329/1329/1329 1328/1328/1328 1331/1331/1331
f 1449/1449/1449 1332/1332/1332 1318/1318/1318
f 1323/1323/1323 1333/1333/1333 1334/1334/1334
f 1328/1328/1328 1334/1334/1334 1335/1335/1335
f 1328/1328/1328 1336/1336/1336 1331/1331/1331
f 1335/1335/1335 1337/1337/1337 1338/1338/1338
f 1335/1335/1335 1453/1453/1453 1336/1336/1336
f 1332/1332/1332 1322/1322/1322 1318/1318/1318
f 1339/1339/1339 1333/1333/1333 1332/1332/1332
f 1339/1339/1339 1334/1334/1334 1333/1333/1333
f 1340/1340/1340 1453/1453/1453 1338/1338/1338
f 1435/1435/1435 1341/1341/1341 1302/1302/1302
f 1448/1448/1448 1342/1342/1342 1332/1332/1332
f 1343/1343/1343 1452/1452/1452 1456/1456/1456
f 1454/1454/1454 1344/1344/1344 1459/1459/1459
f 1345/1345/1345 1338/1338/1338 1337/1337/1337
f 1459/1459/1459 1346/1346/1346 1460/1460/1460
f 1347/1347/1347 1460/1460/1460 1346/1346/1346
f 1339/1339/1339 1342/1342/1342 1348/1348/1348
f 1348/1348/1348 1337/1337/1337 1339/1339/1339
f 1349/1349/1349 1340/1340/1340 1345/1345/1345
f 1343/1343/1343 1458/1458/1458 1350/1350/1350
f 1342/1342/1342 1351/1351/1351 1348/1348/1348
f 1344/1344/1344 1352/1352/1352 1346/1346/1346
f 1347/1347/1347 1352/1352/1352 1353/1353/1353
f 1355/1355/1355 1352/1352/1352 1354/1354/1354
f 1350/1350/1350 1457/1457/1457 1356/1356/1356
f 1357/1357/1357 1358/1358/1358 1359/1359/1359
f 1360/1360/1360 1355/1355/1355 1354/1354/1354
f 1362/1362/1362 1360/1360/1360 1359/1359/1359
f 1350/1350/1350 1357/1357/1357 1363/1363/1363
f 1348/1348/1348 1351/1351/1351 1364/1364/1364
f 1364/1364/1364 1345/1345/1345 1348/1348/1348
f 1365/1365/1365 1359/1359/1359 1360/1360/1360
f 1343/1343/1343 1363/1363/1363 1351/1351/1351
f 1363/1363/1363 1365/1365/1365 1366/1366/1366
f 1367/1367/1367 1349/1349/1349 1364/1364/1364
f 1352/1352/1352 1367/1367/1367 1354/1354/1354
f 1367/1367/1367 1364/1364/1364 1366/1366/1366
f 1365/1365/1365 1354/1354/1354 1367/1367/1367
f 1366/1366/1366 1365/1365/1365 1367/1367/1367
f 1366/1366/1366 1351/1351/1351 1363/1363/1363
f 1368/1368/1368 1433/1433/1433 1303/1303/1303
f 1461/1461/1461 1369/1369/1369 1462/1462/1462
f 1369/1369/1369 1455/1455/1455 1462/1462/1462
f 1470/1470/1470 1309/1309/1309 1370/1370/1370
f 1371/1371/1371 1309/1309/1309 1315/1315/1315
f 1315/1315/1315 1468/1468/1468 1371/1371/1371
f 1467/1467/1467 1312/1312/1312 1372/1372/1372
f 1361/1361/1361 1373/1373/1373 1374/1374/1374
f 1355/1355/1355 1374/1374/1374 1375/1375/1375
f 1347/1347/1347 1376/1376/1376 1369/1369/1369
f 1353/1353/1353 1375/1375/1375 1376/1376/1376
f 1302/1302/1302 1368/1368/1368 1303/1303/1303
f 1377/1377/1377 1463/1463/1463 1368/1368/1368
f 1378/1378/1378 1369/1369/1369 1376/1376/1376
f 1306/1306/1306 1465/1465/1465 1438/1438/1438
f 1380/1380/1380 1465/1465/1465 1379/1379/1379
f 1381/1381/1381 1312/1312/1312 1314/1314/1314
f 1314/1314/1314 1466/1466/1466 1381/1381/1381
f 1466/1466/1466 1380/1380/1380 1381/1381/1381
f 1381/1381/1381 1380/1380/1380 1382/1382/1382
f 1382/1382/1382 1380/1380/1380 1379/1379/1379
f 1379/1379/1379 1316/1316/1316 1383/1383/1383
f 1382/1382/1382 1383/1383/1383 1378/1378/1378
f 1447/1447/1447 1383/1383/1383 1316/1316/1316
f 1464/1464/1464 1377/1377/1377 1383/1383/1383
f 1383/1383/1383 1377/1377/1377 1378/1378/1378
f 1375/1375/1375 1378/1378/1378 1376/1376/1376
f 1368/1368/1368 1369/1369/1369 1378/1378/1378
f 1378/1378/1378 1377/1377/1377 1368/1368/1368
f 1468/1468/1468 1384/1384/1384 1371/1371/1371
f 1384/1384/1384 1467/1467/1467 1372/1372/1372
f 1385/1385/1385 1371/1371/1371 1384/1384/1384
f 1384/1384/1384 1372/1372/1372 1386/1386/1386
f 1386/1386/1386 1385/1385/1385 1384/1384/1384
f 1374/1374/1374 1385/1385/1385 1386/1386/1386
f 1382/1382/1382 1374/1374/1374 1386/1386/1386
f 1381/1381/1381 1386/1386/1386 1372/1372/1372
f 1473/1473/1473 1370/1370/1370 1387/1387/1387
f 1370/1370/1370 1385/1385/1385 1387/1387/1387
f 1473/1473/1473 1388/1388/1388 1474/1474/1474
f 1387/1387/1387 1373/1373/1373 1388/1388/1388
f 1362/1362/1362 1358/1358/1358 1389/1389/1389
f 1476/1476/1476 1475/1475/1475 1389/1389/1389
f 1389/1389/1389 1477/1477/1477 1476/1476/1476
f 1389/1389/1389 1373/1373/1373 1362/1362/1362
f 1474/1474/1474 1389/1389/1389 1475/1475/1475
f 1356/1356/1356 1479/1479/1479 1390/1390/1390
f 1391/1391/1391 1415/1415/1415 1281/1281/1281
f 1390/1390/1390 1480/1480/1480 1391/1391/1391
f 1392/1392/1392 1281/1281/1281 1284/1284/1284
f 1413/1413/1413 1392/1392/1392 1284/1284/1284
f 1393/1393/1393 1391/1391/1391 1392/1392/1392
f 1477/1477/1477 1393/1393/1393 1481/1481/1481
f 1481/1481/1481 1392/1392/1392 1478/1478/1478
f 1358/1358/1358 1390/1390/1390 1393/1393/1393
f 1394/1394/1394 1283/1283/1283 1395/1395/1395
f 1482/1482/1482 1394/1394/1394 1395/1395/1395
f 1280/1280/1280 1396/1396/1396 1282/1282/1282
f 1396/1396/1396 1283/1283/1283 1282/1282/1282
f 1484/1484/1484 1395/1395/1395 1396/1396/1396
f 1396/1396/1396 1483/1483/1483 1484/1484/1484
f 1397/1397/1397 1488/1488/1488 1487/1487/1487
f 1398/1398/1398 1488/1488/1488 1397/1397/1397
f 1299/1299/1299 1489/1489/1489 1398/1398/1398
f 1397/1397/1397 1486/1486/1486 1399/1399/1399
f 1486/1486/1486 1485/1485/1485 1399/1399/1399
f 1400/1400/1400 1493/1493/1493 1492/1492/1492
f 1401/1401/1401 1493/1493/1493 1400/1400/1400
f 1296/1296/1296 1494/1494/1494 1401/1401/1401
f 1400/1400/1400 1491/1491/1491 1402/1402/1402
f 1491/1491/1491 1490/1490/1490 1402/1402/1402
f 1403/1403/1403 1499/1499/1499 1498/1498/1498
f 1404/1404/1404 1498/1498/1498 1496/1496/1496
f 1496/1496/1496 1495/1495/1495 1404/1404/1404
f 1405/1405/1405 1505/1505/1505 1504/1504/1504
f 1406/1406/1406 1505/1505/1505 1405/1405/1405
f 1501/1501/1501 1407/1407/1407 1408/1408/1408
f 1285/1285/1285 1506/1506/1506 1406/1406/1406
f 1503/1503/1503 1286/1286/1286 1407/1407/1407
f 1408/1408/1408 1504/1504/1504 1502/1502/1502
f 1407/1407/1407 1405/1405/1405 1408/1408/1408
f 1502/1502/1502 1501/1501/1501 1408/1408/1408
f 1286/1286/1286 1406/1406/1406 1407/1407/1407
f 1495/1495/1495 1409/1409/1409 1404/1404/1404
f 1292/1292/1292 1500/1500/1500 1410/1410/1410
f 1289/1289/1289 1410/1410/1410 1409/1409/1409
f 1410/1410/1410 1499/1499/1499 1403/1403/1403
f 1403/1403/1403 1409/1409/1409 1410/1410/1410
f 1497/1497/1497 1289/1289/1289 1409/1409/1409
f 1411/1411/1411 1400/1400/1400 1402/1402/1402
f 1507/1507/1507 1293/1293/1293 1411/1411/1411
f 1411/1411/1411 1490/1490/1490 1507/1507/1507
f 1411/1411/1411 1296/1296/1296 1401/1401/1401
f 1398/1398/1398 1399/1399/1399 1412/1412/1412
f 1508/1508/1508 1300/1300/1300 1412/1412/1412
f 1412/1412/1412 1485/1485/1485 1508/1508/1508
f 1300/1300/1300 1398/1398/1398 1412/1412/1412
f 1398/1398/1398 1300/1300/1300 1299/1299/1299
f 1485/1485/1485 1412/1412/1412 1399/1399/1399
f 1300/1300/1300 1508/1508/1508 1417/1417/1417
f 1399/1399/1399 1398/1398/1398 1397/1397/1397
f 1296/1296/1296 1411/1411/1411 1293/1293/1293
f 1490/1490/1490 1411/1411/1411 1402/1402/1402
f 1293/1293/1293 1507/1507/1507 1419/1419/1419
f 1400/1400/1400 1411/1411/1411 1401/1401/1401
f 1289/1289/1289 1497/1497/1497 1421/1421/1421
f 1409/1409/1409 1403/1403/1403 1404/1404/1404
f 1499/1499/1499 1410/1410/1410 1500/1500/1500
f 1410/1410/1410 1289/1289/1289 1292/1292/1292
f 1500/1500/1500 1292/1292/1292 1427/1427/1427
f 1409/1409/1409 1495/1495/1495 1497/1497/1497
f 1406/1406/1406 1286/1286/1286 1285/1285/1285
f 1405/1405/1405 1407/1407/1407 1406/1406/1406
f 1504/1504/1504 1408/1408/1408 1405/1405/1405
f 1286/1286/1286 1503/1503/1503 1423/1423/1423
f 1506/1506/1506 1285/1285/1285 1425/1425/1425
f 1407/1407/1407 1501/1501/1501 1503/1503/1503
f 1505/1505/1505 1406/1406/1406 1506/1506/1506
f 1498/1498/1498 1404/1404/1404 1403/1403/1403
f 1491/1491/1491 1400/1400/1400 1492/1492/1492
f 1494/1494/1494 1296/1296/1296 1429/1429/1429
f 1493/1493/1493 1401/1401/1401 1494/1494/1494
f 1486/1486/1486 1397/1397/1397 1487/1487/1487
f 1489/1489/1489 1299/1299/1299 1431/1431/1431
f 1488/1488/1488 1398/1398/1398 1489/1489/1489
f 1395/1395/1395 1484/1484/1484 1482/1482/1482
f 1283/1283/1283 1396/1396/1396 1395/1395/1395
f 1396/1396/1396 1280/1280/1280 1483/1483/1483
f 1283/1283/1283 1394/1394/1394 1414/1414/1414
f 1390/1390/1390 1358/1358/1358 1356/1356/1356
f 1392/1392/1392 1481/1481/1481 1393/1393/1393
f 1393/1393/1393 1477/1477/1477 1358/1358/1358
f 1391/1391/1391 1393/1393/1393 1390/1390/1390
f 1392/1392/1392 1413/1413/1413 1478/1478/1478
f 1281/1281/1281 1392/1392/1392 1391/1391/1391
f 1480/1480/1480 1390/1390/1390 1479/1479/1479
f 1415/1415/1415 1391/1391/1391 1480/1480/1480
f 1479/1479/1479 1356/1356/1356 1457/1457/1457
f 1389/1389/1389 1474/1474/1474 1388/1388/1388
f 1373/1373/1373 1389/1389/1389 1388/1388/1388
f 1477/1477/1477 1389/1389/1389 1358/1358/1358
f 1358/1358/1358 1362/1362/1362 1359/1359/1359
f 1373/1373/1373 1387/1387/1387 1385/1385/1385
f 1388/1388/1388 1473/1473/1473 1387/1387/1387
f 1385/1385/1385 1370/1370/1370 1371/1371/1371
f 1370/1370/1370 1473/1473/1473 1470/1470/1470
f 1386/1386/1386 1381/1381/1381 1382/1382/1382
f 1374/1374/1374 1382/1382/1382 1375/1375/1375
f 1385/1385/1385 1374/1374/1374 1373/1373/1373
f 1467/1467/1467 1384/1384/1384 1469/1469/1469
f 1384/1384/1384 1468/1468/1468 1469/1469/1469
f 1369/1369/1369 1368/1368/1368 1341/1341/1341
f 1378/1378/1378 1375/1375/1375 1382/1382/1382
f 1377/1377/1377 1464/1464/1464 1471/1471/1471
f 1383/1383/1383 1447/1447/1447 1464/1464/1464
f 1383/1383/1383 1382/1382/1382 1379/1379/1379
f 1316/1316/1316 1379/1379/1379 1306/1306/1306
f 1380/1380/1380 1466/1466/1466 1472/1472/1472
f 1466/1466/1466 1314/1314/1314 1445/1445/1445
f 1312/1312/1312 1381/1381/1381 1372/1372/1372
f 1465/1465/1465 1380/1380/1380 1472/1472/1472
f 1465/1465/1465 1306/1306/1306 1379/1379/1379
f 1463/1463/1463 1377/1377/1377 1471/1471/1471
f 1368/1368/1368 1302/1302/1302 1341/1341/1341
f 1375/1375/1375 1353/1353/1353 1355/1355/1355
f 1376/1376/1376 1347/1347/1347 1353/1353/1353
f 1374/1374/1374 1355/1355/1355 1361/1361/1361
f 1373/1373/1373 1361/1361/1361 1362/1362/1362
f 1312/1312/1312 1467/1467/1467 1444/1444/1444
f 1468/1468/1468 1315/1315/1315 1446/1446/1446
f 1309/1309/1309 1371/1371/1371 1370/1370/1370
f 1309/1309/1309 1470/1470/1470 1441/1441/1441
f 1455/1455/1455 1369/1369/1369 1341/1341/1341
f 1369/1369/1369 1461/1461/1461 1347/1347/1347
f 1433/1433/1433 1368/1368/1368 1463/1463/1463
f 1351/1351/1351 1366/1366/1366 1364/1364/1364
f 1354/1354/1354 1365/1365/1365 1360/1360/1360
f 1367/1367/1367 1352/1352/1352 1349/1349/1349
f 1365/1365/1365 1363/1363/1363 1357/1357/1357
f 1363/1363/1363 1343/1343/1343 1350/1350/1350
f 1359/1359/1359 1365/1365/1365 1357/1357/1357
f 1345/1345/1345 1364/1364/1364 1349/1349/1349
f 1357/1357/1357 1350/1350/1350 1356/1356/1356
f 1360/1360/1360 1362/1362/1362 1361/1361/1361
f 1355/1355/1355 1360/1360/1360 1361/1361/1361
f 1358/1358/1358 1357/1357/1357 1356/1356/1356
f 1457/1457/1457 1350/1350/1350 1458/1458/1458
f 1352/1352/1352 1355/1355/1355 1353/1353/1353
f 1352/1352/1352 1347/1347/1347 1346/1346/1346
f 1352/1352/1352 1344/1344/1344 1349/1349/1349
f 1351/1351/1351 1342/1342/1342 1343/1343/1343
f 1458/1458/1458 1343/1343/1343 1456/1456/1456
f 1340/1340/1340 1349/1349/1349 1344/1344/1344
f 1337/1337/1337 1348/1348/1348 1345/1345/1345
f 1342/1342/1342 1339/1339/1339 1332/1332/1332
f 1460/1460/1460 1347/1347/1347 1461/1461/1461
f 1346/1346/1346 1459/1459/1459 1344/1344/1344
f 1338/1338/1338 1345/1345/1345 1340/1340/1340
f 1344/1344/1344 1454/1454/1454 1340/1340/1340
f 1452/1452/1452 1343/1343/1343 1342/1342/1342
f 1342/1342/1342 1448/1448/1448 1452/1452/1452
f 1341/1341/1341 1435/1435/1435 1455/1455/1455
f 1453/1453/1453 1340/1340/1340 1454/1454/1454
f 1334/1334/1334 1339/1339/1339 1337/1337/1337
f 1322/1322/1322 1332/1332/1332 1333/1333/1333
f 1453/1453/1453 1335/1335/1335 1338/1338/1338
f 1337/1337/1337 1335/1335/1335 1334/1334/1334
f 1336/1336/1336 1328/1328/1328 1335/1335/1335
f 1334/1334/1334 1328/1328/1328 1323/1323/1323
f 1333/1333/1333 1323/1323/1323 1322/1322/1322
f 1332/1332/1332 1449/1449/1449 1448/1448/1448
f 1328/1328/1328 1329/1329/1329 1326/1326/1326
f 1329/1329/1329 1327/1327/1327 1326/1326/1326
f 1323/1323/1323 1326/1326/1326 1324/1324/1324
f 1326/1326/1326 1325/1325/1325 1324/1324/1324
f 1321/1321/1321 1324/1324/1324 1325/1325/1325
f 1324/1324/1324 1322/1322/1322 1323/1323/1323
f 1318/1318/1318 1320/1320/1320 1317/1317/1317
f 1320/1320/1320 1319/1319/1319 1317/1317/1317
f 1317/1317/1317 1451/1451/1451 1450/1450/1450
f 1449/1449/1449 1317/1317/1317 1450/1450/1450
f 1436/1436/1436 1316/1316/1316 1307/1307/1307
f 1307/1307/1307 1306/1306/1306 1305/1305/1305
f 1446/1446/1446 1310/1310/1310 1439/1439/1439
f 1310/1310/1310 1309/1309/1309 1308/1308/1308
f 1445/1445/1445 1313/1313/1313 1442/1442/1442
f 1313/1313/1313 1312/1312/1312 1311/1311/1311
f 1313/1313/1313 1420/1420/1420 1442/1442/1442
f 1290/1290/1290 1311/1311/1311 1291/1291/1291
f 1444/1444/1444 1311/1311/1311 1312/1312/1312
f 1426/1426/1426 1311/1311/1311 1443/1443/1443
f 1310/1310/1310 1422/1422/1422 1439/1439/1439
f 1288/1288/1288 1310/1310/1310 1308/1308/1308
f 1308/1308/1308 1441/1441/1441 1440/1440/1440
f 1424/1424/1424 1308/1308/1308 1440/1440/1440
f 1307/1307/1307 1418/1418/1418 1436/1436/1436
f 1295/1295/1295 1307/1307/1307 1305/1305/1305
f 1437/1437/1437 1306/1306/1306 1438/1438/1438
f 1428/1428/1428 1305/1305/1305 1437/1437/1437
f 1430/1430/1430 1304/1304/1304 1432/1432/1432
f 1303/1303/1303 1301/1301/1301 1302/1302/1302
f 1304/1304/1304 1297/1297/1297 1301/1301/1301
f 1432/1432/1432 1303/1303/1303 1433/1433/1433
f 1302/1302/1302 1434/1434/1434 1435/1435/1435
f 1301/1301/1301 1416/1416/1416 1434/1434/1434
f 1298/1298/1298 1431/1431/1431 1299/1299/1299
f 1295/1295/1295 1429/1429/1429 1296/1296/1296
f 1291/1291/1291 1427/1427/1427 1292/1292/1292
f 1288/1288/1288 1425/1425/1425 1285/1285/1285
f 1423/1423/1423 1287/1287/1287 1286/1286/1286
f 1421/1421/1421 1290/1290/1290 1289/1289/1289
f 1419/1419/1419 1294/1294/1294 1293/1293/1293
f 1417/1417/1417 1297/1297/1297 1300/1300/1300
f 1299/1299/1299 1297/1297/1297 1298/1298/1298
f 1295/1295/1295 1293/1293/1293 1294/1294/1294
f 1291/1291/1291 1289/1289/1289 1290/1290/1290
f 1287/1287/1287 1285/1285/1285 1286/1286/1286
f 1284/1284/1284 1414/1414/1414 1413/1413/1413
f 1283/1283/1283 1281/1281/1281 1282/1282/1282
f 1280/1280/1280 1281/1281/1281 1415/1415/1415
f 694/694/694 565/565/565 695/695/695
f 566/566/566 694/694/694 696/696/696
f 567/567/567 698/698/698 697/697/697
f 568/568/568 699/699/699 698/698/698
f 570/570/570 564/564/564 568/568/568
f 564/564/564 569/569/569 568/568/568
f 567/567/567 570/570/570 568/568/568
f 564/564/564 573/573/573 565/565/565
f 701/701/701 575/575/575 700/700/700
f 696/696/696 575/575/575 566/566/566
f 576/576/576 703/703/703 702/702/702
f 569/569/569 702/702/702 699/699/699
f 575/575/575 577/577/577 576/576/576
f 566/566/566 576/576/576 569/569/569
f 704/704/704 574/574/574 701/701/701
f 577/577/577 705/705/705 703/703/703
f 577/577/577 578/578/578 579/579/579
f 706/706/706 578/578/578 704/704/704
f 705/705/705 581/581/581 707/707/707
f 578/578/578 581/581/581 579/579/579
f 708/708/708 580/580/580 706/706/706
f 707/707/707 581/581/581 709/709/709
f 580/580/580 709/709/709 581/581/581
f 582/582/582 710/710/710 711/711/711
f 710/710/710 584/584/584 712/712/712
f 713/713/713 586/586/586 714/714/714
f 715/715/715 585/585/585 713/713/713
f 583/583/583 586/586/586 585/585/585
f 588/588/588 585/585/585 587/587/587
f 588/588/588 584/584/584 583/583/583
f 717/717/717 590/590/590 716/716/716
f 590/590/590 711/711/711 716/716/716
f 591/591/591 719/719/719 718/718/718
f 714/714/714 591/591/591 718/718/718
f 590/590/590 592/592/592 591/591/591
f 586/586/586 590/590/590 591/591/591
f 593/593/593 721/721/721 720/720/720
f 721/721/721 595/595/595 722/722/722
f 723/723/723 597/597/597 724/724/724
f 584/584/584 723/723/723 712/712/712
f 594/594/594 597/597/597 596/596/596
f 598/598/598 594/594/594 596/596/596
f 596/596/596 584/584/584 598/598/598
f 599/599/599 595/595/595 594/594/594
f 726/726/726 601/601/601 725/725/725
f 601/601/601 720/720/720 725/725/725
f 602/602/602 728/728/728 727/727/727
f 727/727/727 597/597/597 602/602/602
f 602/602/602 600/600/600 603/603/603
f 597/597/597 601/601/601 602/602/602
f 730/730/730 605/605/605 729/729/729
f 729/729/729 606/606/606 731/731/731
f 733/733/733 608/608/608 607/607/607
f 595/595/595 732/732/732 722/722/722
f 608/608/608 604/604/604 607/607/607
f 599/599/599 605/605/605 608/608/608
f 608/608/608 595/595/595 599/599/599
f 609/609/609 606/606/606 605/605/605
f 735/735/735 611/611/611 734/734/734
f 734/734/734 604/604/604 730/730/730
f 612/612/612 737/737/737 736/736/736
f 607/607/607 736/736/736 733/733/733
f 613/613/613 611/611/611 610/610/610
f 607/607/607 611/611/611 612/612/612
f 614/614/614 739/739/739 738/738/738
f 606/606/606 738/738/738 731/731/731
f 740/740/740 617/617/617 741/741/741
f 741/741/741 618/618/618 742/742/742
f 616/616/616 614/614/614 617/617/617
f 614/614/614 618/618/618 617/617/617
f 614/614/614 606/606/606 609/609/609
f 619/619/619 744/744/744 743/743/743
f 615/615/615 743/743/743 739/739/739
f 745/745/745 622/622/622 746/746/746
f 746/746/746 616/616/616 740/740/740
f 621/621/621 619/619/619 622/622/622
f 622/622/622 615/615/615 616/616/616
f 747/747/747 621/621/621 745/745/745
f 748/748/748 623/623/623 747/747/747
f 620/620/620 749/749/749 744/744/744
f 625/625/625 750/750/750 749/749/749
f 621/621/621 625/625/625 620/620/620
f 623/623/623 626/626/626 625/625/625
f 752/752/752 627/627/627 751/751/751
f 751/751/751 624/624/624 748/748/748
f 754/754/754 628/628/628 753/753/753
f 626/626/626 754/754/754 750/750/750
f 628/628/628 752/752/752 753/753/753
f 626/626/626 627/627/627 628/628/628
f 755/755/755 610/610/610 735/735/735
f 756/756/756 629/629/629 755/755/755
f 613/613/613 757/757/757 737/737/737
f 631/631/631 758/758/758 757/757/757
f 613/613/613 629/629/629 631/631/631
f 631/631/631 630/630/630 632/632/632
f 760/760/760 633/633/633 759/759/759
f 759/759/759 630/630/630 756/756/756
f 762/762/762 634/634/634 761/761/761
f 632/632/632 762/762/762 758/758/758
f 634/634/634 760/760/760 761/761/761
f 630/630/630 634/634/634 632/632/632
f 763/763/763 600/600/600 726/726/726
f 764/764/764 635/635/635 763/763/763
f 603/603/603 765/765/765 728/728/728
f 637/637/637 766/766/766 765/765/765
f 603/603/603 635/635/635 637/637/637
f 635/635/635 638/638/638 637/637/637
f 768/768/768 639/639/639 767/767/767
f 767/767/767 636/636/636 764/764/764
f 770/770/770 640/640/640 769/769/769
f 638/638/638 770/770/770 766/766/766
f 639/639/639 769/769/769 640/640/640
f 636/636/636 640/640/640 638/638/638
f 771/771/771 589/589/589 717/717/717
f 592/592/592 772/772/772 719/719/719
f 589/589/589 642/642/642 592/592/592
f 773/773/773 641/641/641 771/771/771
f 642/642/642 774/774/774 772/772/772
f 641/641/641 644/644/644 642/642/642
f 776/776/776 645/645/645 775/775/775
f 775/775/775 643/643/643 773/773/773
f 778/778/778 646/646/646 777/777/777
f 644/644/644 778/778/778 774/774/774
f 645/645/645 777/777/777 646/646/646
f 643/643/643 646/646/646 644/644/644
f 697/697/697 647/647/647 567/567/567
f 780/780/780 647/647/647 779/779/779
f 781/781/781 648/648/648 780/780/780
f 782/782/782 649/649/649 781/781/781
f 782/782/782 651/651/651 650/650/650
f 784/784/784 651/651/651 783/783/783
f 785/785/785 655/655/655 653/653/653
f 786/786/786 654/654/654 785/785/785
f 657/657/657 655/655/655 654/654/654
f 659/659/659 654/654/654 656/656/656
f 660/660/660 658/658/658 657/657/657
f 662/662/662 657/657/657 659/659/659
f 649/649/649 661/661/661 660/660/660
f 662/662/662 649/649/649 660/660/660
f 662/662/662 648/648/648 649/649/649
f 664/664/664 650/650/650 651/651/651
f 661/661/661 665/665/665 658/658/658
f 652/652/652 664/664/664 651/651/651
f 666/666/666 665/665/665 664/664/664
f 658/658/658 668/668/668 655/655/655
f 667/667/667 668/668/668 665/665/665
f 655/655/655 670/670/670 653/653/653
f 669/669/669 670/670/670 668/668/668
f 786/786/786 672/672/672 656/656/656
f 673/673/673 787/787/787 788/788/788
f 674/674/674 656/656/656 672/672/672
f 675/675/675 672/672/672 673/673/673
f 663/663/663 659/659/659 674/674/674
f 676/676/676 674/674/674 675/675/675
f 677/677/677 648/648/648 663/663/663
f 676/676/676 677/677/677 663/663/663
f 788/788/788 678/678/678 673/673/673
f 678/678/678 790/790/790 679/679/679
f 790/790/790 618/618/618 679/679/679
f 673/673/673 680/680/680 675/675/675
f 679/679/679 680/680/680 678/678/678
f 679/679/679 682/682/682 681/681/681
f 609/609/609 682/682/682 618/618/618
f 572/572/572 647/647/647 677/677/677
f 715/715/715 683/683/683 587/587/587
f 791/791/791 565/565/565 683/683/683
f 792/792/792 695/695/695 565/565/565
f 677/677/677 684/684/684 572/572/572
f 676/676/676 675/675/675 685/685/685
f 676/676/676 685/685/685 684/684/684
f 680/680/680 685/685/685 675/675/675
f 680/680/680 687/687/687 686/686/686
f 681/681/681 688/688/688 687/687/687
f 609/609/609 688/688/688 682/682/682
f 686/686/686 690/690/690 685/685/685
f 685/685/685 690/690/690 684/684/684
f 690/690/690 572/572/572 684/684/684
f 687/687/687 689/689/689 686/686/686
f 687/687/687 692/692/692 691/691/691
f 599/599/599 692/692/692 688/688/688
f 693/693/693 691/691/691 692/692/692
f 588/588/588 692/692/692 598/598/598
f 573/573/573 683/683/683 565/565/565
f 587/587/587 693/693/693 588/588/588
f 573/573/573 689/689/689 691/691/691
f 571/571/571 690/690/690 689/689/689
f 584/584/584 588/588/588 598/598/598
f 690/690/690 571/571/571 570/570/570
f 689/689/689 573/573/573 571/571/571
f 693/693/693 587/587/587 683/683/683
f 683/683/683 573/573/573 693/693/693
f 692/692/692 588/588/588 693/693/693
f 691/691/691 693/693/693 573/573/573
f 692/692/692 599/599/599 598/598/598
f 692/692/692 687/687/687 688/688/688
f 689/689/689 687/687/687 691/691/691
f 572/572/572 690/690/690 570/570/570
f 690/690/690 686/686/686 689/689/689
f 688/688/688 609/609/609 599/599/599
f 688/688/688 681/681/681 682/682/682
f 687/687/687 680/680/680 681/681/681
f 685/685/685 680/680/680 686/686/686
f 684/684/684 677/677/677 676/676/676
f 565/565/565 791/791/791 792/792/792
f 683/683/683 715/715/715 791/791/791
f 647/647/647 572/572/572 567/567/567
f 682/682/682 679/679/679 618/618/618
f 680/680/680 679/679/679 681/681/681
f 680/680/680 673/673/673 678/678/678
f 618/618/618 790/790/790 742/742/742
f 790/790/790 678/678/678 789/789/789
f 678/678/678 788/788/788 789/789/789
f 648/648/648 677/677/677 647/647/647
f 674/674/674 676/676/676 663/663/663
f 659/659/659 663/663/663 662/662/662
f 672/672/672 675/675/675 674/674/674
f 656/656/656 674/674/674 659/659/659
f 787/787/787 673/673/673 672/672/672
f 672/672/672 786/786/786 787/787/787
f 670/670/670 669/669/669 671/671/671
f 670/670/670 655/655/655 668/668/668
f 668/668/668 667/667/667 669/669/669
f 668/668/668 658/658/658 665/665/665
f 665/665/665 666/666/666 667/667/667
f 664/664/664 652/652/652 666/666/666
f 665/665/665 661/661/661 664/664/664
f 650/650/650 664/664/664 661/661/661
f 648/648/648 662/662/662 663/663/663
f 661/661/661 649/649/649 650/650/650
f 657/657/657 662/662/662 660/660/660
f 658/658/658 660/660/660 661/661/661
f 654/654/654 659/659/659 657/657/657
f 655/655/655 657/657/657 658/658/658
f 654/654/654 786/786/786 656/656/656
f 655/655/655 785/785/785 654/654/654
f 651/651/651 784/784/784 652/652/652
f 651/651/651 782/782/782 783/783/783
f 649/649/649 782/782/782 650/650/650
f 648/648/648 781/781/781 649/649/649
f 647/647/647 780/780/780 648/648/648
f 647/647/647 697/697/697 779/779/779
f 646/646/646 643/643/643 645/645/645
f 777/777/777 645/645/645 776/776/776
f 778/778/778 644/644/644 646/646/646
f 643/643/643 775/775/775 645/645/645
f 644/644/644 641/641/641 643/643/643
f 774/774/774 642/642/642 644/644/644
f 641/641/641 773/773/773 643/643/643
f 642/642/642 589/589/589 641/641/641
f 772/772/772 592/592/592 642/642/642
f 589/589/589 771/771/771 641/641/641
f 640/640/640 636/636/636 639/639/639
f 769/769/769 639/639/639 768/768/768
f 770/770/770 638/638/638 640/640/640
f 636/636/636 767/767/767 639/639/639
f 638/638/638 635/635/635 636/636/636
f 635/635/635 603/603/603 600/600/600
f 766/766/766 637/637/637 638/638/638
f 765/765/765 603/603/603 637/637/637
f 635/635/635 764/764/764 636/636/636
f 600/600/600 763/763/763 635/635/635
f 634/634/634 630/630/630 633/633/633
f 760/760/760 634/634/634 633/633/633
f 762/762/762 632/632/632 634/634/634
f 630/630/630 759/759/759 633/633/633
f 630/630/630 631/631/631 629/629/629
f 629/629/629 613/613/613 610/610/610
f 758/758/758 631/631/631 632/632/632
f 757/757/757 613/613/613 631/631/631
f 629/629/629 756/756/756 630/630/630
f 610/610/610 755/755/755 629/629/629
f 627/627/627 626/626/626 624/624/624
f 752/752/752 628/628/628 627/627/627
f 754/754/754 626/626/626 628/628/628
f 624/624/624 751/751/751 627/627/627
f 626/626/626 623/623/623 624/624/624
f 625/625/625 621/621/621 623/623/623
f 750/750/750 625/625/625 626/626/626
f 749/749/749 620/620/620 625/625/625
f 623/623/623 748/748/748 624/624/624
f 621/621/621 747/747/747 623/623/623
f 615/615/615 622/622/622 619/619/619
f 619/619/619 621/621/621 620/620/620
f 616/616/616 746/746/746 622/622/622
f 622/622/622 745/745/745 621/621/621
f 743/743/743 615/615/615 619/619/619
f 744/744/744 619/619/619 620/620/620
f 618/618/618 614/614/614 609/609/609
f 614/614/614 616/616/616 615/615/615
f 618/618/618 741/741/741 617/617/617
f 617/617/617 740/740/740 616/616/616
f 738/738/738 606/606/606 614/614/614
f 739/739/739 614/614/614 615/615/615
f 611/611/611 607/607/607 604/604/604
f 611/611/611 613/613/613 612/612/612
f 736/736/736 607/607/607 612/612/612
f 737/737/737 612/612/612 613/613/613
f 604/604/604 734/734/734 611/611/611
f 611/611/611 735/735/735 610/610/610
f 605/605/605 599/599/599 609/609/609
f 604/604/604 608/608/608 605/605/605
f 732/732/732 595/595/595 608/608/608
f 608/608/608 733/733/733 732/732/732
f 606/606/606 729/729/729 605/605/605
f 605/605/605 730/730/730 604/604/604
f 601/601/601 597/597/597 593/593/593
f 600/600/600 602/602/602 601/601/601
f 597/597/597 727/727/727 724/724/724
f 728/728/728 602/602/602 603/603/603
f 720/720/720 601/601/601 593/593/593
f 601/601/601 726/726/726 600/600/600
f 594/594/594 598/598/598 599/599/599
f 597/597/597 594/594/594 593/593/593
f 723/723/723 584/584/584 596/596/596
f 597/597/597 723/723/723 596/596/596
f 595/595/595 721/721/721 594/594/594
f 721/721/721 593/593/593 594/594/594
f 590/590/590 586/586/586 582/582/582
f 592/592/592 590/590/590 589/589/589
f 591/591/591 714/714/714 586/586/586
f 719/719/719 591/591/591 592/592/592
f 711/711/711 590/590/590 582/582/582
f 590/590/590 717/717/717 589/589/589
f 585/585/585 588/588/588 583/583/583
f 586/586/586 583/583/583 582/582/582
f 585/585/585 715/715/715 587/587/587
f 586/586/586 713/713/713 585/585/585
f 584/584/584 710/710/710 583/583/583
f 710/710/710 582/582/582 583/583/583
f 709/709/709 580/580/580 708/708/708
f 581/581/581 578/578/578 580/580/580
f 581/581/581 705/705/705 579/579/579
f 578/578/578 706/706/706 580/580/580
f 578/578/578 577/577/577 574/574/574
f 705/705/705 577/577/577 579/579/579
f 574/574/574 704/704/704 578/578/578
f 576/576/576 566/566/566 575/575/575
f 577/577/577 575/575/575 574/574/574
f 702/702/702 569/569/569 576/576/576
f 703/703/703 576/576/576 577/577/577
f 575/575/575 696/696/696 700/700/700
f 575/575/575 701/701/701 574/574/574
f 573/573/573 564/564/564 571/571/571
f 570/570/570 567/567/567 572/572/572
f 569/569/569 564/564/564 566/566/566
f 564/564/564 570/570/570 571/571/571
f 699/699/699 568/568/568 569/569/569
f 698/698/698 567/567/567 568/568/568
f 694/694/694 566/566/566 564/564/564
f 565/565/565 694/694/694 564/564/564
f 2018/2018/2018 2017/2017/2017 2020/2020/2020
f 2021/2021/2021 2020/2020/2020 2022/2022/2022
f 2020/2020/2020 2021/2021/2021 2018/2018/2018
f 2017/2017/2017 2018/2018/2018 2019/2019/2019
f 1263/1263/1263 1265/1265/1265 1262/1262/1262
f 1264/1264/1264 1267/1267/1267 1265/1265/1265
f 1266/1266/1266 1269/1269/1269 1267/1267/1267
f 1268/1268/1268 1271/1271/1271 1269/1269/1269
f 1270/1270/1270 1273/1273/1273 1271/1271/1271
f 1272/1272/1272 1262/1262/1262 1273/1273/1273
f 1275/1275/1275 1277/1277/1277 1274/1274/1274
f 1275/1275/1275 1279/1279/1279 1278/1278/1278
f 1263/1263/1263 1278/1278/1278 1264/1264/1264
f 1264/1264/1264 1279/1279/1279 1266/1266/1266
f 1266/1266/1266 1274/1274/1274 1268/1268/1268
f 1268/1268/1268 1277/1277/1277 1270/1270/1270
f 1270/1270/1270 1276/1276/1276 1272/1272/1272
f 1272/1272/1272 1275/1275/1275 1263/1263/1263
f 1275/1275/1275 1272/1272/1272 1276/1276/1276
f 1276/1276/1276 1270/1270/1270 1277/1277/1277
f 1277/1277/1277 1268/1268/1268 1274/1274/1274
f 1274/1274/1274 1266/1266/1266 1279/1279/1279
f 1279/1279/1279 1264/1264/1264 1278/1278/1278
f 1278/1278/1278 1263/1263/1263 1275/1275/1275
f 1279/1279/1279 1275/1275/1275 1274/1274/1274
f 1277/1277/1277 1275/1275/1275 1276/1276/1276
f 1262/1262/1262 1272/1272/1272 1263/1263/1263
f 1273/1273/1273 1270/1270/1270 1272/1272/1272
f 1271/1271/1271 1268/1268/1268 1270/1270/1270
f 1269/1269/1269 1266/1266/1266 1268/1268/1268
f 1267/1267/1267 1264/1264/1264 1266/1266/1266
f 1265/1265/1265 1263/1263/1263 1264/1264/1264
f 1147/1147/1147 1149/1149/1149 1146/1146/1146
f 1150/1150/1150 1148/1148/1148 1147/1147/1147
f 1152/1152/1152 1151/1151/1151 1150/1150/1150
f 1154/1154/1154 1153/1153/1153 1152/1152/1152
f 1156/1156/1156 1155/1155/1155 1154/1154/1154
f 1146/1146/1146 1157/1157/1157 1156/1156/1156
f 1159/1159/1159 1161/1161/1161 1158/1158/1158
f 1163/1163/1163 1161/1161/1161 1162/1162/1162
f 1162/1162/1162 1149/1149/1149 1148/1148/1148
f 1163/1163/1163 1148/1148/1148 1151/1151/1151
f 1158/1158/1158 1151/1151/1151 1153/1153/1153
f 1159/1159/1159 1153/1153/1153 1155/1155/1155
f 1160/1160/1160 1155/1155/1155 1157/1157/1157
f 1161/1161/1161 1157/1157/1157 1149/1149/1149
f 1157/1157/1157 1161/1161/1161 1160/1160/1160
f 1155/1155/1155 1160/1160/1160 1159/1159/1159
f 1153/1153/1153 1159/1159/1159 1158/1158/1158
f 1151/1151/1151 1158/1158/1158 1163/1163/1163
f 1148/1148/1148 1163/1163/1163 1162/1162/1162
f 1149/1149/1149 1162/1162/1162 1161/1161/1161
f 1161/1161/1161 1163/1163/1163 1158/1158/1158
f 1161/1161/1161 1159/1159/1159 1160/1160/1160
f 1157/1157/1157 1146/1146/1146 1149/1149/1149
f 1155/1155/1155 1156/1156/1156 1157/1157/1157
f 1153/1153/1153 1154/1154/1154 1155/1155/1155
f 1151/1151/1151 1152/1152/1152 1153/1153/1153
f 1148/1148/1148 1150/1150/1150 1151/1151/1151
f 1149/1149/1149 1147/1147/1147 1148/1148/1148
f 1165/1165/1165 1167/1167/1167 1164/1164/1164
f 1167/1167/1167 1165/1165/1165 1166/1166/1166
f 1037/1037/1037 1039/1039/1039 1036/1036/1036
f 1039/1039/1039 1037/1037/1037 1038/1038/1038
f 1176/1176/1176 1174/1174/1174 1175/1175/1175
f 1174/1174/1174 1176/1176/1176 1177/1177/1177
f 1040/1040/1040 1042/1042/1042 1041/1041/1041
f 1042/1042/1042 1040/1040/1040 1043/1043/1043
f 290/290/290 67/67/67 68/68/68
f 290/290/290 69/69/69 291/291/291
f 291/291/291 70/70/70 292/292/292
f 292/292/292 71/71/71 293/293/293
f 294/294/294 71/71/71 72/72/72
f 294/294/294 73/73/73 66/66/66
f 74/74/74 70/70/70 69/69/69
f 68/68/68 76/76/76 77/77/77
f 77/77/77 69/69/69 68/68/68
f 78/78/78 77/77/77 76/76/76
f 74/74/74 79/79/79 80/80/80
f 81/81/81 80/80/80 79/79/79
f 83/83/83 79/79/79 78/78/78
f 84/84/84 72/72/72 85/85/85
f 75/75/75 80/80/80 86/86/86
f 87/87/87 85/85/85 88/88/88
f 71/71/71 75/75/75 89/89/89
f 85/85/85 71/71/71 89/89/89
f 86/86/86 82/82/82 90/90/90
f 91/91/91 88/88/88 92/92/92
f 75/75/75 93/93/93 89/89/89
f 88/88/88 89/89/89 93/93/93
f 86/86/86 94/94/94 93/93/93
f 92/92/92 93/93/93 94/94/94
f 95/95/95 97/97/97 98/98/98
f 81/81/81 99/99/99 100/100/100
f 101/101/101 95/95/95 98/98/98
f 100/100/100 101/101/101 98/98/98
f 98/98/98 102/102/102 100/100/100
f 82/82/82 100/100/100 102/102/102
f 90/90/90 102/102/102 103/103/103
f 103/103/103 98/98/98 97/97/97
f 104/104/104 106/106/106 107/107/107
f 97/97/97 107/107/107 106/106/106
f 103/103/103 106/106/106 108/108/108
f 108/108/108 90/90/90 103/103/103
f 105/105/105 104/104/104 109/109/109
f 109/109/109 111/111/111 105/105/105
f 110/110/110 92/92/92 111/111/111
f 111/111/111 94/94/94 108/108/108
f 108/108/108 105/105/105 111/111/111
f 112/112/112 113/113/113 114/114/114
f 115/115/115 114/114/114 116/116/116
f 117/117/117 116/116/116 118/118/118
f 118/118/118 119/119/119 117/117/117
f 120/120/120 65/65/65 295/295/295
f 122/122/122 296/296/296 121/121/121
f 121/121/121 124/124/124 122/122/122
f 125/125/125 122/122/122 126/126/126
f 122/122/122 124/124/124 126/126/126
f 125/125/125 127/127/127 128/128/128
f 114/114/114 130/130/130 116/116/116
f 297/297/297 125/125/125 298/298/298
f 125/125/125 128/128/128 298/298/298
f 298/298/298 128/128/128 131/131/131
f 128/128/128 130/130/130 131/131/131
f 130/130/130 129/129/129 131/131/131
f 132/132/132 131/131/131 129/129/129
f 299/299/299 131/131/131 132/132/132
f 129/129/129 113/113/113 133/133/133
f 132/132/132 133/133/133 134/134/134
f 299/299/299 134/134/134 300/300/300
f 135/135/135 133/133/133 113/113/113
f 134/134/134 135/135/135 136/136/136
f 137/137/137 112/112/112 138/138/138
f 95/95/95 139/139/139 140/140/140
f 141/141/141 139/139/139 142/142/142
f 120/120/120 304/304/304 143/143/143
f 67/67/67 144/144/144 76/76/76
f 144/144/144 143/143/143 145/145/145
f 78/78/78 144/144/144 146/146/146
f 146/146/146 145/145/145 147/147/147
f 78/78/78 148/148/148 83/83/83
f 83/83/83 149/149/149 99/99/99
f 139/139/139 99/99/99 149/149/149
f 138/138/138 142/142/142 137/137/137
f 137/137/137 135/135/135 113/113/113
f 143/143/143 303/303/303 150/150/150
f 145/145/145 150/150/150 147/147/147
f 150/150/150 302/302/302 151/151/151
f 147/147/147 152/152/152 153/153/153
f 146/146/146 153/153/153 148/148/148
f 152/152/152 150/150/150 151/151/151
f 154/154/154 139/139/139 149/149/149
f 148/148/148 154/154/154 149/149/149
f 151/151/151 301/301/301 136/136/136
f 155/155/155 151/151/151 136/136/136
f 301/301/301 134/134/134 136/136/136
f 135/135/135 155/155/155 136/136/136
f 155/155/155 142/142/142 154/154/154
f 154/154/154 152/152/152 155/155/155
f 157/157/157 159/159/159 160/160/160
f 161/161/161 160/160/160 159/159/159
f 158/158/158 306/306/306 159/159/159
f 305/305/305 159/159/159 306/306/306
f 163/163/163 308/308/308 164/164/164
f 165/165/165 66/66/66 73/73/73
f 307/307/307 166/166/166 314/314/314
f 161/161/161 314/314/314 167/167/167
f 167/167/167 314/314/314 166/166/166
f 163/163/163 169/169/169 166/166/166
f 170/170/170 166/166/166 169/169/169
f 167/167/167 166/166/166 170/170/170
f 162/162/162 167/167/167 171/171/171
f 170/170/170 172/172/172 173/173/173
f 171/171/171 170/170/170 173/173/173
f 174/174/174 160/160/160 175/175/175
f 162/162/162 175/175/175 160/160/160
f 176/176/176 73/73/73 84/84/84
f 310/310/310 165/165/165 177/177/177
f 177/177/177 165/165/165 176/176/176
f 168/168/168 164/164/164 178/178/178
f 179/179/179 168/168/168 178/178/178
f 310/310/310 180/180/180 311/311/311
f 311/311/311 181/181/181 312/312/312
f 164/164/164 313/313/313 182/182/182
f 312/312/312 182/182/182 313/313/313
f 183/183/183 84/84/84 87/87/87
f 177/177/177 184/184/184 180/180/180
f 181/181/181 184/184/184 185/185/185
f 182/182/182 185/185/185 186/186/186
f 178/178/178 182/182/182 186/186/186
f 187/187/187 87/87/87 91/91/91
f 179/179/179 178/178/178 188/188/188
f 189/189/189 178/178/178 186/186/186
f 190/190/190 186/186/186 185/185/185
f 184/184/184 183/183/183 191/191/191
f 191/191/191 185/185/185 184/184/184
f 117/117/117 192/192/192 193/193/193
f 117/117/117 194/194/194 115/115/115
f 138/138/138 115/115/115 194/194/194
f 195/195/195 138/138/138 194/194/194
f 96/96/96 140/140/140 196/196/196
f 140/140/140 195/195/195 196/196/196
f 192/192/192 198/198/198 193/193/193
f 193/193/193 199/199/199 194/194/194
f 199/199/199 195/195/195 194/194/194
f 200/200/200 91/91/91 110/110/110
f 191/191/191 187/187/187 201/201/201
f 201/201/201 187/187/187 200/200/200
f 202/202/202 201/201/201 200/200/200
f 190/190/190 201/201/201 202/202/202
f 200/200/200 109/109/109 203/203/203
f 204/204/204 200/200/200 203/203/203
f 189/189/189 202/202/202 204/204/204
f 204/204/204 188/188/188 189/189/189
f 198/198/198 206/206/206 207/207/207
f 208/208/208 195/195/195 199/199/199
f 208/208/208 198/198/198 207/207/207
f 209/209/209 169/169/169 210/210/210
f 169/169/169 179/179/179 210/210/210
f 211/211/211 188/188/188 205/205/205
f 212/212/212 209/209/209 214/214/214
f 215/215/215 205/205/205 204/204/204
f 209/209/209 216/216/216 214/214/214
f 179/179/179 211/211/211 210/210/210
f 216/216/216 210/210/210 211/211/211
f 217/217/217 207/207/207 218/218/218
f 215/215/215 203/203/203 219/219/219
f 220/220/220 216/216/216 211/211/211
f 205/205/205 220/220/220 211/211/211
f 222/222/222 221/221/221 220/220/220
f 220/220/220 219/219/219 222/222/222
f 217/217/217 218/218/218 223/223/223
f 203/203/203 104/104/104 224/224/224
f 219/219/219 203/203/203 224/224/224
f 223/223/223 225/225/225 217/217/217
f 96/96/96 226/226/226 107/107/107
f 226/226/226 208/208/208 217/217/217
f 224/224/224 107/107/107 226/226/226
f 225/225/225 224/224/224 226/226/226
f 226/226/226 217/217/217 225/225/225
f 222/222/222 224/224/224 225/225/225
f 227/227/227 218/218/218 228/228/228
f 223/223/223 227/227/227 221/221/221
f 227/227/227 216/216/216 221/221/221
f 229/229/229 212/212/212 228/228/228
f 228/228/228 207/207/207 206/206/206
f 212/212/212 227/227/227 228/228/228
f 230/230/230 173/173/173 172/172/172
f 171/171/171 231/231/231 175/175/175
f 230/230/230 209/209/209 213/213/213
f 175/175/175 232/232/232 174/174/174
f 231/231/231 233/233/233 232/232/232
f 234/234/234 232/232/232 233/233/233
f 192/192/192 236/236/236 197/197/197
f 197/197/197 237/237/237 206/206/206
f 237/237/237 236/236/236 238/238/238
f 238/238/238 240/240/240 241/241/241
f 213/213/213 212/212/212 229/229/229
f 206/206/206 229/229/229 228/228/228
f 237/237/237 242/242/242 229/229/229
f 238/238/238 243/243/243 242/242/242
f 244/244/244 213/213/213 229/229/229
f 233/233/233 230/230/230 244/244/244
f 245/245/245 233/233/233 244/244/244
f 234/234/234 245/245/245 246/246/246
f 245/245/245 243/243/243 246/246/246
f 244/244/244 242/242/242 245/245/245
f 247/247/247 234/234/234 246/246/246
f 174/174/174 234/234/234 248/248/248
f 239/239/239 236/236/236 235/235/235
f 127/127/127 124/124/124 249/249/249
f 116/116/116 250/250/250 118/118/118
f 249/249/249 130/130/130 127/127/127
f 251/251/251 250/250/250 252/252/252
f 250/250/250 249/249/249 252/252/252
f 118/118/118 251/251/251 119/119/119
f 235/235/235 119/119/119 251/251/251
f 251/251/251 253/253/253 254/254/254
f 255/255/255 239/239/239 254/254/254
f 254/254/254 256/256/256 255/255/255
f 254/254/254 235/235/235 251/251/251
f 249/249/249 123/123/123 257/257/257
f 252/252/252 257/257/257 253/253/253
f 258/258/258 257/257/257 123/123/123
f 257/257/257 259/259/259 260/260/260
f 260/260/260 253/253/253 257/257/257
f 123/123/123 261/261/261 258/258/258
f 261/261/261 296/296/296 315/315/315
f 262/262/262 259/259/259 258/258/258
f 258/258/258 261/261/261 262/262/262
f 262/262/262 261/261/261 263/263/263
f 156/156/156 264/264/264 316/316/316
f 317/317/317 316/316/316 265/265/265
f 263/263/263 315/315/315 320/320/320
f 266/266/266 263/263/263 320/320/320
f 157/157/157 248/248/248 267/267/267
f 316/316/316 264/264/264 265/265/265
f 268/268/268 264/264/264 158/158/158
f 157/157/157 268/268/268 158/158/158
f 267/267/267 247/247/247 269/269/269
f 270/270/270 263/263/263 266/266/266
f 260/260/260 262/262/262 270/270/270
f 260/260/260 270/270/270 271/271/271
f 256/256/256 260/260/260 271/271/271
f 256/256/256 272/272/272 255/255/255
f 274/274/274 240/240/240 273/273/273
f 255/255/255 273/273/273 240/240/240
f 243/243/243 274/274/274 275/275/275
f 247/247/247 243/243/243 275/275/275
f 276/276/276 267/267/267 269/269/269
f 265/265/265 268/268/268 276/276/276
f 277/277/277 278/278/278 279/279/279
f 280/280/280 320/320/320 319/319/319
f 278/278/278 266/266/266 280/280/280
f 280/280/280 279/279/279 278/278/278
f 277/277/277 271/271/271 278/278/278
f 271/271/271 270/270/270 278/278/278
f 272/272/272 281/281/281 273/273/273
f 282/282/282 280/280/280 319/319/319
f 279/279/279 282/282/282 283/283/283
f 277/277/277 283/283/283 281/281/281
f 282/282/282 318/318/318 284/284/284
f 274/274/274 281/281/281 285/285/285
f 281/281/281 286/286/286 285/285/285
f 284/284/284 283/283/283 282/282/282
f 269/269/269 275/275/275 287/287/287
f 275/275/275 285/285/285 287/287/287
f 288/288/288 318/318/318 317/317/317
f 289/289/289 284/284/284 288/288/288
f 317/317/317 265/265/265 288/288/288
f 288/288/288 276/276/276 289/289/289
f 289/289/289 269/269/269 287/287/287
f 289/289/289 285/285/285 286/286/286
f 285/285/285 289/289/289 287/287/287
f 269/269/269 289/289/289 276/276/276
f 276/276/276 288/288/288 265/265/265
f 284/284/284 289/289/289 286/286/286
f 318/318/318 288/288/288 284/284/284
f 285/285/285 275/275/275 274/274/274
f 275/275/275 269/269/269 247/247/247
f 283/283/283 284/284/284 286/286/286
f 286/286/286 281/281/281 283/283/283
f 281/281/281 274/274/274 273/273/273
f 318/318/318 282/282/282 319/319/319
f 283/283/283 277/277/277 279/279/279
f 282/282/282 279/279/279 280/280/280
f 281/281/281 272/272/272 277/277/277
f 271/271/271 277/277/277 272/272/272
f 266/266/266 278/278/278 270/270/270
f 320/320/320 280/280/280 266/266/266
f 268/268/268 265/265/265 264/264/264
f 267/267/267 276/276/276 268/268/268
f 243/243/243 247/247/247 246/246/246
f 274/274/274 243/243/243 241/241/241
f 273/273/273 255/255/255 272/272/272
f 240/240/240 274/274/274 241/241/241
f 272/272/272 256/256/256 271/271/271
f 262/262/262 260/260/260 259/259/259
f 263/263/263 270/270/270 262/262/262
f 247/247/247 267/267/267 248/248/248
f 268/268/268 157/157/157 267/267/267
f 248/248/248 157/157/157 174/174/174
f 315/315/315 263/263/263 261/261/261
f 264/264/264 156/156/156 158/158/158
f 296/296/296 261/261/261 121/121/121
f 261/261/261 123/123/123 121/121/121
f 253/253/253 260/260/260 256/256/256
f 257/257/257 258/258/258 259/259/259
f 257/257/257 252/252/252 249/249/249
f 123/123/123 249/249/249 124/124/124
f 235/235/235 254/254/254 239/239/239
f 256/256/256 254/254/254 253/253/253
f 239/239/239 255/255/255 240/240/240
f 253/253/253 251/251/251 252/252/252
f 119/119/119 235/235/235 192/192/192
f 251/251/251 118/118/118 250/250/250
f 130/130/130 249/249/249 250/250/250
f 250/250/250 116/116/116 130/130/130
f 124/124/124 127/127/127 126/126/126
f 236/236/236 239/239/239 238/238/238
f 234/234/234 174/174/174 232/232/232
f 234/234/234 247/247/247 248/248/248
f 242/242/242 244/244/244 229/229/229
f 243/243/243 245/245/245 242/242/242
f 245/245/245 234/234/234 233/233/233
f 213/213/213 244/244/244 230/230/230
f 243/243/243 238/238/238 241/241/241
f 242/242/242 237/237/237 238/238/238
f 229/229/229 206/206/206 237/237/237
f 240/240/240 238/238/238 239/239/239
f 237/237/237 197/197/197 236/236/236
f 236/236/236 192/192/192 235/235/235
f 233/233/233 231/231/231 230/230/230
f 232/232/232 175/175/175 231/231/231
f 209/209/209 230/230/230 172/172/172
f 231/231/231 171/171/171 173/173/173
f 173/173/173 230/230/230 231/231/231
f 227/227/227 212/212/212 214/214/214
f 207/207/207 228/228/228 218/218/218
f 216/216/216 227/227/227 214/214/214
f 227/227/227 223/223/223 218/218/218
f 224/224/224 222/222/222 219/219/219
f 107/107/107 224/224/224 104/104/104
f 208/208/208 226/226/226 196/196/196
f 226/226/226 96/96/96 196/196/196
f 225/225/225 223/223/223 222/222/222
f 104/104/104 203/203/203 109/109/109
f 219/219/219 220/220/220 215/215/215
f 221/221/221 222/222/222 223/223/223
f 220/220/220 205/205/205 215/215/215
f 216/216/216 220/220/220 221/221/221
f 203/203/203 215/215/215 204/204/204
f 207/207/207 217/217/217 208/208/208
f 211/211/211 179/179/179 188/188/188
f 216/216/216 209/209/209 210/210/210
f 209/209/209 212/212/212 213/213/213
f 179/179/179 169/169/169 168/168/168
f 169/169/169 209/209/209 172/172/172
f 198/198/198 208/208/208 199/199/199
f 195/195/195 208/208/208 196/196/196
f 206/206/206 198/198/198 197/197/197
f 188/188/188 204/204/204 205/205/205
f 202/202/202 189/189/189 190/190/190
f 200/200/200 204/204/204 202/202/202
f 109/109/109 200/200/200 110/110/110
f 201/201/201 190/190/190 191/191/191
f 187/187/187 191/191/191 183/183/183
f 91/91/91 200/200/200 187/187/187
f 199/199/199 193/193/193 198/198/198
f 198/198/198 192/192/192 197/197/197
f 195/195/195 140/140/140 141/141/141
f 140/140/140 96/96/96 95/95/95
f 138/138/138 195/195/195 141/141/141
f 115/115/115 138/138/138 112/112/112
f 194/194/194 117/117/117 193/193/193
f 192/192/192 117/117/117 119/119/119
f 185/185/185 191/191/191 190/190/190
f 183/183/183 184/184/184 176/176/176
f 186/186/186 190/190/190 189/189/189
f 178/178/178 189/189/189 188/188/188
f 87/87/87 187/187/187 183/183/183
f 182/182/182 178/178/178 164/164/164
f 185/185/185 182/182/182 181/181/181
f 184/184/184 181/181/181 180/180/180
f 184/184/184 177/177/177 176/176/176
f 84/84/84 183/183/183 176/176/176
f 182/182/182 312/312/312 181/181/181
f 313/313/313 164/164/164 308/308/308
f 181/181/181 311/311/311 180/180/180
f 180/180/180 310/310/310 177/177/177
f 164/164/164 168/168/168 163/163/163
f 165/165/165 310/310/310 309/309/309
f 73/73/73 176/176/176 165/165/165
f 175/175/175 162/162/162 171/171/171
f 160/160/160 174/174/174 157/157/157
f 170/170/170 171/171/171 167/167/167
f 172/172/172 170/170/170 169/169/169
f 167/167/167 162/162/162 161/161/161
f 169/169/169 163/163/163 168/168/168
f 314/314/314 161/161/161 305/305/305
f 166/166/166 307/307/307 163/163/163
f 66/66/66 165/165/165 309/309/309
f 308/308/308 163/163/163 307/307/307
f 159/159/159 305/305/305 161/161/161
f 306/306/306 158/158/158 156/156/156
f 160/160/160 161/161/161 162/162/162
f 159/159/159 157/157/157 158/158/158
f 152/152/152 154/154/154 153/153/153
f 142/142/142 155/155/155 137/137/137
f 155/155/155 135/135/135 137/137/137
f 134/134/134 301/301/301 300/300/300
f 151/151/151 155/155/155 152/152/152
f 301/301/301 151/151/151 302/302/302
f 154/154/154 148/148/148 153/153/153
f 139/139/139 154/154/154 142/142/142
f 153/153/153 146/146/146 147/147/147
f 152/152/152 147/147/147 150/150/150
f 302/302/302 150/150/150 303/303/303
f 150/150/150 145/145/145 143/143/143
f 303/303/303 143/143/143 304/304/304
f 142/142/142 138/138/138 141/141/141
f 99/99/99 139/139/139 101/101/101
f 149/149/149 83/83/83 148/148/148
f 148/148/148 78/78/78 146/146/146
f 145/145/145 146/146/146 144/144/144
f 144/144/144 78/78/78 76/76/76
f 143/143/143 144/144/144 120/120/120
f 144/144/144 67/67/67 120/120/120
f 304/304/304 120/120/120 295/295/295
f 139/139/139 141/141/141 140/140/140
f 139/139/139 95/95/95 101/101/101
f 112/112/112 137/137/137 113/113/113
f 135/135/135 134/134/134 133/133/133
f 134/134/134 299/299/299 132/132/132
f 133/133/133 132/132/132 129/129/129
f 113/113/113 129/129/129 114/114/114
f 131/131/131 299/299/299 298/298/298
f 130/130/130 128/128/128 127/127/127
f 125/125/125 297/297/297 122/122/122
f 130/130/130 114/114/114 129/129/129
f 127/127/127 125/125/125 126/126/126
f 124/124/124 121/121/121 123/123/123
f 296/296/296 122/122/122 297/297/297
f 65/65/65 120/120/120 67/67/67
f 116/116/116 117/117/117 115/115/115
f 114/114/114 115/115/115 112/112/112
f 105/105/105 108/108/108 106/106/106
f 94/94/94 111/111/111 92/92/92
f 92/92/92 110/110/110 91/91/91
f 111/111/111 109/109/109 110/110/110
f 90/90/90 108/108/108 94/94/94
f 106/106/106 103/103/103 97/97/97
f 107/107/107 97/97/97 96/96/96
f 106/106/106 104/104/104 105/105/105
f 98/98/98 103/103/103 102/102/102
f 102/102/102 90/90/90 82/82/82
f 100/100/100 82/82/82 81/81/81
f 101/101/101 100/100/100 99/99/99
f 99/99/99 81/81/81 83/83/83
f 97/97/97 95/95/95 96/96/96
f 93/93/93 92/92/92 88/88/88
f 94/94/94 86/86/86 90/90/90
f 89/89/89 88/88/88 85/85/85
f 93/93/93 75/75/75 86/86/86
f 88/88/88 91/91/91 87/87/87
f 82/82/82 86/86/86 80/80/80
f 71/71/71 85/85/85 72/72/72
f 75/75/75 71/71/71 70/70/70
f 85/85/85 87/87/87 84/84/84
f 80/80/80 75/75/75 74/74/74
f 72/72/72 84/84/84 73/73/73
f 79/79/79 83/83/83 81/81/81
f 80/80/80 81/81/81 82/82/82
f 79/79/79 74/74/74 77/77/77
f 77/77/77 78/78/78 79/79/79
f 69/69/69 77/77/77 74/74/74
f 76/76/76 68/68/68 67/67/67
f 70/70/70 74/74/74 75/75/75
f 73/73/73 294/294/294 72/72/72
f 71/71/71 294/294/294 293/293/293
f 71/71/71 292/292/292 70/70/70
f 70/70/70 291/291/291 69/69/69
f 69/69/69 290/290/290 68/68/68
f 67/67/67 290/290/290 65/65/65
f 1696/1696/1696 1698/1698/1698 1695/1695/1695
f 1699/1699/1699 1701/1701/1701 1746/1746/1746
f 1702/1702/1702 1704/1704/1704 1747/1747/1747
f 1705/1705/1705 1707/1707/1707 1748/1748/1748
f 1709/1709/1709 1708/1708/1708 1710/1710/1710
f 1708/1708/1708 1750/1750/1750 1710/1710/1710
f 1710/1710/1710 1749/1749/1749 1712/1712/1712
f 1749/1749/1749 1711/1711/1711 1712/1712/1712
f 1712/1712/1712 1711/1711/1711 1751/1751/1751
f 1751/1751/1751 1710/1710/1710 1712/1712/1712
f 1713/1713/1713 1697/1697/1697 1696/1696/1696
f 1715/1715/1715 1701/1701/1701 1700/1700/1700
f 1715/1715/1715 1713/1713/1713 1716/1716/1716
f 1753/1753/1753 1699/1699/1699 1746/1746/1746
f 1718/1718/1718 1704/1704/1704 1703/1703/1703
f 1718/1718/1718 1753/1753/1753 1719/1719/1719
f 1702/1702/1702 1754/1754/1754 1720/1720/1720
f 1721/1721/1721 1706/1706/1706 1722/1722/1722
f 1722/1722/1722 1754/1754/1754 1721/1721/1721
f 1705/1705/1705 1723/1723/1723 1755/1755/1755
f 1724/1724/1724 1751/1751/1751 1756/1756/1756
f 1756/1756/1756 1723/1723/1723 1724/1724/1724
f 1695/1695/1695 1752/1752/1752 1725/1725/1725
f 1727/1727/1727 1728/1728/1728 1729/1729/1729
f 1757/1757/1757 1726/1726/1726 1725/1725/1725
f 1725/1725/1725 1752/1752/1752 1757/1757/1757
f 1727/1727/1727 1730/1730/1730 1758/1758/1758
f 1759/1759/1759 1732/1732/1732 1733/1733/1733
f 1735/1735/1735 1760/1760/1760 1734/1734/1734
f 1761/1761/1761 1762/1762/1762 1739/1739/1739
f 1739/1739/1739 1738/1738/1738 1761/1761/1761
f 1736/1736/1736 1741/1741/1741 1740/1740/1740
f 1741/1741/1741 1762/1762/1762 1740/1740/1740
f 1742/1742/1742 1733/1733/1733 1732/1732/1732
f 1743/1743/1743 1734/1734/1734 1760/1760/1760
f 1744/1744/1744 1730/1730/1730 1745/1745/1745
f 1731/1731/1731 1744/1744/1744 1745/1745/1745
f 1744/1744/1744 1731/1731/1731 1759/1759/1759
f 1730/1730/1730 1744/1744/1744 1758/1758/1758
f 1734/1734/1734 1743/1743/1743 1742/1742/1742
f 1733/1733/1733 1742/1742/1742 1743/1743/1743
f 1762/1762/1762 1741/1741/1741 1739/1739/1739
f 1741/1741/1741 1736/1736/1736 1735/1735/1735
f 1762/1762/1762 1761/1761/1761 1737/1737/1737
f 1760/1760/1760 1735/1735/1735 1736/1736/1736
f 1732/1732/1732 1759/1759/1759 1731/1731/1731
f 1730/1730/1730 1727/1727/1727 1729/1729/1729
f 1726/1726/1726 1757/1757/1757 1728/1728/1728
f 1728/1728/1728 1727/1727/1727 1726/1726/1726
f 1752/1752/1752 1695/1695/1695 1698/1698/1698
f 1723/1723/1723 1756/1756/1756 1755/1755/1755
f 1751/1751/1751 1724/1724/1724 1709/1709/1709
f 1723/1723/1723 1705/1705/1705 1748/1748/1748
f 1754/1754/1754 1722/1722/1722 1720/1720/1720
f 1706/1706/1706 1721/1721/1721 1707/1707/1707
f 1754/1754/1754 1702/1702/1702 1747/1747/1747
f 1753/1753/1753 1718/1718/1718 1717/1717/1717
f 1704/1704/1704 1718/1718/1718 1719/1719/1719
f 1699/1699/1699 1753/1753/1753 1717/1717/1717
f 1713/1713/1713 1715/1715/1715 1714/1714/1714
f 1701/1701/1701 1715/1715/1715 1716/1716/1716
f 1697/1697/1697 1713/1713/1713 1714/1714/1714
f 1710/1710/1710 1751/1751/1751 1709/1709/1709
f 1749/1749/1749 1710/1710/1710 1750/1750/1750
f 1707/1707/1707 1705/1705/1705 1706/1706/1706
f 1704/1704/1704 1702/1702/1702 1703/1703/1703
f 1701/1701/1701 1699/1699/1699 1700/1700/1700
f 1698/1698/1698 1696/1696/1696 1697/1697/1697
f 1763/1763/1763 1765/1765/1765 1766/1766/1766
f 1767/1767/1767 1917/1917/1917 1916/1916/1916
f 1764/1764/1764 1770/1770/1770 1765/1765/1765
f 1771/1771/1771 1917/1917/1917 1768/1768/1768
f 1769/1769/1769 1773/1773/1773 1770/1770/1770
f 1771/1771/1771 1919/1919/1919 1918/1918/1918
f 1772/1772/1772 1776/1776/1776 1773/1773/1773
f 1774/1774/1774 1775/1775/1775 1919/1919/1919
f 1777/1777/1777 1779/1779/1779 1775/1775/1775
f 1920/1920/1920 1780/1780/1780 1776/1776/1776
f 1782/1782/1782 1778/1778/1778 1781/1781/1781
f 1922/1922/1922 1780/1780/1780 1921/1921/1921
f 1784/1784/1784 1778/1778/1778 1777/1777/1777
f 1785/1785/1785 1924/1924/1924 1778/1778/1778
f 1924/1924/1924 1781/1781/1781 1778/1778/1778
f 1787/1787/1787 1785/1785/1785 1784/1784/1784
f 1785/1785/1785 1925/1925/1925 1923/1923/1923
f 1789/1789/1789 1788/1788/1788 1787/1787/1787
f 1790/1790/1790 1926/1926/1926 1788/1788/1788
f 1788/1788/1788 1926/1926/1926 1925/1925/1925
f 1792/1792/1792 1790/1790/1790 1789/1789/1789
f 1793/1793/1793 1791/1791/1791 1790/1790/1790
f 1792/1792/1792 1796/1796/1796 1793/1793/1793
f 1793/1793/1793 1796/1796/1796 1797/1797/1797
f 1797/1797/1797 1794/1794/1794 1793/1793/1793
f 1795/1795/1795 1799/1799/1799 1796/1796/1796
f 1799/1799/1799 1801/1801/1801 1796/1796/1796
f 1927/1927/1927 1797/1797/1797 1796/1796/1796
f 1929/1929/1929 1927/1927/1927 1796/1796/1796
f 1801/1801/1801 1929/1929/1929 1796/1796/1796
f 1798/1798/1798 1803/1803/1803 1799/1799/1799
f 1799/1799/1799 1803/1803/1803 1804/1804/1804
f 1804/1804/1804 1800/1800/1800 1799/1799/1799
f 1802/1802/1802 1806/1806/1806 1803/1803/1803
f 1803/1803/1803 1807/1807/1807 1808/1808/1808
f 1808/1808/1808 1804/1804/1804 1803/1803/1803
f 1805/1805/1805 1811/1811/1811 1806/1806/1806
f 1811/1811/1811 1807/1807/1807 1806/1806/1806
f 1810/1810/1810 1814/1814/1814 1811/1811/1811
f 1812/1812/1812 1814/1814/1814 1815/1815/1815
f 1813/1813/1813 1817/1817/1817 1814/1814/1814
f 1817/1817/1817 1819/1819/1819 1814/1814/1814
f 1819/1819/1819 1815/1815/1815 1814/1814/1814
f 1816/1816/1816 1822/1822/1822 1817/1817/1817
f 1822/1822/1822 1824/1824/1824 1817/1817/1817
f 1825/1825/1825 1818/1818/1818 1817/1817/1817
f 1824/1824/1824 1825/1825/1825 1817/1817/1817
f 1821/1821/1821 1827/1827/1827 1822/1822/1822
f 1822/1822/1822 1827/1827/1827 1828/1828/1828
f 1829/1829/1829 1823/1823/1823 1822/1822/1822
f 1831/1831/1831 1829/1829/1829 1822/1822/1822
f 1828/1828/1828 1831/1831/1831 1822/1822/1822
f 1826/1826/1826 1834/1834/1834 1827/1827/1827
f 1827/1827/1827 1834/1834/1834 1835/1835/1835
f 1835/1835/1835 1828/1828/1828 1827/1827/1827
f 1833/1833/1833 1837/1837/1837 1834/1834/1834
f 1834/1834/1834 1837/1837/1837 1933/1933/1933
f 1933/1933/1933 1835/1835/1835 1834/1834/1834
f 1836/1836/1836 1839/1839/1839 1837/1837/1837
f 1837/1837/1837 1840/1840/1840 1841/1841/1841
f 1841/1841/1841 1933/1933/1933 1837/1837/1837
f 1838/1838/1838 1780/1780/1780 1839/1839/1839
f 1780/1780/1780 1842/1842/1842 1839/1839/1839
f 1842/1842/1842 1840/1840/1840 1839/1839/1839
f 1838/1838/1838 1773/1773/1773 1776/1776/1776
f 1843/1843/1843 1770/1770/1770 1773/1773/1773
f 1844/1844/1844 1765/1765/1765 1770/1770/1770
f 1765/1765/1765 1846/1846/1846 1766/1766/1766
f 1847/1847/1847 1838/1838/1838 1836/1836/1836
f 1848/1848/1848 1843/1843/1843 1847/1847/1847
f 1848/1848/1848 1845/1845/1845 1844/1844/1844
f 1849/1849/1849 1846/1846/1846 1845/1845/1845
f 1851/1851/1851 1836/1836/1836 1833/1833/1833
f 1852/1852/1852 1847/1847/1847 1851/1851/1851
f 1852/1852/1852 1849/1849/1849 1848/1848/1848
f 1854/1854/1854 1849/1849/1849 1853/1853/1853
f 1855/1855/1855 1851/1851/1851 1833/1833/1833
f 1826/1826/1826 1855/1855/1855 1833/1833/1833
f 1857/1857/1857 1852/1852/1852 1851/1851/1851
f 1851/1851/1851 1858/1858/1858 1857/1857/1857
f 1859/1859/1859 1853/1853/1853 1852/1852/1852
f 1857/1857/1857 1859/1859/1859 1852/1852/1852
f 1861/1861/1861 1853/1853/1853 1860/1860/1860
f 1777/1777/1777 1862/1862/1862 1784/1784/1784
f 1771/1771/1771 1862/1862/1862 1774/1774/1774
f 1768/1768/1768 1863/1863/1863 1771/1771/1771
f 1768/1768/1768 1865/1865/1865 1864/1864/1864
f 1784/1784/1784 1866/1866/1866 1787/1787/1787
f 1862/1862/1862 1867/1867/1867 1866/1866/1866
f 1864/1864/1864 1867/1867/1867 1863/1863/1863
f 1868/1868/1868 1865/1865/1865 1869/1869/1869
f 1787/1787/1787 1870/1870/1870 1789/1789/1789
f 1866/1866/1866 1871/1871/1871 1870/1870/1870
f 1867/1867/1867 1872/1872/1872 1871/1871/1871
f 1868/1868/1868 1873/1873/1873 1872/1872/1872
f 1874/1874/1874 1792/1792/1792 1789/1789/1789
f 1789/1789/1789 1870/1870/1870 1874/1874/1874
f 1876/1876/1876 1792/1792/1792 1875/1875/1875
f 1877/1877/1877 1795/1795/1795 1876/1876/1876
f 1878/1878/1878 1798/1798/1798 1877/1877/1877
f 1879/1879/1879 1802/1802/1802 1878/1878/1878
f 1879/1879/1879 1810/1810/1810 1805/1805/1805
f 1880/1880/1880 1813/1813/1813 1810/1810/1810
f 1881/1881/1881 1816/1816/1816 1813/1813/1813
f 1882/1882/1882 1821/1821/1821 1816/1816/1816
f 1883/1883/1883 1826/1826/1826 1821/1821/1821
f 1884/1884/1884 1872/1872/1872 1873/1873/1873
f 1886/1886/1886 1871/1871/1871 1872/1872/1872
f 1885/1885/1885 1886/1886/1886 1872/1872/1872
f 1888/1888/1888 1871/1871/1871 1886/1886/1886
f 1888/1888/1888 1874/1874/1874 1870/1870/1870
f 1861/1861/1861 1885/1885/1885 1884/1884/1884
f 1860/1860/1860 1887/1887/1887 1885/1885/1885
f 1859/1859/1859 1890/1890/1890 1887/1887/1887
f 1857/1857/1857 1889/1889/1889 1859/1859/1859
f 1889/1889/1889 1892/1892/1892 1890/1890/1890
f 1858/1858/1858 1891/1891/1891 1889/1889/1889
f 1893/1893/1893 1892/1892/1892 1891/1891/1891
f 1856/1856/1856 1893/1893/1893 1891/1891/1891
f 1893/1893/1893 1895/1895/1895 1896/1896/1896
f 1882/1882/1882 1893/1893/1893 1883/1883/1883
f 1896/1896/1896 1894/1894/1894 1893/1893/1893
f 1880/1880/1880 1896/1896/1896 1895/1895/1895
f 1881/1881/1881 1895/1895/1895 1882/1882/1882
f 1890/1890/1890 1886/1886/1886 1887/1887/1887
f 1892/1892/1892 1888/1888/1888 1890/1890/1890
f 1892/1892/1892 1894/1894/1894 1898/1898/1898
f 1897/1897/1897 1876/1876/1876 1894/1894/1894
f 1876/1876/1876 1898/1898/1898 1894/1894/1894
f 1896/1896/1896 1878/1878/1878 1897/1897/1897
f 1897/1897/1897 1878/1878/1878 1877/1877/1877
f 1874/1874/1874 1898/1898/1898 1875/1875/1875
f 1855/1855/1855 1856/1856/1856 1858/1858/1858
f 1934/1934/1934 1791/1791/1791 1794/1794/1794
f 1935/1935/1935 1934/1934/1934 1794/1794/1794
f 1928/1928/1928 1794/1794/1794 1797/1797/1797
f 1900/1900/1900 1925/1925/1925 1926/1926/1926
f 1902/1902/1902 1818/1818/1818 1825/1825/1825
f 1932/1932/1932 1905/1905/1905 1904/1904/1904
f 1824/1824/1824 1830/1830/1830 1932/1932/1932
f 1831/1831/1831 1907/1907/1907 1829/1829/1829
f 1908/1908/1908 1832/1832/1832 1835/1835/1835
f 1841/1841/1841 1899/1899/1899 1933/1933/1933
f 1911/1911/1911 1841/1841/1841 1840/1840/1840
f 1913/1913/1913 1840/1840/1840 1842/1842/1842
f 1783/1783/1783 1915/1915/1915 1842/1842/1842
f 1923/1923/1923 1948/1948/1948 1924/1924/1924
f 1923/1923/1923 1945/1945/1945 1946/1946/1946
f 1935/1935/1935 1944/1944/1944 1934/1934/1934
f 1941/1941/1941 1928/1928/1928 1927/1927/1927
f 1939/1939/1939 1929/1929/1929 1930/1930/1930
f 1801/1801/1801 1938/1938/1938 1930/1930/1930
f 1936/1936/1936 1938/1938/1938 1931/1931/1931
f 1800/1800/1800 1938/1938/1938 1801/1801/1801
f 1938/1938/1938 1800/1800/1800 1931/1931/1931
f 1938/1938/1938 1936/1936/1936 1937/1937/1937
f 1929/1929/1929 1939/1939/1939 1940/1940/1940
f 1928/1928/1928 1941/1941/1941 1942/1942/1942
f 1944/1944/1944 1935/1935/1935 1943/1943/1943
f 1945/1945/1945 1923/1923/1923 1925/1925/1925
f 1948/1948/1948 1923/1923/1923 1947/1947/1947
f 1840/1840/1840 1913/1913/1913 1914/1914/1914
f 1841/1841/1841 1911/1911/1911 1912/1912/1912
f 1899/1899/1899 1841/1841/1841 1910/1910/1910
f 1832/1832/1832 1908/1908/1908 1909/1909/1909
f 1907/1907/1907 1831/1831/1831 1906/1906/1906
f 1830/1830/1830 1824/1824/1824 1823/1823/1823
f 1905/1905/1905 1932/1932/1932 1830/1830/1830
f 1818/1818/1818 1902/1902/1902 1903/1903/1903
f 1925/1925/1925 1900/1900/1900 1901/1901/1901
f 1794/1794/1794 1928/1928/1928 1935/1935/1935
f 1898/1898/1898 1874/1874/1874 1888/1888/1888
f 1878/1878/1878 1896/1896/1896 1879/1879/1879
f 1898/1898/1898 1876/1876/1876 1875/1875/1875
f 1876/1876/1876 1897/1897/1897 1877/1877/1877
f 1888/1888/1888 1892/1892/1892 1898/1898/1898
f 1886/1886/1886 1890/1890/1890 1888/1888/1888
f 1895/1895/1895 1881/1881/1881 1880/1880/1880
f 1896/1896/1896 1880/1880/1880 1879/1879/1879
f 1894/1894/1894 1896/1896/1896 1897/1897/1897
f 1893/1893/1893 1882/1882/1882 1895/1895/1895
f 1893/1893/1893 1856/1856/1856 1883/1883/1883
f 1892/1892/1892 1893/1893/1893 1894/1894/1894
f 1891/1891/1891 1858/1858/1858 1856/1856/1856
f 1892/1892/1892 1889/1889/1889 1891/1891/1891
f 1889/1889/1889 1857/1857/1857 1858/1858/1858
f 1890/1890/1890 1859/1859/1859 1889/1889/1889
f 1887/1887/1887 1860/1860/1860 1859/1859/1859
f 1885/1885/1885 1861/1861/1861 1860/1860/1860
f 1871/1871/1871 1888/1888/1888 1870/1870/1870
f 1886/1886/1886 1885/1885/1885 1887/1887/1887
f 1872/1872/1872 1884/1884/1884 1885/1885/1885
f 1826/1826/1826 1883/1883/1883 1856/1856/1856
f 1821/1821/1821 1882/1882/1882 1883/1883/1883
f 1816/1816/1816 1881/1881/1881 1882/1882/1882
f 1813/1813/1813 1880/1880/1880 1881/1881/1881
f 1810/1810/1810 1879/1879/1879 1880/1880/1880
f 1802/1802/1802 1879/1879/1879 1805/1805/1805
f 1798/1798/1798 1878/1878/1878 1802/1802/1802
f 1795/1795/1795 1877/1877/1877 1798/1798/1798
f 1792/1792/1792 1876/1876/1876 1795/1795/1795
f 1792/1792/1792 1874/1874/1874 1875/1875/1875
f 1873/1873/1873 1868/1868/1868 1869/1869/1869
f 1872/1872/1872 1867/1867/1867 1868/1868/1868
f 1871/1871/1871 1866/1866/1866 1867/1867/1867
f 1870/1870/1870 1787/1787/1787 1866/1866/1866
f 1865/1865/1865 1868/1868/1868 1864/1864/1864
f 1867/1867/1867 1864/1864/1864 1868/1868/1868
f 1867/1867/1867 1862/1862/1862 1863/1863/1863
f 1866/1866/1866 1784/1784/1784 1862/1862/1862
f 1865/1865/1865 1768/1768/1768 1767/1767/1767
f 1863/1863/1863 1768/1768/1768 1864/1864/1864
f 1862/1862/1862 1771/1771/1771 1863/1863/1863
f 1862/1862/1862 1777/1777/1777 1774/1774/1774
f 1853/1853/1853 1861/1861/1861 1854/1854/1854
f 1853/1853/1853 1859/1859/1859 1860/1860/1860
f 1858/1858/1858 1851/1851/1851 1855/1855/1855
f 1855/1855/1855 1826/1826/1826 1856/1856/1856
f 1849/1849/1849 1854/1854/1854 1850/1850/1850
f 1849/1849/1849 1852/1852/1852 1853/1853/1853
f 1847/1847/1847 1852/1852/1852 1848/1848/1848
f 1836/1836/1836 1851/1851/1851 1847/1847/1847
f 1846/1846/1846 1849/1849/1849 1850/1850/1850
f 1845/1845/1845 1848/1848/1848 1849/1849/1849
f 1843/1843/1843 1848/1848/1848 1844/1844/1844
f 1838/1838/1838 1847/1847/1847 1843/1843/1843
f 1846/1846/1846 1765/1765/1765 1845/1845/1845
f 1765/1765/1765 1844/1844/1844 1845/1845/1845
f 1770/1770/1770 1843/1843/1843 1844/1844/1844
f 1773/1773/1773 1838/1838/1838 1843/1843/1843
f 1842/1842/1842 1780/1780/1780 1783/1783/1783
f 1780/1780/1780 1838/1838/1838 1776/1776/1776
f 1840/1840/1840 1837/1837/1837 1839/1839/1839
f 1839/1839/1839 1836/1836/1836 1838/1838/1838
f 1837/1837/1837 1833/1833/1833 1836/1836/1836
f 1828/1828/1828 1835/1835/1835 1832/1832/1832
f 1834/1834/1834 1826/1826/1826 1833/1833/1833
f 1831/1831/1831 1828/1828/1828 1832/1832/1832
f 1823/1823/1823 1829/1829/1829 1830/1830/1830
f 1827/1827/1827 1821/1821/1821 1826/1826/1826
f 1825/1825/1825 1824/1824/1824 1932/1932/1932
f 1824/1824/1824 1822/1822/1822 1823/1823/1823
f 1822/1822/1822 1816/1816/1816 1821/1821/1821
f 1815/1815/1815 1819/1819/1819 1820/1820/1820
f 1819/1819/1819 1817/1817/1817 1818/1818/1818
f 1817/1817/1817 1813/1813/1813 1816/1816/1816
f 1814/1814/1814 1812/1812/1812 1811/1811/1811
f 1814/1814/1814 1810/1810/1810 1813/1813/1813
f 1807/1807/1807 1811/1811/1811 1812/1812/1812
f 1811/1811/1811 1805/1805/1805 1810/1810/1810
f 1804/1804/1804 1808/1808/1808 1809/1809/1809
f 1807/1807/1807 1803/1803/1803 1806/1806/1806
f 1806/1806/1806 1802/1802/1802 1805/1805/1805
f 1800/1800/1800 1804/1804/1804 1931/1931/1931
f 1803/1803/1803 1798/1798/1798 1802/1802/1802
f 1929/1929/1929 1801/1801/1801 1930/1930/1930
f 1797/1797/1797 1927/1927/1927 1928/1928/1928
f 1801/1801/1801 1799/1799/1799 1800/1800/1800
f 1799/1799/1799 1795/1795/1795 1798/1798/1798
f 1796/1796/1796 1792/1792/1792 1795/1795/1795
f 1791/1791/1791 1793/1793/1793 1794/1794/1794
f 1790/1790/1790 1792/1792/1792 1793/1793/1793
f 1926/1926/1926 1790/1790/1790 1791/1791/1791
f 1788/1788/1788 1789/1789/1789 1790/1790/1790
f 1925/1925/1925 1785/1785/1785 1788/1788/1788
f 1785/1785/1785 1787/1787/1787 1788/1788/1788
f 1781/1781/1781 1924/1924/1924 1786/1786/1786
f 1924/1924/1924 1785/1785/1785 1923/1923/1923
f 1778/1778/1778 1784/1784/1784 1785/1785/1785
f 1780/1780/1780 1922/1922/1922 1783/1783/1783
f 1778/1778/1778 1782/1782/1782 1779/1779/1779
f 1780/1780/1780 1920/1920/1920 1921/1921/1921
f 1779/1779/1779 1777/1777/1777 1778/1778/1778
f 1775/1775/1775 1774/1774/1774 1777/1777/1777
f 1776/1776/1776 1772/1772/1772 1920/1920/1920
f 1919/1919/1919 1771/1771/1771 1774/1774/1774
f 1773/1773/1773 1769/1769/1769 1772/1772/1772
f 1917/1917/1917 1771/1771/1771 1918/1918/1918
f 1770/1770/1770 1764/1764/1764 1769/1769/1769
f 1917/1917/1917 1767/1767/1767 1768/1768/1768
f 1765/1765/1765 1763/1763/1763 1764/1764/1764
f 1510/1510/1510 1512/1512/1512 1509/1509/1509
f 1511/1511/1511 1513/1513/1513 1514/1514/1514
f 1514/1514/1514 1515/1515/1515 1516/1516/1516
f 1516/1516/1516 1517/1517/1517 1518/1518/1518
f 1509/1509/1509 1520/1520/1520 1510/1510/1510
f 1510/1510/1510 1521/1521/1521 1513/1513/1513
f 1515/1515/1515 1521/1521/1521 1522/1522/1522
f 1517/1517/1517 1522/1522/1522 1523/1523/1523
f 1524/1524/1524 1511/1511/1511 1525/1525/1525
f 1525/1525/1525 1514/1514/1514 1526/1526/1526
f 1526/1526/1526 1516/1516/1516 1527/1527/1527
f 1527/1527/1527 1518/1518/1518 1528/1528/1528
f 1529/1529/1529 1640/1640/1640 1530/1530/1530
f 1531/1531/1531 1640/1640/1640 1641/1641/1641
f 1531/1531/1531 1642/1642/1642 1532/1532/1532
f 1532/1532/1532 1643/1643/1643 1533/1533/1533
f 1534/1534/1534 1530/1530/1530 1535/1535/1535
f 1536/1536/1536 1530/1530/1530 1531/1531/1531
f 1537/1537/1537 1531/1531/1531 1532/1532/1532
f 1537/1537/1537 1533/1533/1533 1538/1538/1538
f 1538/1538/1538 1540/1540/1540 1537/1537/1537
f 1537/1537/1537 1541/1541/1541 1536/1536/1536
f 1535/1535/1535 1541/1541/1541 1542/1542/1542
f 1543/1543/1543 1535/1535/1535 1542/1542/1542
f 1544/1544/1544 1546/1546/1546 1547/1547/1547
f 1547/1547/1547 1548/1548/1548 1549/1549/1549
f 1550/1550/1550 1552/1552/1552 1553/1553/1553
f 1551/1551/1551 1544/1544/1544 1552/1552/1552
f 1552/1552/1552 1554/1554/1554 1553/1553/1553
f 1555/1555/1555 1553/1553/1553 1556/1556/1556
f 1557/1557/1557 1556/1556/1556 1558/1558/1558
f 1557/1557/1557 1559/1559/1559 1560/1560/1560
f 1561/1561/1561 1556/1556/1556 1562/1562/1562
f 1563/1563/1563 1542/1542/1542 1564/1564/1564
f 1564/1564/1564 1541/1541/1541 1565/1565/1565
f 1566/1566/1566 1564/1564/1564 1565/1565/1565
f 1565/1565/1565 1540/1540/1540 1567/1567/1567
f 1568/1568/1568 1565/1565/1565 1567/1567/1567
f 1539/1539/1539 1567/1567/1567 1540/1540/1540
f 1567/1567/1567 1560/1560/1560 1559/1559/1559
f 1567/1567/1567 1559/1559/1559 1568/1568/1568
f 1559/1559/1559 1561/1561/1561 1568/1568/1568
f 1520/1520/1520 1569/1569/1569 1570/1570/1570
f 1520/1520/1520 1571/1571/1571 1521/1521/1521
f 1572/1572/1572 1549/1549/1549 1573/1573/1573
f 1549/1549/1549 1574/1574/1574 1573/1573/1573
f 1573/1573/1573 1575/1575/1575 1576/1576/1576
f 1576/1576/1576 1577/1577/1577 1578/1578/1578
f 1579/1579/1579 1577/1577/1577 1580/1580/1580
f 1581/1581/1581 1578/1578/1578 1579/1579/1579
f 1582/1582/1582 1523/1523/1523 1522/1522/1522
f 1579/1579/1579 1580/1580/1580 1582/1582/1582
f 1522/1522/1522 1571/1571/1571 1582/1582/1582
f 1581/1581/1581 1582/1582/1582 1583/1583/1583
f 1583/1583/1583 1571/1571/1571 1584/1584/1584
f 1582/1582/1582 1571/1571/1571 1583/1583/1583
f 1585/1585/1585 1587/1587/1587 1588/1588/1588
f 1570/1570/1570 1585/1585/1585 1588/1588/1588
f 1586/1586/1586 1564/1564/1564 1587/1587/1587
f 1570/1570/1570 1584/1584/1584 1571/1571/1571
f 1588/1588/1588 1589/1589/1589 1584/1584/1584
f 1587/1587/1587 1566/1566/1566 1589/1589/1589
f 1583/1583/1583 1590/1590/1590 1581/1581/1581
f 1584/1584/1584 1591/1591/1591 1590/1590/1590
f 1591/1591/1591 1566/1566/1566 1568/1568/1568
f 1581/1581/1581 1592/1592/1592 1578/1578/1578
f 1590/1590/1590 1593/1593/1593 1592/1592/1592
f 1593/1593/1593 1568/1568/1568 1561/1561/1561
f 1594/1594/1594 1593/1593/1593 1562/1562/1562
f 1562/1562/1562 1593/1593/1593 1561/1561/1561
f 1556/1556/1556 1554/1554/1554 1562/1562/1562
f 1578/1578/1578 1594/1594/1594 1576/1576/1576
f 1595/1595/1595 1572/1572/1572 1594/1594/1594
f 1594/1594/1594 1573/1573/1573 1576/1576/1576
f 1562/1562/1562 1595/1595/1595 1594/1594/1594
f 1552/1552/1552 1595/1595/1595 1554/1554/1554
f 1595/1595/1595 1547/1547/1547 1572/1572/1572
f 1545/1545/1545 1597/1597/1597 1546/1546/1546
f 1596/1596/1596 1551/1551/1551 1598/1598/1598
f 1546/1546/1546 1599/1599/1599 1548/1548/1548
f 1548/1548/1548 1600/1600/1600 1574/1574/1574
f 1601/1601/1601 1602/1602/1602 1603/1603/1603
f 1574/1574/1574 1601/1601/1601 1575/1575/1575
f 1604/1604/1604 1575/1575/1575 1601/1601/1601
f 1605/1605/1605 1604/1604/1604 1601/1601/1601
f 1577/1577/1577 1606/1606/1606 1580/1580/1580
f 1580/1580/1580 1607/1607/1607 1523/1523/1523
f 1523/1523/1523 1608/1608/1608 1517/1517/1517
f 1517/1517/1517 1609/1609/1609 1518/1518/1518
f 1528/1528/1528 1609/1609/1609 1610/1610/1610
f 1533/1533/1533 1644/1644/1644 1611/1611/1611
f 1538/1538/1538 1611/1611/1611 1612/1612/1612
f 1539/1539/1539 1612/1612/1612 1613/1613/1613
f 1613/1613/1613 1560/1560/1560 1539/1539/1539
f 1557/1557/1557 1614/1614/1614 1615/1615/1615
f 1616/1616/1616 1615/1615/1615 1617/1617/1617
f 1615/1615/1615 1618/1618/1618 1617/1617/1617
f 1557/1557/1557 1616/1616/1616 1555/1555/1555
f 1555/1555/1555 1619/1619/1619 1550/1550/1550
f 1598/1598/1598 1550/1550/1550 1619/1619/1619
f 1619/1619/1619 1620/1620/1620 1621/1621/1621
f 1597/1597/1597 1625/1625/1625 1626/1626/1626
f 1626/1626/1626 1599/1599/1599 1597/1597/1597
f 1625/1625/1625 1598/1598/1598 1660/1660/1660
f 1662/1662/1662 1618/1618/1618 1628/1628/1628
f 1664/1664/1664 1605/1605/1605 1601/1601/1601
f 1618/1618/1618 1663/1663/1663 1617/1617/1617
f 1665/1665/1665 1617/1617/1617 1663/1663/1663
f 1622/1622/1622 1664/1664/1664 1629/1629/1629
f 1629/1629/1629 1664/1664/1664 1601/1601/1601
f 1663/1663/1663 1649/1649/1649 1665/1665/1665
f 1629/1629/1629 1603/1603/1603 1667/1667/1667
f 1616/1616/1616 1665/1665/1665 1666/1666/1666
f 1666/1666/1666 1620/1620/1620 1616/1616/1616
f 1667/1667/1667 1623/1623/1623 1654/1654/1654
f 1667/1667/1667 1602/1602/1602 1630/1630/1630
f 1666/1666/1666 1652/1652/1652 1668/1668/1668
f 1669/1669/1669 1602/1602/1602 1600/1600/1600
f 1620/1620/1620 1668/1668/1668 1670/1670/1670
f 1670/1670/1670 1621/1621/1621 1620/1620/1620
f 1671/1671/1671 1657/1657/1657 1669/1669/1669
f 1669/1669/1669 1600/1600/1600 1671/1671/1671
f 1670/1670/1670 1655/1655/1655 1631/1631/1631
f 1598/1598/1598 1619/1619/1619 1632/1632/1632
f 1632/1632/1632 1621/1621/1621 1631/1631/1631
f 1632/1632/1632 1660/1660/1660 1598/1598/1598
f 1658/1658/1658 1672/1672/1672 1599/1599/1599
f 1672/1672/1672 1600/1600/1600 1599/1599/1599
f 1673/1673/1673 1605/1605/1605 1661/1661/1661
f 1648/1648/1648 1662/1662/1662 1628/1628/1628
f 1607/1607/1607 1606/1606/1606 1674/1674/1674
f 1614/1614/1614 1676/1676/1676 1633/1633/1633
f 1615/1615/1615 1633/1633/1633 1618/1618/1618
f 1633/1633/1633 1628/1628/1628 1618/1618/1618
f 1661/1661/1661 1645/1645/1645 1673/1673/1673
f 1673/1673/1673 1674/1674/1674 1606/1606/1606
f 1606/1606/1606 1604/1604/1604 1673/1673/1673
f 1609/1609/1609 1637/1637/1637 1610/1610/1610
f 1644/1644/1644 1687/1687/1687 1611/1611/1611
f 1689/1689/1689 1638/1638/1638 1685/1685/1685
f 1609/1609/1609 1689/1689/1689 1685/1685/1685
f 1687/1687/1687 1690/1690/1690 1611/1611/1611
f 1692/1692/1692 1684/1684/1684 1689/1689/1689
f 1692/1692/1692 1689/1689/1689 1608/1608/1608
f 1683/1683/1683 1691/1691/1691 1690/1690/1690
f 1612/1612/1612 1690/1690/1690 1691/1691/1691
f 1675/1675/1675 1693/1693/1693 1674/1674/1674
f 1693/1693/1693 1681/1681/1681 1692/1692/1692
f 1607/1607/1607 1674/1674/1674 1693/1693/1693
f 1692/1692/1692 1607/1607/1607 1693/1693/1693
f 1691/1691/1691 1679/1679/1679 1694/1694/1694
f 1694/1694/1694 1677/1677/1677 1676/1676/1676
f 1612/1612/1612 1694/1694/1694 1613/1613/1613
f 1694/1694/1694 1676/1676/1676 1613/1613/1613
f 1694/1694/1694 1612/1612/1612 1691/1691/1691
f 1677/1677/1677 1694/1694/1694 1678/1678/1678
f 1679/1679/1679 1691/1691/1691 1680/1680/1680
f 1607/1607/1607 1692/1692/1692 1608/1608/1608
f 1681/1681/1681 1693/1693/1693 1635/1635/1635
f 1693/1693/1693 1675/1675/1675 1634/1634/1634
f 1690/1690/1690 1612/1612/1612 1611/1611/1611
f 1691/1691/1691 1683/1683/1683 1682/1682/1682
f 1684/1684/1684 1692/1692/1692 1636/1636/1636
f 1690/1690/1690 1687/1687/1687 1688/1688/1688
f 1689/1689/1689 1609/1609/1609 1608/1608/1608
f 1687/1687/1687 1644/1644/1644 1686/1686/1686
f 1637/1637/1637 1609/1609/1609 1685/1685/1685
f 1645/1645/1645 1661/1661/1661 1646/1646/1646
f 1633/1633/1633 1615/1615/1615 1614/1614/1614
f 1676/1676/1676 1614/1614/1614 1613/1613/1613
f 1662/1662/1662 1648/1648/1648 1647/1647/1647
f 1605/1605/1605 1673/1673/1673 1604/1604/1604
f 1600/1600/1600 1672/1672/1672 1671/1671/1671
f 1672/1672/1672 1658/1658/1658 1659/1659/1659
f 1660/1660/1660 1632/1632/1632 1627/1627/1627
f 1621/1621/1621 1632/1632/1632 1619/1619/1619
f 1655/1655/1655 1670/1670/1670 1656/1656/1656
f 1657/1657/1657 1671/1671/1671 1624/1624/1624
f 1621/1621/1621 1670/1670/1670 1631/1631/1631
f 1602/1602/1602 1669/1669/1669 1630/1630/1630
f 1652/1652/1652 1666/1666/1666 1653/1653/1653
f 1602/1602/1602 1667/1667/1667 1603/1603/1603
f 1623/1623/1623 1667/1667/1667 1630/1630/1630
f 1620/1620/1620 1666/1666/1666 1668/1668/1668
f 1603/1603/1603 1629/1629/1629 1601/1601/1601
f 1649/1649/1649 1663/1663/1663 1650/1650/1650
f 1664/1664/1664 1622/1622/1622 1651/1651/1651
f 1617/1617/1617 1665/1665/1665 1616/1616/1616
f 1663/1663/1663 1618/1618/1618 1662/1662/1662
f 1605/1605/1605 1664/1664/1664 1661/1661/1661
f 1598/1598/1598 1625/1625/1625 1596/1596/1596
f 1599/1599/1599 1626/1626/1626 1658/1658/1658
f 1625/1625/1625 1597/1597/1597 1596/1596/1596
f 1620/1620/1620 1619/1619/1619 1616/1616/1616
f 1550/1550/1550 1598/1598/1598 1551/1551/1551
f 1619/1619/1619 1555/1555/1555 1616/1616/1616
f 1616/1616/1616 1557/1557/1557 1615/1615/1615
f 1614/1614/1614 1557/1557/1557 1560/1560/1560
f 1560/1560/1560 1613/1613/1613 1614/1614/1614
f 1612/1612/1612 1539/1539/1539 1538/1538/1538
f 1611/1611/1611 1538/1538/1538 1533/1533/1533
f 1644/1644/1644 1533/1533/1533 1643/1643/1643
f 1609/1609/1609 1528/1528/1528 1518/1518/1518
f 1609/1609/1609 1517/1517/1517 1608/1608/1608
f 1608/1608/1608 1523/1523/1523 1607/1607/1607
f 1607/1607/1607 1580/1580/1580 1606/1606/1606
f 1606/1606/1606 1577/1577/1577 1604/1604/1604
f 1575/1575/1575 1604/1604/1604 1577/1577/1577
f 1601/1601/1601 1574/1574/1574 1600/1600/1600
f 1602/1602/1602 1601/1601/1601 1600/1600/1600
f 1600/1600/1600 1548/1548/1548 1599/1599/1599
f 1599/1599/1599 1546/1546/1546 1597/1597/1597
f 1551/1551/1551 1596/1596/1596 1545/1545/1545
f 1597/1597/1597 1545/1545/1545 1596/1596/1596
f 1547/1547/1547 1595/1595/1595 1544/1544/1544
f 1595/1595/1595 1552/1552/1552 1544/1544/1544
f 1595/1595/1595 1562/1562/1562 1554/1554/1554
f 1573/1573/1573 1594/1594/1594 1572/1572/1572
f 1594/1594/1594 1578/1578/1578 1592/1592/1592
f 1554/1554/1554 1556/1556/1556 1553/1553/1553
f 1593/1593/1593 1594/1594/1594 1592/1592/1592
f 1568/1568/1568 1593/1593/1593 1591/1591/1591
f 1593/1593/1593 1590/1590/1590 1591/1591/1591
f 1592/1592/1592 1581/1581/1581 1590/1590/1590
f 1566/1566/1566 1591/1591/1591 1589/1589/1589
f 1591/1591/1591 1584/1584/1584 1589/1589/1589
f 1590/1590/1590 1583/1583/1583 1584/1584/1584
f 1566/1566/1566 1587/1587/1587 1564/1564/1564
f 1589/1589/1589 1588/1588/1588 1587/1587/1587
f 1584/1584/1584 1570/1570/1570 1588/1588/1588
f 1564/1564/1564 1586/1586/1586 1563/1563/1563
f 1585/1585/1585 1570/1570/1570 1569/1569/1569
f 1587/1587/1587 1585/1585/1585 1586/1586/1586
f 1582/1582/1582 1581/1581/1581 1579/1579/1579
f 1571/1571/1571 1522/1522/1522 1521/1521/1521
f 1523/1523/1523 1582/1582/1582 1580/1580/1580
f 1577/1577/1577 1579/1579/1579 1578/1578/1578
f 1577/1577/1577 1576/1576/1576 1575/1575/1575
f 1575/1575/1575 1573/1573/1573 1574/1574/1574
f 1574/1574/1574 1549/1549/1549 1548/1548/1548
f 1549/1549/1549 1572/1572/1572 1547/1547/1547
f 1571/1571/1571 1520/1520/1520 1570/1570/1570
f 1569/1569/1569 1520/1520/1520 1519/1519/1519
f 1561/1561/1561 1559/1559/1559 1558/1558/1558
f 1567/1567/1567 1539/1539/1539 1560/1560/1560
f 1565/1565/1565 1568/1568/1568 1566/1566/1566
f 1540/1540/1540 1565/1565/1565 1541/1541/1541
f 1541/1541/1541 1564/1564/1564 1542/1542/1542
f 1542/1542/1542 1563/1563/1563 1543/1543/1543
f 1556/1556/1556 1561/1561/1561 1558/1558/1558
f 1559/1559/1559 1557/1557/1557 1558/1558/1558
f 1556/1556/1556 1557/1557/1557 1555/1555/1555
f 1553/1553/1553 1555/1555/1555 1550/1550/1550
f 1544/1544/1544 1551/1551/1551 1545/1545/1545
f 1552/1552/1552 1550/1550/1550 1551/1551/1551
f 1548/1548/1548 1547/1547/1547 1546/1546/1546
f 1546/1546/1546 1544/1544/1544 1545/1545/1545
f 1535/1535/1535 1543/1543/1543 1534/1534/1534
f 1541/1541/1541 1535/1535/1535 1536/1536/1536
f 1541/1541/1541 1537/1537/1537 1540/1540/1540
f 1540/1540/1540 1538/1538/1538 1539/1539/1539
f 1533/1533/1533 1537/1537/1537 1532/1532/1532
f 1531/1531/1531 1537/1537/1537 1536/1536/1536
f 1530/1530/1530 1536/1536/1536 1535/1535/1535
f 1530/1530/1530 1534/1534/1534 1529/1529/1529
f 1643/1643/1643 1532/1532/1532 1642/1642/1642
f 1642/1642/1642 1531/1531/1531 1641/1641/1641
f 1640/1640/1640 1531/1531/1531 1530/1530/1530
f 1640/1640/1640 1529/1529/1529 1639/1639/1639
f 1518/1518/1518 1527/1527/1527 1516/1516/1516
f 1516/1516/1516 1526/1526/1526 1514/1514/1514
f 1514/1514/1514 1525/1525/1525 1511/1511/1511
f 1511/1511/1511 1524/1524/1524 1512/1512/1512
f 1522/1522/1522 1517/1517/1517 1515/1515/1515
f 1521/1521/1521 1515/1515/1515 1513/1513/1513
f 1521/1521/1521 1510/1510/1510 1520/1520/1520
f 1520/1520/1520 1509/1509/1509 1519/1519/1519
f 1517/1517/1517 1516/1516/1516 1515/1515/1515
f 1515/1515/1515 1514/1514/1514 1513/1513/1513
f 1513/1513/1513 1511/1511/1511 1510/1510/1510
f 1512/1512/1512 1510/1510/1510 1511/1511/1511
f 1983/1983/1983 1960/1960/1960 1961/1961/1961
f 1961/1961/1961 1984/1984/1984 1983/1983/1983
f 1986/1986/1986 1987/1987/1987 1960/1960/1960
f 1961/1961/1961 1985/1985/1985 1984/1984/1984
f 1985/1985/1985 1989/1989/1989 1982/1982/1982
f 1982/1982/1982 1988/1988/1988 1957/1957/1957
f 1959/1959/1959 1981/1981/1981 1996/1996/1996
f 1962/1962/1962 1996/1996/1996 1981/1981/1981
f 1952/1952/1952 2000/2000/2000 2001/2001/2001
f 1960/1960/1960 1985/1985/1985 1961/1961/1961
f 1987/1987/1987 1990/1990/1990 1960/1960/1960
f 1988/1988/1988 1964/1964/1964 1957/1957/1957
f 2003/2003/2003 1964/1964/1964 2004/2004/2004
f 1991/1991/1991 1965/1965/1965 2003/2003/2003
f 1958/1958/1958 1966/1966/1966 1991/1991/1991
f 1958/1958/1958 1967/1967/1967 1956/1956/1956
f 2006/2006/2006 1967/1967/1967 2005/2005/2005
f 1968/1968/1968 1993/1993/1993 1955/1955/1955
f 1992/1992/1992 1955/1955/1955 1993/1993/1993
f 1953/1953/1953 2008/2008/2008 1969/1969/1969
f 2007/2007/2007 1969/1969/1969 2008/2008/2008
f 1970/1970/1970 1994/1994/1994 1954/1954/1954
f 1995/1995/1995 1954/1954/1954 1994/1994/1994
f 2010/2010/2010 1963/1963/1963 1995/1995/1995
f 1971/1971/1971 2009/2009/2009 1972/1972/1972
f 2009/2009/2009 1962/1962/1962 1972/1972/1972
f 2000/2000/2000 2002/2002/2002 2001/2001/2001
f 1998/1998/1998 2002/2002/2002 2011/2011/2011
f 1998/1998/1998 1973/1973/1973 1951/1951/1951
f 2013/2013/2013 1974/1974/1974 1973/1973/1973
f 1974/1974/1974 1997/1997/1997 1949/1949/1949
f 1949/1949/1949 2015/2015/2015 1975/1975/1975
f 1975/1975/1975 2014/2014/2014 1976/1976/1976
f 2014/2014/2014 1950/1950/1950 1976/1976/1976
f 2016/2016/2016 1950/1950/1950 1999/1999/1999
f 2016/2016/2016 1978/1978/1978 1980/1980/1980
f 1978/1978/1978 1977/1977/1977 1980/1980/1980
f 1978/1978/1978 2016/2016/2016 1979/1979/1979
f 1950/1950/1950 2016/2016/2016 1980/1980/1980
f 1950/1950/1950 2014/2014/2014 1999/1999/1999
f 2014/2014/2014 1975/1975/1975 2015/2015/2015
f 2015/2015/2015 1949/1949/1949 1997/1997/1997
f 1997/1997/1997 1974/1974/1974 2012/2012/2012
f 1974/1974/1974 2013/2013/2013 2012/2012/2012
f 1973/1973/1973 1998/1998/1998 2013/2013/2013
f 2002/2002/2002 1998/1998/1998 1951/1951/1951
f 2002/2002/2002 2000/2000/2000 2011/2011/2011
f 1962/1962/1962 2009/2009/2009 1996/1996/1996
f 2009/2009/2009 1971/1971/1971 2010/2010/2010
f 1963/1963/1963 2010/2010/2010 1971/1971/1971
f 1954/1954/1954 1995/1995/1995 1963/1963/1963
f 1994/1994/1994 1970/1970/1970 2007/2007/2007
f 1969/1969/1969 2007/2007/2007 1970/1970/1970
f 2008/2008/2008 1953/1953/1953 1992/1992/1992
f 1955/1955/1955 1992/1992/1992 1953/1953/1953
f 1993/1993/1993 1968/1968/1968 2006/2006/2006
f 1967/1967/1967 2006/2006/2006 1968/1968/1968
f 1967/1967/1967 1958/1958/1958 2005/2005/2005
f 1966/1966/1966 1958/1958/1958 1956/1956/1956
f 1965/1965/1965 1991/1991/1991 1966/1966/1966
f 1964/1964/1964 2003/2003/2003 1965/1965/1965
f 1964/1964/1964 1988/1988/1988 2004/2004/2004
f 1985/1985/1985 1960/1960/1960 1990/1990/1990
f 2000/2000/2000 1952/1952/1952 1959/1959/1959
f 1981/1981/1981 1959/1959/1959 1952/1952/1952
f 1988/1988/1988 1982/1982/1982 1989/1989/1989
f 1989/1989/1989 1985/1985/1985 1990/1990/1990
f 1960/1960/1960 1983/1983/1983 1986/1986/1986
f 793/793/793 795/795/795 796/796/796
f 795/795/795 797/797/797 798/798/798
f 799/799/799 801/801/801 794/794/794
f 794/794/794 802/802/802 797/797/797
f 793/793/793 799/799/799 794/794/794
f 800/800/800 804/804/804 801/801/801
f 801/801/801 805/805/805 802/802/802
f 806/806/806 808/808/808 809/809/809
f 797/797/797 806/806/806 798/798/798
f 807/807/807 811/811/811 808/808/808
f 797/797/797 810/810/810 807/807/807
f 812/812/812 811/811/811 810/810/810
f 802/802/802 812/812/812 810/810/810
f 809/809/809 814/814/814 815/815/815
f 811/811/811 814/814/814 808/808/808
f 813/813/813 816/816/816 811/811/811
f 814/814/814 819/819/819 815/815/815
f 814/814/814 820/820/820 818/818/818
f 816/816/816 821/821/821 820/820/820
f 819/819/819 818/818/818 822/822/822
f 818/818/818 823/823/823 822/822/822
f 820/820/820 821/821/821 823/823/823
f 824/824/824 826/826/826 827/827/827
f 828/828/828 824/824/824 829/829/829
f 825/825/825 831/831/831 826/826/826
f 832/832/832 830/830/830 825/825/825
f 833/833/833 825/825/825 828/828/828
f 830/830/830 835/835/835 831/831/831
f 836/836/836 834/834/834 830/830/830
f 830/830/830 832/832/832 836/836/836
f 838/838/838 840/840/840 841/841/841
f 826/826/826 838/838/838 827/827/827
f 842/842/842 840/840/840 839/839/839
f 839/839/839 831/831/831 842/842/842
f 844/844/844 843/843/843 842/842/842
f 844/844/844 831/831/831 835/835/835
f 846/846/846 848/848/848 849/849/849
f 850/850/850 849/849/849 851/851/851
f 846/846/846 853/853/853 847/847/847
f 854/854/854 852/852/852 846/846/846
f 846/846/846 855/855/855 854/854/854
f 852/852/852 857/857/857 853/853/853
f 828/828/828 856/856/856 852/852/852
f 854/854/854 828/828/828 852/852/852
f 858/858/858 860/860/860 861/861/861
f 847/847/847 858/858/858 848/848/848
f 859/859/859 863/863/863 860/860/860
f 847/847/847 862/862/862 859/859/859
f 864/864/864 863/863/863 862/862/862
f 857/857/857 862/862/862 853/853/853
f 866/866/866 868/868/868 869/869/869
f 870/870/870 866/866/866 871/871/871
f 872/872/872 868/868/868 867/867/867
f 874/874/874 872/872/872 867/867/867
f 867/867/867 875/875/875 874/874/874
f 876/876/876 873/873/873 872/872/872
f 850/850/850 876/876/876 872/872/872
f 874/874/874 850/850/850 872/872/872
f 878/878/878 880/880/880 881/881/881
f 869/869/869 879/879/879 878/878/878
f 882/882/882 880/880/880 879/879/879
f 873/873/873 879/879/879 868/868/868
f 884/884/884 883/883/883 882/882/882
f 877/877/877 882/882/882 873/873/873
f 886/886/886 888/888/888 889/889/889
f 888/888/888 870/870/870 871/871/871
f 890/890/890 887/887/887 886/886/886
f 887/887/887 892/892/892 893/893/893
f 893/893/893 870/870/870 887/887/887
f 890/890/890 895/895/895 891/891/891
f 892/892/892 895/895/895 896/896/896
f 897/897/897 899/899/899 900/900/900
f 898/898/898 889/889/889 899/899/899
f 901/901/901 898/898/898 897/897/897
f 886/886/886 902/902/902 890/890/890
f 901/901/901 904/904/904 902/902/902
f 902/902/902 894/894/894 890/890/890
f 903/903/903 905/905/905 906/906/906
f 906/906/906 907/907/907 908/908/908
f 901/901/901 909/909/909 905/905/905
f 905/905/905 910/910/910 907/907/907
f 900/900/900 909/909/909 897/897/897
f 911/911/911 910/910/910 909/909/909
f 913/913/913 914/914/914 915/915/915
f 908/908/908 914/914/914 913/913/913
f 916/916/916 915/915/915 914/914/914
f 907/907/907 916/916/916 914/914/914
f 916/916/916 918/918/918 917/917/917
f 912/912/912 916/916/916 910/910/910
f 881/881/881 919/919/919 920/920/920
f 920/920/920 921/921/921 922/922/922
f 880/880/880 923/923/923 919/919/919
f 919/919/919 924/924/924 921/921/921
f 885/885/885 923/923/923 883/883/883
f 925/925/925 924/924/924 923/923/923
f 927/927/927 928/928/928 929/929/929
f 922/922/922 928/928/928 927/927/927
f 930/930/930 929/929/929 928/928/928
f 921/921/921 930/930/930 928/928/928
f 930/930/930 932/932/932 931/931/931
f 926/926/926 930/930/930 924/924/924
f 861/861/861 933/933/933 934/934/934
f 934/934/934 935/935/935 936/936/936
f 860/860/860 937/937/937 933/933/933
f 933/933/933 938/938/938 935/935/935
f 865/865/865 937/937/937 863/863/863
f 939/939/939 938/938/938 937/937/937
f 941/941/941 942/942/942 943/943/943
f 936/936/936 942/942/942 941/941/941
f 943/943/943 945/945/945 944/944/944
f 935/935/935 945/945/945 942/942/942
f 945/945/945 946/946/946 944/944/944
f 940/940/940 945/945/945 938/938/938
f 841/841/841 947/947/947 948/948/948
f 840/840/840 949/949/949 947/947/947
f 845/845/845 949/949/949 843/843/843
f 948/948/948 951/951/951 952/952/952
f 951/951/951 949/949/949 953/953/953
f 950/950/950 953/953/953 949/949/949
f 955/955/955 956/956/956 957/957/957
f 952/952/952 956/956/956 955/955/955
f 956/956/956 959/959/959 957/957/957
f 951/951/951 958/958/958 956/956/956
f 958/958/958 960/960/960 959/959/959
f 954/954/954 958/958/958 953/953/953
f 961/961/961 803/803/803 800/800/800
f 799/799/799 961/961/961 800/800/800
f 964/964/964 962/962/962 961/961/961
f 963/963/963 964/964/964 961/961/961
f 967/967/967 965/965/965 964/964/964
f 969/969/969 964/964/964 966/966/966
f 970/970/970 968/968/968 967/967/967
f 972/972/972 967/967/967 969/969/969
f 970/970/970 974/974/974 971/971/971
f 972/972/972 973/973/973 970/970/970
f 973/973/973 977/977/977 974/974/974
f 978/978/978 973/973/973 975/975/975
f 979/979/979 963/963/963 799/799/799
f 793/793/793 979/979/979 799/799/799
f 980/980/980 966/966/966 963/963/963
f 981/981/981 969/969/969 966/966/966
f 980/980/980 981/981/981 966/966/966
f 982/982/982 972/972/972 969/969/969
f 984/984/984 975/975/975 972/972/972
f 985/985/985 978/978/978 975/975/975
f 987/987/987 984/984/984 982/982/982
f 989/989/989 982/982/982 981/981/981
f 990/990/990 988/988/988 987/987/987
f 992/992/992 990/990/990 987/987/987
f 989/989/989 992/992/992 987/987/987
f 994/994/994 991/991/991 990/990/990
f 996/996/996 990/990/990 992/992/992
f 997/997/997 995/995/995 994/994/994
f 996/996/996 997/997/997 994/994/994
f 1033/1033/1033 999/999/999 995/995/995
f 1035/1035/1035 999/999/999 1034/1034/1034
f 999/999/999 991/991/991 995/995/995
f 1000/1000/1000 1001/1001/1001 999/999/999
f 991/991/991 1003/1003/1003 988/988/988
f 1002/1002/1002 1003/1003/1003 1001/1001/1001
f 988/988/988 985/985/985 984/984/984
f 1004/1004/1004 985/985/985 1003/1003/1003
f 983/983/983 989/989/989 981/981/981
f 1006/1006/1006 989/989/989 1005/1005/1005
f 1007/1007/1007 992/992/992 993/993/993
f 1006/1006/1006 1007/1007/1007 993/993/993
f 1007/1007/1007 998/998/998 996/996/996
f 1008/1008/1008 1009/1009/1009 1007/1007/1007
f 1011/1011/1011 1010/1010/1010 1008/1008/1008
f 1013/1013/1013 1012/1012/1012 1011/1011/1011
f 892/892/892 1014/1014/1014 1013/1013/1013
f 1015/1015/1015 1008/1008/1008 1006/1006/1006
f 1016/1016/1016 1011/1011/1011 1015/1015/1015
f 893/893/893 1013/1013/1013 1016/1016/1016
f 1015/1015/1015 1005/1005/1005 1017/1017/1017
f 983/983/983 1017/1017/1017 1005/1005/1005
f 980/980/980 1018/1018/1018 983/983/983
f 1017/1017/1017 1020/1020/1020 1015/1015/1015
f 1021/1021/1021 1016/1016/1016 1015/1015/1015
f 1020/1020/1020 1021/1021/1021 1015/1015/1015
f 1017/1017/1017 1023/1023/1023 1019/1019/1019
f 1018/1018/1018 1024/1024/1024 1023/1023/1023
f 793/793/793 1024/1024/1024 979/979/979
f 875/875/875 1016/1016/1016 1021/1021/1021
f 874/874/874 1021/1021/1021 1022/1022/1022
f 1022/1022/1022 855/855/855 874/874/874
f 855/855/855 1027/1027/1027 854/854/854
f 1026/1026/1026 1022/1022/1022 1020/1020/1020
f 1019/1019/1019 1026/1026/1026 1020/1020/1020
f 1027/1027/1027 833/833/833 854/854/854
f 833/833/833 1029/1029/1029 832/832/832
f 1029/1029/1029 836/836/836 832/832/832
f 1028/1028/1028 1019/1019/1019 1023/1023/1023
f 1023/1023/1023 1029/1029/1029 1028/1028/1028
f 1024/1024/1024 1029/1029/1029 1023/1023/1023
f 1030/1030/1030 837/837/837 836/836/836
f 1025/1025/1025 1031/1031/1031 1030/1030/1030
f 793/793/793 1032/1032/1032 1025/1025/1025
f 1030/1030/1030 1024/1024/1024 1025/1025/1025
f 1032/1032/1032 793/793/793 796/796/796
f 1031/1031/1031 1025/1025/1025 1032/1032/1032
f 837/837/837 1030/1030/1030 1031/1031/1031
f 1029/1029/1029 1024/1024/1024 1030/1030/1030
f 1019/1019/1019 1028/1028/1028 1027/1027/1027
f 836/836/836 1029/1029/1029 1030/1030/1030
f 1029/1029/1029 833/833/833 1028/1028/1028
f 833/833/833 1027/1027/1027 1028/1028/1028
f 1026/1026/1026 1019/1019/1019 1027/1027/1027
f 1027/1027/1027 855/855/855 1026/1026/1026
f 855/855/855 1022/1022/1022 1026/1026/1026
f 1021/1021/1021 874/874/874 875/875/875
f 1016/1016/1016 875/875/875 893/893/893
f 1024/1024/1024 793/793/793 1025/1025/1025
f 1024/1024/1024 1018/1018/1018 979/979/979
f 1023/1023/1023 1017/1017/1017 1018/1018/1018
f 1021/1021/1021 1020/1020/1020 1022/1022/1022
f 1020/1020/1020 1017/1017/1017 1019/1019/1019
f 1018/1018/1018 980/980/980 979/979/979
f 1017/1017/1017 983/983/983 1018/1018/1018
f 1005/1005/1005 1015/1015/1015 1006/1006/1006
f 1013/1013/1013 893/893/893 892/892/892
f 1011/1011/1011 1016/1016/1016 1013/1013/1013
f 1008/1008/1008 1015/1015/1015 1011/1011/1011
f 1014/1014/1014 892/892/892 896/896/896
f 1012/1012/1012 1013/1013/1013 1014/1014/1014
f 1010/1010/1010 1011/1011/1011 1012/1012/1012
f 1009/1009/1009 1008/1008/1008 1010/1010/1010
f 998/998/998 1007/1007/1007 1009/1009/1009
f 1007/1007/1007 1006/1006/1006 1008/1008/1008
f 992/992/992 1007/1007/1007 996/996/996
f 989/989/989 1006/1006/1006 993/993/993
f 989/989/989 983/983/983 1005/1005/1005
f 985/985/985 1004/1004/1004 986/986/986
f 985/985/985 988/988/988 1003/1003/1003
f 1003/1003/1003 1002/1002/1002 1004/1004/1004
f 1003/1003/1003 991/991/991 1001/1001/1001
f 1001/1001/1001 1000/1000/1000 1002/1002/1002
f 991/991/991 999/999/999 1001/1001/1001
f 999/999/999 1035/1035/1035 1000/1000/1000
f 999/999/999 1033/1033/1033 1034/1034/1034
f 997/997/997 996/996/996 998/998/998
f 995/995/995 997/997/997 1033/1033/1033
f 990/990/990 996/996/996 994/994/994
f 991/991/991 994/994/994 995/995/995
f 992/992/992 989/989/989 993/993/993
f 988/988/988 990/990/990 991/991/991
f 982/982/982 989/989/989 987/987/987
f 984/984/984 987/987/987 988/988/988
f 978/978/978 985/985/985 986/986/986
f 975/975/975 984/984/984 985/985/985
f 972/972/972 982/982/982 984/984/984
f 981/981/981 980/980/980 983/983/983
f 969/969/969 981/981/981 982/982/982
f 963/963/963 979/979/979 980/980/980
f 973/973/973 978/978/978 976/976/976
f 977/977/977 973/973/973 976/976/976
f 973/973/973 972/972/972 975/975/975
f 974/974/974 970/970/970 973/973/973
f 967/967/967 972/972/972 970/970/970
f 968/968/968 970/970/970 971/971/971
f 964/964/964 969/969/969 967/967/967
f 965/965/965 967/967/967 968/968/968
f 964/964/964 963/963/963 966/966/966
f 962/962/962 964/964/964 965/965/965
f 961/961/961 799/799/799 963/963/963
f 803/803/803 961/961/961 962/962/962
f 958/958/958 954/954/954 960/960/960
f 958/958/958 951/951/951 953/953/953
f 959/959/959 956/956/956 958/958/958
f 956/956/956 952/952/952 951/951/951
f 953/953/953 950/950/950 954/954/954
f 949/949/949 951/951/951 947/947/947
f 951/951/951 948/948/948 947/947/947
f 949/949/949 845/845/845 950/950/950
f 949/949/949 840/840/840 843/843/843
f 947/947/947 841/841/841 840/840/840
f 945/945/945 940/940/940 946/946/946
f 945/945/945 935/935/935 938/938/938
f 945/945/945 943/943/943 942/942/942
f 942/942/942 936/936/936 935/935/935
f 938/938/938 939/939/939 940/940/940
f 937/937/937 865/865/865 939/939/939
f 938/938/938 933/933/933 937/937/937
f 937/937/937 860/860/860 863/863/863
f 935/935/935 934/934/934 933/933/933
f 933/933/933 861/861/861 860/860/860
f 930/930/930 926/926/926 932/932/932
f 930/930/930 921/921/921 924/924/924
f 929/929/929 930/930/930 931/931/931
f 928/928/928 922/922/922 921/921/921
f 924/924/924 925/925/925 926/926/926
f 923/923/923 885/885/885 925/925/925
f 924/924/924 919/919/919 923/923/923
f 923/923/923 880/880/880 883/883/883
f 921/921/921 920/920/920 919/919/919
f 919/919/919 881/881/881 880/880/880
f 916/916/916 912/912/912 918/918/918
f 916/916/916 907/907/907 910/910/910
f 915/915/915 916/916/916 917/917/917
f 914/914/914 908/908/908 907/907/907
f 910/910/910 911/911/911 912/912/912
f 909/909/909 900/900/900 911/911/911
f 910/910/910 905/905/905 909/909/909
f 909/909/909 901/901/901 897/897/897
f 907/907/907 906/906/906 905/905/905
f 905/905/905 903/903/903 901/901/901
f 894/894/894 902/902/902 904/904/904
f 904/904/904 901/901/901 903/903/903
f 902/902/902 886/886/886 898/898/898
f 898/898/898 901/901/901 902/902/902
f 889/889/889 898/898/898 886/886/886
f 899/899/899 897/897/897 898/898/898
f 895/895/895 892/892/892 891/891/891
f 895/895/895 890/890/890 894/894/894
f 870/870/870 893/893/893 875/875/875
f 892/892/892 887/887/887 891/891/891
f 887/887/887 890/890/890 891/891/891
f 870/870/870 888/888/888 887/887/887
f 888/888/888 886/886/886 887/887/887
f 882/882/882 877/877/877 884/884/884
f 883/883/883 884/884/884 885/885/885
f 879/879/879 873/873/873 882/882/882
f 880/880/880 882/882/882 883/883/883
f 879/879/879 869/869/869 868/868/868
f 880/880/880 878/878/878 879/879/879
f 850/850/850 874/874/874 855/855/855
f 876/876/876 850/850/850 851/851/851
f 873/873/873 876/876/876 877/877/877
f 875/875/875 867/867/867 870/870/870
f 868/868/868 872/872/872 873/873/873
f 866/866/866 870/870/870 867/867/867
f 868/868/868 866/866/866 867/867/867
f 862/862/862 857/857/857 864/864/864
f 863/863/863 864/864/864 865/865/865
f 862/862/862 847/847/847 853/853/853
f 863/863/863 859/859/859 862/862/862
f 858/858/858 847/847/847 859/859/859
f 860/860/860 858/858/858 859/859/859
f 828/828/828 854/854/854 833/833/833
f 856/856/856 828/828/828 829/829/829
f 857/857/857 852/852/852 856/856/856
f 855/855/855 846/846/846 850/850/850
f 853/853/853 846/846/846 852/852/852
f 849/849/849 850/850/850 846/846/846
f 848/848/848 846/846/846 847/847/847
f 831/831/831 844/844/844 842/842/842
f 843/843/843 844/844/844 845/845/845
f 831/831/831 839/839/839 826/826/826
f 840/840/840 842/842/842 843/843/843
f 838/838/838 826/826/826 839/839/839
f 840/840/840 838/838/838 839/839/839
f 834/834/834 836/836/836 837/837/837
f 835/835/835 830/830/830 834/834/834
f 825/825/825 833/833/833 832/832/832
f 831/831/831 825/825/825 830/830/830
f 824/824/824 828/828/828 825/825/825
f 826/826/826 824/824/824 825/825/825
f 823/823/823 818/818/818 820/820/820
f 821/821/821 816/816/816 817/817/817
f 820/820/820 814/814/814 816/816/816
f 819/819/819 814/814/814 818/818/818
f 816/816/816 813/813/813 817/817/817
f 814/814/814 811/811/811 816/816/816
f 814/814/814 809/809/809 808/808/808
f 812/812/812 802/802/802 805/805/805
f 811/811/811 812/812/812 813/813/813
f 810/810/810 797/797/797 802/802/802
f 811/811/811 807/807/807 810/810/810
f 806/806/806 797/797/797 807/807/807
f 808/808/808 806/806/806 807/807/807
f 805/805/805 801/801/801 804/804/804
f 804/804/804 800/800/800 803/803/803
f 802/802/802 794/794/794 801/801/801
f 801/801/801 799/799/799 800/800/800
f 797/797/797 795/795/795 794/794/794
f 795/795/795 793/793/793 794/794/794
f 321/321/321 323/323/323 324/324/324
f 325/325/325 323/323/323 326/326/326
f 327/327/327 326/326/326 558/558/558
f 328/328/328 330/330/330 331/331/331
f 332/332/332 334/334/334 335/335/335
f 336/336/336 338/338/338 339/339/339
f 340/340/340 342/342/342 343/343/343
f 331/331/331 344/344/344 345/345/345
f 335/335/335 346/346/346 347/347/347
f 337/337/337 348/348/348 349/349/349
f 341/341/341 350/350/350 351/351/351
f 352/352/352 342/342/342 353/353/353
f 354/354/354 338/338/338 355/355/355
f 356/356/356 332/332/332 357/357/357
f 358/358/358 328/328/328 359/359/359
f 329/329/329 360/360/360 361/361/361
f 361/361/361 362/362/362 363/363/363
f 330/330/330 361/361/361 364/364/364
f 365/365/365 361/361/361 363/363/363
f 330/330/330 366/366/366 344/344/344
f 364/364/364 367/367/367 366/366/366
f 368/368/368 334/334/334 369/369/369
f 370/370/370 334/334/334 333/333/333
f 371/371/371 369/369/369 370/370/370
f 373/373/373 333/333/333 356/356/356
f 374/374/374 370/370/370 373/373/373
f 375/375/375 340/340/340 376/376/376
f 377/377/377 340/340/340 343/343/343
f 377/377/377 379/379/379 376/376/376
f 380/380/380 343/343/343 352/352/352
f 378/378/378 380/380/380 381/381/381
f 382/382/382 336/336/336 383/383/383
f 383/383/383 339/339/339 384/384/384
f 385/385/385 384/384/384 386/386/386
f 387/387/387 339/339/339 354/354/354
f 388/388/388 384/384/384 387/387/387
f 382/382/382 385/385/385 389/389/389
f 375/375/375 379/379/379 390/390/390
f 369/369/369 391/391/391 368/368/368
f 392/392/392 394/394/394 395/395/395
f 392/392/392 396/396/396 397/397/397
f 397/397/397 398/398/398 399/399/399
f 560/560/560 400/400/400 401/401/401
f 400/400/400 561/561/561 402/402/402
f 401/401/401 403/403/403 404/404/404
f 405/405/405 400/400/400 402/402/402
f 404/404/404 406/406/406 407/407/407
f 409/409/409 399/399/399 408/408/408
f 410/410/410 407/407/407 406/406/406
f 408/408/408 410/410/410 409/409/409
f 406/406/406 405/405/405 412/412/412
f 413/413/413 393/393/393 392/392/392
f 397/397/397 413/413/413 392/392/392
f 409/409/409 415/415/415 413/413/413
f 410/410/410 412/412/412 415/415/415
f 416/416/416 393/393/393 417/417/417
f 418/418/418 413/413/413 415/415/415
f 402/402/402 562/562/562 419/419/419
f 405/405/405 419/419/419 421/421/421
f 562/562/562 422/422/422 419/419/419
f 423/423/423 415/415/415 412/412/412
f 412/412/412 421/421/421 423/423/423
f 423/423/423 421/421/421 424/424/424
f 421/421/421 422/422/422 424/424/424
f 425/425/425 420/420/420 426/426/426
f 427/427/427 365/365/365 428/428/428
f 429/429/429 417/417/417 430/430/430
f 431/431/431 433/433/433 434/434/434
f 434/434/434 430/430/430 431/431/431
f 435/435/435 426/426/426 436/436/436
f 437/437/437 417/417/417 438/438/438
f 417/417/417 414/414/414 438/438/438
f 439/439/439 414/414/414 418/418/418
f 440/440/440 418/418/418 423/423/423
f 440/440/440 424/424/424 441/441/441
f 424/424/424 425/425/425 441/441/441
f 442/442/442 436/436/436 443/443/443
f 425/425/425 444/444/444 441/441/441
f 440/440/440 444/444/444 445/445/445
f 446/446/446 440/440/440 445/445/445
f 439/439/439 447/447/447 438/438/438
f 447/447/447 437/437/437 438/438/438
f 448/448/448 443/443/443 449/449/449
f 450/450/450 449/449/449 451/451/451
f 450/450/450 427/427/427 428/428/428
f 363/363/363 452/452/452 453/453/453
f 453/453/453 365/365/365 363/363/363
f 454/454/454 448/448/448 450/450/450
f 450/450/450 453/453/453 454/454/454
f 456/456/456 372/372/372 457/457/457
f 458/458/458 372/372/372 371/371/371
f 371/371/371 459/459/459 458/458/458
f 454/454/454 460/460/460 461/461/461
f 462/462/462 457/457/457 458/458/458
f 461/461/461 457/457/457 462/462/462
f 455/455/455 461/461/461 463/463/463
f 464/464/464 389/389/389 385/385/385
f 462/462/462 466/466/466 467/467/467
f 468/468/468 388/388/388 469/469/469
f 464/464/464 386/386/386 468/468/468
f 470/470/470 379/379/379 471/471/471
f 472/472/472 470/470/470 471/471/471
f 467/467/467 464/464/464 474/474/474
f 474/474/474 464/464/464 468/468/468
f 474/474/474 472/472/472 475/475/475
f 471/471/471 378/378/378 476/476/476
f 381/381/381 476/476/476 378/378/378
f 478/478/478 471/471/471 476/476/476
f 475/475/475 471/471/471 478/478/478
f 478/478/478 476/476/476 479/479/479
f 430/430/430 480/480/480 431/431/431
f 481/481/481 437/437/437 447/447/447
f 432/432/432 480/480/480 482/482/482
f 482/482/482 480/480/480 483/483/483
f 483/483/483 480/480/480 481/481/481
f 484/484/484 485/485/485 486/486/486
f 483/483/483 484/484/484 486/486/486
f 463/463/463 462/462/462 487/487/487
f 487/487/487 467/467/467 488/488/488
f 435/435/435 489/489/489 444/444/444
f 442/442/442 455/455/455 489/489/489
f 489/489/489 455/455/455 463/463/463
f 463/463/463 490/490/490 489/489/489
f 490/490/490 487/487/487 488/488/488
f 491/491/491 444/444/444 489/489/489
f 491/491/491 490/490/490 492/492/492
f 467/467/467 493/493/493 488/488/488
f 492/492/492 488/488/488 493/493/493
f 493/493/493 475/475/475 494/494/494
f 495/495/495 475/475/475 478/478/478
f 495/495/495 479/479/479 485/485/485
f 492/492/492 494/494/494 496/496/496
f 446/446/446 491/491/491 497/497/497
f 491/491/491 496/496/496 497/497/497
f 497/497/497 447/447/447 446/446/446
f 484/484/484 497/497/497 496/496/496
f 495/495/495 484/484/484 496/496/496
f 496/496/496 494/494/494 495/495/495
f 460/460/460 452/452/452 498/498/498
f 456/456/456 460/460/460 498/498/498
f 466/466/466 459/459/459 499/499/499
f 465/465/465 466/466/466 499/499/499
f 472/472/472 469/469/469 473/473/473
f 479/479/479 477/477/477 500/500/500
f 485/485/485 500/500/500 501/501/501
f 486/486/486 501/501/501 502/502/502
f 483/483/483 502/502/502 503/503/503
f 504/504/504 483/483/483 503/503/503
f 505/505/505 324/324/324 506/506/506
f 507/507/507 482/482/482 508/508/508
f 506/506/506 325/325/325 509/509/509
f 508/508/508 509/509/509 507/507/507
f 510/510/510 432/432/432 507/507/507
f 511/511/511 325/325/325 327/327/327
f 507/507/507 511/511/511 510/510/510
f 505/505/505 508/508/508 512/512/512
f 508/508/508 504/504/504 512/512/512
f 323/323/323 563/563/563 513/513/513
f 513/513/513 563/563/563 514/514/514
f 323/323/323 516/516/516 326/326/326
f 513/513/513 517/517/517 516/516/516
f 515/515/515 326/326/326 516/516/516
f 517/517/517 515/515/515 516/516/516
f 518/518/518 519/519/519 520/520/520
f 521/521/521 520/520/520 522/522/522
f 523/523/523 521/521/521 524/524/524
f 524/524/524 331/331/331 523/523/523
f 525/525/525 521/521/521 522/522/522
f 526/526/526 521/521/521 525/525/525
f 359/359/359 524/524/524 526/526/526
f 527/527/527 528/528/528 529/529/529
f 530/530/530 529/529/529 531/531/531
f 532/532/532 530/530/530 533/533/533
f 532/532/532 332/332/332 335/335/335
f 534/534/534 530/530/530 531/531/531
f 535/535/535 530/530/530 534/534/534
f 357/357/357 533/533/533 535/535/535
f 536/536/536 537/537/537 538/538/538
f 539/539/539 536/536/536 540/540/540
f 540/540/540 349/349/349 539/539/539
f 541/541/541 538/538/538 542/542/542
f 540/540/540 541/541/541 543/543/543
f 543/543/543 337/337/337 540/540/540
f 544/544/544 541/541/541 542/542/542
f 545/545/545 541/541/541 544/544/544
f 355/355/355 543/543/543 545/545/545
f 546/546/546 547/547/547 548/548/548
f 549/549/549 546/546/546 550/550/550
f 550/550/550 351/351/351 549/549/549
f 546/546/546 551/551/551 552/552/552
f 550/550/550 552/552/552 553/553/553
f 550/550/550 342/342/342 341/341/341
f 554/554/554 552/552/552 551/551/551
f 555/555/555 552/552/552 554/554/554
f 353/353/353 553/553/553 555/555/555
f 532/532/532 347/347/347 556/556/556
f 527/527/527 556/556/556 528/528/528
f 523/523/523 345/345/345 557/557/557
f 518/518/518 557/557/557 519/519/519
f 557/557/557 518/518/518 523/523/523
f 345/345/345 523/523/523 331/331/331
f 556/556/556 527/527/527 532/532/532
f 347/347/347 532/532/532 335/335/335
f 553/553/553 353/353/353 342/342/342
f 552/552/552 555/555/555 553/553/553
f 342/342/342 550/550/550 553/553/553
f 552/552/552 550/550/550 546/546/546
f 551/551/551 546/546/546 548/548/548
f 351/351/351 550/550/550 341/341/341
f 546/546/546 549/549/549 547/547/547
f 543/543/543 355/355/355 338/338/338
f 541/541/541 545/545/545 543/543/543
f 337/337/337 543/543/543 338/338/338
f 541/541/541 540/540/540 536/536/536
f 538/538/538 541/541/541 536/536/536
f 349/349/349 540/540/540 337/337/337
f 536/536/536 539/539/539 537/537/537
f 533/533/533 357/357/357 332/332/332
f 530/530/530 535/535/535 533/533/533
f 332/332/332 532/532/532 533/533/533
f 530/530/530 532/532/532 527/527/527
f 529/529/529 530/530/530 527/527/527
f 524/524/524 359/359/359 328/328/328
f 521/521/521 526/526/526 524/524/524
f 331/331/331 524/524/524 328/328/328
f 521/521/521 523/523/523 518/518/518
f 520/520/520 521/521/521 518/518/518
f 326/326/326 515/515/515 558/558/558
f 517/517/517 513/513/513 514/514/514
f 516/516/516 323/323/323 513/513/513
f 563/563/563 323/323/323 322/322/322
f 504/504/504 508/508/508 482/482/482
f 508/508/508 505/505/505 506/506/506
f 511/511/511 507/507/507 509/509/509
f 325/325/325 511/511/511 509/509/509
f 432/432/432 510/510/510 433/433/433
f 509/509/509 508/508/508 506/506/506
f 325/325/325 506/506/506 324/324/324
f 482/482/482 507/507/507 432/432/432
f 324/324/324 505/505/505 321/321/321
f 483/483/483 504/504/504 482/482/482
f 502/502/502 483/483/483 486/486/486
f 501/501/501 486/486/486 485/485/485
f 500/500/500 485/485/485 479/479/479
f 477/477/477 479/479/479 476/476/476
f 469/469/469 472/472/472 468/468/468
f 466/466/466 465/465/465 464/464/464
f 459/459/459 466/466/466 458/458/458
f 460/460/460 456/456/456 457/457/457
f 452/452/452 460/460/460 453/453/453
f 484/484/484 495/495/495 485/485/485
f 497/497/497 484/484/484 481/481/481
f 447/447/447 497/497/497 481/481/481
f 496/496/496 491/491/491 492/492/492
f 491/491/491 446/446/446 445/445/445
f 494/494/494 492/492/492 493/493/493
f 479/479/479 495/495/495 478/478/478
f 475/475/475 495/495/495 494/494/494
f 475/475/475 493/493/493 474/474/474
f 488/488/488 492/492/492 490/490/490
f 493/493/493 467/467/467 474/474/474
f 490/490/490 491/491/491 489/489/489
f 444/444/444 491/491/491 445/445/445
f 490/490/490 463/463/463 487/487/487
f 455/455/455 442/442/442 448/448/448
f 489/489/489 435/435/435 442/442/442
f 467/467/467 487/487/487 462/462/462
f 462/462/462 463/463/463 461/461/461
f 484/484/484 483/483/483 481/481/481
f 480/480/480 432/432/432 431/431/431
f 437/437/437 481/481/481 480/480/480
f 480/480/480 430/430/430 437/437/437
f 471/471/471 475/475/475 472/472/472
f 476/476/476 381/381/381 477/477/477
f 378/378/378 471/471/471 379/379/379
f 472/472/472 474/474/474 468/468/468
f 464/464/464 467/467/467 466/466/466
f 470/470/470 472/472/472 473/473/473
f 379/379/379 470/470/470 390/390/390
f 386/386/386 464/464/464 385/385/385
f 388/388/388 468/468/468 386/386/386
f 466/466/466 462/462/462 458/458/458
f 389/389/389 464/464/464 465/465/465
f 461/461/461 455/455/455 454/454/454
f 457/457/457 461/461/461 460/460/460
f 460/460/460 454/454/454 453/453/453
f 459/459/459 371/371/371 374/374/374
f 372/372/372 458/458/458 457/457/457
f 372/372/372 456/456/456 391/391/391
f 453/453/453 450/450/450 428/428/428
f 448/448/448 454/454/454 455/455/455
f 365/365/365 453/453/453 428/428/428
f 452/452/452 363/363/363 362/362/362
f 427/427/427 450/450/450 451/451/451
f 449/449/449 450/450/450 448/448/448
f 443/443/443 448/448/448 442/442/442
f 447/447/447 439/439/439 446/446/446
f 440/440/440 446/446/446 439/439/439
f 444/444/444 440/440/440 441/441/441
f 444/444/444 425/425/425 435/435/435
f 436/436/436 442/442/442 435/435/435
f 425/425/425 424/424/424 422/422/422
f 424/424/424 440/440/440 423/423/423
f 418/418/418 440/440/440 439/439/439
f 414/414/414 439/439/439 438/438/438
f 414/414/414 417/417/417 393/393/393
f 417/417/417 437/437/437 430/430/430
f 426/426/426 435/435/435 425/425/425
f 430/430/430 434/434/434 429/429/429
f 433/433/433 431/431/431 432/432/432
f 417/417/417 429/429/429 416/416/416
f 365/365/365 427/427/427 367/367/367
f 420/420/420 425/425/425 422/422/422
f 422/422/422 421/421/421 419/419/419
f 421/421/421 412/412/412 405/405/405
f 415/415/415 423/423/423 418/418/418
f 422/422/422 562/562/562 420/420/420
f 419/419/419 405/405/405 402/402/402
f 562/562/562 402/402/402 561/561/561
f 413/413/413 418/418/418 414/414/414
f 393/393/393 416/416/416 394/394/394
f 412/412/412 410/410/410 406/406/406
f 415/415/415 409/409/409 410/410/410
f 413/413/413 397/397/397 409/409/409
f 393/393/393 413/413/413 414/414/414
f 405/405/405 406/406/406 403/403/403
f 410/410/410 408/408/408 411/411/411
f 407/407/407 410/410/410 411/411/411
f 399/399/399 409/409/409 397/397/397
f 406/406/406 404/404/404 403/403/403
f 400/400/400 405/405/405 403/403/403
f 403/403/403 401/401/401 400/400/400
f 561/561/561 400/400/400 559/559/559
f 400/400/400 560/560/560 559/559/559
f 398/398/398 397/397/397 396/396/396
f 396/396/396 392/392/392 395/395/395
f 394/394/394 392/392/392 393/393/393
f 391/391/391 369/369/369 372/372/372
f 379/379/379 375/375/375 376/376/376
f 385/385/385 382/382/382 383/383/383
f 384/384/384 388/388/388 386/386/386
f 339/339/339 387/387/387 384/384/384
f 384/384/384 385/385/385 383/383/383
f 339/339/339 383/383/383 336/336/336
f 336/336/336 382/382/382 348/348/348
f 380/380/380 378/378/378 377/377/377
f 343/343/343 380/380/380 377/377/377
f 379/379/379 377/377/377 378/378/378
f 340/340/340 377/377/377 376/376/376
f 340/340/340 375/375/375 350/350/350
f 370/370/370 374/374/374 371/371/371
f 333/333/333 373/373/373 370/370/370
f 369/369/369 371/371/371 372/372/372
f 334/334/334 370/370/370 369/369/369
f 334/334/334 368/368/368 346/346/346
f 367/367/367 364/364/364 365/365/365
f 366/366/366 330/330/330 364/364/364
f 361/361/361 365/365/365 364/364/364
f 361/361/361 330/330/330 329/329/329
f 362/362/362 361/361/361 360/360/360
f 360/360/360 329/329/329 358/358/358
f 328/328/328 358/358/358 329/329/329
f 332/332/332 356/356/356 333/333/333
f 338/338/338 354/354/354 339/339/339
f 342/342/342 352/352/352 343/343/343
f 350/350/350 341/341/341 340/340/340
f 348/348/348 337/337/337 336/336/336
f 346/346/346 335/335/335 334/334/334
f 344/344/344 331/331/331 330/330/330
f 342/342/342 340/340/340 341/341/341
f 338/338/338 336/336/336 337/337/337
f 334/334/334 332/332/332 333/333/333
f 330/330/330 328/328/328 329/329/329
f 326/326/326 327/327/327 325/325/325
f 323/323/323 325/325/325 324/324/324
f 323/323/323 321/321/321 322/322/322
f 1210/1210/1210 1212/1212/1212 1213/1213/1213
f 1214/1214/1214 1216/1216/1216 1217/1217/1217
f 1219/1219/1219 1221/1221/1221 1218/1218/1218
f 1222/1222/1222 1221/1221/1221 1220/1220/1220
f 1225/1225/1225 1227/1227/1227 1224/1224/1224
f 1227/1227/1227 1228/1228/1228 1229/1229/1229
f 1230/1230/1230 1232/1232/1232 1233/1233/1233
f 1222/1222/1222 1224/1224/1224 1223/1223/1223
f 1211/1211/1211 1217/1217/1217 1212/1212/1212
f 1234/1234/1234 1231/1231/1231 1230/1230/1230
f 1215/1215/1215 1218/1218/1218 1216/1216/1216
f 1236/1236/1236 1217/1217/1217 1216/1216/1216
f 1238/1238/1238 1237/1237/1237 1236/1236/1236
f 1233/1233/1233 1229/1229/1229 1228/1228/1228
f 1240/1240/1240 1232/1232/1232 1241/1241/1241
f 1241/1241/1241 1243/1243/1243 1240/1240/1240
f 1243/1243/1243 1241/1241/1241 1242/1242/1242
f 1232/1232/1232 1240/1240/1240 1229/1229/1229
f 1229/1229/1229 1233/1233/1233 1232/1232/1232
f 1237/1237/1237 1238/1238/1238 1239/1239/1239
f 1217/1217/1217 1236/1236/1236 1237/1237/1237
f 1218/1218/1218 1215/1215/1215 1219/1219/1219
f 1231/1231/1231 1234/1234/1234 1235/1235/1235
f 1217/1217/1217 1211/1211/1211 1214/1214/1214
f 1224/1224/1224 1222/1222/1222 1225/1225/1225
f 1232/1232/1232 1230/1230/1230 1231/1231/1231
f 1228/1228/1228 1227/1227/1227 1226/1226/1226
f 1227/1227/1227 1225/1225/1225 1226/1226/1226
f 1221/1221/1221 1222/1222/1222 1223/1223/1223
f 1221/1221/1221 1219/1219/1219 1220/1220/1220
f 1216/1216/1216 1214/1214/1214 1215/1215/1215
f 1212/1212/1212 1210/1210/1210 1211/1211/1211
f 1088/1088/1088 1090/1090/1090 1091/1091/1091
f 1092/1092/1092 1094/1094/1094 1095/1095/1095
f 1097/1097/1097 1099/1099/1099 1096/1096/1096
f 1097/1097/1097 1101/1101/1101 1098/1098/1098
f 1103/1103/1103 1105/1105/1105 1102/1102/1102
f 1103/1103/1103 1107/1107/1107 1104/1104/1104
f 1108/1108/1108 1110/1110/1110 1111/1111/1111
f 1101/1101/1101 1102/1102/1102 1105/1105/1105
f 1091/1091/1091 1093/1093/1093 1092/1092/1092
f 1112/1112/1112 1111/1111/1111 1113/1113/1113
f 1095/1095/1095 1096/1096/1096 1099/1099/1099
f 1114/1114/1114 1093/1093/1093 1115/1115/1115
f 1116/1116/1116 1115/1115/1115 1117/1117/1117
f 1109/1109/1109 1106/1106/1106 1110/1110/1110
f 1118/1118/1118 1110/1110/1110 1106/1106/1106
f 1119/1119/1119 1120/1120/1120 1121/1121/1121
f 1120/1120/1120 1119/1119/1119 1118/1118/1118
f 1110/1110/1110 1118/1118/1118 1119/1119/1119
f 1106/1106/1106 1109/1109/1109 1107/1107/1107
f 1115/1115/1115 1116/1116/1116 1114/1114/1114
f 1093/1093/1093 1114/1114/1114 1094/1094/1094
f 1096/1096/1096 1095/1095/1095 1094/1094/1094
f 1111/1111/1111 1112/1112/1112 1108/1108/1108
f 1093/1093/1093 1091/1091/1091 1090/1090/1090
f 1102/1102/1102 1101/1101/1101 1100/1100/1100
f 1110/1110/1110 1108/1108/1108 1109/1109/1109
f 1107/1107/1107 1103/1103/1103 1106/1106/1106
f 1105/1105/1105 1103/1103/1103 1104/1104/1104
f 1101/1101/1101 1097/1097/1097 1100/1100/1100
f 1099/1099/1099 1097/1097/1097 1098/1098/1098
f 1094/1094/1094 1092/1092/1092 1093/1093/1093
f 1090/1090/1090 1088/1088/1088 1089/1089/1089
f 1244/1244/1244 1246/1246/1246 1247/1247/1247
f 1249/1249/1249 1251/1251/1251 1248/1248/1248
f 1253/1253/1253 1255/1255/1255 1252/1252/1252
f 1257/1257/1257 1259/1259/1259 1256/1256/1256
f 1248/1248/1248 1258/1258/1258 1257/1257/1257
f 1253/1253/1253 1259/1259/1259 1254/1254/1254
f 1249/1249/1249 1247/1247/1247 1250/1250/1250
f 1252/1252/1252 1261/1261/1261 1260/1260/1260
f 1261/1261/1261 1252/1252/1252 1255/1255/1255
f 1247/1247/1247 1249/1249/1249 1244/1244/1244
f 1259/1259/1259 1253/1253/1253 1256/1256/1256
f 1258/1258/1258 1248/1248/1248 1251/1251/1251
f 1259/1259/1259 1257/1257/1257 1258/1258/1258
f 1255/1255/1255 1253/1253/1253 1254/1254/1254
f 1251/1251/1251 1249/1249/1249 1250/1250/1250
f 1246/1246/1246 1244/1244/1244 1245/1245/1245
f 1128/1128/1128 1130/1130/1130 1131/1131/1131
f 1133/1133/1133 1135/1135/1135 1132/1132/1132
f 1137/1137/1137 1139/1139/1139 1136/1136/1136
f 1141/1141/1141 1143/1143/1143 1140/1140/1140
f 1142/1142/1142 1132/1132/1132 1143/1143/1143
f 1139/1139/1139 1141/1141/1141 1140/1140/1140
f 1135/1135/1135 1129/1129/1129 1128/1128/1128
f 1145/1145/1145 1136/1136/1136 1144/1144/1144
f 1136/1136/1136 1145/1145/1145 1137/1137/1137
f 1129/1129/1129 1135/1135/1135 1134/1134/1134
f 1141/1141/1141 1139/1139/1139 1138/1138/1138
f 1132/1132/1132 1142/1142/1142 1133/1133/1133
f 1143/1143/1143 1141/1141/1141 1142/1142/1142
f 1139/1139/1139 1137/1137/1137 1138/1138/1138
f 1135/1135/1135 1133/1133/1133 1134/1134/1134
f 1130/1130/1130 1128/1128/1128 1129/1129/1129
f 2078/2078/2078 2074/2074/2074 2077/2077/2077
f 2082/2082/2082 2074/2074/2074 2081/2081/2081
f 2079/2079/2079 2075/2075/2075 2076/2076/2076
f 2079/2079/2079 2076/2076/2076 2084/2084/2084
f 2073/2073/2073 2081/2081/2081 2074/2074/2074
f 2080/2080/2080 2074/2074/2074 2075/2075/2075
f 2075/2075/2075 2083/2083/2083 2076/2076/2076
f 2076/2076/2076 2083/2083/2083 2084/2084/2084
f 2083/2083/2083 2075/2075/2075 2082/2082/2082
f 2074/2074/2074 2080/2080/2080 2077/2077/2077
f 2081/2081/2081 2073/2073/2073 2085/2085/2085
f 2075/2075/2075 2079/2079/2079 2080/2080/2080
f 2074/2074/2074 2082/2082/2082 2075/2075/2075
f 2074/2074/2074 2078/2078/2078 2073/2073/2073
f 2237/2237/2237 2232/2232/2232 2233/2233/2233
f 2241/2241/2241 2232/2232/2232 2234/2234/2234
f 2238/2238/2238 2234/2234/2234 2239/2239/2239
f 2238/2238/2238 2243/2243/2243 2235/2235/2235
f 2233/2233/2233 2240/2240/2240 2244/2244/2244
f 2239/2239/2239 2232/2232/2232 2236/2236/2236
f 2234/2234/2234 2242/2242/2242 2241/2241/2241
f 2235/2235/2235 2243/2243/2243 2242/2242/2242
f 2242/2242/2242 2234/2234/2234 2235/2235/2235
f 2232/2232/2232 2239/2239/2239 2234/2234/2234
f 2240/2240/2240 2233/2233/2233 2232/2232/2232
f 2234/2234/2234 2238/2238/2238 2235/2235/2235
f 2232/2232/2232 2241/2241/2241 2240/2240/2240
f 2232/2232/2232 2237/2237/2237 2236/2236/2236
