# Lusion Astronaut Export: helmet
g helmet
v -0.018302 1.324842 0.153961
v -0.019647 1.341346 0.148763
v -0.042129 1.339358 0.149780
v -0.039754 1.323550 0.164559
v -0.186379 1.294518 -0.160802
v -0.203274 1.287144 -0.146293
v -0.194334 1.311735 -0.141974
v -0.183850 1.314104 -0.159723
v -0.212192 1.280499 -0.132217
v -0.203171 1.301478 -0.124922
v -0.223087 1.269662 -0.110538
v -0.209045 1.288437 -0.104844
v -0.225153 1.263581 -0.086530
v -0.208670 1.283581 -0.079856
v -0.229410 1.259455 -0.054912
v -0.210964 1.277069 -0.053167
v -0.232615 1.257367 -0.023408
v -0.213464 1.277467 -0.025360
v -0.230579 1.257135 0.010050
v -0.212552 1.277301 0.004569
v -0.219727 1.260018 0.038490
v -0.212236 1.282239 0.033970
v -0.213236 1.263349 0.064558
v -0.206729 1.284973 0.058518
v -0.204237 1.272993 0.094889
v -0.195944 1.289497 0.082935
v -0.188269 1.281759 0.116216
v -0.179601 1.298329 0.101475
v -0.170830 1.291502 0.138253
v -0.162295 1.306996 0.118213
v -0.141092 1.316308 0.132502
v -0.146084 1.300169 0.153101
v -0.119478 1.310012 0.160849
v -0.116596 1.325124 0.143087
v -0.094621 1.332730 0.148549
v -0.095393 1.316176 0.164346
v -0.068456 1.320915 0.167610
v -0.069345 1.338099 0.151243
v -0.223815 1.252015 -0.113263
v -0.231387 1.245652 -0.088727
v -0.215287 1.260814 -0.134515
v -0.203847 1.265520 -0.148240
v -0.209207 1.184937 -0.055264
v -0.213383 1.183429 -0.024914
v -0.228623 1.200845 -0.024626
v -0.229285 1.203132 -0.056965
v -0.209869 1.186942 0.009547
v -0.219514 1.207158 0.008091
v -0.204627 1.192626 0.040776
v -0.215382 1.212544 0.041253
v -0.193547 1.200547 0.067641
v -0.209494 1.218128 0.070635
v -0.175705 1.207589 0.094437
v -0.192334 1.225435 0.099685
v -0.159869 1.214913 0.112148
v -0.177035 1.231070 0.121402
v -0.155884 1.239255 0.140469
v -0.141519 1.221376 0.128867
v -0.116574 1.229711 0.143244
v -0.129285 1.248353 0.154696
v -0.098113 1.235030 0.149862
v -0.107222 1.255842 0.164189
v -0.080211 1.240929 0.156692
v -0.086196 1.264608 0.171629
v -0.059538 1.248502 0.160999
v -0.062832 1.270275 0.172093
v -0.033564 1.256787 0.161263
v -0.036990 1.276440 0.167730
v -0.018103 1.261012 0.159066
v -0.018331 1.278643 0.159066
v -0.186894 1.275661 -0.156426
v -0.178888 1.242752 -0.148918
v -0.191107 1.236820 -0.144372
v -0.198517 1.252213 -0.147122
v -0.184755 1.260582 -0.151699
v -0.181557 1.215510 -0.142137
v -0.191864 1.206181 -0.134025
v -0.202774 1.227805 -0.132500
v -0.169823 1.228832 -0.146582
v -0.198047 1.196470 -0.113972
v -0.212618 1.218708 -0.115341
v -0.211957 1.243249 -0.137378
v -0.202487 1.188119 -0.085965
v -0.219896 1.207722 -0.087804
v -0.221948 1.233837 -0.115373
v -0.236306 1.240117 -0.056589
v -0.230983 1.224839 -0.090404
v -0.240886 1.237781 -0.022799
v -0.238004 1.220332 -0.058767
v -0.232049 1.238344 0.010897
v -0.237387 1.218194 -0.022817
v -0.218007 1.240233 0.039507
v -0.226182 1.222502 0.010018
v -0.216640 1.247159 0.069405
v -0.218264 1.226248 0.040757
v -0.205568 1.257019 0.101142
v -0.215419 1.232080 0.070290
v -0.188923 1.265536 0.123160
v -0.201583 1.239951 0.101788
v -0.170948 1.275346 0.145304
v -0.185063 1.247425 0.124629
v -0.144209 1.284377 0.161495
v -0.165574 1.255975 0.147168
v -0.118132 1.292795 0.169833
v -0.138850 1.264940 0.161420
v -0.093129 1.297882 0.173393
v -0.114456 1.273242 0.170454
v -0.066508 1.302124 0.176061
v -0.088982 1.281527 0.175333
v -0.037813 1.290889 0.172482
v -0.038578 1.306714 0.171459
v -0.064898 1.285636 0.176400
v -0.019162 1.308122 0.157892
v -0.018779 1.292944 0.159091
v -0.019287 1.325058 0.149811
v -0.022573 1.338546 0.147269
v -0.041842 1.337220 0.147652
v -0.189680 1.310707 -0.140655
v -0.180520 1.312398 -0.156872
v -0.182307 1.293888 -0.156772
v -0.197547 1.301014 -0.124633
v -0.204252 1.288503 -0.105516
v -0.204362 1.283068 -0.080484
v -0.206376 1.276423 -0.053512
v -0.209405 1.276920 -0.025454
v -0.209229 1.275926 0.004004
v -0.208553 1.280284 0.034052
v -0.203965 1.283615 0.057959
v -0.192592 1.288735 0.081447
v -0.177138 1.296970 0.099064
v -0.159332 1.305902 0.115852
v -0.138931 1.315065 0.129765
v -0.114978 1.324080 0.140136
v -0.068772 1.336442 0.148688
v -0.094121 1.331785 0.145649
v -0.203561 1.187124 -0.054109
v -0.208259 1.186130 -0.025209
v -0.206678 1.189378 0.007526
v -0.201708 1.194581 0.038691
v -0.190952 1.202949 0.065324
v -0.173161 1.209014 0.090582
v -0.157568 1.215377 0.108104
v -0.138931 1.222701 0.123411
v -0.115000 1.231086 0.138548
v -0.097790 1.239106 0.145712
v -0.079859 1.243945 0.151802
v -0.059987 1.251087 0.155889
v -0.035152 1.260432 0.156605
v -0.021845 1.264542 0.157182
v -0.020309 1.278826 0.155613
v -0.182755 1.276274 -0.152201
v -0.182101 1.262206 -0.147072
v -0.175815 1.244343 -0.145967
v -0.181027 1.217001 -0.137604
v -0.189680 1.207191 -0.130434
v -0.169911 1.229081 -0.143776
v -0.194996 1.198293 -0.112058
v -0.197576 1.190952 -0.084489
v -0.020897 1.309216 0.153516
v -0.020154 1.293623 0.155060
v 0.042116 1.339341 0.149793
v 0.019663 1.341330 0.148763
v 0.018296 1.324842 0.153961
v 0.039749 1.323550 0.164559
v 0.019097 1.308106 0.157904
v 0.038565 1.306714 0.171459
v 0.018531 1.292927 0.159147
v 0.037786 1.290922 0.172470
v 0.069340 1.338099 0.151255
v 0.068450 1.320915 0.167610
v 0.094615 1.332713 0.148562
v 0.095373 1.316176 0.164339
v 0.116583 1.325124 0.143100
v 0.119457 1.310012 0.160861
v 0.141050 1.316209 0.132515
v 0.146078 1.300169 0.153107
v 0.170795 1.291469 0.138222
v 0.162326 1.306996 0.118250
v 0.188248 1.281759 0.116185
v 0.179536 1.298064 0.101531
v 0.195960 1.289563 0.082960
v 0.204224 1.273010 0.094895
v 0.213303 1.263332 0.064545
v 0.206724 1.285023 0.058462
v 0.219722 1.260018 0.038490
v 0.212230 1.282223 0.033964
v 0.212561 1.277285 0.004587
v 0.230558 1.257168 0.010031
v 0.232617 1.257383 -0.023408
v 0.213450 1.277483 -0.025366
v 0.229426 1.259538 -0.054887
v 0.210988 1.277053 -0.053161
v 0.225169 1.263614 -0.086511
v 0.208642 1.283466 -0.079875
v 0.209973 1.289464 -0.104693
v 0.223067 1.269646 -0.110538
v 0.212215 1.280549 -0.132198
v 0.203143 1.301428 -0.124941
v 0.203305 1.287227 -0.146237
v 0.194225 1.311519 -0.141980
v 0.186366 1.294535 -0.160809
v 0.183867 1.314104 -0.159716
v 0.037006 1.276489 0.167761
v 0.018237 1.278660 0.159172
v 0.018097 1.261012 0.159078
v 0.033522 1.256804 0.161269
v 0.066502 1.302124 0.176048
v 0.093123 1.297882 0.173412
v 0.118104 1.292795 0.169808
v 0.144211 1.284393 0.161458
v 0.170942 1.275346 0.145316
v 0.188903 1.265536 0.123147
v 0.205562 1.257019 0.101142
v 0.216641 1.247159 0.069405
v 0.218060 1.240283 0.039514
v 0.232007 1.238361 0.010954
v 0.240917 1.237814 -0.022811
v 0.236249 1.240167 -0.056595
v 0.231374 1.245635 -0.088790
v 0.223567 1.252180 -0.113137
v 0.215215 1.260863 -0.134440
v 0.203842 1.265503 -0.148252
v 0.186896 1.275661 -0.156426
v 0.064907 1.285620 0.176394
v 0.089050 1.281527 0.175352
v 0.114443 1.273242 0.170454
v 0.138837 1.264940 0.161420
v 0.165568 1.255975 0.147168
v 0.185058 1.247425 0.124629
v 0.201555 1.239918 0.101820
v 0.215413 1.232080 0.070284
v 0.218273 1.226231 0.040688
v 0.226169 1.222502 0.010018
v 0.237381 1.218194 -0.022805
v 0.237991 1.220332 -0.058767
v 0.230948 1.224822 -0.090429
v 0.221949 1.233837 -0.115373
v 0.211965 1.243249 -0.137403
v 0.198482 1.252230 -0.147116
v 0.184742 1.260548 -0.151699
v 0.062826 1.270259 0.172081
v 0.059518 1.248469 0.160981
v 0.086197 1.264608 0.171635
v 0.080228 1.240896 0.156699
v 0.107224 1.255842 0.164195
v 0.098100 1.235030 0.149868
v 0.129257 1.248369 0.154702
v 0.116612 1.229711 0.143232
v 0.141461 1.221392 0.128886
v 0.155908 1.239272 0.140482
v 0.159878 1.214897 0.112123
v 0.177052 1.231086 0.121414
v 0.175691 1.207523 0.094462
v 0.192358 1.225485 0.099660
v 0.193549 1.200480 0.067666
v 0.209444 1.218128 0.070629
v 0.215391 1.212544 0.041228
v 0.204614 1.192609 0.040769
v 0.219501 1.207142 0.008097
v 0.209863 1.186926 0.009560
v 0.213406 1.183413 -0.024933
v 0.228669 1.200861 -0.024619
v 0.210826 1.184871 -0.055126
v 0.229323 1.203148 -0.056959
v 0.219927 1.207755 -0.087811
v 0.202518 1.188235 -0.086404
v 0.198034 1.196503 -0.113972
v 0.212642 1.218741 -0.115366
v 0.191836 1.206164 -0.134013
v 0.202754 1.227805 -0.132487
v 0.181558 1.215543 -0.142106
v 0.191108 1.236820 -0.144366
v 0.169810 1.228832 -0.146513
v 0.178867 1.242752 -0.148980
v 0.040888 1.337369 0.147551
v 0.021729 1.339739 0.147231
v 0.019568 1.323500 0.150238
v 0.020296 1.307078 0.154150
v 0.019671 1.292695 0.155374
v 0.068494 1.335795 0.148562
v 0.092564 1.330343 0.145310
v 0.115355 1.322439 0.139339
v 0.138057 1.314104 0.129727
v 0.158253 1.305040 0.115934
v 0.175030 1.295728 0.100238
v 0.191079 1.287824 0.081855
v 0.202702 1.281427 0.059366
v 0.208944 1.276854 0.034121
v 0.208826 1.273937 0.004066
v 0.208650 1.275379 -0.024921
v 0.205930 1.275329 -0.052815
v 0.203268 1.280963 -0.080358
v 0.203768 1.288536 -0.103663
v 0.197820 1.299556 -0.123459
v 0.189454 1.308984 -0.139739
v 0.182293 1.293888 -0.156740
v 0.180448 1.311238 -0.155585
v 0.019259 1.278329 0.156052
v 0.020707 1.261990 0.157396
v 0.034360 1.257549 0.157377
v 0.182727 1.276257 -0.152163
v 0.181845 1.262023 -0.147662
v 0.059679 1.249115 0.156843
v 0.079596 1.241045 0.153026
v 0.097512 1.235925 0.146967
v 0.115046 1.230340 0.139151
v 0.139101 1.221343 0.124886
v 0.157643 1.214913 0.108713
v 0.173501 1.207738 0.090971
v 0.190697 1.201839 0.066184
v 0.201930 1.193338 0.039394
v 0.207143 1.188019 0.009114
v 0.209084 1.185285 -0.024883
v 0.205180 1.185915 -0.054040
v 0.198129 1.189726 -0.084628
v 0.195394 1.200016 -0.112459
v 0.188528 1.209230 -0.131571
v 0.179478 1.219089 -0.138470
v 0.171207 1.230440 -0.143079
v 0.175162 1.243348 -0.145747
v -0.148466 1.435351 0.091015
v -0.231887 1.268718 0.030837
v -0.222631 1.255445 0.065632
v -0.201421 1.337518 0.077874
v -0.219242 1.347361 0.047236
v -0.222800 1.188798 0.012762
v -0.213192 1.179171 0.048737
v -0.200686 1.147670 0.039947
v -0.185607 1.392152 0.086369
v -0.207273 1.406104 0.061777
v -0.217419 1.256041 0.063748
v -0.196672 1.337104 0.075011
v -0.226587 1.269314 0.029098
v -0.214486 1.347096 0.044354
v -0.207817 1.180198 0.047186
v -0.217448 1.189991 0.011437
v -0.195077 1.148532 0.039074
v -0.196679 1.148979 0.002465
v -0.181762 1.390809 0.082501
v -0.203612 1.405077 0.057664
v -0.145996 1.432782 0.086689
v -0.189901 1.434821 0.065337
v -0.202296 1.148267 0.002553
v -0.187041 1.433296 0.060772
v -0.190702 1.061255 -0.052570
v -0.173712 1.094131 -0.069522
v -0.152002 1.056532 -0.102144
v -0.178006 1.030732 -0.085833
v -0.132152 1.021784 -0.127578
v -0.162655 0.995868 -0.110978
v -0.145555 0.951707 -0.135903
v -0.112126 0.972039 -0.150500
v -0.092276 0.922212 -0.166246
v -0.128565 0.903504 -0.151856
v -0.050694 0.839773 -0.152000
v -0.082579 0.814255 -0.136386
v -0.105142 0.847247 -0.151322
v -0.069735 0.867728 -0.164701
v -0.037519 0.769083 -0.059828
v -0.006495 0.791404 -0.075687
v 0.001835 0.787096 -0.016332
v -0.021794 0.759456 -0.007900
v 0.001703 0.784875 0.043927
v -0.019176 0.760864 0.046702
v -0.059479 0.789134 -0.110626
v -0.031572 0.817983 -0.132261
v -0.174183 1.029158 -0.082053
v -0.186034 1.059929 -0.049770
v -0.159391 0.994608 -0.106614
v -0.147643 1.055969 -0.098678
v -0.128785 1.020756 -0.123227
v -0.168728 1.094164 -0.066960
v -0.126587 0.903620 -0.146620
v -0.142908 0.950746 -0.131062
v -0.090232 0.922344 -0.161035
v -0.109384 0.971244 -0.145678
v -0.068581 0.869236 -0.159428
v -0.050620 0.842607 -0.147179
v -0.104046 0.848804 -0.146055
v -0.082645 0.817320 -0.131702
v -0.025859 0.763201 -0.007015
v -0.040276 0.773624 -0.058026
v -0.008943 0.796044 -0.073697
v -0.001995 0.791089 -0.015453
v -0.023382 0.764560 0.046803
v -0.002503 0.788405 0.042841
v -0.032763 0.821877 -0.128419
v -0.061001 0.793310 -0.107223
v -0.202296 1.148267 0.002553
v -0.198826 1.105183 0.004945
v -0.196679 1.148979 0.002465
v -0.193224 1.104902 0.005272
v -0.152907 1.464001 0.069436
v -0.196731 1.490448 0.029990
v -0.160685 1.499064 0.039338
v -0.163809 1.527698 -0.002250
v -0.201833 1.518137 -0.008296
v -0.161391 1.537143 -0.056582
v -0.201340 1.526472 -0.059326
v -0.159031 1.526638 -0.098804
v -0.152135 1.481251 -0.149658
v -0.192312 1.481848 -0.143851
v -0.199047 1.516198 -0.097605
v -0.200252 1.513166 -0.010355
v -0.194930 1.486719 0.026216
v -0.158729 1.495435 0.035540
v -0.162170 1.522794 -0.004384
v -0.199892 1.521087 -0.058999
v -0.159964 1.531725 -0.056337
v -0.150701 1.461068 0.065211
v -0.191636 1.478235 -0.139619
v -0.197709 1.511360 -0.095131
v -0.157854 1.521783 -0.096280
v -0.151502 1.478086 -0.145075
v -0.186975 1.452302 0.059598
v -0.184630 1.449651 0.055254
v -0.154906 1.207191 -0.169611
v -0.185100 1.206280 -0.140687
v -0.186100 1.269132 -0.154028
v -0.156075 1.271054 -0.180585
v -0.147385 1.448690 -0.168117
v -0.151326 1.336259 -0.186186
v -0.187497 1.330940 -0.172373
v -0.191004 1.397206 -0.179217
v -0.151142 1.400470 -0.182620
v -0.153767 1.130105 -0.134182
v -0.179182 1.148565 -0.103977
v -0.151186 1.208467 -0.165612
v -0.152723 1.271999 -0.176197
v -0.181211 1.207738 -0.136932
v -0.182439 1.270242 -0.149916
v -0.150613 1.399476 -0.177132
v -0.149657 1.336574 -0.180849
v -0.190202 1.396443 -0.173723
v -0.185240 1.331620 -0.167294
v -0.174639 1.150603 -0.101403
v -0.149209 1.131895 -0.131470
v -0.146804 1.446387 -0.163050
v -0.173712 1.094131 -0.069522
v -0.152002 1.056532 -0.102144
v -0.190202 1.447480 -0.164563
v -0.147643 1.055969 -0.098678
v -0.168728 1.094164 -0.066960
v -0.189695 1.445227 -0.159465
v 0.148460 1.435351 0.091015
v 0.201416 1.337518 0.077874
v 0.222626 1.255445 0.065632
v 0.231882 1.268718 0.030837
v 0.219236 1.347361 0.047236
v 0.213186 1.179171 0.048737
v 0.222795 1.188798 0.012762
v 0.200673 1.147670 0.039947
v 0.185594 1.392152 0.086369
v 0.207268 1.406104 0.061777
v 0.226581 1.269314 0.029098
v 0.214480 1.347096 0.044354
v 0.217413 1.256041 0.063748
v 0.196666 1.337104 0.075011
v 0.217443 1.189991 0.011437
v 0.207812 1.180198 0.047186
v 0.196674 1.148979 0.002465
v 0.195071 1.148532 0.039074
v 0.203599 1.405077 0.057664
v 0.181757 1.390809 0.082501
v 0.145990 1.432782 0.086689
v 0.189895 1.434821 0.065337
v 0.202290 1.148267 0.002553
v 0.187035 1.433296 0.060772
v -0.186975 1.452302 0.059598
v -0.189901 1.434821 0.065337
v -0.108281 1.474375 0.084912
v -0.109406 1.443669 0.105329
v -0.054289 1.481251 0.107408
v -0.056759 1.447215 0.119349
v -0.018890 1.446519 0.122997
v -0.019103 1.482013 0.114144
v 0.019097 1.482013 0.114144
v 0.189895 1.434821 0.065337
v 0.186969 1.452302 0.059598
v 0.108275 1.474375 0.084912
v 0.109400 1.443669 0.105329
v 0.054283 1.481251 0.107408
v 0.056753 1.447215 0.119349
v -0.184630 1.449651 0.055254
v -0.187041 1.433296 0.060772
v -0.107347 1.440919 0.100903
v -0.106112 1.471475 0.080649
v -0.055774 1.445326 0.114169
v -0.053046 1.479296 0.102310
v -0.018581 1.480671 0.108739
v -0.018640 1.444862 0.117654
v 0.018568 1.480671 0.108739
v 0.184624 1.449651 0.055254
v 0.187035 1.433296 0.060772
v 0.106106 1.471475 0.080649
v 0.107341 1.440919 0.100903
v 0.053041 1.479296 0.102310
v 0.055768 1.445326 0.114169
v -0.152907 1.464001 0.069436
v -0.148466 1.435351 0.091015
v 0.018877 1.446519 0.122997
v 0.152893 1.464001 0.069436
v 0.148460 1.435351 0.091015
v -0.150701 1.461068 0.065211
v -0.145996 1.432782 0.086689
v 0.018627 1.444862 0.117654
v 0.150688 1.461068 0.065211
v 0.145990 1.432782 0.086689
v 0.152893 1.464001 0.069436
v 0.196725 1.490448 0.029990
v 0.201820 1.518137 -0.008296
v 0.163796 1.527698 -0.002250
v 0.160679 1.499064 0.039338
v 0.201335 1.526472 -0.059326
v 0.161385 1.537143 -0.056582
v 0.159091 1.526638 -0.098760
v 0.199034 1.516198 -0.097605
v 0.192601 1.481864 -0.143776
v 0.152790 1.482842 -0.151881
v 0.162164 1.522794 -0.004384
v 0.158723 1.495435 0.035540
v 0.200247 1.513166 -0.010355
v 0.194924 1.486719 0.026216
v 0.159959 1.531725 -0.056337
v 0.199886 1.521087 -0.058999
v 0.150688 1.461068 0.065211
v 0.151894 1.479677 -0.147348
v 0.157841 1.521783 -0.096280
v 0.197703 1.511360 -0.095131
v 0.191630 1.478235 -0.139619
v 0.186969 1.452302 0.059598
v 0.184624 1.449651 0.055254
v 0.190689 1.061255 -0.052570
v 0.178000 1.030732 -0.085833
v 0.151996 1.056532 -0.102144
v 0.173706 1.094131 -0.069522
v 0.162649 0.995868 -0.110978
v 0.132146 1.021784 -0.127578
v 0.145439 0.951674 -0.135965
v 0.128294 0.903653 -0.152553
v 0.090844 0.922361 -0.164268
v 0.112061 0.971907 -0.150550
v 0.050541 0.840038 -0.151611
v 0.069369 0.868374 -0.164036
v 0.105084 0.847445 -0.151259
v 0.082617 0.814520 -0.136204
v 0.038719 0.770558 -0.059043
v 0.025140 0.762207 -0.007260
v -0.001429 0.786731 -0.016213
v 0.006592 0.791321 -0.075681
v 0.020112 0.761544 0.046407
v -0.001209 0.785240 0.043708
v 0.031603 0.818000 -0.132261
v 0.059621 0.789299 -0.110293
v 0.154900 1.207191 -0.169611
v 0.156069 1.271054 -0.180585
v 0.186094 1.269132 -0.154028
v 0.185094 1.206280 -0.140687
v 0.147931 1.449635 -0.170710
v 0.151320 1.336259 -0.186186
v 0.151217 1.400404 -0.182626
v 0.190998 1.397206 -0.179217
v 0.187484 1.330940 -0.172373
v 0.179176 1.148565 -0.103977
v 0.153761 1.130105 -0.134182
v 0.174177 1.029158 -0.082053
v 0.186021 1.059929 -0.049770
v 0.128779 1.020756 -0.123227
v 0.147637 1.055969 -0.098678
v 0.159378 0.994608 -0.106614
v 0.168722 1.094164 -0.066960
v 0.089057 0.922394 -0.158963
v 0.109378 0.971244 -0.145678
v 0.126574 0.903620 -0.147222
v 0.142902 0.950746 -0.131062
v 0.104048 0.848953 -0.145973
v 0.082654 0.817569 -0.131502
v 0.068303 0.869733 -0.158712
v 0.050453 0.842806 -0.146739
v 0.008871 0.796060 -0.073766
v 0.001997 0.791089 -0.015453
v 0.028824 0.766349 -0.006456
v 0.041226 0.775297 -0.057392
v 0.003144 0.788620 0.043909
v 0.024229 0.765305 0.046834
v 0.061084 0.793525 -0.106941
v 0.032757 0.821894 -0.128406
v 0.181205 1.207738 -0.136932
v 0.182433 1.270242 -0.149916
v 0.151180 1.208467 -0.165612
v 0.152710 1.271999 -0.176197
v 0.190197 1.396443 -0.173723
v 0.185234 1.331620 -0.167294
v 0.149651 1.336574 -0.180849
v 0.150607 1.399476 -0.177132
v 0.149203 1.131895 -0.131470
v 0.174633 1.150603 -0.101403
v 0.147137 1.447480 -0.165605
v 0.202290 1.148267 0.002553
v 0.198820 1.105183 0.004945
v 0.190483 1.447381 -0.164569
v 0.196674 1.148979 0.002465
v 0.193218 1.104902 0.005272
v 0.189689 1.445227 -0.159465
v 0.021457 1.063144 -0.160212
v -0.019757 1.063376 -0.160413
v -0.018375 1.180894 -0.188841
v 0.022751 1.181209 -0.188421
v -0.019993 1.333856 -0.213270
v 0.020744 1.334022 -0.213239
v 0.020773 1.297037 -0.222983
v -0.019757 1.296871 -0.223096
v -0.018537 1.229031 -0.218023
v 0.022126 1.229015 -0.217483
v -0.019235 0.837967 -0.149118
v -0.019301 0.913214 -0.172712
v 0.021773 0.912916 -0.171633
v 0.021847 0.837569 -0.149194
v -0.019610 0.989040 -0.171978
v 0.021531 0.988726 -0.172141
v 0.020648 1.366931 -0.197455
v -0.020147 1.366832 -0.197512
v -0.018897 0.800468 -0.111461
v 0.021567 0.800551 -0.111775
v 0.021023 0.784660 -0.064895
v -0.018750 0.785869 -0.063652
v 0.020384 0.773094 -0.017299
v -0.018434 0.770078 -0.017745
v 0.022744 1.183479 -0.183216
v 0.021450 1.063177 -0.154455
v -0.019772 1.063409 -0.154650
v -0.018375 1.183181 -0.183630
v 0.020766 1.296772 -0.217414
v 0.020744 1.332232 -0.207959
v -0.019765 1.296589 -0.217533
v -0.019985 1.332083 -0.207990
v 0.022104 1.230904 -0.212417
v -0.018566 1.230887 -0.212963
v 0.021884 0.840453 -0.144391
v 0.021663 0.913744 -0.166095
v -0.019228 0.840834 -0.144316
v -0.019412 0.914026 -0.167175
v 0.021531 0.988096 -0.166591
v -0.019588 0.988411 -0.166422
v 0.020648 1.364860 -0.192251
v -0.020147 1.364777 -0.192307
v -0.018838 0.805257 -0.108554
v -0.018684 0.791238 -0.062076
v 0.021589 0.805307 -0.108824
v 0.021185 0.790045 -0.063382
v -0.018875 0.775496 -0.016457
v 0.020134 0.778562 -0.016075
v -0.020338 1.434854 -0.175739
v 0.020332 1.434854 -0.175745
v -0.017611 0.763731 0.030655
v 0.020634 0.765189 0.030988
v -0.020434 1.433230 -0.170377
v 0.020428 1.433230 -0.170383
v 0.020457 0.770774 0.030573
v -0.017868 0.769299 0.030190
v 0.018877 1.446519 0.122997
v 0.018869 1.271021 0.161508
v 0.018810 1.331388 0.156265
v -0.018816 1.331388 0.156265
v -0.018875 1.271021 0.161514
v 0.018627 1.390809 0.144243
v -0.018640 1.390809 0.144243
v -0.018765 1.226993 0.162274
v 0.018766 1.226993 0.162242
v 0.019568 0.839690 0.141135
v 0.019171 0.885889 0.157414
v -0.019176 0.885889 0.157414
v -0.019573 0.839690 0.141141
v 0.019671 0.972752 0.164666
v -0.019676 0.972752 0.164666
v 0.019355 0.801678 0.115475
v -0.019338 0.801661 0.115507
v 0.018443 1.058438 0.157364
v -0.018449 1.058438 0.157364
v -0.019015 1.143594 0.147193
v 0.019024 1.143594 0.147137
v -0.017611 0.763731 0.030655
v 0.020634 0.765189 0.030988
v 0.019399 0.778562 0.074666
v -0.018169 0.778247 0.074428
v 0.018869 1.270723 0.155914
v 0.018810 1.330575 0.150722
v -0.018816 1.330575 0.150722
v -0.018875 1.270723 0.155920
v 0.018627 1.389252 0.138868
v -0.018640 1.389252 0.138868
v 0.018766 1.227441 0.156655
v -0.018772 1.227441 0.156692
v 0.019487 0.842292 0.136150
v 0.019171 0.887049 0.151933
v -0.019176 0.887049 0.151933
v -0.019493 0.842292 0.136156
v 0.019671 0.972752 0.159066
v -0.019676 0.972752 0.159066
v 0.019310 0.805787 0.111645
v -0.019316 0.805754 0.111671
v 0.018627 1.444862 0.117654
v 0.018443 1.057858 0.151795
v -0.018449 1.057858 0.151795
v 0.019016 1.143776 0.141543
v -0.019022 1.143776 0.141593
v 0.020457 0.770774 0.030573
v 0.019369 0.783699 0.072418
v -0.017868 0.769299 0.030190
v -0.018235 0.783351 0.072142
v -0.018890 1.446519 0.122997
v -0.018640 1.444862 0.117654
v 0.217068 0.952386 0.133852
v 0.221685 0.956678 0.128911
v 0.193858 0.979015 0.151293
v 0.196203 0.986008 0.148110
v 0.215061 0.952039 0.131686
v 0.219678 0.956347 0.126745
v 0.191851 0.978684 0.149127
v 0.194203 0.985677 0.145950
v 0.208760 0.938699 0.143677
v 0.208760 0.938699 0.143677
v 0.206510 0.931707 0.146854
v 0.217068 0.952386 0.133852
v 0.193858 0.979015 0.151293
v 0.206753 0.938368 0.141511
v 0.204496 0.931375 0.144688
v 0.208760 0.938699 0.143677
v 0.185543 0.965328 0.161119
v 0.180941 0.961036 0.166060
v 0.206510 0.931707 0.146854
v 0.178926 0.960705 0.163894
v 0.183529 0.964997 0.158959
v 0.206753 0.938368 0.141511
v 0.204496 0.931375 0.144688
v 0.208760 0.938699 0.143677
v 0.185543 0.965328 0.161119
v 0.186469 0.972569 0.158281
v 0.213803 0.941218 0.137744
v 0.216546 0.942411 0.139559
v 0.189211 0.973779 0.160095
v 0.218053 0.944963 0.137682
v 0.190719 0.976314 0.158218
v 0.216244 0.945327 0.134706
v 0.188910 0.976679 0.155242
v 0.213620 0.943024 0.134743
v 0.186278 0.974376 0.155280
v 0.213620 0.943024 0.134743
v 0.186278 0.974376 0.155280
v 0.206628 0.938616 0.142139
v 0.183624 0.964997 0.159423
v 0.183448 0.967979 0.154633
v 0.206452 0.941599 0.137349
v 0.190086 0.969090 0.161778
v 0.185830 0.965361 0.161803
v 0.208841 0.938981 0.144525
v 0.213090 0.942709 0.144500
v 0.216979 0.952403 0.134888
v 0.214774 0.952022 0.132508
v 0.208054 0.944880 0.134473
v 0.185050 0.971260 0.151751
v 0.210524 0.948310 0.132533
v 0.192557 0.972520 0.159838
v 0.215560 0.946123 0.142560
v 0.217163 0.949420 0.139678
v 0.193983 0.978783 0.152166
v 0.191777 0.978419 0.149786
v 0.187521 0.974690 0.149811
v 0.194159 0.975801 0.156962
v 0.208054 0.944880 0.134473
v 0.185050 0.971260 0.151751
v -0.210016 0.979214 0.136803
v -0.209435 0.972387 0.140940
v -0.177844 0.997458 0.156956
v -0.181329 1.001982 0.151350
v -0.175962 0.996381 0.154922
v -0.207553 0.971310 0.138900
v -0.208134 0.978137 0.134769
v -0.179447 1.000905 0.149315
v -0.208134 0.978137 0.134769
v -0.179447 1.000905 0.149315
v -0.214941 0.992968 0.124999
v -0.218441 0.997491 0.119393
v -0.216559 0.996431 0.117352
v -0.213059 0.991891 0.122965
v -0.210016 0.979214 0.136803
v -0.209435 0.972387 0.140940
v -0.207553 0.971310 0.138900
v -0.208134 0.978137 0.134769
v -0.208134 0.978137 0.134769
v -0.213059 0.991891 0.122965
v -0.186262 1.015736 0.139546
v -0.186931 1.022579 0.135403
v -0.185063 1.021519 0.133368
v -0.184380 1.014659 0.137512
v -0.214941 0.992968 0.124999
v -0.218441 0.997491 0.119393
v -0.216559 0.996431 0.117352
v -0.213059 0.991891 0.122965
v -0.213059 0.991891 0.122965
v -0.184380 1.014659 0.137512
v -0.207957 0.978452 0.135359
v -0.207090 0.980639 0.130223
v -0.178667 1.003192 0.144638
v -0.179535 1.000988 0.149774
v -0.184887 1.006721 0.151362
v -0.213309 0.984169 0.136947
v -0.210023 0.979628 0.137600
v -0.181601 1.002181 0.152009
v -0.212787 0.991924 0.123788
v -0.214860 0.993100 0.126029
v -0.207891 0.983771 0.126889
v -0.209501 0.987383 0.124441
v -0.179469 1.006324 0.141304
v -0.186497 1.010334 0.148907
v -0.215721 0.990913 0.131165
v -0.214919 0.987781 0.134492
v -0.186446 1.015669 0.140438
v -0.184372 1.014476 0.138203
v -0.187306 1.013465 0.145573
v -0.181086 1.009936 0.138849
v -0.207891 0.983771 0.126889
v -0.179469 1.006324 0.141304
v -0.021691 1.618008 -0.179116
v -0.046856 1.617743 -0.134904
v -0.031270 1.664471 -0.156339
v -0.021323 1.650320 -0.179160
v 0.021398 1.650320 -0.179022
v 0.021685 1.618041 -0.179123
v 0.031257 1.664471 -0.156313
v 0.046828 1.617759 -0.134879
v -0.019772 1.664869 -0.179104
v 0.019788 1.664886 -0.179066
v -0.015596 1.675839 -0.178941
v 0.015642 1.675872 -0.178928
v 0.017149 1.688963 -0.157958
v -0.007678 1.683014 -0.178790
v 0.007680 1.683047 -0.178821
v -0.017184 1.688979 -0.157965
v -0.000003 1.690288 -0.158385
v -0.000003 1.683991 -0.178865
v 0.137160 1.598968 0.074704
v 0.126044 1.571743 0.068413
v 0.144262 1.584121 0.032356
v 0.155739 1.614694 0.037134
v 0.111179 1.546986 0.060226
v 0.128052 1.556034 0.026781
v 0.150710 1.595588 -0.001264
v 0.161304 1.627536 0.006170
v 0.133837 1.565413 -0.007655
v 0.105283 1.584999 0.109385
v 0.097218 1.560922 0.099120
v 0.086756 1.540027 0.086168
v 0.150306 1.617328 0.035747
v 0.132933 1.601802 0.072368
v 0.101783 1.587849 0.106334
v 0.155084 1.629425 0.006201
v 0.071045 1.575090 0.132577
v 0.065355 1.553697 0.119870
v 0.057650 1.535254 0.103885
v 0.069560 1.578454 0.129143
v 0.034963 1.569738 0.145850
v 0.031059 1.549737 0.131435
v 0.026368 1.532620 0.113918
v 0.034257 1.573019 0.142704
v 0.153842 1.618356 -0.029730
v 0.159789 1.641587 -0.024958
v 0.153592 1.642797 -0.023433
v 0.132066 1.573698 -0.037785
v 0.143799 1.594295 -0.034414
v 0.120045 1.582696 -0.070439
v 0.131139 1.605431 -0.071581
v 0.140094 1.635854 -0.072335
v 0.095115 1.589838 -0.101196
v 0.103327 1.612788 -0.107211
v 0.062400 1.594445 -0.122574
v 0.070369 1.618654 -0.131596
v 0.110878 1.643576 -0.111882
v 0.078103 1.649657 -0.137767
v 0.038999 1.652342 -0.154769
v 0.039903 1.683229 -0.158410
v 0.079654 1.679534 -0.140517
v 0.113561 1.675126 -0.113225
v 0.079493 1.708068 -0.138640
v 0.038881 1.711896 -0.156464
v 0.074501 1.735725 -0.134942
v 0.105717 1.730356 -0.111706
v 0.111885 1.703279 -0.112723
v 0.070023 1.761939 -0.125694
v 0.097446 1.758625 -0.105597
v 0.068693 1.779554 -0.113903
v 0.092799 1.780415 -0.092833
v 0.068083 1.796406 -0.098132
v 0.071244 1.808834 -0.079184
v 0.101438 1.789181 -0.072454
v 0.124420 1.766629 -0.064518
v 0.114715 1.759719 -0.085877
v 0.068237 1.803962 -0.074758
v 0.096821 1.785983 -0.068605
v 0.119170 1.763845 -0.061316
v 0.129184 1.730604 -0.083818
v 0.137425 1.700098 -0.081363
v 0.142035 1.669675 -0.075970
v 0.154717 1.702799 -0.044572
v 0.159532 1.673221 -0.035060
v 0.143071 1.736619 -0.055239
v 0.148409 1.701457 -0.041765
v 0.153268 1.672044 -0.032511
v 0.137006 1.734482 -0.052030
v 0.156907 1.674845 -0.016972
v 0.157826 1.655407 -0.006933
v 0.158297 1.648232 0.013427
v 0.153283 1.705202 -0.022673
v 0.142836 1.742154 -0.028757
v 0.125611 1.773936 -0.035274
v 0.102732 1.798676 -0.039417
v 0.069693 1.818826 -0.044823
v 0.153437 1.636865 0.044555
v 0.141447 1.626293 0.072764
v 0.121450 1.611611 0.097789
v 0.082970 1.590849 0.126519
v 0.060959 1.580359 0.135516
v 0.106312 1.610253 0.115513
v 0.034654 1.579962 0.138598
v 0.059054 1.585762 0.131410
v 0.089035 1.766645 0.126349
v 0.095917 1.788038 0.098787
v 0.066767 1.803548 0.105650
v 0.061731 1.779769 0.133463
v 0.059988 1.772014 0.128208
v 0.084705 1.759818 0.121816
v 0.110106 1.748136 0.118822
v 0.120288 1.764309 0.092641
v 0.103261 1.743463 0.114559
v 0.125081 1.722452 0.111897
v 0.137447 1.732444 0.087342
v 0.117796 1.719900 0.108946
v 0.131904 1.691962 0.107370
v 0.145652 1.697894 0.082376
v 0.124942 1.691780 0.104438
v 0.130573 1.663693 0.106874
v 0.146894 1.662433 0.076700
v 0.123934 1.665466 0.104281
v 0.121457 1.635457 0.109486
v 0.115583 1.637909 0.106234
v 0.101158 1.613534 0.111727
v 0.080081 1.595406 0.122080
v 0.100798 1.801493 0.067396
v 0.067112 1.821626 0.071514
v 0.125677 1.776604 0.062951
v 0.145468 1.742419 0.056823
v 0.154967 1.704821 0.052209
v 0.156327 1.667305 0.049565
v 0.033485 1.832911 0.073410
v 0.068744 1.830541 0.032852
v 0.034360 1.841859 0.032639
v 0.104504 1.808419 0.031999
v 0.128926 1.782420 0.031245
v 0.148306 1.746462 0.029224
v 0.157863 1.707505 0.027516
v 0.159789 1.672326 0.023674
v 0.105393 1.807326 -0.004629
v 0.069538 1.829497 -0.007618
v 0.129720 1.781095 -0.002005
v 0.147357 1.746313 0.000111
v 0.156775 1.707936 0.000475
v 0.159407 1.674811 0.002108
v 0.027228 1.780001 0.131472
v 0.029280 1.788187 0.137186
v 0.031559 1.813639 0.108732
v -0.000003 1.816887 0.109034
v -0.000003 1.835927 0.073862
v 0.034698 1.831635 -0.048276
v 0.034808 1.841246 -0.009018
v -0.000003 1.845057 -0.011159
v 0.034940 1.816771 -0.079442
v 0.035749 1.821842 -0.084188
v 0.037477 1.786165 -0.124953
v 0.036433 1.806729 -0.105001
v -0.000003 1.811071 -0.106997
v 0.038528 1.765750 -0.138602
v 0.039102 1.739685 -0.149897
v -0.000003 1.741773 -0.154913
v -0.000003 1.712940 -0.161700
v -0.000003 1.684306 -0.164017
v 0.035389 1.621355 -0.145157
v 0.030059 1.595704 -0.132607
v -0.000003 1.548544 0.134706
v -0.000003 1.531857 0.117001
v -0.000003 1.567517 0.149629
v -0.000179 1.571163 0.146785
v -0.000003 1.578421 0.143131
v -0.000003 1.790457 0.138002
v -0.000003 1.782536 0.132176
v -0.000003 1.845405 0.032407
v -0.000003 1.836092 -0.049168
v 0.000027 1.821775 -0.080591
v -0.000003 1.826664 -0.084653
v -0.000003 1.791352 -0.127408
v -0.000003 1.768485 -0.143217
v -0.000003 1.654927 -0.160815
v -0.000003 1.597162 -0.137774
v -0.000003 1.622614 -0.149954
v -0.176940 1.693304 -0.018228
v -0.180447 1.688217 0.003156
v -0.178873 1.700148 0.005736
v -0.172771 1.709792 -0.012245
v -0.178212 1.658075 -0.000994
v -0.180799 1.671895 0.000444
v -0.176594 1.674165 -0.022039
v -0.170536 1.656418 -0.020833
v -0.171051 1.672873 -0.042902
v -0.163265 1.655059 -0.039694
v -0.173690 1.700529 -0.032404
v -0.169139 1.715641 -0.020821
v -0.162405 1.669641 -0.060217
v -0.155362 1.654098 -0.056450
v -0.155465 1.671100 -0.072768
v -0.145863 1.654562 -0.072278
v -0.165162 1.684008 -0.068932
v -0.170764 1.684041 -0.056526
v -0.148040 1.673950 -0.082813
v -0.137916 1.659417 -0.084715
v -0.156832 1.686958 -0.081815
v -0.130248 1.670039 -0.095910
v -0.142460 1.681406 -0.090473
v -0.123837 1.686676 -0.103230
v -0.138842 1.692012 -0.094786
v -0.150120 1.692095 -0.088602
v -0.121676 1.704241 -0.103915
v -0.137306 1.704125 -0.094742
v -0.149826 1.703429 -0.088545
v -0.136210 1.714432 -0.091866
v -0.122720 1.719817 -0.098691
v -0.161655 1.723396 -0.048433
v -0.167110 1.714746 -0.040284
v -0.163368 1.725302 -0.028744
v -0.156207 1.736421 -0.038852
v -0.149495 1.742386 -0.049525
v -0.155840 1.729030 -0.056551
v -0.126506 1.732775 -0.088916
v -0.138225 1.724573 -0.084546
v -0.148914 1.716337 -0.082970
v -0.133380 1.741558 -0.075650
v -0.143004 1.729925 -0.075706
v -0.142018 1.744391 -0.061473
v -0.150150 1.730853 -0.065378
v -0.154928 1.720281 -0.073427
v -0.166699 1.712891 -0.056231
v -0.160530 1.697861 -0.080716
v -0.160354 1.709460 -0.077018
v -0.162096 1.718226 -0.062704
v -0.167801 1.706627 -0.064166
v -0.168698 1.695160 -0.067224
v -0.171066 1.703545 -0.050819
v -0.172793 1.692923 -0.053971
v 0.178904 1.700164 0.005774
v 0.180441 1.688234 0.003175
v 0.176934 1.693304 -0.018228
v 0.172714 1.709858 -0.012195
v 0.180669 1.671928 0.000500
v 0.176581 1.674232 -0.022014
v 0.178176 1.658092 -0.000994
v 0.170530 1.656418 -0.020833
v 0.173721 1.700529 -0.032404
v 0.169112 1.715641 -0.020815
v 0.167149 1.714763 -0.040277
v 0.163362 1.725335 -0.028694
v 0.161686 1.723429 -0.048439
v 0.156341 1.736421 -0.038903
v 0.155841 1.729047 -0.056545
v 0.149423 1.742419 -0.049481
v 0.149938 1.731035 -0.065485
v 0.141976 1.744375 -0.061454
v 0.142902 1.730024 -0.075700
v 0.133492 1.741640 -0.075744
v 0.138072 1.724606 -0.084634
v 0.126500 1.732759 -0.088903
v 0.136197 1.714415 -0.091854
v 0.122743 1.719800 -0.098672
v 0.137271 1.703976 -0.094761
v 0.121707 1.704224 -0.103908
v 0.138829 1.691863 -0.094729
v 0.123868 1.686692 -0.103211
v 0.142424 1.681423 -0.090429
v 0.130250 1.670072 -0.095878
v 0.147997 1.673966 -0.082775
v 0.155489 1.671050 -0.072611
v 0.145828 1.654612 -0.072266
v 0.137991 1.659417 -0.084753
v 0.162370 1.669658 -0.060199
v 0.155349 1.654115 -0.056444
v 0.171170 1.673171 -0.042864
v 0.163260 1.655076 -0.039694
v 0.171082 1.703561 -0.050825
v 0.166715 1.712891 -0.056237
v 0.170736 1.684058 -0.056513
v 0.172787 1.692923 -0.053964
v 0.162230 1.718210 -0.062396
v 0.154989 1.720231 -0.073452
v 0.165119 1.684025 -0.068913
v 0.156621 1.686742 -0.081853
v 0.150158 1.692045 -0.088514
v 0.149835 1.703362 -0.088514
v 0.148968 1.716337 -0.082907
v 0.168685 1.695127 -0.067193
v 0.167810 1.706627 -0.064173
v 0.160503 1.697878 -0.080691
v 0.160348 1.709460 -0.077018
v -0.159222 1.679981 0.050093
v -0.156722 1.693437 0.062254
v -0.157832 1.713504 0.041623
v -0.160295 1.699120 0.027761
v -0.158737 1.728483 0.013917
v -0.159479 1.716022 0.009459
v -0.156847 1.740397 0.021997
v -0.152561 1.729627 0.058694
v -0.153950 1.748848 0.033110
v -0.076528 1.792081 0.123744
v -0.077844 1.779272 0.131102
v -0.051547 1.784591 0.138215
v -0.050238 1.796920 0.131466
v -0.078550 1.765601 0.137644
v -0.052524 1.771832 0.144086
v -0.028146 1.787110 0.142026
v -0.027749 1.799753 0.135974
v -0.028432 1.773886 0.147231
v -0.145893 1.760431 0.055806
v -0.144724 1.743148 0.075350
v -0.148591 1.713073 0.080869
v -0.140563 1.726048 0.094047
v -0.112405 1.766297 0.113209
v -0.112001 1.751516 0.121414
v -0.097738 1.758592 0.129388
v -0.097444 1.773638 0.121967
v -0.095643 1.785884 0.114395
v -0.111347 1.779719 0.103772
v -0.131888 1.736653 0.105298
v -0.123565 1.743911 0.113366
v -0.125028 1.759321 0.102988
v -0.134387 1.753157 0.091492
v -0.124558 1.773621 0.091272
v -0.135262 1.768021 0.076298
v 0.159481 1.716022 0.009459
v 0.158723 1.728467 0.013930
v 0.157724 1.713868 0.041673
v 0.160253 1.699120 0.027748
v 0.156775 1.693470 0.062260
v 0.159209 1.679981 0.050086
v 0.152518 1.729627 0.058688
v 0.148644 1.713006 0.080957
v 0.144623 1.743231 0.075489
v 0.140542 1.725998 0.094085
v 0.134389 1.753157 0.091492
v 0.131882 1.736619 0.105323
v 0.125023 1.759321 0.102988
v 0.112422 1.766314 0.113234
v 0.112010 1.751533 0.121433
v 0.123560 1.743894 0.113385
v 0.097402 1.773621 0.121923
v 0.077838 1.779289 0.131102
v 0.078566 1.765601 0.137694
v 0.097718 1.758426 0.129526
v 0.051541 1.784591 0.138222
v 0.052548 1.771815 0.144180
v 0.156849 1.740397 0.021966
v 0.153923 1.748915 0.033060
v 0.145880 1.760448 0.055800
v 0.135190 1.768153 0.076223
v 0.111333 1.779686 0.103779
v 0.124508 1.773605 0.091247
v 0.095593 1.786049 0.114207
v 0.076530 1.792064 0.123775
v 0.050240 1.796953 0.131472
v 0.028427 1.773804 0.147363
v 0.028133 1.787110 0.142033
v -0.000025 1.788502 0.144173
v -0.000003 1.801361 0.138900
v 0.027750 1.799770 0.135993
v -0.000003 1.775295 0.148430
v 0.140072 1.585264 -0.038984
v 0.144931 1.590501 -0.032323
v 0.141586 1.591876 -0.030967
v 0.136727 1.586623 -0.037628
v 0.136256 1.584883 -0.047981
v 0.132911 1.586259 -0.046625
v 0.131360 1.590882 -0.055094
v 0.134705 1.589506 -0.056457
v 0.132566 1.599034 -0.060356
v 0.135911 1.597676 -0.061718
v 0.139491 1.606756 -0.062095
v 0.136146 1.608132 -0.060732
v 0.140954 1.615274 -0.056105
v 0.144299 1.613898 -0.057468
v 0.145475 1.618207 -0.047950
v 0.148820 1.616831 -0.049306
v 0.148269 1.615986 -0.038846
v 0.151614 1.614611 -0.040202
v 0.151798 1.607949 -0.033051
v 0.148453 1.609325 -0.031689
v 0.145961 1.600343 -0.028750
v 0.149306 1.598968 -0.030113
v 0.151798 1.607949 -0.033051
v 0.148453 1.609325 -0.031689
v 0.143608 1.599449 -0.044754
v 0.142248 1.594676 -0.048050
v 0.149901 1.568296 -0.011196
v 0.150805 1.571461 -0.009018
v 0.144226 1.590219 -0.051484
v 0.151210 1.565363 -0.013469
v 0.154320 1.563557 -0.015108
v 0.148916 1.587501 -0.053964
v 0.154834 1.587385 -0.054705
v 0.158231 1.563491 -0.015597
v 0.160091 1.589904 -0.053462
v 0.161708 1.565148 -0.014781
v 0.163024 1.594262 -0.050643
v 0.163649 1.568031 -0.012917
v 0.163436 1.571213 -0.010594
v 0.162701 1.599068 -0.047133
v 0.159231 1.602813 -0.044057
v 0.161135 1.573682 -0.008553
v 0.157481 1.574659 -0.007442
v 0.153702 1.604287 -0.042374
v 0.147879 1.603028 -0.042638
v 0.153629 1.573831 -0.007618
v 0.163436 1.571213 -0.010594
v 0.162701 1.599068 -0.047133
v 0.145211 1.579349 0.058280
v 0.143424 1.574195 0.055743
v 0.135227 1.578951 0.051826
v 0.137013 1.584104 0.054368
v 0.145652 1.583591 0.062518
v 0.137455 1.588346 0.058606
v 0.136491 1.591048 0.063899
v 0.144689 1.586275 0.067810
v 0.134264 1.591777 0.069436
v 0.142461 1.587004 0.073348
v 0.139315 1.585662 0.078295
v 0.131117 1.590418 0.074384
v 0.127530 1.587203 0.077981
v 0.135727 1.582447 0.081892
v 0.124045 1.582613 0.079682
v 0.132242 1.577841 0.083594
v 0.121200 1.577327 0.079230
v 0.129397 1.572571 0.083142
v 0.127610 1.567418 0.080605
v 0.119413 1.572174 0.076694
v 0.118972 1.567932 0.072456
v 0.127169 1.563176 0.076368
v 0.128132 1.560475 0.071075
v 0.119935 1.565247 0.067164
v 0.122163 1.564518 0.061620
v 0.130360 1.559746 0.065537
v 0.133499 1.561105 0.060590
v 0.125309 1.565860 0.056672
v 0.128897 1.569075 0.053075
v 0.137087 1.564319 0.056993
v 0.140572 1.568909 0.055291
v 0.132382 1.573682 0.051374
v 0.134264 1.591777 0.069436
v 0.142461 1.587004 0.073348
v -0.076190 1.558155 0.124271
v -0.074771 1.554973 0.122689
v -0.071095 1.558586 0.118690
v -0.072514 1.561784 0.120266
v -0.078579 1.561121 0.124742
v -0.074903 1.564734 0.120736
v -0.077903 1.567004 0.120027
v -0.081586 1.563375 0.124033
v -0.081064 1.568230 0.118250
v -0.084740 1.564618 0.122250
v -0.087571 1.564634 0.119669
v -0.083895 1.568263 0.115670
v -0.085961 1.567053 0.112681
v -0.089637 1.563441 0.116687
v -0.086960 1.564816 0.109743
v -0.090636 1.561204 0.113742
v -0.086733 1.561883 0.107295
v -0.090408 1.558254 0.111300
v -0.088990 1.555073 0.109718
v -0.085314 1.558685 0.105719
v -0.082924 1.555736 0.105248
v -0.086600 1.552123 0.109247
v -0.083593 1.549853 0.109957
v -0.079917 1.553465 0.105957
v -0.076763 1.552239 0.107734
v -0.080439 1.548610 0.111740
v -0.077609 1.548594 0.114320
v -0.073933 1.552206 0.110314
v -0.071860 1.553416 0.113303
v -0.075543 1.549803 0.117308
v -0.074543 1.552040 0.120247
v -0.070867 1.555653 0.116241
v -0.085961 1.567053 0.112681
v -0.089637 1.563441 0.116687
v -0.058244 1.664538 -0.143587
v -0.050098 1.648564 -0.143788
v -0.055046 1.646144 -0.152672
v -0.063192 1.662118 -0.152465
v -0.073580 1.670868 -0.136763
v -0.078528 1.668448 -0.145647
v -0.092063 1.661422 -0.136198
v -0.087115 1.663842 -0.127320
v -0.095864 1.645167 -0.129662
v -0.090923 1.647569 -0.120784
v -0.082770 1.631596 -0.120985
v -0.087718 1.629193 -0.129863
v -0.072382 1.622863 -0.136687
v -0.067434 1.625266 -0.127810
v -0.058847 1.629889 -0.146130
v -0.053899 1.632292 -0.137252
v -0.076521 1.632060 -0.143638
v -0.084770 1.635473 -0.139965
v -0.089159 1.644073 -0.139858
v -0.067184 1.644587 -0.152233
v -0.079822 1.656600 -0.148453
v -0.087108 1.652822 -0.143374
v -0.071573 1.653187 -0.152126
v -0.069235 1.635838 -0.148717
v 0.182426 1.143378 0.085540
v 0.187476 1.143362 0.094286
v 0.190020 1.143345 0.089872
v 0.187521 1.143362 0.085540
v 0.197563 1.143329 0.094286
v 0.195019 1.143345 0.089872
v 0.202614 1.143312 0.085540
v 0.197519 1.143329 0.085540
v 0.195019 1.143345 0.081214
v 0.197563 1.143329 0.076807
v 0.187476 1.143362 0.076807
v 0.190020 1.143345 0.081214
v 0.182426 1.070915 0.085540
v 0.187476 1.070899 0.094286
v 0.197563 1.070866 0.094286
v 0.202614 1.070866 0.085540
v 0.197563 1.070866 0.076807
v 0.187476 1.070899 0.076807
v 0.187476 1.143362 0.076807
v 0.190020 1.143345 0.081214
v 0.187476 1.070899 0.076807
v 0.186440 1.088894 0.095912
v 0.186440 1.092805 0.095912
v 0.180353 1.092805 0.085371
v 0.180353 1.088894 0.085371
v 0.198600 1.088878 0.095912
v 0.198600 1.092805 0.095912
v 0.204687 1.088878 0.085371
v 0.204687 1.092805 0.085371
v 0.198600 1.088878 0.074836
v 0.198600 1.092805 0.074836
v 0.186440 1.088894 0.074836
v 0.186440 1.092805 0.074836
v 0.186440 1.088894 0.095912
v 0.186440 1.092805 0.095912
v 0.186440 1.125863 0.095912
v 0.180353 1.125863 0.085371
v 0.180353 1.121953 0.085371
v 0.186440 1.121953 0.095912
v 0.198600 1.121953 0.095912
v 0.198600 1.125863 0.095912
v 0.204687 1.121953 0.085371
v 0.204687 1.125863 0.085371
v 0.198600 1.121953 0.074836
v 0.198600 1.125863 0.074836
v 0.186440 1.121953 0.074836
v 0.186440 1.125863 0.074836
v 0.186440 1.125863 0.095912
v 0.186440 1.121953 0.095912
v 0.011076 1.625116 -0.169272
v 0.011076 1.588562 -0.169058
v 0.006401 1.588512 -0.167118
v 0.006401 1.625133 -0.167332
v 0.004467 1.588396 -0.162447
v 0.004467 1.625150 -0.162661
v 0.006401 1.588280 -0.157776
v 0.006401 1.625183 -0.157990
v 0.011076 1.588230 -0.155836
v 0.011076 1.625199 -0.156056
v 0.015745 1.588280 -0.157776
v 0.015745 1.625183 -0.157990
v 0.017678 1.588396 -0.162447
v 0.017678 1.625150 -0.162661
v 0.015745 1.588512 -0.167118
v 0.015745 1.625133 -0.167332
v 0.011076 1.497722 -0.173020
v 0.006401 1.497590 -0.171086
v 0.004467 1.497258 -0.166428
v 0.006401 1.496927 -0.161763
v 0.011076 1.496794 -0.159836
v 0.015745 1.496927 -0.161763
v 0.017678 1.497258 -0.166428
v 0.015745 1.497590 -0.171086
v 0.011076 1.436677 -0.184666
v 0.006401 1.436511 -0.182739
v 0.004467 1.436113 -0.178087
v 0.006401 1.435699 -0.173428
v 0.011076 1.435533 -0.171501
v 0.015745 1.435699 -0.173428
v 0.017678 1.436113 -0.178087
v 0.015745 1.436511 -0.182739
v 0.011076 1.588230 -0.155836
v 0.011076 1.625199 -0.156056
v 0.011076 1.496794 -0.159836
v 0.011076 1.435533 -0.171501
v -0.016787 1.626044 -0.167250
v -0.012119 1.626409 -0.169153
v -0.012119 1.616434 -0.171068
v -0.016787 1.615721 -0.169234
v -0.018728 1.625150 -0.162661
v -0.018728 1.613998 -0.164814
v -0.016787 1.624271 -0.158071
v -0.016787 1.612258 -0.160388
v -0.012119 1.623907 -0.156175
v -0.012119 1.611545 -0.158555
v -0.007443 1.612258 -0.160388
v -0.007443 1.624271 -0.158071
v -0.005509 1.613998 -0.164814
v -0.005509 1.625150 -0.162661
v -0.007443 1.615721 -0.169234
v -0.007443 1.626044 -0.167250
v -0.012119 1.600078 -0.181213
v -0.016787 1.598753 -0.179757
v -0.018728 1.595555 -0.176235
v -0.016787 1.592373 -0.172719
v -0.012119 1.591048 -0.171262
v -0.007443 1.592373 -0.172719
v -0.005509 1.595555 -0.176235
v -0.007443 1.598753 -0.179757
v -0.012119 1.588230 -0.196746
v -0.016787 1.586905 -0.195289
v -0.018728 1.583707 -0.191780
v -0.016787 1.580525 -0.188264
v -0.012119 1.579200 -0.186807
v -0.007443 1.580525 -0.188264
v -0.005509 1.583707 -0.191780
v -0.007443 1.586905 -0.195289
v -0.012119 1.570301 -0.207909
v -0.016787 1.569572 -0.206075
v -0.018728 1.567832 -0.201656
v -0.016787 1.566092 -0.197236
v -0.012119 1.565380 -0.195402
v -0.007443 1.566092 -0.197236
v -0.005509 1.567832 -0.201656
v -0.007443 1.569572 -0.206075
v -0.012119 1.550035 -0.211883
v -0.016787 1.550168 -0.209886
v -0.018728 1.550450 -0.205065
v -0.016787 1.550748 -0.200249
v -0.012119 1.550881 -0.198253
v -0.007443 1.550748 -0.200249
v -0.005509 1.550450 -0.205065
v -0.007443 1.550168 -0.209886
v -0.012119 1.525959 -0.200896
v -0.016787 1.527035 -0.199213
v -0.018728 1.529654 -0.195151
v -0.016787 1.532255 -0.191089
v -0.012119 1.533349 -0.189407
v -0.007443 1.532255 -0.191089
v -0.005509 1.529654 -0.195151
v -0.007443 1.527035 -0.199213
v -0.012119 1.507250 -0.186393
v -0.016787 1.508443 -0.184823
v -0.018728 1.511310 -0.181031
v -0.016787 1.514177 -0.177245
v -0.012119 1.515353 -0.175676
v -0.007443 1.514177 -0.177245
v -0.005509 1.511310 -0.181031
v -0.007443 1.508443 -0.184823
v -0.012119 1.484598 -0.178237
v -0.016787 1.485162 -0.176354
v -0.018728 1.486504 -0.171802
v -0.016787 1.487863 -0.167250
v -0.012119 1.488426 -0.165367
v -0.007443 1.487863 -0.167250
v -0.005509 1.486504 -0.171802
v -0.007443 1.485162 -0.176354
v -0.016787 1.435599 -0.182726
v -0.012119 1.435384 -0.184654
v -0.018728 1.436113 -0.178087
v -0.016787 1.436627 -0.173441
v -0.012119 1.436842 -0.171520
v -0.007443 1.436627 -0.173441
v -0.005509 1.436113 -0.178087
v -0.007443 1.435599 -0.182726
v -0.012119 1.623907 -0.156175
v -0.012119 1.611545 -0.158555
v -0.012119 1.591048 -0.171262
v -0.012119 1.579200 -0.186807
v -0.012119 1.565380 -0.195402
v -0.012119 1.550881 -0.198253
v -0.012119 1.533349 -0.189407
v -0.012119 1.515353 -0.175676
v -0.012119 1.488426 -0.165367
v -0.012119 1.436842 -0.171520
v -0.174028 1.661025 0.045786
v -0.174006 1.680329 0.019398
v -0.174175 1.667968 0.011086
v -0.173822 1.648961 0.036858
v -0.168478 1.636351 0.054318
v -0.168882 1.648381 0.063340
v -0.167831 1.647752 0.062574
v -0.167456 1.637296 0.054688
v -0.151480 1.613567 0.088127
v -0.152274 1.623990 0.096314
v -0.138203 1.601271 0.105763
v -0.139188 1.611645 0.114157
v -0.120286 1.587319 0.125960
v -0.121397 1.597626 0.134618
v -0.090122 1.573947 0.145291
v -0.091122 1.584121 0.154212
v -0.059685 1.575985 0.165852
v -0.058972 1.565910 0.156761
v -0.023360 1.571908 0.171603
v -0.023073 1.561900 0.162431
v -0.149672 1.624802 0.095115
v -0.165199 1.648365 0.061714
v -0.136718 1.612639 0.112644
v -0.119139 1.598852 0.132728
v -0.089409 1.585629 0.151908
v -0.058553 1.577658 0.163316
v -0.022897 1.573665 0.168960
v -0.167831 1.647752 0.062574
v -0.152274 1.623990 0.096314
v -0.139188 1.611645 0.114157
v -0.121397 1.597626 0.134618
v -0.091122 1.584121 0.154212
v -0.059685 1.575985 0.165852
v -0.023360 1.571908 0.171603
v 0.151474 1.613567 0.088127
v 0.167244 1.637296 0.054688
v 0.167619 1.647752 0.062574
v 0.152276 1.623990 0.096314
v 0.138204 1.601271 0.105763
v 0.139182 1.611645 0.114157
v 0.120281 1.587319 0.125960
v 0.121391 1.597626 0.134618
v 0.091116 1.584121 0.154212
v 0.090116 1.573947 0.145291
v 0.059679 1.575985 0.165852
v 0.058966 1.565910 0.156761
v 0.023354 1.571908 0.171603
v 0.023067 1.561900 0.162431
v -0.011266 1.560259 0.187475
v -0.011148 1.548925 0.176055
v 0.011143 1.548925 0.176055
v 0.011260 1.560259 0.187475
v -0.022897 1.577576 0.170448
v 0.022891 1.577576 0.170448
v 0.022611 1.563226 0.157647
v -0.022617 1.563226 0.157647
v 0.173758 1.677546 0.001988
v 0.173751 1.670569 0.001957
v 0.169156 1.670603 0.001957
v 0.169163 1.677579 0.001988
v 0.019722 1.556647 0.165903
v -0.019728 1.556647 0.165903
v -0.023073 1.556349 0.162839
v 0.023067 1.556349 0.162839
v 0.019722 1.554659 0.168213
v -0.019728 1.554659 0.168213
v 0.019722 1.556647 0.165903
v -0.019728 1.556647 0.165903
v -0.015956 1.556117 0.153905
v 0.015958 1.556117 0.153905
v 0.015958 1.556349 0.162914
v -0.015956 1.556349 0.162914
v -0.015648 1.562248 0.152241
v -0.015648 1.559232 0.149497
v -0.015956 1.556117 0.153905
v -0.015956 1.556349 0.162914
v 0.015642 1.562248 0.152241
v 0.015642 1.559232 0.149497
v 0.015958 1.556117 0.153905
v 0.015958 1.556349 0.162914
v -0.015648 1.539066 0.128183
v -0.015648 1.562248 0.152241
v -0.015648 1.559232 0.149497
v -0.015648 1.563507 0.150546
v -0.015648 1.560475 0.147802
v -0.015648 1.539281 0.132125
v 0.015642 1.539066 0.128183
v 0.015642 1.562248 0.152241
v 0.015642 1.559232 0.149497
v 0.015642 1.563507 0.150546
v 0.015642 1.560475 0.147802
v 0.015642 1.539281 0.132125
v 0.159003 1.618820 0.021740
v 0.155775 1.614147 0.030153
v 0.156253 1.624785 0.047186
v 0.165259 1.637793 0.023743
v 0.165539 1.644537 0.034635
v 0.160253 1.636898 0.048398
v 0.156253 1.624785 0.047186
v 0.164700 1.621835 0.048793
v 0.160253 1.636898 0.048398
v 0.168700 1.633932 0.050005
v 0.173986 1.641587 0.036243
v 0.165539 1.644537 0.034635
v 0.160253 1.636898 0.048398
v 0.168700 1.633932 0.050005
v 0.168810 1.640030 0.039708
v 0.169869 1.645283 0.043061
v 0.170119 1.643742 0.045353
v 0.169060 1.638472 0.041994
v 0.165392 1.640013 0.041102
v 0.166450 1.645283 0.044455
v 0.166972 1.640792 0.039263
v 0.168038 1.646062 0.042615
v 0.166700 1.643725 0.046746
v 0.165641 1.638472 0.043394
v 0.165392 1.640013 0.041102
v 0.166450 1.645283 0.044455
v 0.168538 1.642946 0.047192
v 0.167472 1.637693 0.043840
v 0.166700 1.643725 0.046746
v 0.165641 1.638472 0.043394
v -0.157038 1.624785 0.046363
v -0.165486 1.621835 0.047971
v -0.169485 1.633932 0.049182
v -0.161038 1.636898 0.047575
v -0.166044 1.637793 0.022920
v -0.174492 1.634843 0.024527
v -0.159788 1.618820 0.020917
v -0.168242 1.615854 0.022525
v -0.166324 1.644537 0.033813
v -0.174771 1.641587 0.035420
v -0.169485 1.633932 0.049182
v -0.161038 1.636898 0.047575
v -0.169595 1.640030 0.039074
v -0.169845 1.638472 0.041366
v -0.170904 1.643742 0.044718
v -0.170654 1.645283 0.042427
v -0.168823 1.646062 0.041981
v -0.167757 1.640792 0.038629
v -0.169595 1.640030 0.039074
v -0.170654 1.645283 0.042427
v -0.166177 1.640013 0.040468
v -0.167235 1.645283 0.043827
v -0.168823 1.646062 0.041981
v -0.167757 1.640792 0.038629
v -0.167485 1.643725 0.046112
v -0.166427 1.638472 0.042760
v -0.166177 1.640013 0.040468
v -0.167235 1.645283 0.043827
v -0.162361 1.689443 0.055310
v -0.162199 1.676551 0.057382
v -0.154428 1.676634 0.057275
v -0.154590 1.689526 0.055210
v -0.162567 1.701059 0.049358
v -0.154789 1.701142 0.049258
v -0.155009 1.710355 0.040010
v -0.162780 1.710272 0.040110
v -0.155222 1.716271 0.028370
v -0.162993 1.716172 0.028470
v -0.163184 1.718193 0.015568
v -0.155413 1.718276 0.015468
v -0.155561 1.716205 0.002578
v -0.163331 1.716122 0.002679
v -0.155649 1.710256 -0.009043
v -0.163420 1.710173 -0.008936
v -0.155671 1.701010 -0.018253
v -0.163442 1.700927 -0.018153
v -0.163398 1.689277 -0.024054
v -0.155619 1.689360 -0.024155
v -0.155509 1.676468 -0.026170
v -0.163287 1.676386 -0.026070
v -0.163118 1.663494 -0.024004
v -0.155347 1.663577 -0.024104
v -0.155149 1.651961 -0.018159
v -0.162920 1.651878 -0.018052
v -0.162699 1.642665 -0.008804
v -0.154928 1.642747 -0.008905
v -0.154715 1.636832 0.002735
v -0.162486 1.636749 0.002836
v -0.162295 1.634744 0.015738
v -0.154524 1.634827 0.015637
v -0.162155 1.636815 0.028627
v -0.154377 1.636898 0.028527
v -0.162067 1.642764 0.040248
v -0.154289 1.642847 0.040148
v -0.162045 1.652010 0.049459
v -0.154267 1.652093 0.049358
v -0.162089 1.663659 0.055360
v -0.154318 1.663742 0.055260
v -0.161391 1.678407 0.029173
v -0.175418 1.678192 0.029443
v -0.175278 1.673801 0.030153
v -0.161221 1.674000 0.029883
v -0.161589 1.682368 0.027145
v -0.175572 1.682169 0.027403
v -0.161810 1.685516 0.023987
v -0.175712 1.685301 0.024245
v -0.162023 1.687538 0.020007
v -0.175830 1.687322 0.020264
v -0.162214 1.688217 0.015606
v -0.175910 1.688018 0.015857
v -0.162354 1.687521 0.011205
v -0.175947 1.687306 0.011456
v -0.162442 1.685483 0.007237
v -0.175940 1.685267 0.007488
v -0.162464 1.682334 0.004091
v -0.175881 1.682119 0.004343
v -0.175785 1.678142 0.002327
v -0.162420 1.678358 0.002076
v -0.162310 1.673950 0.001392
v -0.175660 1.673734 0.001643
v -0.175513 1.669327 0.002352
v -0.162148 1.669542 0.002095
v -0.161942 1.665582 0.004129
v -0.175359 1.665366 0.004387
v -0.175219 1.662218 0.007551
v -0.161729 1.662433 0.007287
v -0.161508 1.660412 0.011261
v -0.175102 1.660213 0.011525
v -0.175021 1.659517 0.015932
v -0.161324 1.659732 0.015662
v -0.174984 1.660229 0.020340
v -0.161177 1.660445 0.020064
v -0.174991 1.662251 0.024308
v -0.161089 1.662466 0.024031
v -0.175050 1.665416 0.027453
v -0.161067 1.665631 0.027177
v -0.161111 1.669608 0.029192
v -0.175146 1.669393 0.029462
v -0.163030 1.691978 0.066247
v -0.163030 1.691978 0.039451
v -0.163030 1.661920 0.039451
v -0.163030 1.661920 0.066247
v 0.162355 1.689443 0.055310
v 0.154584 1.689526 0.055210
v 0.154423 1.676634 0.057275
v 0.162193 1.676551 0.057382
v 0.154783 1.701142 0.049258
v 0.162554 1.701059 0.049358
v 0.162774 1.710272 0.040110
v 0.155003 1.710355 0.040010
v 0.155217 1.716271 0.028370
v 0.162987 1.716172 0.028470
v 0.163179 1.718193 0.015568
v 0.155408 1.718276 0.015468
v 0.163326 1.716122 0.002679
v 0.155555 1.716205 0.002578
v 0.163414 1.710173 -0.008936
v 0.155643 1.710256 -0.009043
v 0.163436 1.700927 -0.018153
v 0.155665 1.701010 -0.018253
v 0.163384 1.689277 -0.024054
v 0.155614 1.689360 -0.024155
v 0.163274 1.676386 -0.026070
v 0.155503 1.676468 -0.026170
v 0.155342 1.663577 -0.024104
v 0.163112 1.663494 -0.024004
v 0.162914 1.651878 -0.018052
v 0.155143 1.651961 -0.018159
v 0.162693 1.642665 -0.008804
v 0.154922 1.642747 -0.008905
v 0.162480 1.636749 0.002836
v 0.154709 1.636832 0.002735
v 0.154518 1.634827 0.015637
v 0.162289 1.634744 0.015738
v 0.162142 1.636815 0.028627
v 0.154371 1.636898 0.028527
v 0.162054 1.642764 0.040248
v 0.154283 1.642847 0.040148
v 0.162032 1.652010 0.049459
v 0.154261 1.652093 0.049358
v 0.162083 1.663659 0.055360
v 0.154305 1.663742 0.055260
v 0.175265 1.673801 0.030153
v 0.175412 1.678192 0.029443
v 0.161377 1.678407 0.029173
v 0.161216 1.674000 0.029883
v 0.175566 1.682169 0.027403
v 0.161583 1.682368 0.027145
v 0.175706 1.685301 0.024245
v 0.161796 1.685516 0.023987
v 0.175824 1.687322 0.020264
v 0.162017 1.687538 0.020007
v 0.175905 1.688018 0.015857
v 0.162201 1.688217 0.015606
v 0.175941 1.687306 0.011456
v 0.162348 1.687521 0.011205
v 0.175927 1.685267 0.007488
v 0.162436 1.685483 0.007237
v 0.175875 1.682119 0.004343
v 0.162458 1.682334 0.004091
v 0.175780 1.678142 0.002327
v 0.162414 1.678358 0.002076
v 0.175647 1.673734 0.001643
v 0.162304 1.673950 0.001392
v 0.175500 1.669327 0.002352
v 0.162135 1.669542 0.002095
v 0.175353 1.665366 0.004387
v 0.161936 1.665582 0.004129
v 0.175214 1.662218 0.007551
v 0.161723 1.662433 0.007287
v 0.175096 1.660213 0.011525
v 0.161502 1.660412 0.011261
v 0.161319 1.659732 0.015662
v 0.175015 1.659517 0.015932
v 0.161172 1.660445 0.020064
v 0.174978 1.660229 0.020340
v 0.174986 1.662251 0.024308
v 0.161083 1.662466 0.024031
v 0.161061 1.665631 0.027177
v 0.175044 1.665416 0.027453
v 0.161105 1.669608 0.029192
v 0.175140 1.669393 0.029462
v 0.163612 1.661920 0.066247
v 0.163612 1.661920 0.039445
v 0.163612 1.691978 0.039445
v 0.163612 1.691978 0.066247
v 0.140513 1.587319 -0.039970
v 0.144726 1.591859 -0.034200
v 0.137212 1.587004 -0.047761
v 0.135874 1.590998 -0.055101
v 0.136910 1.598057 -0.059652
v 0.140013 1.605944 -0.059985
v 0.144174 1.612125 -0.055973
v 0.148093 1.614661 -0.048910
v 0.150511 1.612738 -0.041025
v 0.150666 1.606972 -0.034828
v 0.148512 1.599184 -0.032285
v 0.140072 1.585264 -0.038984
v 0.144931 1.590501 -0.032323
v 0.136256 1.584883 -0.047981
v 0.134705 1.589506 -0.056457
v 0.135911 1.597676 -0.061718
v 0.139491 1.606756 -0.062095
v 0.144299 1.613898 -0.057468
v 0.148820 1.616831 -0.049306
v 0.151614 1.614611 -0.040202
v 0.151798 1.607949 -0.033051
v 0.149306 1.598968 -0.030113
v 0.150666 1.606972 -0.034828
v 0.151798 1.607949 -0.033051
v 0.160429 1.583806 -0.049745
v 0.163289 1.586888 -0.045834
v 0.158194 1.583591 -0.055032
v 0.157282 1.586308 -0.060010
v 0.157988 1.591097 -0.063099
v 0.160091 1.596433 -0.063319
v 0.162914 1.600642 -0.060600
v 0.165575 1.602349 -0.055810
v 0.167215 1.601056 -0.050461
v 0.167318 1.597145 -0.046261
v 0.165855 1.591859 -0.044534
v 0.140513 1.587319 -0.039970
v 0.144726 1.591859 -0.034200
v 0.137212 1.587004 -0.047761
v 0.135874 1.590998 -0.055101
v 0.136910 1.598057 -0.059652
v 0.140013 1.605944 -0.059985
v 0.144174 1.612125 -0.055973
v 0.148093 1.614661 -0.048910
v 0.150511 1.612738 -0.041025
v 0.150666 1.606972 -0.034828
v 0.148512 1.599184 -0.032285
v 0.167318 1.597145 -0.046261
v 0.150666 1.606972 -0.034828
v 0.160429 1.583806 -0.049745
v 0.163289 1.586888 -0.045834
v 0.158194 1.583591 -0.055032
v 0.157282 1.586308 -0.060010
v 0.157988 1.591097 -0.063099
v 0.160091 1.596433 -0.063319
v 0.162914 1.600642 -0.060600
v 0.165575 1.602349 -0.055810
v 0.167215 1.601056 -0.050461
v 0.167318 1.597145 -0.046261
v 0.165855 1.591859 -0.044534
v 0.149901 1.568296 -0.011196
v 0.150805 1.571461 -0.009018
v 0.151210 1.565363 -0.013469
v 0.154320 1.563557 -0.015108
v 0.158231 1.563491 -0.015597
v 0.161708 1.565148 -0.014781
v 0.163649 1.568031 -0.012917
v 0.163436 1.571213 -0.010594
v 0.161135 1.573682 -0.008553
v 0.157481 1.574659 -0.007442
v 0.153629 1.573831 -0.007618
v 0.145211 1.579349 0.058280
v 0.143424 1.574195 0.055743
v 0.145652 1.583591 0.062518
v 0.144689 1.586275 0.067810
v 0.142461 1.587004 0.073348
v 0.139315 1.585662 0.078295
v 0.135727 1.582447 0.081892
v 0.132242 1.577841 0.083594
v 0.129397 1.572571 0.083142
v 0.127610 1.567418 0.080605
v 0.127169 1.563176 0.076368
v 0.128132 1.560475 0.071075
v 0.130360 1.559746 0.065537
v 0.133499 1.561105 0.060590
v 0.137087 1.564319 0.056993
v 0.140572 1.568909 0.055291
v -0.076190 1.558155 0.124271
v -0.074771 1.554973 0.122689
v -0.078579 1.561121 0.124742
v -0.081586 1.563375 0.124033
v -0.084740 1.564618 0.122250
v -0.087571 1.564634 0.119669
v -0.089637 1.563441 0.116687
v -0.090636 1.561204 0.113742
v -0.090408 1.558254 0.111300
v -0.088990 1.555073 0.109718
v -0.086600 1.552123 0.109247
v -0.083593 1.549853 0.109957
v -0.080439 1.548610 0.111740
v -0.077609 1.548594 0.114320
v -0.075543 1.549803 0.117308
v -0.074543 1.552040 0.120247
v -0.174175 1.667968 0.011086
v -0.173822 1.648961 0.036858
v -0.169036 1.649359 0.036211
v -0.169154 1.668001 0.011048
v -0.168478 1.636351 0.054318
v -0.163875 1.637213 0.053031
v -0.169036 1.649359 0.036211
v -0.169154 1.668001 0.011048
v -0.163875 1.637213 0.053031
v -0.169235 1.661538 0.045233
v -0.169389 1.680362 0.019354
v -0.164265 1.649376 0.062166
v -0.168478 1.636351 0.054318
v -0.168882 1.648381 0.063340
v -0.167831 1.647752 0.062574
v -0.167456 1.637296 0.054688
v -0.169235 1.661538 0.045233
v -0.169389 1.680362 0.019354
v -0.164265 1.649376 0.062166
v -0.174028 1.661025 0.045786
v -0.174006 1.680329 0.019398
v -0.168882 1.648381 0.063340
v -0.164265 1.649376 0.062166
v -0.163875 1.637213 0.053031
v -0.165199 1.648365 0.061714
v -0.164839 1.637909 0.053835
v -0.168882 1.648381 0.063340
v -0.164265 1.649376 0.062166
v -0.167831 1.647752 0.062574
v -0.165199 1.648365 0.061714
v -0.168478 1.636351 0.054318
v -0.163875 1.637213 0.053031
v -0.167456 1.637296 0.054688
v -0.164839 1.637909 0.053835
v -0.167456 1.637296 0.054688
v -0.151480 1.613567 0.088127
v -0.148907 1.614379 0.086934
v -0.164839 1.637909 0.053835
v -0.138203 1.601271 0.105763
v -0.135784 1.602266 0.104275
v -0.120286 1.587319 0.125960
v -0.118081 1.588562 0.124102
v -0.090122 1.573947 0.145291
v -0.088453 1.575438 0.143018
v -0.058972 1.565910 0.156761
v -0.057869 1.567567 0.154263
v -0.023073 1.561900 0.162431
v -0.022617 1.563640 0.159825
v -0.023073 1.556349 0.162839
v -0.023360 1.571908 0.171603
v -0.023073 1.561900 0.162431
v -0.023360 1.572489 0.176488
v -0.022897 1.573665 0.168960
v -0.022617 1.563640 0.159825
v -0.022897 1.577576 0.170448
v -0.022617 1.563226 0.157647
v -0.148907 1.614379 0.086934
v -0.164839 1.637909 0.053835
v -0.135784 1.602266 0.104275
v -0.118081 1.588562 0.124102
v -0.088453 1.575438 0.143018
v -0.057869 1.567567 0.154263
v -0.022617 1.563640 0.159825
v -0.149672 1.624802 0.095115
v -0.165199 1.648365 0.061714
v -0.136718 1.612639 0.112644
v -0.119139 1.598852 0.132728
v -0.089409 1.585629 0.151908
v -0.058553 1.577658 0.163316
v -0.022897 1.573665 0.168960
v 0.173736 1.667802 0.004443
v 0.169170 1.667835 0.004443
v 0.173971 1.667968 0.011086
v 0.168950 1.668001 0.011048
v 0.173795 1.680329 0.019398
v 0.169178 1.680362 0.019354
v 0.169023 1.661538 0.045233
v 0.164061 1.649376 0.062166
v 0.173817 1.661025 0.045786
v 0.168670 1.648381 0.063340
v 0.173743 1.680313 0.004500
v 0.169178 1.680346 0.004500
v 0.173795 1.680329 0.019398
v 0.169178 1.680362 0.019354
v 0.173971 1.667968 0.011086
v 0.168950 1.668001 0.011048
v 0.173611 1.648961 0.036858
v 0.168825 1.649359 0.036211
v 0.168266 1.636351 0.054318
v 0.163664 1.637213 0.053031
v 0.168266 1.636351 0.054318
v 0.163664 1.637213 0.053031
v 0.167244 1.637296 0.054688
v 0.164627 1.637909 0.053835
v 0.168266 1.636351 0.054318
v 0.168670 1.648381 0.063340
v 0.167244 1.637296 0.054688
v 0.167619 1.647752 0.062574
v 0.168670 1.648381 0.063340
v 0.164061 1.649376 0.062166
v 0.167619 1.647752 0.062574
v 0.164987 1.648365 0.061714
v 0.164061 1.649376 0.062166
v 0.163664 1.637213 0.053031
v 0.164987 1.648365 0.061714
v 0.164627 1.637909 0.053835
v 0.151474 1.613567 0.088127
v 0.167244 1.637296 0.054688
v 0.148909 1.614379 0.086934
v 0.164627 1.637909 0.053835
v 0.138204 1.601271 0.105763
v 0.135778 1.602266 0.104275
v 0.120281 1.587319 0.125960
v 0.118075 1.588562 0.124102
v 0.090116 1.573947 0.145291
v 0.088447 1.575438 0.143018
v 0.058966 1.565910 0.156761
v 0.057871 1.567567 0.154263
v 0.023067 1.561900 0.162431
v 0.022611 1.563640 0.159825
v 0.164987 1.648365 0.061714
v 0.149666 1.624802 0.095115
v 0.136712 1.612639 0.112644
v 0.119141 1.598852 0.132728
v 0.089403 1.585629 0.151908
v 0.058547 1.577658 0.163316
v 0.022891 1.573665 0.168960
v 0.167619 1.647752 0.062574
v 0.152276 1.623990 0.096314
v 0.139182 1.611645 0.114157
v 0.121391 1.597626 0.134618
v 0.091116 1.584121 0.154212
v 0.059679 1.575985 0.165852
v 0.023354 1.571908 0.171603
v 0.023067 1.561900 0.162431
v 0.022611 1.563640 0.159825
v 0.022611 1.563226 0.157647
v 0.023067 1.556349 0.162839
v 0.022891 1.573665 0.168960
v 0.022611 1.563640 0.159825
v 0.022891 1.577576 0.170448
v 0.022611 1.563226 0.157647
v 0.023354 1.571908 0.171603
v 0.022891 1.573665 0.168960
v 0.022891 1.577576 0.170448
v 0.023354 1.572489 0.176488
v 0.148909 1.614379 0.086934
v 0.164627 1.637909 0.053835
v 0.135778 1.602266 0.104275
v 0.118075 1.588562 0.124102
v 0.088447 1.575438 0.143018
v 0.057871 1.567567 0.154263
v 0.022611 1.563640 0.159825
v 0.164987 1.648365 0.061714
v 0.149666 1.624802 0.095115
v 0.136712 1.612639 0.112644
v 0.119141 1.598852 0.132728
v 0.089403 1.585629 0.151908
v 0.058547 1.577658 0.163316
v 0.022891 1.573665 0.168960
v -0.011266 1.560259 0.187475
v 0.011260 1.560259 0.187475
v 0.019928 1.567981 0.179633
v -0.019926 1.567981 0.179633
v -0.011148 1.548925 0.176055
v 0.011143 1.548925 0.176055
v 0.019722 1.554659 0.168213
v -0.019728 1.554659 0.168213
v 0.023354 1.572489 0.176488
v -0.023360 1.572489 0.176488
v -0.022897 1.577576 0.170448
v 0.022891 1.577576 0.170448
v 0.022611 1.563226 0.157647
v -0.022617 1.563226 0.157647
v -0.023073 1.556349 0.162839
v 0.023067 1.556349 0.162839
v -0.023073 1.561900 0.162431
v -0.022617 1.563640 0.159825
v -0.022617 1.563226 0.157647
v -0.023073 1.556349 0.162839
v 0.173817 1.661025 0.045786
v 0.173611 1.648961 0.036858
v 0.168266 1.636351 0.054318
v 0.168670 1.648381 0.063340
v 0.173971 1.667968 0.011086
v 0.173795 1.680329 0.019398
v 0.173736 1.667802 0.004443
v 0.173743 1.680313 0.004500
v 0.173758 1.677546 0.001988
v 0.173751 1.670569 0.001957
v 0.173736 1.667802 0.004443
v 0.169170 1.667835 0.004443
v 0.173751 1.670569 0.001957
v 0.169156 1.670603 0.001957
v 0.168825 1.649359 0.036211
v 0.163664 1.637213 0.053031
v 0.169178 1.680362 0.019354
v 0.169023 1.661538 0.045233
v 0.168950 1.668001 0.011048
v 0.164061 1.649376 0.062166
v 0.169178 1.680346 0.004500
v 0.169170 1.667835 0.004443
v 0.169156 1.670603 0.001957
v 0.169163 1.677579 0.001988
v 0.173743 1.680313 0.004500
v 0.169178 1.680346 0.004500
v 0.173758 1.677546 0.001988
v 0.169163 1.677579 0.001988
v 0.023067 1.556349 0.162839
v 0.023354 1.571908 0.171603
v 0.023067 1.561900 0.162431
v 0.023354 1.572489 0.176488
v -0.023360 1.571908 0.171603
v -0.022897 1.573665 0.168960
v -0.022897 1.577576 0.170448
v -0.023360 1.572489 0.176488
v -0.023360 1.572489 0.176488
v -0.023073 1.556349 0.162839
v -0.019728 1.556647 0.165903
v -0.019926 1.569953 0.177329
v 0.019928 1.569953 0.177329
v 0.023354 1.572489 0.176488
v 0.023067 1.556349 0.162839
v 0.019722 1.556647 0.165903
v -0.019926 1.567981 0.179633
v 0.019928 1.569953 0.177329
v -0.019926 1.569953 0.177329
v 0.019928 1.567981 0.179633
v -0.019926 1.569953 0.177329
v 0.023354 1.572489 0.176488
v -0.023360 1.572489 0.176488
v 0.019928 1.569953 0.177329
v -0.019728 1.556647 0.165903
v -0.019926 1.569953 0.177329
v -0.019728 1.554659 0.168213
v -0.019926 1.567981 0.179633
v 0.019928 1.567981 0.179633
v 0.019722 1.556647 0.165903
v 0.019928 1.569953 0.177329
v 0.019722 1.554659 0.168213
v 0.011143 1.548925 0.176055
v 0.011260 1.560259 0.187475
v 0.019722 1.554659 0.168213
v 0.019928 1.567981 0.179633
v -0.011266 1.560259 0.187475
v -0.011148 1.548925 0.176055
v -0.019728 1.554659 0.168213
v -0.019926 1.567981 0.179633
v 0.015642 1.539281 0.132125
v 0.015958 1.556117 0.153905
v 0.015642 1.559232 0.149497
v 0.015958 1.536729 0.135340
v -0.015956 1.536729 0.135340
v 0.015958 1.536729 0.135340
v -0.015956 1.556117 0.153905
v 0.015958 1.556117 0.153905
v 0.015958 1.556349 0.162914
v -0.015956 1.556349 0.162914
v -0.015648 1.562248 0.152241
v 0.015642 1.562248 0.152241
v -0.015648 1.539281 0.132125
v -0.015956 1.556117 0.153905
v -0.015648 1.559232 0.149497
v -0.015956 1.536729 0.135340
v 0.015642 1.563507 0.150546
v -0.015648 1.563507 0.150546
v -0.015648 1.562248 0.152241
v 0.015642 1.562248 0.152241
v -0.015648 1.560475 0.147802
v 0.015642 1.560475 0.147802
v 0.015642 1.563507 0.150546
v -0.015648 1.563507 0.150546
v -0.015956 1.536729 0.135340
v 0.015958 1.536729 0.135340
v -0.015648 1.539281 0.132125
v 0.015642 1.539281 0.132125
v -0.015648 1.539281 0.132125
v 0.015642 1.539281 0.132125
v -0.015648 1.539066 0.128183
v 0.015642 1.539066 0.128183
v -0.015648 1.560475 0.147802
v 0.015642 1.560475 0.147802
v -0.015648 1.539066 0.128183
v 0.015642 1.539066 0.128183
v 0.155775 1.614147 0.030153
v 0.156253 1.624785 0.047186
v 0.164700 1.621835 0.048793
v 0.164230 1.611197 0.031754
v 0.165259 1.637793 0.023743
v 0.173706 1.634843 0.025350
v 0.159003 1.618820 0.021740
v 0.167457 1.615854 0.023347
v 0.159003 1.618820 0.021740
v 0.155775 1.614147 0.030153
v 0.167457 1.615854 0.023347
v 0.164230 1.611197 0.031754
v 0.167457 1.615854 0.023347
v 0.164230 1.611197 0.031754
v 0.173706 1.634843 0.025350
v 0.164700 1.621835 0.048793
v 0.173986 1.641587 0.036243
v 0.168700 1.633932 0.050005
v 0.165259 1.637793 0.023743
v 0.173706 1.634843 0.025350
v 0.173986 1.641587 0.036243
v 0.165539 1.644537 0.034635
v 0.166972 1.640792 0.039263
v 0.168038 1.646062 0.042615
v 0.168810 1.640030 0.039708
v 0.169869 1.645283 0.043061
v 0.170119 1.643742 0.045353
v 0.169060 1.638472 0.041994
v 0.168538 1.642946 0.047192
v 0.167472 1.637693 0.043840
v 0.169869 1.645283 0.043061
v 0.170119 1.643742 0.045353
v 0.168038 1.646062 0.042615
v 0.166450 1.645283 0.044455
v 0.166700 1.643725 0.046746
v 0.168538 1.642946 0.047192
v -0.156560 1.614147 0.029330
v -0.159788 1.618820 0.020917
v -0.168242 1.615854 0.022525
v -0.165008 1.611197 0.030938
v -0.156560 1.614147 0.029330
v -0.159788 1.618820 0.020917
v -0.157038 1.624785 0.046363
v -0.166044 1.637793 0.022920
v -0.166324 1.644537 0.033813
v -0.161038 1.636898 0.047575
v -0.157038 1.624785 0.046363
v -0.156560 1.614147 0.029330
v -0.165008 1.611197 0.030938
v -0.165486 1.621835 0.047971
v -0.166044 1.637793 0.022920
v -0.174492 1.634843 0.024527
v -0.166324 1.644537 0.033813
v -0.174771 1.641587 0.035420
v -0.168242 1.615854 0.022525
v -0.165008 1.611197 0.030938
v -0.165486 1.621835 0.047971
v -0.174492 1.634843 0.024527
v -0.174771 1.641587 0.035420
v -0.169485 1.633932 0.049182
v -0.169845 1.638472 0.041366
v -0.170904 1.643742 0.044718
v -0.169323 1.642946 0.046558
v -0.168257 1.637693 0.043205
v -0.170904 1.643742 0.044718
v -0.170654 1.645283 0.042427
v -0.168823 1.646062 0.041981
v -0.167235 1.645283 0.043827
v -0.167485 1.643725 0.046112
v -0.169323 1.642946 0.046558
v -0.169323 1.642946 0.046558
v -0.168257 1.637693 0.043205
v -0.167485 1.643725 0.046112
v -0.166427 1.638472 0.042760
v -0.162361 1.689443 0.055310
v -0.162199 1.676551 0.057382
v -0.162567 1.701059 0.049358
v -0.162780 1.710272 0.040110
v -0.162993 1.716172 0.028470
v -0.163184 1.718193 0.015568
v -0.163331 1.716122 0.002679
v -0.163420 1.710173 -0.008936
v -0.163442 1.700927 -0.018153
v -0.163398 1.689277 -0.024054
v -0.163287 1.676386 -0.026070
v -0.163118 1.663494 -0.024004
v -0.162920 1.651878 -0.018052
v -0.162699 1.642665 -0.008804
v -0.162486 1.636749 0.002836
v -0.162295 1.634744 0.015738
v -0.162155 1.636815 0.028627
v -0.162067 1.642764 0.040248
v -0.162045 1.652010 0.049459
v -0.162089 1.663659 0.055360
v -0.175418 1.678192 0.029443
v -0.175278 1.673801 0.030153
v -0.175572 1.682169 0.027403
v -0.175712 1.685301 0.024245
v -0.175830 1.687322 0.020264
v -0.175910 1.688018 0.015857
v -0.175947 1.687306 0.011456
v -0.175940 1.685267 0.007488
v -0.175881 1.682119 0.004343
v -0.175785 1.678142 0.002327
v -0.175660 1.673734 0.001643
v -0.175513 1.669327 0.002352
v -0.175359 1.665366 0.004387
v -0.175219 1.662218 0.007551
v -0.175102 1.660213 0.011525
v -0.175021 1.659517 0.015932
v -0.174984 1.660229 0.020340
v -0.174991 1.662251 0.024308
v -0.175050 1.665416 0.027453
v -0.175146 1.669393 0.029462
v -0.159295 1.661920 0.066247
v -0.159295 1.661920 0.039451
v -0.163030 1.661920 0.039451
v -0.163030 1.661920 0.066247
v -0.159295 1.661920 0.039451
v -0.159295 1.691978 0.039451
v -0.163030 1.691978 0.039451
v -0.163030 1.661920 0.039451
v -0.159295 1.691978 0.066247
v -0.159295 1.691978 0.039451
v -0.163030 1.691978 0.066247
v -0.163030 1.691978 0.039451
v -0.159295 1.691978 0.066247
v -0.159295 1.661920 0.066247
v -0.163030 1.691978 0.066247
v -0.163030 1.661920 0.066247
v 0.162355 1.689443 0.055310
v 0.162193 1.676551 0.057382
v 0.162554 1.701059 0.049358
v 0.162774 1.710272 0.040110
v 0.162987 1.716172 0.028470
v 0.163179 1.718193 0.015568
v 0.163326 1.716122 0.002679
v 0.163414 1.710173 -0.008936
v 0.163436 1.700927 -0.018153
v 0.163384 1.689277 -0.024054
v 0.163274 1.676386 -0.026070
v 0.163112 1.663494 -0.024004
v 0.162914 1.651878 -0.018052
v 0.162693 1.642665 -0.008804
v 0.162480 1.636749 0.002836
v 0.162289 1.634744 0.015738
v 0.162142 1.636815 0.028627
v 0.162054 1.642764 0.040248
v 0.162032 1.652010 0.049459
v 0.162083 1.663659 0.055360
v 0.175265 1.673801 0.030153
v 0.175412 1.678192 0.029443
v 0.175566 1.682169 0.027403
v 0.175706 1.685301 0.024245
v 0.175824 1.687322 0.020264
v 0.175905 1.688018 0.015857
v 0.175941 1.687306 0.011456
v 0.175927 1.685267 0.007488
v 0.175875 1.682119 0.004343
v 0.175780 1.678142 0.002327
v 0.175647 1.673734 0.001643
v 0.175500 1.669327 0.002352
v 0.175353 1.665366 0.004387
v 0.175214 1.662218 0.007551
v 0.175096 1.660213 0.011525
v 0.175015 1.659517 0.015932
v 0.174978 1.660229 0.020340
v 0.174986 1.662251 0.024308
v 0.175044 1.665416 0.027453
v 0.175140 1.669393 0.029462
v 0.159878 1.661920 0.066247
v 0.159878 1.691978 0.066247
v 0.163612 1.661920 0.066247
v 0.163612 1.691978 0.066247
v 0.159878 1.661920 0.066247
v 0.159878 1.661920 0.039445
v 0.163612 1.661920 0.066247
v 0.163612 1.661920 0.039445
v 0.159878 1.691978 0.039445
v 0.159878 1.661920 0.039445
v 0.163612 1.661920 0.039445
v 0.163612 1.691978 0.039445
v 0.159878 1.691978 0.066247
v 0.159878 1.691978 0.039445
v 0.163612 1.691978 0.039445
v 0.163612 1.691978 0.066247
v -0.190202 1.447480 -0.164563
v -0.078447 1.472452 -0.165411
v -0.076271 1.439411 -0.177528
v -0.020338 1.467597 -0.166095
v -0.020338 1.434854 -0.175739
v 0.190483 1.447381 -0.164569
v 0.078382 1.473115 -0.168136
v 0.076103 1.439046 -0.177572
v 0.020332 1.434854 -0.175745
v 0.020296 1.467514 -0.166108
v -0.189695 1.445227 -0.159465
v -0.078197 1.470414 -0.160200
v -0.076168 1.437555 -0.172242
v -0.020434 1.433230 -0.170377
v -0.020463 1.465940 -0.160740
v 0.189689 1.445227 -0.159465
v 0.076155 1.437538 -0.172179
v 0.078294 1.471425 -0.162799
v 0.020450 1.465940 -0.160733
v 0.020428 1.433230 -0.170383
v -0.152135 1.481251 -0.149658
v -0.192312 1.481848 -0.143851
v -0.147385 1.448690 -0.168117
v 0.192601 1.481864 -0.143776
v 0.152790 1.482842 -0.151881
v 0.147931 1.449635 -0.170710
v -0.191636 1.478235 -0.139619
v -0.151502 1.478086 -0.145075
v -0.146804 1.446387 -0.163050
v 0.151894 1.479677 -0.147348
v 0.191630 1.478235 -0.139619
v 0.147137 1.447480 -0.165605
v -0.202296 1.148283 0.002541
v -0.192702 1.118059 0.041171
v -0.198701 1.107354 0.004060
v -0.204818 1.069341 0.026543
v -0.193878 1.093733 0.058349
v -0.183211 1.007964 0.141392
v -0.198958 1.056433 0.103760
v -0.219816 1.026291 0.084749
v -0.213449 0.986472 0.125282
v -0.191937 0.943604 0.158601
v -0.139269 0.867314 0.167315
v -0.115140 0.896262 0.173945
v -0.161420 0.965759 0.169362
v -0.050944 0.830328 0.142397
v -0.077035 0.804776 0.137374
v -0.030991 0.774949 0.105493
v -0.005480 0.795762 0.104582
v -0.188489 1.092706 0.056967
v -0.187115 1.117595 0.040242
v -0.193106 1.107006 0.004393
v -0.199444 1.068115 0.025231
v -0.209994 0.984252 0.121477
v -0.215272 1.024104 0.082257
v -0.194150 1.054593 0.101531
v -0.179528 1.006208 0.137562
v -0.114464 0.896660 0.168684
v -0.158832 0.964781 0.164490
v -0.138989 0.867860 0.162236
v -0.189482 0.942328 0.153735
v -0.078241 0.806848 0.132602
v -0.052216 0.832416 0.137594
v -0.008597 0.799076 0.101330
v -0.033851 0.778264 0.102002
v -0.200363 1.148963 0.039187
v 0.001703 0.784875 0.043927
v -0.019176 0.760864 0.046702
v -0.194768 1.149741 0.038346
v -0.023382 0.764560 0.046803
v -0.002503 0.788405 0.042841
v 0.202290 1.148267 0.002553
v 0.193123 1.109558 0.044153
v 0.191277 1.073997 0.060433
v 0.201261 1.055521 0.026336
v 0.198820 1.105183 0.004945
v 0.189064 0.971973 0.152065
v 0.214127 0.946421 0.133249
v 0.230698 0.988676 0.098480
v 0.216634 1.020044 0.121352
v 0.182367 0.905658 0.160441
v 0.157341 0.932618 0.174039
v 0.093071 0.872682 0.151557
v 0.116803 0.844496 0.143991
v 0.046505 0.827610 0.137569
v 0.072773 0.802092 0.132747
v 0.005526 0.795712 0.104538
v 0.031228 0.775132 0.105216
v 0.195843 1.054941 0.024917
v 0.193218 1.104902 0.005272
v 0.187528 1.109392 0.043193
v 0.185830 1.073666 0.058945
v 0.211605 1.019663 0.118891
v 0.185197 0.971625 0.148028
v 0.210385 0.945576 0.129175
v 0.225853 0.987930 0.095705
v 0.116119 0.845225 0.138473
v 0.179838 0.905608 0.155443
v 0.154761 0.932900 0.169080
v 0.092219 0.873561 0.146101
v 0.047431 0.829549 0.132408
v 0.073582 0.803981 0.127542
v 0.034066 0.778512 0.101757
v 0.008606 0.799093 0.101311
v 0.200673 1.147670 0.039947
v 0.020112 0.761544 0.046407
v -0.001209 0.785240 0.043708
v 0.195071 1.148532 0.039074
v 0.003144 0.788620 0.043909
v 0.024229 0.765305 0.046834
v 0.185543 0.965328 0.161119
v 0.185543 0.965328 0.161119
v 0.180941 0.961036 0.166060
v 0.193858 0.979015 0.151293
v 0.193858 0.979015 0.151293
v 0.196203 0.986008 0.148110
v 0.178926 0.960705 0.163894
v 0.183529 0.964997 0.158959
v 0.191851 0.978684 0.149127
v 0.194203 0.985677 0.145950
v 0.186469 0.972569 0.158281
v 0.189211 0.973779 0.160095
v 0.190719 0.976314 0.158218
v 0.188910 0.976679 0.155242
v 0.186278 0.974376 0.155280
v 0.213803 0.941218 0.137744
v 0.216546 0.942411 0.139559
v 0.218053 0.944963 0.137682
v 0.216244 0.945327 0.134706
v 0.213620 0.943024 0.134743
v 0.193983 0.978783 0.152166
v 0.191777 0.978419 0.149786
v 0.187521 0.974690 0.149811
v 0.194159 0.975801 0.156962
v 0.183624 0.964997 0.159423
v 0.183448 0.967979 0.154633
v 0.190086 0.969090 0.161778
v 0.185830 0.965361 0.161803
v 0.185050 0.971260 0.151751
v 0.192557 0.972520 0.159838
v 0.206628 0.938616 0.142139
v 0.206452 0.941599 0.137349
v 0.208841 0.938981 0.144525
v 0.213090 0.942709 0.144500
v 0.216979 0.952403 0.134888
v 0.214774 0.952022 0.132508
v 0.208054 0.944880 0.134473
v 0.210524 0.948310 0.132533
v 0.215560 0.946123 0.142560
v 0.217163 0.949420 0.139678
v -0.177844 0.997458 0.156956
v -0.181329 1.001982 0.151350
v -0.186262 1.015736 0.139546
v -0.186931 1.022579 0.135403
v -0.175962 0.996381 0.154922
v -0.179447 1.000905 0.149315
v -0.179447 1.000905 0.149315
v -0.185063 1.021519 0.133368
v -0.184380 1.014659 0.137512
v -0.184380 1.014659 0.137512
v -0.180564 1.008793 0.147551
v -0.182961 1.010814 0.149102
v -0.183836 1.013350 0.146867
v -0.181990 1.012902 0.143929
v -0.179961 1.010085 0.144356
v -0.216735 0.984020 0.131975
v -0.214338 0.981981 0.130424
v -0.217610 0.986555 0.129733
v -0.215757 0.986108 0.126801
v -0.213736 0.983274 0.127222
v -0.180564 1.008793 0.147551
v -0.182961 1.010814 0.149102
v -0.216735 0.984020 0.131975
v -0.214338 0.981981 0.130424
v -0.183836 1.013350 0.146867
v -0.217610 0.986555 0.129733
v -0.181990 1.012902 0.143929
v -0.215757 0.986108 0.126801
v -0.179961 1.010085 0.144356
v -0.213736 0.983274 0.127222
v -0.179961 1.010085 0.144356
v -0.213736 0.983274 0.127222
v -0.207957 0.978452 0.135359
v -0.207090 0.980639 0.130223
v -0.213309 0.984169 0.136947
v -0.210023 0.979628 0.137600
v -0.212787 0.991924 0.123788
v -0.214860 0.993100 0.126029
v -0.207891 0.983771 0.126889
v -0.209501 0.987383 0.124441
v -0.215721 0.990913 0.131165
v -0.214919 0.987781 0.134492
v -0.186446 1.015669 0.140438
v -0.184372 1.014476 0.138203
v -0.187306 1.013465 0.145573
v -0.181086 1.009936 0.138849
v -0.178667 1.003192 0.144638
v -0.179535 1.000988 0.149774
v -0.184887 1.006721 0.151362
v -0.181601 1.002181 0.152009
v -0.179469 1.006324 0.141304
v -0.186497 1.010334 0.148907
v -0.009354 1.445823 0.126613
v -0.009207 1.484019 0.116875
v -0.016949 1.485924 0.116204
v -0.017111 1.443885 0.126927
v 0.009422 1.445873 0.127046
v 0.017164 1.443951 0.127718
v 0.009569 1.484052 0.117308
v 0.017325 1.485990 0.117001
v -0.016883 1.485195 0.113322
v -0.009141 1.483273 0.114000
v -0.009288 1.445094 0.123731
v -0.017044 1.443156 0.124045
v 0.009488 1.445127 0.124171
v 0.017230 1.443222 0.124836
v 0.009635 1.483323 0.114433
v 0.017399 1.485261 0.114119
v 0.009569 1.484052 0.117308
v 0.017325 1.485990 0.117001
v -0.016883 1.485195 0.113322
v -0.017044 1.443156 0.124045
v 0.017230 1.443222 0.124836
v 0.009635 1.483323 0.114433
v 0.017399 1.485261 0.114119
v 0.017399 1.485261 0.114119
v 0.017399 1.485261 0.114119
v -0.002547 1.487565 0.115651
v -0.001481 1.488377 0.118878
v 0.002019 1.488377 0.118903
v 0.003122 1.487548 0.115682
v 0.000299 1.487051 0.113673
v -0.002723 1.442609 0.127109
v -0.001657 1.443421 0.130342
v 0.001842 1.443421 0.130367
v 0.002945 1.442592 0.127147
v 0.000122 1.442095 0.125138
v -0.002547 1.487565 0.115651
v -0.002723 1.442609 0.127109
v -0.001657 1.443421 0.130342
v -0.001481 1.488377 0.118878
v 0.001842 1.443421 0.130367
v 0.002019 1.488377 0.118903
v 0.002945 1.442592 0.127147
v 0.003122 1.487548 0.115682
v 0.000122 1.442095 0.125138
v 0.000299 1.487051 0.113673
v 0.000122 1.442095 0.125138
v 0.000299 1.487051 0.113673
v -0.009075 1.445161 0.123442
v -0.004399 1.444365 0.120379
v -0.009156 1.445973 0.126607
v -0.004627 1.446784 0.129890
v 0.009260 1.446006 0.127034
v 0.009334 1.445194 0.123869
v 0.000218 1.444216 0.119864
v 0.004805 1.444382 0.120586
v -0.000040 1.446950 0.130619
v 0.004585 1.446801 0.130097
v -0.009075 1.445161 0.123442
v -0.008928 1.482991 0.113793
v -0.004252 1.482196 0.110729
v -0.004399 1.444365 0.120379
v -0.004480 1.484615 0.120240
v -0.009002 1.483803 0.116963
v -0.009156 1.445973 0.126607
v -0.004627 1.446784 0.129890
v 0.009260 1.446006 0.127034
v 0.009334 1.445194 0.123869
v 0.000218 1.444216 0.119864
v 0.000365 1.482047 0.110214
v 0.004805 1.444382 0.120586
v 0.000115 1.484781 0.120969
v -0.000040 1.446950 0.130619
v 0.004585 1.446801 0.130097
v 0.009407 1.483836 0.117390
v 0.009481 1.483024 0.114220
v 0.004952 1.482212 0.110942
v 0.004732 1.484632 0.120454
v 0.000218 1.444216 0.119864
v 0.000365 1.482047 0.110214
v 0.009407 1.483836 0.117390
v 0.009481 1.483024 0.114220
v 0.004952 1.482212 0.110942
v 0.004732 1.484632 0.120454
v -0.008928 1.482991 0.113793
v -0.004252 1.482196 0.110729
v -0.004480 1.484615 0.120240
v -0.009002 1.483803 0.116963
v 0.000365 1.482047 0.110214
v 0.000115 1.484781 0.120969
v -0.021691 1.618008 -0.179116
v -0.046856 1.617743 -0.134904
v 0.021685 1.618041 -0.179123
v 0.046828 1.617759 -0.134879
v -0.126050 1.571743 0.068413
v -0.144268 1.584121 0.032356
v -0.128065 1.556034 0.026781
v -0.111222 1.546986 0.060257
v -0.097231 1.560922 0.099120
v -0.086755 1.539961 0.086137
v -0.065353 1.553714 0.119889
v -0.057641 1.535221 0.103841
v -0.150561 1.595174 -0.000988
v -0.133843 1.565363 -0.007668
v -0.143812 1.594295 -0.034388
v -0.132049 1.573648 -0.037810
v -0.095136 1.589921 -0.101190
v -0.120022 1.582729 -0.070413
v -0.131167 1.605414 -0.071594
v -0.103377 1.612755 -0.107261
v -0.153781 1.618190 -0.029749
v -0.070382 1.618654 -0.131602
v -0.062405 1.594445 -0.122574
v -0.035380 1.620941 -0.145063
v -0.030057 1.595654 -0.132575
v -0.039247 1.739586 -0.149972
v -0.074514 1.735924 -0.134942
v -0.070044 1.761956 -0.125719
v -0.038541 1.765750 -0.138602
v -0.092835 1.780432 -0.092865
v -0.068044 1.796041 -0.098521
v -0.068706 1.779570 -0.113903
v -0.097429 1.758592 -0.105679
v -0.105884 1.730770 -0.111455
v -0.079690 1.679534 -0.140561
v -0.113589 1.675126 -0.113238
v -0.111935 1.703279 -0.112767
v -0.079322 1.708068 -0.138853
v -0.142048 1.669675 -0.075970
v -0.110920 1.643576 -0.111919
v -0.140114 1.635838 -0.072347
v -0.077888 1.649657 -0.137887
v -0.137563 1.700131 -0.081200
v -0.129212 1.730621 -0.083830
v -0.114699 1.759702 -0.085871
v -0.159876 1.641538 -0.024845
v -0.026374 1.532587 0.113881
v -0.031072 1.549737 0.131435
v -0.036600 1.806514 -0.105120
v -0.071205 1.808768 -0.079178
v -0.035755 1.821858 -0.084100
v -0.101444 1.789198 -0.072422
v -0.124425 1.766612 -0.064562
v -0.143077 1.736603 -0.055295
v -0.154759 1.702782 -0.044635
v -0.159494 1.673204 -0.035092
v -0.034990 1.569672 0.145887
v -0.071029 1.575040 0.132571
v -0.105215 1.584949 0.109442
v -0.137196 1.598985 0.074729
v -0.155818 1.614677 0.037147
v -0.161339 1.627486 0.006144
v -0.132740 1.601619 0.072783
v -0.101863 1.587849 0.106315
v -0.069595 1.578537 0.129181
v -0.150422 1.617262 0.035841
v -0.141695 1.626260 0.072607
v -0.153664 1.636815 0.044599
v -0.155303 1.629359 0.006226
v -0.156678 1.667189 0.049496
v -0.147187 1.662417 0.076864
v -0.145922 1.697894 0.082652
v -0.155325 1.704440 0.052635
v -0.137791 1.732593 0.087518
v -0.145863 1.742568 0.056955
v -0.120654 1.764541 0.092854
v -0.126109 1.776902 0.063101
v -0.096628 1.787955 0.098976
v -0.101039 1.801775 0.067515
v -0.066743 1.803763 0.105894
v -0.067162 1.821891 0.071678
v -0.034990 1.816920 -0.079523
v -0.068243 1.804293 -0.075009
v -0.097025 1.786314 -0.068844
v -0.119456 1.764160 -0.061536
v -0.137269 1.734913 -0.052313
v -0.148738 1.701473 -0.041872
v -0.160185 1.672458 0.023705
v -0.158303 1.707522 0.027459
v -0.148922 1.746380 0.029192
v -0.143342 1.742303 -0.028939
v -0.126161 1.774251 -0.035311
v -0.129388 1.782752 0.031295
v -0.130248 1.781459 -0.002068
v -0.147797 1.746529 -0.000247
v -0.104524 1.809049 0.032087
v -0.105766 1.807740 -0.004623
v -0.103098 1.799074 -0.039612
v -0.069875 1.829795 -0.007530
v -0.069713 1.819257 -0.044905
v -0.068890 1.830856 0.032884
v -0.153715 1.705318 -0.022692
v -0.157215 1.707986 0.000375
v -0.159795 1.674811 0.002082
v -0.158589 1.648116 0.013339
v -0.153818 1.642565 -0.023345
v -0.158185 1.655523 -0.006833
v -0.157244 1.674861 -0.017211
v -0.153576 1.672226 -0.032687
v -0.121521 1.611578 0.097896
v -0.000003 1.548544 0.134706
v -0.000003 1.531857 0.117001
v -0.000003 1.567517 0.149629
v -0.034410 1.573019 0.142679
v -0.000179 1.571163 0.146785
v -0.000003 1.578421 0.143131
v -0.034579 1.579962 0.138623
v -0.060986 1.580359 0.135553
v -0.059082 1.585679 0.131410
v -0.083013 1.590832 0.126588
v -0.080153 1.595306 0.122086
v -0.121249 1.635556 0.109586
v -0.106259 1.610385 0.115594
v -0.101223 1.613467 0.111664
v -0.115772 1.637793 0.106083
v -0.130601 1.663693 0.107043
v -0.124087 1.665433 0.104074
v -0.131976 1.691962 0.107439
v -0.125300 1.691879 0.104312
v -0.125264 1.722485 0.112097
v -0.117897 1.719999 0.108713
v -0.110229 1.748152 0.119035
v -0.103642 1.743794 0.114477
v -0.089181 1.766745 0.126481
v -0.084726 1.759885 0.121571
v -0.029315 1.788320 0.137161
v -0.031858 1.813656 0.108814
v -0.061795 1.779902 0.133513
v -0.059979 1.771915 0.127963
v -0.027241 1.780134 0.131617
v -0.000003 1.790457 0.138002
v -0.000003 1.782536 0.132176
v -0.033520 1.833093 0.073611
v -0.034410 1.842074 0.032658
v -0.034865 1.841428 -0.009037
v -0.000003 1.845405 0.032407
v -0.034836 1.831767 -0.048339
v -0.000003 1.836092 -0.049168
v 0.000027 1.821775 -0.080591
v -0.000003 1.826664 -0.084653
v -0.037483 1.786182 -0.124960
v -0.000003 1.791352 -0.127408
v -0.000003 1.768485 -0.143217
v -0.039012 1.711896 -0.156464
v -0.039931 1.683229 -0.158479
v -0.038806 1.652342 -0.154851
v -0.000003 1.654927 -0.160815
v -0.000003 1.597162 -0.137774
v -0.000003 1.622614 -0.149954
v -0.000003 1.816887 0.109034
v -0.000003 1.835927 0.073862
v -0.000003 1.845057 -0.011159
v -0.000003 1.811071 -0.106997
v -0.000003 1.741773 -0.154913
v -0.000003 1.712940 -0.161700
v -0.000003 1.684306 -0.164017
v -0.173271 1.698905 0.006546
v -0.174727 1.687637 0.003953
v -0.171264 1.692509 -0.017311
v -0.167323 1.707952 -0.011485
v -0.171007 1.674944 -0.020677
v -0.175109 1.672243 0.001492
v -0.172756 1.659434 0.000456
v -0.165368 1.658473 -0.019170
v -0.158391 1.657578 -0.037816
v -0.165677 1.674480 -0.041414
v -0.168051 1.699352 -0.031708
v -0.163846 1.713371 -0.020111
v -0.157744 1.672144 -0.057850
v -0.150797 1.656750 -0.054040
v -0.141680 1.657048 -0.069126
v -0.151260 1.673569 -0.069616
v -0.160405 1.685798 -0.066138
v -0.165441 1.685549 -0.054787
v -0.144327 1.676071 -0.078889
v -0.134137 1.661555 -0.080867
v -0.152826 1.688565 -0.077935
v -0.126940 1.671464 -0.091364
v -0.139239 1.682832 -0.085864
v -0.120897 1.687074 -0.098252
v -0.135983 1.692327 -0.089751
v -0.146900 1.692757 -0.083830
v -0.118772 1.703379 -0.098967
v -0.134556 1.703097 -0.089738
v -0.146672 1.702318 -0.083805
v -0.133321 1.712377 -0.087271
v -0.119661 1.717961 -0.094127
v -0.158222 1.722717 -0.028066
v -0.161868 1.712327 -0.039731
v -0.156707 1.720496 -0.047548
v -0.151267 1.733587 -0.037785
v -0.151333 1.725782 -0.054900
v -0.144930 1.739271 -0.047749
v -0.123220 1.730157 -0.084916
v -0.135064 1.721772 -0.080572
v -0.145716 1.713636 -0.078946
v -0.129734 1.738525 -0.072316
v -0.139475 1.726694 -0.072422
v -0.137931 1.741176 -0.058893
v -0.146128 1.727473 -0.062936
v -0.151069 1.717017 -0.070595
v -0.161552 1.710339 -0.055377
v -0.156134 1.697728 -0.076930
v -0.156016 1.707406 -0.073766
v -0.157479 1.715161 -0.061008
v -0.162582 1.704870 -0.062358
v -0.163427 1.695210 -0.064794
v -0.165559 1.701871 -0.050134
v -0.167081 1.692890 -0.052966
v -0.180447 1.688217 0.003156
v -0.178873 1.700148 0.005736
v -0.172771 1.709792 -0.012245
v -0.178212 1.658075 -0.000994
v -0.180799 1.671895 0.000444
v -0.170536 1.656418 -0.020833
v -0.163265 1.655059 -0.039694
v -0.169139 1.715641 -0.020821
v -0.155362 1.654098 -0.056450
v -0.145863 1.654562 -0.072278
v -0.137916 1.659417 -0.084715
v -0.130248 1.670039 -0.095910
v -0.123837 1.686676 -0.103230
v -0.121676 1.704241 -0.103915
v -0.122720 1.719817 -0.098691
v -0.163368 1.725302 -0.028744
v -0.156207 1.736421 -0.038852
v -0.149495 1.742386 -0.049525
v -0.126506 1.732775 -0.088916
v -0.133380 1.741558 -0.075650
v -0.142018 1.744391 -0.061473
v 0.171258 1.692525 -0.017318
v 0.174721 1.687687 0.003985
v 0.173295 1.698921 0.006590
v 0.167274 1.708002 -0.011435
v 0.170986 1.675010 -0.020677
v 0.174971 1.672276 0.001536
v 0.165355 1.658456 -0.019176
v 0.172714 1.659401 0.000437
v 0.163826 1.713354 -0.020130
v 0.168082 1.699369 -0.031720
v 0.158209 1.722750 -0.028028
v 0.161914 1.712327 -0.039731
v 0.151408 1.733587 -0.037816
v 0.156738 1.720530 -0.047548
v 0.144887 1.739287 -0.047680
v 0.151342 1.725782 -0.054881
v 0.137874 1.741160 -0.058886
v 0.145924 1.727638 -0.063030
v 0.129809 1.738625 -0.072422
v 0.139366 1.726810 -0.072422
v 0.123229 1.730157 -0.084885
v 0.134911 1.721822 -0.080653
v 0.119678 1.717945 -0.094114
v 0.133301 1.712393 -0.087258
v 0.118788 1.703379 -0.098967
v 0.134514 1.702965 -0.089751
v 0.120913 1.687090 -0.098233
v 0.135955 1.692194 -0.089700
v 0.139204 1.682848 -0.085820
v 0.126934 1.671481 -0.091327
v 0.141638 1.657098 -0.069126
v 0.151283 1.673502 -0.069459
v 0.144284 1.676087 -0.078858
v 0.134183 1.661522 -0.080917
v 0.150783 1.656750 -0.054040
v 0.157701 1.672160 -0.057838
v 0.165796 1.674762 -0.041376
v 0.158378 1.657595 -0.037810
v 0.161569 1.710372 -0.055377
v 0.165568 1.701888 -0.050134
v 0.167075 1.692890 -0.052953
v 0.165421 1.685566 -0.054755
v 0.157599 1.715161 -0.060713
v 0.151122 1.716967 -0.070621
v 0.160370 1.685814 -0.066113
v 0.152629 1.688349 -0.077966
v 0.146931 1.692724 -0.083742
v 0.146688 1.702252 -0.083767
v 0.145777 1.713653 -0.078877
v 0.163421 1.695193 -0.064757
v 0.162583 1.704870 -0.062352
v 0.156114 1.697762 -0.076905
v 0.156003 1.707406 -0.073760
v 0.178904 1.700164 0.005774
v 0.180441 1.688234 0.003175
v 0.172714 1.709858 -0.012195
v 0.180669 1.671928 0.000500
v 0.178176 1.658092 -0.000994
v 0.170530 1.656418 -0.020833
v 0.169112 1.715641 -0.020815
v 0.163362 1.725335 -0.028694
v 0.156341 1.736421 -0.038903
v 0.149423 1.742419 -0.049481
v 0.141976 1.744375 -0.061454
v 0.133492 1.741640 -0.075744
v 0.126500 1.732759 -0.088903
v 0.122743 1.719800 -0.098672
v 0.121707 1.704224 -0.103908
v 0.123868 1.686692 -0.103211
v 0.130250 1.670072 -0.095878
v 0.145828 1.654612 -0.072266
v 0.137991 1.659417 -0.084753
v 0.155349 1.654115 -0.056444
v 0.163260 1.655076 -0.039694
v -0.154480 1.713122 0.041196
v -0.153392 1.693089 0.061657
v -0.155855 1.679749 0.049697
v -0.156913 1.698822 0.027478
v -0.156090 1.715790 0.009271
v -0.155355 1.728251 0.013678
v -0.153495 1.739967 0.021589
v -0.150657 1.748252 0.032501
v -0.149304 1.729047 0.057909
v -0.050701 1.783067 0.135302
v -0.076469 1.777747 0.128396
v -0.075139 1.790441 0.121113
v -0.049348 1.795312 0.128609
v -0.051708 1.770390 0.141116
v -0.077168 1.764210 0.134869
v -0.027668 1.785751 0.138950
v -0.027197 1.798311 0.132948
v -0.028028 1.772611 0.144104
v -0.142746 1.759537 0.054871
v -0.141636 1.742303 0.074202
v -0.145408 1.712526 0.079821
v -0.137534 1.725318 0.092679
v -0.095893 1.757299 0.126852
v -0.109810 1.750274 0.119123
v -0.110192 1.764905 0.111043
v -0.095584 1.772130 0.119550
v -0.093776 1.784210 0.112091
v -0.109104 1.778112 0.101782
v -0.122463 1.758062 0.101154
v -0.121066 1.742800 0.111357
v -0.129057 1.735741 0.103647
v -0.131520 1.752080 0.090017
v -0.121941 1.772196 0.089640
v -0.132358 1.766844 0.074999
v 0.156084 1.715823 0.009422
v 0.156871 1.698855 0.027459
v 0.154378 1.713504 0.041228
v 0.155349 1.728185 0.013710
v 0.153445 1.693105 0.061676
v 0.155841 1.679749 0.049703
v 0.145461 1.712460 0.079909
v 0.149262 1.729030 0.057903
v 0.137513 1.725269 0.092716
v 0.141527 1.742403 0.074340
v 0.131514 1.752080 0.090017
v 0.129051 1.735708 0.103672
v 0.109819 1.750290 0.119148
v 0.110209 1.764905 0.111068
v 0.122457 1.758045 0.101154
v 0.121053 1.742784 0.111382
v 0.077184 1.764210 0.134925
v 0.076456 1.777731 0.128402
v 0.095549 1.772097 0.119512
v 0.095872 1.757117 0.126996
v 0.051732 1.770357 0.141216
v 0.050695 1.783050 0.135308
v 0.153496 1.739983 0.021551
v 0.150629 1.748318 0.032451
v 0.142733 1.759553 0.054871
v 0.132279 1.766960 0.074930
v 0.109091 1.778079 0.101788
v 0.121898 1.772163 0.089627
v 0.075126 1.790424 0.121145
v 0.093726 1.784376 0.111903
v 0.049343 1.795345 0.128616
v 0.028030 1.772511 0.144249
v 0.027662 1.785751 0.138950
v -0.000025 1.787309 0.140990
v -0.000003 1.800068 0.135748
v 0.027199 1.798345 0.132954
v -0.000003 1.774185 0.145216
v -0.159222 1.679981 0.050093
v -0.156722 1.693437 0.062254
v -0.160295 1.699120 0.027761
v -0.158737 1.728483 0.013917
v -0.159479 1.716022 0.009459
v -0.156847 1.740397 0.021997
v -0.153950 1.748848 0.033110
v -0.076528 1.792081 0.123744
v -0.050238 1.796920 0.131466
v -0.078550 1.765601 0.137644
v -0.052524 1.771832 0.144086
v -0.027749 1.799753 0.135974
v -0.028432 1.773886 0.147231
v -0.145893 1.760431 0.055806
v -0.148591 1.713073 0.080869
v -0.140563 1.726048 0.094047
v -0.112001 1.751516 0.121414
v -0.097738 1.758592 0.129388
v -0.095643 1.785884 0.114395
v -0.111347 1.779719 0.103772
v -0.131888 1.736653 0.105298
v -0.123565 1.743911 0.113366
v -0.124558 1.773621 0.091272
v -0.135262 1.768021 0.076298
v 0.159481 1.716022 0.009459
v 0.158723 1.728467 0.013930
v 0.160253 1.699120 0.027748
v 0.156775 1.693470 0.062260
v 0.159209 1.679981 0.050086
v 0.148644 1.713006 0.080957
v 0.140542 1.725998 0.094085
v 0.131882 1.736619 0.105323
v 0.112010 1.751533 0.121433
v 0.123560 1.743894 0.113385
v 0.078566 1.765601 0.137694
v 0.097718 1.758426 0.129526
v 0.052548 1.771815 0.144180
v 0.156849 1.740397 0.021966
v 0.153923 1.748915 0.033060
v 0.145880 1.760448 0.055800
v 0.135190 1.768153 0.076223
v 0.111333 1.779686 0.103779
v 0.124508 1.773605 0.091247
v 0.095593 1.786049 0.114207
v 0.076530 1.792064 0.123775
v 0.050240 1.796953 0.131472
v 0.028427 1.773804 0.147363
v -0.000003 1.801361 0.138900
v 0.027750 1.799770 0.135993
v -0.000003 1.775295 0.148430
v -0.085262 1.610186 0.143332
v -0.077763 1.580061 0.125677
v -0.101289 1.586259 0.109354
v -0.109251 1.617212 0.125012
v -0.060229 1.606574 0.156749
v -0.053421 1.575687 0.137173
v -0.064118 1.646956 0.170894
v -0.090078 1.647785 0.155506
v -0.066405 1.725335 0.171867
v -0.034807 1.728566 0.180996
v -0.034277 1.687505 0.185278
v -0.065758 1.686924 0.175396
v -0.091717 1.685582 0.160045
v -0.033211 1.646559 0.180412
v -0.086887 1.757913 0.149504
v -0.062155 1.762933 0.159430
v -0.091092 1.721060 0.159047
v -0.077300 1.789248 0.131416
v -0.053282 1.794451 0.139829
v -0.115794 1.717348 0.138994
v -0.110442 1.751815 0.134442
v -0.114420 1.648696 0.133733
v -0.099892 1.782801 0.119945
v -0.118669 1.593748 0.091674
v -0.126896 1.622929 0.104852
v -0.141805 1.628513 0.080769
v -0.134020 1.603641 0.072588
v -0.143570 1.612241 0.058983
v -0.154928 1.639036 0.055254
v -0.115905 1.684555 0.139138
v -0.133608 1.717563 0.117666
v -0.134034 1.681986 0.116461
v -0.147885 1.679418 0.088981
v -0.158413 1.680081 0.059039
v -0.157009 1.720248 0.064426
v -0.147584 1.717199 0.091800
v -0.131836 1.651215 0.111853
v -0.146003 1.653684 0.085785
v -0.143680 1.741905 0.091542
v -0.129586 1.746628 0.114282
v -0.149885 1.749975 0.070912
v -0.135740 1.764822 0.088284
v -0.119639 1.774599 0.105813
v 0.157055 1.720264 0.064414
v 0.147519 1.717199 0.091781
v 0.143652 1.741905 0.091536
v 0.149945 1.750042 0.070874
v 0.135756 1.764972 0.088221
v 0.158503 1.680081 0.059058
v 0.147813 1.678159 0.088912
v 0.154996 1.639019 0.055222
v 0.145931 1.653883 0.085772
v 0.143571 1.612225 0.058958
v 0.134029 1.603525 0.072544
v 0.141638 1.628314 0.080643
v 0.129581 1.746628 0.114289
v 0.119663 1.774549 0.105851
v 0.099901 1.782917 0.119952
v 0.110451 1.751831 0.134467
v 0.086558 1.758393 0.149567
v 0.077338 1.789165 0.131573
v 0.053298 1.794533 0.139829
v 0.060407 1.763199 0.160328
v 0.031250 1.767341 0.166305
v 0.027750 1.797748 0.145875
v 0.133845 1.681986 0.116637
v 0.134014 1.717547 0.117045
v 0.131786 1.651232 0.111828
v 0.118707 1.593848 0.091743
v 0.126772 1.622846 0.104840
v 0.060172 1.606607 0.156755
v 0.085168 1.610236 0.143232
v 0.077758 1.580011 0.125684
v 0.053401 1.575322 0.136997
v 0.109150 1.617262 0.124918
v 0.101203 1.586408 0.109329
v 0.090344 1.722137 0.159310
v 0.066450 1.725368 0.171993
v 0.091697 1.685582 0.160045
v 0.065796 1.686924 0.175496
v 0.089991 1.647835 0.155418
v 0.064120 1.646956 0.170938
v 0.115928 1.717133 0.138906
v 0.115877 1.684555 0.139113
v 0.114340 1.648713 0.133657
v -0.032028 1.766479 0.166556
v -0.027749 1.797433 0.146051
v -0.000010 1.768518 0.168515
v -0.000003 1.799902 0.147294
v 0.034955 1.728417 0.181015
v -0.000003 1.729942 0.183539
v 0.034286 1.687505 0.185359
v -0.000003 1.688963 0.188354
v 0.033213 1.646542 0.180456
v 0.030368 1.604486 0.165149
v 0.027192 1.572207 0.143866
v 0.000004 1.646824 0.183218
v -0.030315 1.603906 0.164616
v -0.000010 1.603310 0.167140
v -0.027205 1.572273 0.143878
v -0.000003 1.571544 0.146597
v -0.103987 1.584303 0.111746
v -0.079851 1.577890 0.128459
v -0.054840 1.573433 0.140287
v -0.054546 1.796754 0.142974
v -0.079094 1.791501 0.134335
v -0.102223 1.784906 0.122582
v -0.121786 1.591975 0.093645
v -0.147143 1.610766 0.060377
v -0.137416 1.602001 0.074214
v -0.158685 1.638141 0.056641
v -0.160861 1.720496 0.065795
v -0.162280 1.679832 0.060389
v -0.139085 1.766364 0.090092
v -0.153590 1.750936 0.072400
v -0.122543 1.776422 0.108048
v 0.160907 1.720513 0.065795
v 0.153643 1.750986 0.072375
v 0.139101 1.766513 0.090029
v 0.162355 1.679816 0.060427
v 0.158738 1.638124 0.056635
v 0.137418 1.601918 0.074176
v 0.147137 1.610766 0.060358
v 0.122567 1.776389 0.108086
v 0.102239 1.785022 0.122582
v 0.079132 1.791418 0.134480
v 0.054562 1.796853 0.142968
v 0.028427 1.800035 0.149202
v 0.121825 1.592075 0.093727
v 0.079853 1.577841 0.128465
v 0.054827 1.573052 0.140105
v 0.103901 1.584469 0.111721
v -0.028425 1.799736 0.149378
v -0.000003 1.802206 0.150697
v 0.027927 1.569970 0.147218
v -0.027940 1.570036 0.147231
v -0.000003 1.569324 0.150044
v 0.156172 1.572107 -0.011849
v 0.159010 1.571030 -0.013149
v 0.159010 1.568462 -0.015214
v 0.156172 1.566970 -0.015987
v 0.153334 1.568048 -0.014693
v 0.153334 1.570616 -0.012621
v 0.156172 1.572107 -0.011849
v 0.158231 1.561204 0.001706
v 0.160966 1.560690 -0.000278
v 0.159010 1.571030 -0.013149
v 0.160900 1.558470 -0.002796
v 0.159010 1.568462 -0.015214
v 0.156172 1.566970 -0.015987
v 0.158098 1.556780 -0.003330
v 0.155364 1.557310 -0.001346
v 0.153334 1.568048 -0.014693
v 0.153334 1.570616 -0.012621
v 0.155430 1.559514 0.001172
v 0.167288 1.547036 0.009616
v 0.169156 1.547865 0.006879
v 0.168523 1.546539 0.003872
v 0.166016 1.544385 0.003595
v 0.164149 1.543556 0.006333
v 0.164781 1.544882 0.009346
v 0.197556 1.518005 0.007946
v 0.199247 1.519049 0.005247
v 0.198320 1.518038 0.002233
v 0.195711 1.516000 0.001925
v 0.194020 1.514956 0.004631
v 0.194939 1.515950 0.007645
v 0.208731 1.501832 0.009045
v 0.206466 1.501848 0.011519
v 0.207951 1.500589 0.006094
v 0.204900 1.499330 0.005611
v 0.202636 1.499330 0.008084
v 0.203415 1.500589 0.011042
v 0.209407 1.484996 0.018839
v 0.211877 1.483919 0.016849
v 0.211194 1.482212 0.014087
v 0.208047 1.481583 0.013314
v 0.205569 1.482643 0.015305
v 0.206253 1.484366 0.018067
v 0.206878 1.456429 0.041925
v 0.209267 1.454457 0.040669
v 0.208539 1.452186 0.038352
v 0.205422 1.451905 0.037298
v 0.203026 1.453877 0.038553
v 0.203753 1.456147 0.040870
v 0.200166 1.443553 0.060238
v 0.202482 1.441449 0.059140
v 0.201754 1.439228 0.056779
v 0.198703 1.439112 0.055517
v 0.196387 1.441217 0.056616
v 0.197122 1.443437 0.058977
v 0.195365 1.428408 0.072531
v 0.197857 1.426850 0.070987
v 0.197328 1.425243 0.068124
v 0.194299 1.425193 0.066806
v 0.191807 1.426751 0.068350
v 0.192343 1.428358 0.071213
v 0.155364 1.557310 -0.001346
v 0.153334 1.568048 -0.014693
v 0.164149 1.543556 0.006333
v 0.194020 1.514956 0.004631
v 0.202636 1.499330 0.008084
v 0.205569 1.482643 0.015305
v 0.203026 1.453877 0.038553
v 0.196387 1.441217 0.056616
v 0.191807 1.426751 0.068350
v 0.191733 1.409385 0.080869
v 0.194292 1.408159 0.079174
v 0.193828 1.406932 0.076154
v 0.190807 1.406916 0.074817
v 0.188256 1.408142 0.076506
v 0.188719 1.409385 0.079532
v 0.195365 1.428408 0.072531
v 0.197857 1.426850 0.070987
v 0.197328 1.425243 0.068124
v 0.194299 1.425193 0.066806
v 0.191807 1.426751 0.068350
v 0.192343 1.428358 0.071213
v 0.192343 1.428358 0.071213
v 0.188719 1.409385 0.079532
v 0.205922 1.286432 0.101694
v 0.203423 1.286432 0.097369
v 0.204437 1.238742 0.101682
v 0.206937 1.238742 0.106014
v 0.210921 1.286415 0.101694
v 0.211936 1.238725 0.106014
v 0.214436 1.238708 0.101682
v 0.213421 1.286415 0.097369
v 0.211936 1.238725 0.097350
v 0.210921 1.286415 0.093036
v 0.205922 1.286432 0.093036
v 0.206937 1.238742 0.097350
v 0.195365 1.191035 0.094298
v 0.192865 1.191052 0.089966
v 0.190314 1.381812 0.089872
v 0.187815 1.381812 0.085540
v 0.194924 1.334121 0.091009
v 0.197423 1.334121 0.095341
v 0.200364 1.191035 0.094298
v 0.195314 1.381795 0.089872
v 0.202423 1.334105 0.095341
v 0.202864 1.191019 0.089966
v 0.204922 1.334105 0.091009
v 0.197813 1.381795 0.085540
v 0.200364 1.191035 0.085634
v 0.202423 1.334105 0.086677
v 0.195314 1.381795 0.081214
v 0.195365 1.191035 0.085634
v 0.197423 1.334121 0.086677
v 0.190314 1.381812 0.081214
v 0.205922 1.286432 0.093036
v 0.206937 1.238742 0.097350
v 0.190020 1.143345 0.089872
v 0.187521 1.143362 0.085540
v 0.195019 1.143345 0.089872
v 0.197519 1.143329 0.085540
v 0.195019 1.143345 0.081214
v 0.190020 1.143345 0.081214
v 0.190020 1.143345 0.081214
v 0.195365 1.191035 0.085634
v 0.197423 1.334121 0.086677
v 0.190314 1.381812 0.081214
v 0.182426 1.070915 0.085540
v 0.187476 1.070899 0.094286
v 0.197563 1.070866 0.094286
v 0.202614 1.070866 0.085540
v 0.197563 1.070866 0.076807
v 0.187476 1.070899 0.076807
v 0.186440 1.088894 0.095912
v 0.180353 1.088894 0.085371
v 0.198600 1.088878 0.095912
v 0.204687 1.088878 0.085371
v 0.198600 1.088878 0.074836
v 0.186440 1.088894 0.074836
v 0.186440 1.092805 0.095912
v 0.180353 1.092805 0.085371
v 0.198600 1.092805 0.095912
v 0.204687 1.092805 0.085371
v 0.198600 1.092805 0.074836
v 0.186440 1.092805 0.074836
v 0.180353 1.121953 0.085371
v 0.186440 1.121953 0.095912
v 0.198600 1.121953 0.095912
v 0.204687 1.121953 0.085371
v 0.198600 1.121953 0.074836
v 0.186440 1.121953 0.074836
v 0.186440 1.125863 0.095912
v 0.180353 1.125863 0.085371
v 0.198600 1.125863 0.095912
v 0.204687 1.125863 0.085371
v 0.198600 1.125863 0.074836
v 0.186440 1.125863 0.074836
vt 0.990000 0.226600
vt 0.988700 0.211300
vt 0.971000 0.200200
vt 0.963700 0.224200
vt 0.444500 0.198300
vt 0.469500 0.205900
vt 0.466000 0.177300
vt 0.446100 0.180000
vt 0.488400 0.210400
vt 0.488800 0.183800
vt 0.516000 0.219000
vt 0.516100 0.192400
vt 0.542900 0.222400
vt 0.547000 0.192500
vt 0.578600 0.226500
vt 0.580000 0.197700
vt 0.613500 0.232100
vt 0.614000 0.201700
vt 0.650500 0.236900
vt 0.649600 0.206300
vt 0.684300 0.237700
vt 0.684800 0.210600
vt 0.714300 0.237900
vt 0.714200 0.211500
vt 0.750300 0.233400
vt 0.746500 0.209900
vt 0.780500 0.229200
vt 0.777600 0.202500
vt 0.812100 0.226100
vt 0.808600 0.198000
vt 0.842000 0.194000
vt 0.844200 0.223000
vt 0.875600 0.217900
vt 0.876700 0.191800
vt 0.906200 0.191100
vt 0.903100 0.216400
vt 0.933200 0.218900
vt 0.938200 0.193100
vt 0.514400 0.238700
vt 0.542100 0.243800
vt 0.489100 0.231800
vt 0.469000 0.229100
vt 0.571300 0.322400
vt 0.606600 0.322900
vt 0.608400 0.297600
vt 0.573900 0.292900
vt 0.646400 0.321600
vt 0.645800 0.296200
vt 0.682500 0.318400
vt 0.682600 0.293000
vt 0.716900 0.317400
vt 0.715600 0.291000
vt 0.755500 0.318600
vt 0.753300 0.291000
vt 0.785300 0.318200
vt 0.782700 0.289900
vt 0.815000 0.288700
vt 0.816400 0.316400
vt 0.852800 0.315300
vt 0.849500 0.286900
vt 0.877400 0.313800
vt 0.876600 0.283800
vt 0.900900 0.309600
vt 0.901800 0.278000
vt 0.926700 0.304400
vt 0.927600 0.277300
vt 0.957600 0.298900
vt 0.957000 0.276400
vt 0.973800 0.296100
vt 0.979700 0.279000
vt 0.447100 0.219500
vt 0.449200 0.260700
vt 0.465100 0.263200
vt 0.466500 0.244500
vt 0.448600 0.238200
vt 0.463600 0.288900
vt 0.479600 0.295800
vt 0.485300 0.270300
vt 0.446900 0.279500
vt 0.503100 0.307100
vt 0.508100 0.278200
vt 0.486100 0.250600
vt 0.534900 0.318700
vt 0.539100 0.289600
vt 0.512200 0.258900
vt 0.576800 0.249600
vt 0.540400 0.266900
vt 0.612400 0.254800
vt 0.574000 0.271500
vt 0.649100 0.258100
vt 0.611200 0.276400
vt 0.683200 0.260600
vt 0.648300 0.277300
vt 0.715900 0.257100
vt 0.682900 0.276900
vt 0.752400 0.252400
vt 0.715100 0.274100
vt 0.782300 0.248800
vt 0.752200 0.271700
vt 0.813100 0.245000
vt 0.782500 0.269500
vt 0.846300 0.242500
vt 0.814500 0.266800
vt 0.875600 0.239500
vt 0.847000 0.264700
vt 0.902200 0.239500
vt 0.875000 0.261600
vt 0.930400 0.241600
vt 0.903100 0.258500
vt 0.958200 0.260200
vt 0.960400 0.243600
vt 0.928500 0.259700
vt 0.986600 0.245200
vt 0.983600 0.262700
vt 0.994400 0.224800
vt 0.990100 0.209400
vt 0.973100 0.197500
vt 0.465000 0.172100
vt 0.443300 0.177100
vt 0.438300 0.198600
vt 0.488600 0.177500
vt 0.515200 0.186900
vt 0.546500 0.187600
vt 0.579800 0.192500
vt 0.614200 0.197100
vt 0.649400 0.202200
vt 0.685400 0.206000
vt 0.714500 0.208000
vt 0.746400 0.205700
vt 0.776300 0.198600
vt 0.808700 0.193600
vt 0.841800 0.190000
vt 0.876800 0.187900
vt 0.939100 0.189800
vt 0.906000 0.187700
vt 0.570800 0.329200
vt 0.606200 0.329200
vt 0.645100 0.326500
vt 0.681800 0.322900
vt 0.716800 0.322100
vt 0.754200 0.323700
vt 0.784300 0.323300
vt 0.815900 0.323200
vt 0.852800 0.321000
vt 0.878300 0.320200
vt 0.902200 0.315800
vt 0.927900 0.310700
vt 0.959500 0.305400
vt 0.976600 0.297600
vt 0.983900 0.280700
vt 0.440500 0.220700
vt 0.442300 0.238600
vt 0.444100 0.261100
vt 0.461600 0.293800
vt 0.479000 0.300300
vt 0.444700 0.281100
vt 0.501800 0.311400
vt 0.533300 0.325000
vt 0.991900 0.243800
vt 0.988400 0.262500
vt 0.452000 0.021000
vt 0.431400 0.026600
vt 0.427600 0.042500
vt 0.454000 0.045700
vt 0.428600 0.062100
vt 0.454900 0.065300
vt 0.429800 0.080200
vt 0.455500 0.082200
vt 0.482700 0.018700
vt 0.484600 0.044900
vt 0.512500 0.018900
vt 0.514000 0.044300
vt 0.540300 0.020600
vt 0.540600 0.046700
vt 0.573800 0.023500
vt 0.571300 0.052000
vt 0.602900 0.055500
vt 0.606600 0.026900
vt 0.634300 0.058300
vt 0.637300 0.031700
vt 0.668300 0.038900
vt 0.664500 0.062500
vt 0.700600 0.067000
vt 0.700800 0.040400
vt 0.730600 0.067000
vt 0.730500 0.039900
vt 0.766000 0.036200
vt 0.764500 0.066700
vt 0.801900 0.062800
vt 0.802300 0.032500
vt 0.837400 0.058200
vt 0.837100 0.029400
vt 0.873700 0.055600
vt 0.871200 0.025500
vt 0.903300 0.027100
vt 0.901300 0.053800
vt 0.929700 0.047500
vt 0.932400 0.020800
vt 0.949000 0.045400
vt 0.956600 0.017800
vt 0.974600 0.041700
vt 0.974500 0.024200
vt 0.454800 0.098500
vt 0.431600 0.096700
vt 0.434300 0.115300
vt 0.451000 0.120700
vt 0.485100 0.067400
vt 0.513100 0.067400
vt 0.539700 0.068300
vt 0.568700 0.071500
vt 0.601700 0.074400
vt 0.632400 0.078000
vt 0.662300 0.081400
vt 0.698800 0.086200
vt 0.731400 0.089900
vt 0.765400 0.088000
vt 0.802300 0.085400
vt 0.838200 0.081200
vt 0.873400 0.077000
vt 0.901400 0.073300
vt 0.927200 0.068800
vt 0.947500 0.068700
vt 0.970300 0.061800
vt 0.485300 0.085600
vt 0.511100 0.086200
vt 0.539200 0.090300
vt 0.567300 0.093700
vt 0.599900 0.096000
vt 0.632000 0.098700
vt 0.662300 0.100900
vt 0.699500 0.103200
vt 0.731600 0.106300
vt 0.765900 0.107100
vt 0.803000 0.106900
vt 0.840100 0.103300
vt 0.873700 0.100200
vt 0.902100 0.093700
vt 0.928800 0.087900
vt 0.948900 0.084300
vt 0.967400 0.080400
vt 0.484500 0.103200
vt 0.483300 0.130500
vt 0.511000 0.105700
vt 0.510500 0.137400
vt 0.536600 0.112400
vt 0.535000 0.142400
vt 0.564200 0.115900
vt 0.560500 0.144200
vt 0.597500 0.145800
vt 0.599200 0.117700
vt 0.628900 0.147000
vt 0.631600 0.119100
vt 0.658700 0.147500
vt 0.661200 0.120000
vt 0.697100 0.146500
vt 0.698700 0.120200
vt 0.731600 0.122300
vt 0.731200 0.147800
vt 0.768000 0.126100
vt 0.766800 0.151600
vt 0.806000 0.153600
vt 0.805000 0.128200
vt 0.840100 0.153000
vt 0.839300 0.124600
vt 0.873600 0.122800
vt 0.876700 0.152000
vt 0.907400 0.142300
vt 0.904700 0.113100
vt 0.930400 0.133300
vt 0.927700 0.107500
vt 0.946200 0.128600
vt 0.948500 0.103100
vt 0.963100 0.122400
vt 0.964500 0.103300
vt 0.449800 0.018100
vt 0.430900 0.024700
vt 0.423200 0.041600
vt 0.424000 0.062600
vt 0.425400 0.080400
vt 0.481900 0.014700
vt 0.511500 0.014000
vt 0.541700 0.015500
vt 0.573600 0.018400
vt 0.606000 0.021300
vt 0.636600 0.025900
vt 0.667400 0.033000
vt 0.698800 0.034600
vt 0.730200 0.032900
vt 0.766300 0.030500
vt 0.801400 0.026800
vt 0.836300 0.023500
vt 0.871100 0.018900
vt 0.902200 0.020100
vt 0.931400 0.014300
vt 0.957700 0.011600
vt 0.980600 0.042300
vt 0.978200 0.021500
vt 0.428100 0.097700
vt 0.433300 0.117200
vt 0.449600 0.124900
vt 0.976600 0.063700
vt 0.973200 0.081500
vt 0.482400 0.135000
vt 0.509900 0.141400
vt 0.534700 0.145900
vt 0.560400 0.149100
vt 0.597800 0.150900
vt 0.629700 0.151400
vt 0.660200 0.151800
vt 0.696600 0.150400
vt 0.731500 0.151200
vt 0.766600 0.154800
vt 0.805800 0.158700
vt 0.840300 0.159500
vt 0.877000 0.157500
vt 0.909700 0.146900
vt 0.933900 0.137600
vt 0.950500 0.132800
vt 0.965900 0.124600
vt 0.969500 0.106400
vt 0.088500 0.749100
vt 0.053700 0.900200
vt 0.082800 0.903200
vt 0.081800 0.837800
vt 0.053200 0.837800
vt 0.057300 0.962900
vt 0.086600 0.963700
vt 0.088300 0.990200
vt 0.081000 0.792900
vt 0.054200 0.791600
vt 0.086900 0.902600
vt 0.086100 0.837400
vt 0.049400 0.900100
vt 0.048900 0.837800
vt 0.091000 0.963700
vt 0.053100 0.963500
vt 0.092700 0.990800
vt 0.055800 1.000000
vt 0.085200 0.793100
vt 0.050100 0.791800
vt 0.092700 0.750400
vt 0.054800 0.766500
vt 0.059800 0.998400
vt 0.050400 0.766800
vt 0.295000 0.598700
vt 0.324800 0.608100
vt 0.331500 0.566300
vt 0.300800 0.563500
vt 0.334800 0.530500
vt 0.301800 0.528100
vt 0.301800 0.486500
vt 0.334100 0.486500
vt 0.332100 0.444000
vt 0.299000 0.445500
vt 0.325500 0.371600
vt 0.292200 0.367200
vt 0.294200 0.399400
vt 0.327000 0.399200
vt 0.286800 0.289200
vt 0.318100 0.294500
vt 0.313800 0.249400
vt 0.285200 0.246900
vt 0.305900 0.203900
vt 0.281100 0.205100
vt 0.290900 0.334600
vt 0.324000 0.344900
vt 0.296500 0.563200
vt 0.290800 0.598100
vt 0.297500 0.528200
vt 0.335900 0.566300
vt 0.339000 0.530500
vt 0.328800 0.609700
vt 0.294800 0.445900
vt 0.297500 0.486700
vt 0.336300 0.443600
vt 0.338400 0.486300
vt 0.331200 0.398800
vt 0.329800 0.371200
vt 0.290000 0.399600
vt 0.287900 0.367300
vt 0.281000 0.247300
vt 0.282600 0.289900
vt 0.322300 0.294100
vt 0.318000 0.248600
vt 0.276700 0.205600
vt 0.310200 0.204200
vt 0.328100 0.344200
vt 0.286700 0.334900
vt 0.302700 0.677600
vt 0.280800 0.652300
vt 0.307000 0.677900
vt 0.276700 0.650800
vt 0.275500 0.630200
vt 0.248300 0.588300
vt 0.277100 0.594000
vt 0.279200 0.555300
vt 0.249200 0.552400
vt 0.280600 0.513600
vt 0.248900 0.512800
vt 0.279400 0.481200
vt 0.276900 0.428800
vt 0.246200 0.437700
vt 0.247800 0.482000
vt 0.245100 0.552300
vt 0.244000 0.588200
vt 0.281400 0.593900
vt 0.283400 0.555300
vt 0.244700 0.512900
vt 0.284800 0.513600
vt 0.279800 0.630200
vt 0.242000 0.438900
vt 0.243600 0.482200
vt 0.283500 0.481000
vt 0.281200 0.429700
vt 0.246300 0.625700
vt 0.242000 0.625300
vt 0.004200 0.872800
vt 0.035300 0.879500
vt 0.037600 0.829900
vt 0.007300 0.823800
vt 0.011900 0.685500
vt 0.007900 0.774000
vt 0.037300 0.779800
vt 0.040800 0.728800
vt 0.010700 0.724900
vt 0.006700 0.936900
vt 0.040100 0.932400
vt 0.000000 0.872800
vt 0.003000 0.823300
vt 0.039500 0.879600
vt 0.042000 0.830000
vt 0.006500 0.724800
vt 0.003700 0.773600
vt 0.044900 0.729500
vt 0.041500 0.780200
vt 0.044400 0.932000
vt 0.002400 0.936700
vt 0.007600 0.686000
vt 0.045400 0.981900
vt 0.007200 0.998400
vt 0.045400 0.689900
vt 0.003200 1.000000
vt 0.049600 0.982800
vt 0.049600 0.691100
vt 0.572900 0.749100
vt 0.579500 0.837800
vt 0.578500 0.903200
vt 0.607700 0.900200
vt 0.608100 0.837800
vt 0.574800 0.963700
vt 0.604100 0.962800
vt 0.573100 0.990200
vt 0.580400 0.792900
vt 0.607100 0.791600
vt 0.611900 0.900100
vt 0.612400 0.837900
vt 0.574400 0.902600
vt 0.575200 0.837400
vt 0.608300 0.963500
vt 0.570400 0.963800
vt 0.605700 1.000000
vt 0.568800 0.990800
vt 0.611300 0.791800
vt 0.576100 0.793100
vt 0.568800 0.750400
vt 0.606600 0.766500
vt 0.601600 0.998400
vt 0.611000 0.766800
vt 0.516200 0.690000
vt 0.502400 0.686200
vt 0.519300 0.755500
vt 0.491000 0.754700
vt 0.514700 0.800200
vt 0.487500 0.796500
vt 0.484400 0.826200
vt 0.512500 0.826800
vt 0.512600 0.855400
vt 0.502400 0.995900
vt 0.516200 0.992200
vt 0.519200 0.926700
vt 0.491000 0.927500
vt 0.514700 0.882000
vt 0.487400 0.885700
vt 0.516800 0.685700
vt 0.503900 0.682200
vt 0.486700 0.754700
vt 0.523600 0.755800
vt 0.483300 0.796100
vt 0.518900 0.800200
vt 0.516800 0.827000
vt 0.480100 0.825400
vt 0.516900 0.855200
vt 0.516700 0.996500
vt 0.503800 1.000000
vt 0.523500 0.926400
vt 0.486700 0.927500
vt 0.518900 0.882000
vt 0.483200 0.886100
vt 0.519500 0.718400
vt 0.491800 0.722200
vt 0.484200 0.856000
vt 0.519400 0.963800
vt 0.491800 0.960000
vt 0.523800 0.718600
vt 0.487500 0.722400
vt 0.479900 0.856800
vt 0.523800 0.963700
vt 0.487500 0.959800
vt 0.193400 0.548700
vt 0.165900 0.590400
vt 0.166800 0.626500
vt 0.196800 0.623400
vt 0.194700 0.584900
vt 0.166900 0.666200
vt 0.198600 0.665000
vt 0.197800 0.697500
vt 0.166200 0.696900
vt 0.164200 0.740800
vt 0.194700 0.750600
vt 0.201000 0.623400
vt 0.199000 0.585000
vt 0.162700 0.626500
vt 0.161700 0.590500
vt 0.202800 0.664900
vt 0.162700 0.666100
vt 0.197800 0.548800
vt 0.199000 0.749600
vt 0.201900 0.697700
vt 0.162000 0.696700
vt 0.160000 0.739700
vt 0.164300 0.552900
vt 0.160000 0.553300
vt 0.065200 0.640000
vt 0.086200 0.658500
vt 0.109300 0.641700
vt 0.075200 0.609700
vt 0.098200 0.690200
vt 0.126900 0.675500
vt 0.112800 0.729200
vt 0.125500 0.768600
vt 0.157200 0.757700
vt 0.142800 0.717500
vt 0.177300 0.827500
vt 0.168600 0.801100
vt 0.137700 0.813300
vt 0.147800 0.844100
vt 0.171900 0.918800
vt 0.185200 0.958700
vt 0.211100 0.945900
vt 0.199400 0.902000
vt 0.196700 0.998900
vt 0.220500 0.991000
vt 0.185800 0.852900
vt 0.158900 0.875100
vt 0.156500 0.525700
vt 0.172600 0.478900
vt 0.142000 0.472900
vt 0.125100 0.520000
vt 0.221000 0.348000
vt 0.191200 0.432400
vt 0.207400 0.385500
vt 0.177900 0.377800
vt 0.161700 0.426500
vt 0.099900 0.567700
vt 0.129600 0.583800
vt 0.082900 0.661200
vt 0.063300 0.644000
vt 0.130900 0.674200
vt 0.113300 0.642900
vt 0.094300 0.691900
vt 0.072700 0.606500
vt 0.161300 0.756400
vt 0.146900 0.716100
vt 0.121400 0.769800
vt 0.108700 0.730500
vt 0.133700 0.814600
vt 0.143800 0.845600
vt 0.172700 0.800000
vt 0.181400 0.826400
vt 0.203400 0.900800
vt 0.215300 0.945000
vt 0.181000 0.959800
vt 0.167700 0.919700
vt 0.224700 0.990200
vt 0.192500 1.000000
vt 0.154900 0.876300
vt 0.189900 0.851900
vt 0.121100 0.518500
vt 0.138000 0.471300
vt 0.160500 0.527300
vt 0.176800 0.480100
vt 0.173800 0.376900
vt 0.157600 0.425200
vt 0.195300 0.433700
vt 0.211400 0.387100
vt 0.133700 0.585000
vt 0.096300 0.565400
vt 0.224700 0.350200
vt 0.000000 0.603500
vt 0.013100 0.633000
vt 0.187900 0.339700
vt 0.000900 0.599400
vt 0.013000 0.637400
vt 0.183600 0.339200
vt 0.859100 0.671500
vt 0.891100 0.670900
vt 0.889500 0.578000
vt 0.857400 0.578500
vt 0.889900 0.454200
vt 0.858800 0.454300
vt 0.859000 0.483400
vt 0.889900 0.483400
vt 0.888900 0.535600
vt 0.858500 0.535200
vt 0.890600 0.847000
vt 0.890900 0.786800
vt 0.859300 0.787100
vt 0.859300 0.847000
vt 0.891000 0.728900
vt 0.859600 0.729000
vt 0.858200 0.426600
vt 0.890000 0.425900
vt 0.890100 0.887200
vt 0.859400 0.887000
vt 0.858900 0.924200
vt 0.890000 0.925900
vt 0.858100 0.961900
vt 0.887900 0.962900
vt 0.853100 0.578100
vt 0.854800 0.671800
vt 0.895400 0.671100
vt 0.893800 0.577600
vt 0.854800 0.483400
vt 0.854500 0.454400
vt 0.894100 0.483500
vt 0.894200 0.454200
vt 0.854500 0.534800
vt 0.892900 0.535300
vt 0.855100 0.846900
vt 0.855000 0.787200
vt 0.894700 0.847000
vt 0.895100 0.786900
vt 0.855400 0.729200
vt 0.895300 0.729100
vt 0.853800 0.426700
vt 0.894300 0.426000
vt 0.894200 0.887100
vt 0.894400 0.925800
vt 0.855300 0.886900
vt 0.854600 0.924000
vt 0.892100 0.963100
vt 0.853800 0.961900
vt 0.889000 0.371200
vt 0.857800 0.371600
vt 0.887100 1.000000
vt 0.857300 0.999900
vt 0.893300 0.371000
vt 0.853500 0.371500
vt 0.853100 0.998700
vt 0.891300 0.999100
vt 0.933500 0.421000
vt 0.932400 0.559800
vt 0.932700 0.513300
vt 0.903800 0.513100
vt 0.903300 0.559500
vt 0.932800 0.466900
vt 0.904400 0.466600
vt 0.903200 0.593000
vt 0.931700 0.593600
vt 0.932600 0.894100
vt 0.932100 0.856700
vt 0.902600 0.856800
vt 0.902500 0.894200
vt 0.932000 0.789900
vt 0.901800 0.790100
vt 0.932300 0.928800
vt 0.903200 0.929200
vt 0.930900 0.724100
vt 0.902600 0.724100
vt 0.902100 0.658200
vt 0.931600 0.658300
vt 0.903600 1.000000
vt 0.933600 1.000000
vt 0.932600 0.964800
vt 0.903700 0.964900
vt 0.936700 0.559800
vt 0.937000 0.513300
vt 0.899500 0.513000
vt 0.899000 0.559500
vt 0.937100 0.466900
vt 0.900100 0.466600
vt 0.935900 0.593700
vt 0.899000 0.593000
vt 0.936900 0.894100
vt 0.936300 0.856600
vt 0.898300 0.856800
vt 0.898200 0.894200
vt 0.936300 0.789900
vt 0.897600 0.790200
vt 0.936400 0.928800
vt 0.899100 0.929300
vt 0.937800 0.420800
vt 0.935200 0.724100
vt 0.898300 0.724200
vt 0.935800 0.658300
vt 0.897800 0.658200
vt 0.937800 0.998800
vt 0.936900 0.964600
vt 0.899400 0.998900
vt 0.899400 0.964800
vt 0.904200 0.421000
vt 0.899900 0.420800
vt 0.654900 0.964300
vt 0.653000 0.968600
vt 0.664500 0.996500
vt 0.657400 0.999600
vt 0.648000 0.965000
vt 0.650600 0.968800
vt 0.646900 0.998800
vt 0.654600 1.000000
vt 0.644300 0.951600
vt 0.653500 0.950900
vt 0.651200 0.945500
vt 0.645300 0.965200
vt 0.644300 0.998900
vt 0.646900 0.951300
vt 0.648300 0.945800
vt 0.576300 0.716100
vt 0.576300 0.685900
vt 0.570400 0.684300
vt 0.570400 0.717600
vt 0.568100 0.684300
vt 0.562100 0.685900
vt 0.562100 0.716100
vt 0.568100 0.717600
vt 0.559900 0.716100
vt 0.559900 0.685900
vt 0.135200 0.662800
vt 0.135200 0.627200
vt 0.132500 0.627200
vt 0.132500 0.662800
vt 0.129800 0.627200
vt 0.129800 0.662800
vt 0.127100 0.627200
vt 0.127100 0.662800
vt 0.124400 0.627200
vt 0.124400 0.662800
vt 0.137800 0.627200
vt 0.137800 0.662800
vt 0.053300 0.689300
vt 0.083300 0.689300
vt 0.083300 0.685000
vt 0.053300 0.685000
vt 0.083300 0.696200
vt 0.083300 0.691800
vt 0.053300 0.691800
vt 0.053300 0.696200
vt 0.053300 0.707600
vt 0.053300 0.710100
vt 0.053300 0.718000
vt 0.083300 0.718000
vt 0.053300 0.714500
vt 0.083300 0.699700
vt 0.053300 0.699700
vt 0.053300 0.703300
vt 0.083300 0.707600
vt 0.083300 0.710100
vt 0.083300 0.714500
vt 0.083300 0.703300
vt 0.053300 0.681400
vt 0.083300 0.681400
vt 0.258600 0.968200
vt 0.252600 0.966700
vt 0.252600 1.000000
vt 0.258600 0.998500
vt 0.250300 1.000000
vt 0.250300 0.966700
vt 0.244400 0.968200
vt 0.244400 0.998500
vt 0.260800 0.968200
vt 0.260800 0.998500
vt 0.667400 0.967600
vt 0.665900 0.961600
vt 0.663600 0.961600
vt 0.662100 0.967600
vt 0.667400 0.982000
vt 0.665900 0.987900
vt 0.663600 0.987900
vt 0.669700 0.982000
vt 0.662100 0.982000
vt 0.669700 0.967600
vt 0.240800 0.968200
vt 0.234900 0.966800
vt 0.232600 0.966800
vt 0.226600 0.968300
vt 0.240800 0.998500
vt 0.234900 1.000000
vt 0.232600 1.000000
vt 0.243100 0.998500
vt 0.226700 0.998500
vt 0.243100 0.968200
vt 0.052200 0.658200
vt 0.052200 0.653800
vt 0.022200 0.653800
vt 0.022200 0.658200
vt 0.022200 0.665000
vt 0.052200 0.665000
vt 0.052200 0.660700
vt 0.022200 0.660700
vt 0.052200 0.679000
vt 0.052200 0.676500
vt 0.052200 0.686900
vt 0.052200 0.683300
vt 0.022200 0.686900
vt 0.022200 0.668600
vt 0.052200 0.672100
vt 0.052200 0.668600
vt 0.022200 0.676500
vt 0.022200 0.679000
vt 0.022200 0.672100
vt 0.022200 0.683300
vt 0.052200 0.650300
vt 0.022200 0.650300
vt 0.093300 0.959500
vt 0.101100 1.000000
vt 0.134400 0.972900
vt 0.118000 0.957400
vt 0.117500 0.924100
vt 0.093300 0.922500
vt 0.133700 0.908300
vt 0.100200 0.881900
vt 0.128200 0.955300
vt 0.128000 0.926000
vt 0.135500 0.951000
vt 0.135700 0.930200
vt 0.153700 0.924300
vt 0.140400 0.945700
vt 0.140500 0.935400
vt 0.153800 0.956600
vt 0.156000 0.940500
vt 0.141300 0.940600
vt 0.604900 0.621700
vt 0.628000 0.625300
vt 0.626900 0.592000
vt 0.602300 0.588400
vt 0.650800 0.629400
vt 0.651500 0.596300
vt 0.626300 0.562900
vt 0.600500 0.563100
vt 0.652500 0.564000
vt 0.609000 0.657800
vt 0.630700 0.658700
vt 0.651600 0.659500
vt 0.597600 0.588600
vt 0.600500 0.621900
vt 0.604700 0.658400
vt 0.595700 0.563800
vt 0.614400 0.688800
vt 0.634200 0.688100
vt 0.654000 0.687500
vt 0.610500 0.688800
vt 0.619100 0.717200
vt 0.638200 0.715800
vt 0.657400 0.714100
vt 0.615700 0.717300
vt 0.614500 0.537100
vt 0.596300 0.537400
vt 0.592100 0.540100
vt 0.653300 0.535300
vt 0.634600 0.536000
vt 0.653100 0.502200
vt 0.633900 0.501800
vt 0.610300 0.499400
vt 0.653600 0.465500
vt 0.634600 0.463400
vt 0.654500 0.430600
vt 0.634200 0.429200
vt 0.610800 0.460400
vt 0.609600 0.427600
vt 0.610100 0.394900
vt 0.585600 0.391200
vt 0.587000 0.424000
vt 0.587600 0.456800
vt 0.565400 0.422200
vt 0.562700 0.389200
vt 0.544000 0.419300
vt 0.547200 0.447700
vt 0.567100 0.452900
vt 0.522600 0.420100
vt 0.525200 0.444700
vt 0.507100 0.424700
vt 0.506500 0.447900
vt 0.491300 0.432500
vt 0.478700 0.444400
vt 0.497600 0.462800
vt 0.515300 0.478700
vt 0.523000 0.463300
vt 0.474800 0.448300
vt 0.493900 0.465900
vt 0.512100 0.482100
vt 0.544200 0.473600
vt 0.565500 0.482300
vt 0.586300 0.492100
vt 0.557200 0.510400
vt 0.575800 0.523100
vt 0.535700 0.494700
vt 0.554700 0.514700
vt 0.573800 0.527700
vt 0.532900 0.498800
vt 0.568200 0.538400
vt 0.579600 0.549600
vt 0.580200 0.565700
vt 0.548300 0.527700
vt 0.523400 0.513800
vt 0.500800 0.498800
vt 0.480100 0.484800
vt 0.457500 0.466900
vt 0.580900 0.590900
vt 0.581400 0.615400
vt 0.586900 0.641100
vt 0.599800 0.679000
vt 0.608500 0.696800
vt 0.584700 0.658700
vt 0.609400 0.717000
vt 0.603200 0.697900
vt 0.439900 0.607500
vt 0.442000 0.581000
vt 0.416300 0.576700
vt 0.414400 0.604800
vt 0.415800 0.612100
vt 0.440400 0.614600
vt 0.464600 0.611400
vt 0.468400 0.587400
vt 0.463600 0.618400
vt 0.491100 0.617000
vt 0.496400 0.595600
vt 0.489600 0.623200
vt 0.518500 0.624800
vt 0.524300 0.603100
vt 0.516100 0.630100
vt 0.542200 0.632900
vt 0.552700 0.608900
vt 0.539000 0.637700
vt 0.564700 0.644100
vt 0.561200 0.648400
vt 0.580400 0.662300
vt 0.594600 0.680600
vt 0.446800 0.556000
vt 0.418300 0.547300
vt 0.472300 0.563800
vt 0.501300 0.571700
vt 0.529700 0.579600
vt 0.557300 0.587400
vt 0.392500 0.539900
vt 0.426500 0.518200
vt 0.401700 0.507200
vt 0.455100 0.530800
vt 0.479100 0.541500
vt 0.507100 0.552300
vt 0.534900 0.562000
vt 0.560600 0.567900
vt 0.466400 0.506900
vt 0.440100 0.490500
vt 0.489100 0.520000
vt 0.514500 0.532800
vt 0.541300 0.543300
vt 0.564000 0.552100
vt 0.387900 0.609900
vt 0.388000 0.602100
vt 0.388500 0.572000
vt 0.364400 0.569200
vt 0.367600 0.534400
vt 0.435800 0.449000
vt 0.416300 0.476100
vt 0.394000 0.461300
vt 0.456000 0.428700
vt 0.459700 0.424300
vt 0.498000 0.401700
vt 0.477000 0.412100
vt 0.461100 0.389300
vt 0.517100 0.395300
vt 0.539700 0.391000
vt 0.534400 0.361700
vt 0.561000 0.359500
vt 0.586400 0.360600
vt 0.635400 0.399200
vt 0.657800 0.402300
vt 0.642000 0.739700
vt 0.660700 0.735000
vt 0.623000 0.743200
vt 0.619400 0.743400
vt 0.613000 0.743300
vt 0.365600 0.601800
vt 0.366500 0.609500
vt 0.377300 0.497400
vt 0.414600 0.431800
vt 0.437200 0.409300
vt 0.440800 0.404600
vt 0.484200 0.376600
vt 0.508300 0.367400
vt 0.611600 0.364600
vt 0.660700 0.378200
vt 0.639100 0.371800
vt 0.352700 0.640200
vt 0.356100 0.623500
vt 0.346700 0.622100
vt 0.339100 0.636800
vt 0.379900 0.626400
vt 0.369000 0.625200
vt 0.367800 0.642800
vt 0.382300 0.642800
vt 0.369400 0.659300
vt 0.384500 0.658800
vt 0.347500 0.651400
vt 0.334300 0.644200
vt 0.372700 0.674200
vt 0.386000 0.673800
vt 0.371900 0.685500
vt 0.386000 0.689000
vt 0.361400 0.679300
vt 0.360800 0.669100
vt 0.369900 0.695400
vt 0.382200 0.701300
vt 0.359200 0.690700
vt 0.373300 0.712400
vt 0.363900 0.702800
vt 0.359600 0.720400
vt 0.355500 0.707300
vt 0.355400 0.697900
vt 0.345100 0.721900
vt 0.345700 0.708300
vt 0.346900 0.697900
vt 0.337300 0.707000
vt 0.332100 0.718200
vt 0.329200 0.667000
vt 0.336000 0.659200
vt 0.326200 0.651800
vt 0.317200 0.662100
vt 0.312500 0.672600
vt 0.324700 0.675000
vt 0.321000 0.710000
vt 0.328700 0.701500
vt 0.336600 0.695300
vt 0.313500 0.697800
vt 0.324200 0.693500
vt 0.311000 0.684200
vt 0.323400 0.683400
vt 0.333300 0.686700
vt 0.338700 0.670700
vt 0.351100 0.688500
vt 0.342600 0.686500
vt 0.334900 0.676900
vt 0.344300 0.675700
vt 0.352900 0.677200
vt 0.345900 0.665600
vt 0.354100 0.667300
vt 0.335200 0.334600
vt 0.344300 0.337600
vt 0.348800 0.321200
vt 0.335100 0.318000
vt 0.356600 0.341900
vt 0.363400 0.325600
vt 0.366900 0.345700
vt 0.376400 0.332100
vt 0.349200 0.308800
vt 0.334200 0.309300
vt 0.342500 0.296700
vt 0.330300 0.298800
vt 0.339900 0.286500
vt 0.327000 0.285600
vt 0.339500 0.277400
vt 0.327500 0.274100
vt 0.342100 0.269100
vt 0.331500 0.263100
vt 0.347400 0.260600
vt 0.339900 0.252000
vt 0.355100 0.255500
vt 0.352100 0.244600
vt 0.365200 0.254600
vt 0.365600 0.242300
vt 0.373400 0.257300
vt 0.378900 0.244900
vt 0.381700 0.262600
vt 0.391100 0.252700
vt 0.387100 0.270300
vt 0.399800 0.266000
vt 0.389000 0.279700
vt 0.386400 0.289400
vt 0.400500 0.292600
vt 0.402600 0.280000
vt 0.382000 0.299800
vt 0.393700 0.306200
vt 0.372100 0.311600
vt 0.385500 0.318900
vt 0.354200 0.295400
vt 0.350100 0.287600
vt 0.369100 0.299000
vt 0.362200 0.297600
vt 0.349400 0.280600
vt 0.352500 0.271000
vt 0.374200 0.290100
vt 0.377600 0.279000
vt 0.377300 0.271000
vt 0.369700 0.267100
vt 0.359300 0.264700
vt 0.365700 0.288200
vt 0.357300 0.285700
vt 0.369200 0.277300
vt 0.360600 0.275300
vt 0.131000 0.464000
vt 0.132300 0.450000
vt 0.110300 0.447400
vt 0.108400 0.462700
vt 0.086400 0.450900
vt 0.089400 0.460600
vt 0.085900 0.439700
vt 0.113500 0.429200
vt 0.088900 0.429200
vt 0.132000 0.337900
vt 0.142200 0.342800
vt 0.149100 0.322700
vt 0.139400 0.317900
vt 0.152700 0.347800
vt 0.158700 0.327500
vt 0.155500 0.305600
vt 0.145700 0.301300
vt 0.165500 0.310000
vt 0.097800 0.410700
vt 0.117700 0.412300
vt 0.134900 0.428500
vt 0.137400 0.413200
vt 0.132600 0.372800
vt 0.144800 0.377400
vt 0.148100 0.364100
vt 0.136400 0.358900
vt 0.126400 0.354000
vt 0.120900 0.368300
vt 0.139900 0.399800
vt 0.142200 0.389500
vt 0.128400 0.385600
vt 0.123500 0.396800
vt 0.114800 0.381800
vt 0.107400 0.394600
vt 0.236400 0.109900
vt 0.227400 0.114600
vt 0.241400 0.134200
vt 0.251300 0.122000
vt 0.259000 0.147900
vt 0.268000 0.137100
vt 0.230900 0.149100
vt 0.245500 0.164900
vt 0.221800 0.164100
vt 0.236300 0.177400
vt 0.214900 0.179000
vt 0.228500 0.188600
vt 0.210300 0.190300
vt 0.204200 0.202300
vt 0.216000 0.207700
vt 0.222800 0.197400
vt 0.196900 0.214700
vt 0.189500 0.230100
vt 0.200400 0.234200
vt 0.209000 0.219500
vt 0.180000 0.249100
vt 0.190200 0.252700
vt 0.219100 0.122000
vt 0.213700 0.131500
vt 0.206700 0.150900
vt 0.201900 0.169000
vt 0.192800 0.197000
vt 0.198100 0.183200
vt 0.186200 0.210900
vt 0.178800 0.226300
vt 0.169700 0.245600
vt 0.182500 0.269700
vt 0.172300 0.265700
vt 0.163500 0.285500
vt 0.153700 0.281400
vt 0.162300 0.261700
vt 0.173300 0.289600
vt 0.112800 0.843100
vt 0.115900 0.836800
vt 0.113300 0.835300
vt 0.110100 0.842000
vt 0.110700 0.849900
vt 0.107900 0.849200
vt 0.106700 0.856600
vt 0.109700 0.856900
vt 0.106600 0.864100
vt 0.109600 0.863900
vt 0.110700 0.870900
vt 0.107800 0.871600
vt 0.110000 0.878800
vt 0.112800 0.877700
vt 0.113300 0.885600
vt 0.115800 0.884000
vt 0.117700 0.891800
vt 0.119900 0.889800
vt 0.125100 0.894900
vt 0.123100 0.897000
vt 0.117600 0.829000
vt 0.119900 0.831000
vt 0.125100 0.825900
vt 0.123000 0.823700
vt 0.548000 0.673400
vt 0.548200 0.668900
vt 0.513000 0.668100
vt 0.512800 0.671100
vt 0.548200 0.664300
vt 0.513000 0.665100
vt 0.512800 0.662000
vt 0.548000 0.659700
vt 0.547600 0.655200
vt 0.512600 0.659000
vt 0.547000 0.650600
vt 0.512200 0.656000
vt 0.546200 0.646100
vt 0.511600 0.653100
vt 0.511000 0.650100
vt 0.545200 0.641700
vt 0.546200 0.687000
vt 0.511600 0.680100
vt 0.512200 0.677100
vt 0.547000 0.682500
vt 0.547600 0.678000
vt 0.512600 0.674100
vt 0.511000 0.683100
vt 0.545200 0.691500
vt 0.110100 0.825000
vt 0.110100 0.820400
vt 0.102200 0.820400
vt 0.102200 0.825000
vt 0.110100 0.829700
vt 0.102200 0.829700
vt 0.102200 0.834300
vt 0.110100 0.834300
vt 0.102200 0.838900
vt 0.110100 0.838900
vt 0.110100 0.769700
vt 0.102200 0.769700
vt 0.102200 0.774300
vt 0.110100 0.774300
vt 0.102200 0.778900
vt 0.110100 0.778900
vt 0.102200 0.783500
vt 0.110100 0.783500
vt 0.110100 0.788100
vt 0.102200 0.788100
vt 0.102200 0.792800
vt 0.110100 0.792800
vt 0.110100 0.797400
vt 0.102200 0.797400
vt 0.102200 0.802000
vt 0.110100 0.802000
vt 0.110100 0.806600
vt 0.102200 0.806600
vt 0.102200 0.811200
vt 0.110100 0.811200
vt 0.110100 0.815800
vt 0.102200 0.815800
vt 0.102200 0.765100
vt 0.110100 0.765100
vt 0.147200 0.900500
vt 0.147200 0.897500
vt 0.142200 0.897500
vt 0.142200 0.900500
vt 0.147200 0.903400
vt 0.142200 0.903400
vt 0.142200 0.906300
vt 0.147200 0.906300
vt 0.142200 0.909300
vt 0.147200 0.909300
vt 0.147200 0.912200
vt 0.142200 0.912200
vt 0.142200 0.915100
vt 0.147200 0.915100
vt 0.142200 0.871100
vt 0.147200 0.871100
vt 0.142200 0.874000
vt 0.147200 0.874000
vt 0.147200 0.877000
vt 0.142200 0.877000
vt 0.142200 0.879900
vt 0.147200 0.879900
vt 0.147200 0.882800
vt 0.142200 0.882800
vt 0.142200 0.885800
vt 0.147200 0.885800
vt 0.147200 0.888700
vt 0.142200 0.888700
vt 0.142200 0.891600
vt 0.147200 0.891600
vt 0.147200 0.894600
vt 0.142200 0.894600
vt 0.142200 0.868200
vt 0.147200 0.868200
vt 0.412800 0.236400
vt 0.425600 0.221900
vt 0.419100 0.219500
vt 0.409300 0.229600
vt 0.392700 0.237700
vt 0.395600 0.229800
vt 0.385300 0.220600
vt 0.378300 0.223500
vt 0.384600 0.206300
vt 0.378200 0.203900
vt 0.391300 0.188700
vt 0.394600 0.196400
vt 0.408400 0.195800
vt 0.411500 0.188800
vt 0.418500 0.205400
vt 0.425600 0.202700
vt 0.405200 0.204300
vt 0.398100 0.204600
vt 0.393200 0.209600
vt 0.410500 0.216200
vt 0.398600 0.221500
vt 0.393400 0.216700
vt 0.405700 0.221300
vt 0.410300 0.209100
vt 0.231100 0.533300
vt 0.224000 0.532800
vt 0.223500 0.536400
vt 0.229400 0.536300
vt 0.217100 0.532700
vt 0.217400 0.536100
vt 0.210200 0.533200
vt 0.211300 0.536200
vt 0.206000 0.538300
vt 0.203600 0.535300
vt 0.196900 0.539100
vt 0.201900 0.540600
vt 0.229800 0.477400
vt 0.221500 0.477400
vt 0.213000 0.477900
vt 0.204600 0.478800
vt 0.196200 0.479900
vt 0.188400 0.481200
vt 0.238100 0.536000
vt 0.233400 0.538300
vt 0.238100 0.477500
vt 0.571800 0.865700
vt 0.568800 0.865700
vt 0.568800 0.875000
vt 0.571800 0.875000
vt 0.571800 0.912300
vt 0.568800 0.912300
vt 0.571800 0.903000
vt 0.568800 0.903000
vt 0.571800 0.893700
vt 0.568800 0.893700
vt 0.571800 0.884300
vt 0.568800 0.884300
vt 0.571800 0.921700
vt 0.568800 0.921700
vt 0.567300 1.000000
vt 0.567300 0.990700
vt 0.564300 0.990700
vt 0.564300 1.000000
vt 0.564300 0.953300
vt 0.567300 0.953300
vt 0.564300 0.962700
vt 0.567300 0.962700
vt 0.564300 0.972000
vt 0.567300 0.972000
vt 0.564300 0.981300
vt 0.567300 0.981300
vt 0.567300 0.944000
vt 0.564300 0.944000
vt 0.953100 0.835700
vt 0.953100 0.807600
vt 0.949200 0.807600
vt 0.949200 0.835800
vt 0.945300 0.807600
vt 0.945400 0.835800
vt 0.941400 0.807600
vt 0.941500 0.835800
vt 0.937600 0.807600
vt 0.937600 0.835800
vt 0.964700 0.807600
vt 0.964700 0.835800
vt 0.960800 0.807600
vt 0.960800 0.835800
vt 0.957000 0.807600
vt 0.956900 0.835700
vt 0.953100 0.737400
vt 0.949200 0.737500
vt 0.945300 0.737600
vt 0.941400 0.737700
vt 0.937600 0.737800
vt 0.964700 0.737800
vt 0.960900 0.737600
vt 0.957000 0.737500
vt 0.953100 0.689400
vt 0.949200 0.689600
vt 0.945400 0.689900
vt 0.941500 0.690300
vt 0.937700 0.690400
vt 0.964600 0.690200
vt 0.960800 0.689900
vt 0.956900 0.689600
vt 0.968600 0.807600
vt 0.968600 0.835800
vt 0.968600 0.737800
vt 0.968500 0.690400
vt 0.954700 0.997900
vt 0.958200 0.997700
vt 0.958100 0.989500
vt 0.954000 0.989600
vt 0.951000 0.998600
vt 0.950000 0.989900
vt 0.947200 0.999300
vt 0.946000 0.990200
vt 0.943400 0.999900
vt 0.942100 0.990500
vt 0.970200 0.990400
vt 0.968800 0.999300
vt 0.966200 0.990000
vt 0.965200 0.998500
vt 0.962200 0.989700
vt 0.961600 0.997900
vt 0.958200 0.973800
vt 0.954000 0.973600
vt 0.949900 0.973300
vt 0.945900 0.972900
vt 0.942000 0.972600
vt 0.970600 0.973200
vt 0.966600 0.973500
vt 0.962500 0.973700
vt 0.958400 0.959100
vt 0.954600 0.958900
vt 0.950900 0.958600
vt 0.947000 0.958100
vt 0.943100 0.957600
vt 0.969700 0.958200
vt 0.965900 0.958600
vt 0.962100 0.958900
vt 0.958500 0.944500
vt 0.954700 0.944400
vt 0.950900 0.944300
vt 0.947100 0.944000
vt 0.943200 0.943800
vt 0.969900 0.944200
vt 0.966100 0.944400
vt 0.962200 0.944500
vt 0.958600 0.931100
vt 0.955000 0.931100
vt 0.951300 0.930900
vt 0.947700 0.930800
vt 0.943800 0.930700
vt 0.969600 0.930900
vt 0.965800 0.931000
vt 0.962300 0.931100
vt 0.958700 0.913000
vt 0.954900 0.913100
vt 0.951000 0.913500
vt 0.947100 0.914000
vt 0.943200 0.914400
vt 0.970300 0.914100
vt 0.966500 0.913600
vt 0.962500 0.913200
vt 0.958800 0.894700
vt 0.954800 0.895000
vt 0.950800 0.895800
vt 0.946800 0.896600
vt 0.942900 0.897100
vt 0.970700 0.896700
vt 0.966800 0.895900
vt 0.962900 0.895000
vt 0.958800 0.874500
vt 0.954800 0.874800
vt 0.950900 0.875600
vt 0.947200 0.876400
vt 0.943300 0.876600
vt 0.970600 0.876500
vt 0.966800 0.875700
vt 0.962900 0.874900
vt 0.955200 0.836000
vt 0.959000 0.835800
vt 0.951500 0.836800
vt 0.947600 0.837500
vt 0.943800 0.837800
vt 0.970400 0.837600
vt 0.966600 0.836800
vt 0.962800 0.836100
vt 0.972700 1.000000
vt 0.974100 0.990700
vt 0.974600 0.972900
vt 0.973600 0.957800
vt 0.973800 0.944000
vt 0.973400 0.930900
vt 0.974200 0.914500
vt 0.974600 0.897200
vt 0.974500 0.876800
vt 0.974300 0.837900
vt 0.845100 0.981100
vt 0.846400 0.955600
vt 0.834000 0.955300
vt 0.833100 0.979300
vt 0.833100 0.994800
vt 0.842600 0.996800
vt 0.966600 0.649500
vt 0.976700 0.649700
vt 0.976800 0.616000
vt 0.966600 0.615800
vt 0.976900 0.596800
vt 0.966600 0.596500
vt 0.977000 0.573600
vt 0.966600 0.573500
vt 0.977100 0.544400
vt 0.966700 0.544500
vt 0.966700 0.518500
vt 0.977100 0.518400
vt 0.966700 0.490400
vt 0.977200 0.490400
vt 0.964400 0.616000
vt 0.964400 0.649500
vt 0.964200 0.596600
vt 0.964200 0.573500
vt 0.964200 0.544400
vt 0.964200 0.518400
vt 0.964200 0.490500
vt 0.966600 0.649500
vt 0.966600 0.615800
vt 0.966600 0.596500
vt 0.966600 0.573500
vt 0.966700 0.544500
vt 0.966700 0.518500
vt 0.966700 0.490400
vt 0.950900 0.653900
vt 0.951000 0.689400
vt 0.961100 0.689200
vt 0.961100 0.653700
vt 0.950800 0.634600
vt 0.961100 0.634300
vt 0.950700 0.611400
vt 0.961000 0.611300
vt 0.961000 0.582300
vt 0.950600 0.582200
vt 0.960900 0.556300
vt 0.950500 0.556200
vt 0.961000 0.528200
vt 0.950400 0.528100
vt 0.584000 0.740800
vt 0.596300 0.740700
vt 0.596300 0.723600
vt 0.584000 0.723500
vt 0.992800 0.435000
vt 0.992800 0.396800
vt 0.979000 0.399200
vt 0.977200 0.431700
vt 0.969100 0.487100
vt 0.964600 0.485200
vt 0.962500 0.487400
vt 0.969100 0.490400
vt 0.969900 0.399600
vt 0.968700 0.430600
vt 0.971000 0.433300
vt 0.972400 0.397100
vt 0.603800 0.717000
vt 0.603800 0.747300
vt 0.606100 0.717000
vt 0.606100 0.747300
vt 0.202400 0.571000
vt 0.226900 0.571000
vt 0.226900 0.564100
vt 0.202400 0.564100
vt 0.615400 0.963700
vt 0.618500 0.963700
vt 0.618000 0.959600
vt 0.613200 0.954600
vt 0.615400 0.990900
vt 0.618500 0.990900
vt 0.618000 0.995000
vt 0.613200 1.000000
vt 0.640900 0.965300
vt 0.615400 0.963700
vt 0.618500 0.963700
vt 0.615500 0.965300
vt 0.618700 0.965300
vt 0.638800 0.963200
vt 0.640900 0.989300
vt 0.615400 0.990900
vt 0.618500 0.990900
vt 0.615500 0.989300
vt 0.618700 0.989300
vt 0.638800 0.991400
vt 0.634500 0.959900
vt 0.641400 0.956400
vt 0.641400 0.941000
vt 0.622100 0.950700
vt 0.622100 0.940900
vt 0.633500 0.935200
vt 0.669000 0.714000
vt 0.662100 0.714000
vt 0.669000 0.723800
vt 0.662100 0.723800
vt 0.662100 0.665600
vt 0.669000 0.665600
vt 0.669000 0.652900
vt 0.662100 0.652900
vt 0.153600 0.905400
vt 0.158300 0.906800
vt 0.158900 0.904700
vt 0.154200 0.903400
vt 0.152800 0.908900
vt 0.157400 0.910200
vt 0.153300 0.907000
vt 0.157900 0.908300
vt 0.156800 0.912200
vt 0.152200 0.910900
vt 0.152800 0.908900
vt 0.157400 0.910200
vt 0.156300 0.913700
vt 0.151700 0.912400
vt 0.156800 0.912200
vt 0.152200 0.910900
vt 0.671000 0.634100
vt 0.677900 0.634100
vt 0.677900 0.643900
vt 0.671000 0.643900
vt 0.671000 0.666400
vt 0.677900 0.666400
vt 0.671000 0.681800
vt 0.677900 0.681800
vt 0.671000 0.656600
vt 0.677900 0.656600
vt 0.677900 0.643900
vt 0.671000 0.643900
vt 0.180300 0.997900
vt 0.180900 1.000000
vt 0.185500 0.998700
vt 0.185000 0.996600
vt 0.184600 0.995100
vt 0.179900 0.996400
vt 0.180300 0.997900
vt 0.185000 0.996600
vt 0.179400 0.994500
vt 0.184100 0.993200
vt 0.184600 0.995100
vt 0.179900 0.996400
vt 0.183500 0.991100
vt 0.178800 0.992500
vt 0.179400 0.994500
vt 0.184100 0.993200
vt 0.322900 0.133100
vt 0.328900 0.125200
vt 0.324800 0.121000
vt 0.317800 0.130400
vt 0.319700 0.142400
vt 0.314200 0.141400
vt 0.313700 0.153000
vt 0.319600 0.152200
vt 0.316900 0.164300
vt 0.322400 0.161700
vt 0.327900 0.169900
vt 0.323800 0.173800
vt 0.332900 0.181000
vt 0.335800 0.175900
vt 0.343900 0.185000
vt 0.345100 0.179200
vt 0.355700 0.185500
vt 0.355000 0.179400
vt 0.364500 0.176700
vt 0.366900 0.181800
vt 0.376800 0.175400
vt 0.372700 0.171000
vt 0.378700 0.163200
vt 0.383700 0.165900
vt 0.388000 0.154900
vt 0.382000 0.153800
vt 0.382300 0.143800
vt 0.388000 0.143100
vt 0.384900 0.131700
vt 0.379400 0.134400
vt 0.373800 0.126100
vt 0.378100 0.122000
vt 0.365900 0.120100
vt 0.368600 0.114900
vt 0.356500 0.116800
vt 0.357500 0.111100
vt 0.346600 0.116600
vt 0.345700 0.110800
vt 0.337100 0.119500
vt 0.334500 0.114200
vt 0.152300 0.964000
vt 0.156200 0.972200
vt 0.159200 0.971400
vt 0.157800 0.962200
vt 0.147500 0.967400
vt 0.153600 0.973900
vt 0.144000 0.972000
vt 0.151600 0.976400
vt 0.142200 0.977400
vt 0.150400 0.979300
vt 0.142200 0.983200
vt 0.150200 0.982500
vt 0.143400 0.988800
vt 0.151100 0.985500
vt 0.146300 0.993800
vt 0.152900 0.988100
vt 0.150800 0.997700
vt 0.155400 0.990000
vt 0.158200 0.991300
vt 0.156500 0.999400
vt 0.162400 1.000000
vt 0.161400 0.991300
vt 0.164500 0.990600
vt 0.168000 0.998100
vt 0.173200 0.995100
vt 0.167100 0.988700
vt 0.169200 0.986300
vt 0.176600 0.990200
vt 0.179100 0.984700
vt 0.170100 0.983300
vt 0.170300 0.980200
vt 0.179100 0.978800
vt 0.169500 0.977200
vt 0.177300 0.973100
vt 0.167700 0.974500
vt 0.173900 0.968300
vt 0.165300 0.972500
vt 0.169200 0.964800
vt 0.163700 0.962900
vt 0.162300 0.971400
vt 0.410000 0.635000
vt 0.389400 0.635000
vt 0.389400 0.658000
vt 0.410000 0.658000
vt 0.424900 0.321000
vt 0.420900 0.317000
vt 0.413800 0.326400
vt 0.419200 0.329100
vt 0.430100 0.309700
vt 0.432900 0.315100
vt 0.442300 0.311900
vt 0.441400 0.306300
vt 0.453200 0.305800
vt 0.452300 0.311800
vt 0.461700 0.314800
vt 0.464400 0.309500
vt 0.469800 0.320500
vt 0.474000 0.316400
vt 0.475700 0.328500
vt 0.480900 0.325900
vt 0.478800 0.338000
vt 0.484600 0.337000
vt 0.478900 0.347900
vt 0.484700 0.348700
vt 0.476000 0.357300
vt 0.481100 0.359800
vt 0.474600 0.369700
vt 0.470200 0.365400
vt 0.462200 0.371300
vt 0.464900 0.376500
vt 0.452800 0.374400
vt 0.453800 0.380000
vt 0.442900 0.374500
vt 0.442100 0.380300
vt 0.430800 0.377000
vt 0.433500 0.371500
vt 0.425400 0.365800
vt 0.421300 0.370000
vt 0.419600 0.357800
vt 0.414300 0.360500
vt 0.416400 0.348400
vt 0.410600 0.349400
vt 0.416200 0.338600
vt 0.410600 0.337800
vt 0.060900 0.743900
vt 0.059100 0.741500
vt 0.050900 0.746500
vt 0.055000 0.750900
vt 0.057900 0.738600
vt 0.049000 0.740700
vt 0.057700 0.735500
vt 0.048900 0.734700
vt 0.058500 0.732500
vt 0.050500 0.729000
vt 0.060100 0.729800
vt 0.053800 0.724000
vt 0.062600 0.727800
vt 0.058500 0.720300
vt 0.065500 0.726700
vt 0.064000 0.718300
vt 0.068600 0.726500
vt 0.069900 0.718000
vt 0.071700 0.727200
vt 0.075500 0.719600
vt 0.074400 0.728900
vt 0.080400 0.722900
vt 0.076400 0.731400
vt 0.083900 0.727500
vt 0.077600 0.734400
vt 0.085800 0.733000
vt 0.077800 0.737600
vt 0.085800 0.738700
vt 0.076900 0.740600
vt 0.084600 0.744300
vt 0.081600 0.749200
vt 0.075100 0.743200
vt 0.077300 0.753000
vt 0.072600 0.745100
vt 0.069700 0.746500
vt 0.071700 0.754700
vt 0.065900 0.755200
vt 0.066500 0.746600
vt 0.060200 0.754000
vt 0.063500 0.745700
vt 0.307100 0.710200
vt 0.286500 0.710200
vt 0.286500 0.733200
vt 0.307100 0.733200
vt 0.114400 0.843800
vt 0.117300 0.837700
vt 0.112400 0.850300
vt 0.111400 0.857000
vt 0.111400 0.863800
vt 0.112300 0.870500
vt 0.114400 0.877000
vt 0.117400 0.883100
vt 0.121200 0.888600
vt 0.125800 0.893300
vt 0.121200 0.832200
vt 0.112800 0.843100
vt 0.115900 0.836800
vt 0.110700 0.849900
vt 0.109700 0.856900
vt 0.109600 0.863900
vt 0.110700 0.870900
vt 0.112800 0.877700
vt 0.115800 0.884000
vt 0.119900 0.889800
vt 0.125100 0.894900
vt 0.119900 0.831000
vt 0.125800 0.827500
vt 0.125100 0.825900
vt 0.130500 0.850000
vt 0.132400 0.846200
vt 0.129200 0.854100
vt 0.128500 0.858300
vt 0.128500 0.862500
vt 0.129100 0.866700
vt 0.130400 0.870800
vt 0.132300 0.874600
vt 0.134700 0.878100
vt 0.137700 0.881300
vt 0.134800 0.842600
vt 0.114400 0.843800
vt 0.117300 0.837700
vt 0.112400 0.850300
vt 0.111400 0.857000
vt 0.111400 0.863800
vt 0.112300 0.870500
vt 0.114400 0.877000
vt 0.117400 0.883100
vt 0.121200 0.888600
vt 0.125800 0.893300
vt 0.121200 0.832200
vt 0.137700 0.839400
vt 0.125800 0.827500
vt 0.672900 1.000000
vt 0.668900 0.998200
vt 0.677300 0.999400
vt 0.680600 0.996500
vt 0.681800 0.992300
vt 0.680600 0.988000
vt 0.677300 0.985100
vt 0.672900 0.984500
vt 0.668900 0.986400
vt 0.666500 0.990100
vt 0.666500 0.994500
vt 0.041600 0.993200
vt 0.041600 0.996200
vt 0.040000 0.990600
vt 0.037200 0.989400
vt 0.034200 0.989800
vt 0.032000 0.991800
vt 0.031100 0.994700
vt 0.032000 0.997600
vt 0.034200 0.999600
vt 0.037200 1.000000
vt 0.040000 0.998700
vt 0.831500 0.953600
vt 0.828200 0.950300
vt 0.835800 0.955300
vt 0.840400 0.955300
vt 0.844600 0.953600
vt 0.847900 0.950300
vt 0.849700 0.946000
vt 0.849700 0.941400
vt 0.847900 0.937200
vt 0.844600 0.933900
vt 0.840400 0.932100
vt 0.835800 0.932100
vt 0.831500 0.933900
vt 0.828200 0.937200
vt 0.826500 0.941400
vt 0.826500 0.946000
vt 0.622000 0.938700
vt 0.619100 0.938700
vt 0.624800 0.937600
vt 0.626800 0.935500
vt 0.628000 0.932800
vt 0.627900 0.929900
vt 0.626800 0.927200
vt 0.624700 0.925100
vt 0.622000 0.924000
vt 0.619100 0.924000
vt 0.616400 0.925100
vt 0.614300 0.927200
vt 0.613200 0.929900
vt 0.613200 0.932800
vt 0.614300 0.935500
vt 0.616400 0.937600
vt 0.834000 0.955300
vt 0.833100 0.979300
vt 0.829100 0.979300
vt 0.829800 0.955200
vt 0.833100 0.994800
vt 0.830600 0.994600
vt 0.829100 0.979300
vt 0.829800 0.955200
vt 0.830600 0.994600
vt 0.817600 0.981400
vt 0.817600 0.955000
vt 0.820800 0.999900
vt 0.833100 0.994800
vt 0.842600 0.996800
vt 0.842100 0.997500
vt 0.833100 0.995600
vt 0.848700 0.981800
vt 0.850100 0.956000
vt 0.845300 0.999100
vt 0.845100 0.981100
vt 0.846400 0.955600
vt 0.842600 0.996800
vt 0.820800 0.999900
vt 0.830600 0.994600
vt 0.822100 1.000000
vt 0.830700 0.995200
vt 0.842600 0.996800
vt 0.845300 0.999100
vt 0.842100 0.997500
vt 0.843900 0.999000
vt 0.833100 0.994800
vt 0.830600 0.994600
vt 0.833100 0.995600
vt 0.830700 0.995200
vt 0.976700 0.649700
vt 0.976800 0.616000
vt 0.979000 0.616200
vt 0.978900 0.649800
vt 0.976900 0.596800
vt 0.979200 0.596900
vt 0.977000 0.573600
vt 0.979300 0.573600
vt 0.977100 0.544400
vt 0.979500 0.544400
vt 0.977100 0.518400
vt 0.979500 0.518300
vt 0.977200 0.490400
vt 0.979700 0.490500
vt 0.158400 0.710900
vt 0.147600 0.702800
vt 0.154100 0.710700
vt 0.148300 0.699600
vt 0.989100 0.435400
vt 0.977900 0.432900
vt 0.992800 0.435000
vt 0.977200 0.431700
vt 0.979000 0.616200
vt 0.978900 0.649800
vt 0.979200 0.596900
vt 0.979300 0.573600
vt 0.979500 0.544400
vt 0.979500 0.518300
vt 0.979700 0.490500
vt 0.989200 0.616000
vt 0.988900 0.649600
vt 0.989500 0.596700
vt 0.989700 0.573600
vt 0.989900 0.544500
vt 0.990000 0.518500
vt 0.990100 0.490600
vt 0.963400 0.482700
vt 0.960700 0.483800
vt 0.964600 0.478200
vt 0.960500 0.478200
vt 0.976200 0.476800
vt 0.979700 0.477700
vt 0.979700 0.452200
vt 0.978300 0.434700
vt 0.975900 0.452400
vt 0.975100 0.436300
vt 0.971400 0.486300
vt 0.973400 0.489200
vt 0.976200 0.476800
vt 0.979700 0.477700
vt 0.964600 0.478200
vt 0.960500 0.478200
vt 0.963600 0.452700
vt 0.959800 0.452500
vt 0.964700 0.435700
vt 0.961800 0.434200
vt 0.964700 0.435700
vt 0.961800 0.434200
vt 0.965100 0.434900
vt 0.963100 0.433900
vt 0.964700 0.435700
vt 0.975100 0.436300
vt 0.965100 0.434900
vt 0.974800 0.435500
vt 0.975100 0.436300
vt 0.978300 0.434700
vt 0.974800 0.435500
vt 0.977000 0.434400
vt 0.100500 0.881200
vt 0.088900 0.880300
vt 0.099600 0.881900
vt 0.089600 0.881100
vt 0.950900 0.653900
vt 0.951000 0.689400
vt 0.948600 0.653900
vt 0.948900 0.689200
vt 0.950800 0.634600
vt 0.948500 0.634700
vt 0.950700 0.611400
vt 0.948300 0.611400
vt 0.950600 0.582200
vt 0.948200 0.582200
vt 0.950500 0.556200
vt 0.948100 0.556100
vt 0.950400 0.528100
vt 0.948000 0.528300
vt 0.963300 0.689000
vt 0.963400 0.653700
vt 0.963400 0.634400
vt 0.963400 0.611300
vt 0.963400 0.582200
vt 0.963400 0.556200
vt 0.963400 0.528300
vt 0.961100 0.689200
vt 0.961100 0.653700
vt 0.961100 0.634300
vt 0.961000 0.611300
vt 0.961000 0.582300
vt 0.960900 0.556300
vt 0.961000 0.528200
vt 0.977600 0.396400
vt 0.979600 0.398000
vt 0.979000 0.399200
vt 0.972400 0.397100
vt 0.989500 0.396200
vt 0.979600 0.398000
vt 0.992800 0.396800
vt 0.979000 0.399200
vt 0.147400 0.662200
vt 0.145100 0.661200
vt 0.142300 0.664300
vt 0.148000 0.665400
vt 0.948600 0.653900
vt 0.948900 0.689200
vt 0.948500 0.634700
vt 0.948300 0.611400
vt 0.948200 0.582200
vt 0.948100 0.556100
vt 0.948000 0.528300
vt 0.938800 0.689100
vt 0.938400 0.653700
vt 0.938200 0.634500
vt 0.938000 0.611400
vt 0.937800 0.582300
vt 0.937700 0.556300
vt 0.937600 0.528400
vt 0.584000 0.740800
vt 0.584000 0.723500
vt 0.575500 0.716900
vt 0.575500 0.747400
vt 0.596300 0.740700
vt 0.596300 0.723600
vt 0.603800 0.717000
vt 0.603800 0.747300
vt 0.148000 0.665400
vt 0.148300 0.699600
vt 0.142200 0.700700
vt 0.142300 0.664300
vt 0.979000 0.399200
vt 0.977200 0.431700
vt 0.971000 0.433300
vt 0.972400 0.397100
vt 0.975900 0.434400
vt 0.977900 0.432900
vt 0.977200 0.431700
vt 0.971000 0.433300
vt 0.975900 0.452400
vt 0.963600 0.452700
vt 0.964700 0.435700
vt 0.975100 0.436300
vt 0.964600 0.478200
vt 0.976200 0.476800
vt 0.963400 0.482700
vt 0.971400 0.486300
vt 0.969100 0.487100
vt 0.964600 0.485200
vt 0.963400 0.482700
vt 0.960700 0.483800
vt 0.964600 0.485200
vt 0.962500 0.487400
vt 0.089900 0.863900
vt 0.088900 0.880300
vt 0.103100 0.840300
vt 0.101500 0.864800
vt 0.091700 0.840000
vt 0.100500 0.881200
vt 0.097000 0.830700
vt 0.088900 0.835800
vt 0.089600 0.833000
vt 0.094200 0.830200
vt 0.971400 0.486300
vt 0.973400 0.489200
vt 0.969100 0.487100
vt 0.969100 0.490400
vt 0.158500 0.654300
vt 0.147400 0.662200
vt 0.154200 0.654400
vt 0.148000 0.665400
vt 0.147600 0.702800
vt 0.145000 0.703800
vt 0.142200 0.700700
vt 0.148300 0.699600
vt 0.148300 0.699600
vt 0.158400 0.710900
vt 0.159700 0.707600
vt 0.150500 0.697400
vt 0.150300 0.667600
vt 0.148000 0.665400
vt 0.158500 0.654300
vt 0.159700 0.657600
vt 0.575500 0.747400
vt 0.573200 0.716900
vt 0.573200 0.747400
vt 0.575500 0.716900
vt 0.150500 0.697400
vt 0.148000 0.665400
vt 0.148300 0.699600
vt 0.150300 0.667600
vt 0.597700 0.752900
vt 0.584200 0.753900
vt 0.597500 0.750600
vt 0.584100 0.751500
vt 0.584100 0.712800
vt 0.597700 0.711400
vt 0.584200 0.710500
vt 0.597500 0.713700
vt 0.596300 0.723600
vt 0.584000 0.723500
vt 0.597500 0.713700
vt 0.584100 0.712800
vt 0.584000 0.740800
vt 0.596300 0.740700
vt 0.597500 0.750600
vt 0.584100 0.751500
vt 0.638800 0.991400
vt 0.618000 0.995000
vt 0.618500 0.990900
vt 0.638600 0.994600
vt 0.202400 0.591600
vt 0.226900 0.591600
vt 0.202400 0.571000
vt 0.226900 0.571000
vt 0.226900 0.564100
vt 0.202400 0.564100
vt 0.202600 0.554700
vt 0.226600 0.554700
vt 0.638800 0.963200
vt 0.618000 0.959600
vt 0.618500 0.963700
vt 0.638600 0.960000
vt 0.226600 0.553100
vt 0.202600 0.553100
vt 0.202600 0.554700
vt 0.226600 0.554700
vt 0.618700 0.965300
vt 0.618700 0.989300
vt 0.615500 0.989300
vt 0.615500 0.965300
vt 0.202400 0.591600
vt 0.226900 0.591600
vt 0.202600 0.594700
vt 0.226600 0.594700
vt 0.202600 0.594700
vt 0.226600 0.594700
vt 0.202600 0.597800
vt 0.226600 0.597800
vt 0.618700 0.965300
vt 0.618700 0.989300
vt 0.640900 0.965300
vt 0.640900 0.989300
vt 0.669000 0.698600
vt 0.669000 0.714000
vt 0.662100 0.714000
vt 0.662100 0.698600
vt 0.669000 0.675400
vt 0.662100 0.675400
vt 0.669000 0.690800
vt 0.662100 0.690800
vt 0.669000 0.690800
vt 0.669000 0.698600
vt 0.662100 0.690800
vt 0.662100 0.698600
vt 0.229100 0.967200
vt 0.222200 0.963600
vt 0.241500 0.958000
vt 0.222200 0.948200
vt 0.241500 0.948200
vt 0.230100 0.942500
vt 0.669000 0.675400
vt 0.662100 0.675400
vt 0.662100 0.665600
vt 0.669000 0.665600
vt 0.153300 0.907000
vt 0.157900 0.908300
vt 0.153600 0.905400
vt 0.158300 0.906800
vt 0.155700 0.915600
vt 0.151100 0.914200
vt 0.156300 0.913700
vt 0.151700 0.912400
vt 0.156700 0.917500
vt 0.155700 0.915600
vt 0.158300 0.917500
vt 0.158900 0.915600
vt 0.157900 0.913800
vt 0.156300 0.913700
vt 0.671000 0.689600
vt 0.671000 0.681800
vt 0.677900 0.681800
vt 0.677900 0.689600
vt 0.019400 0.664300
vt 0.012400 0.660800
vt 0.019400 0.679700
vt 0.000000 0.670000
vt 0.000100 0.679800
vt 0.011400 0.685500
vt 0.671000 0.705000
vt 0.671000 0.689600
vt 0.677900 0.689600
vt 0.677900 0.705000
vt 0.671000 0.666400
vt 0.677900 0.666400
vt 0.671000 0.656600
vt 0.677900 0.656600
vt 0.643400 0.939200
vt 0.650300 0.935700
vt 0.650300 0.920300
vt 0.631000 0.930100
vt 0.631000 0.920200
vt 0.642400 0.914500
vt 0.177700 0.989100
vt 0.182400 0.987800
vt 0.183000 0.989700
vt 0.178300 0.991000
vt 0.182400 0.987800
vt 0.183400 0.985900
vt 0.184900 0.985900
vt 0.185500 0.987800
vt 0.184600 0.989600
vt 0.183000 0.989700
vt 0.183000 0.989700
vt 0.178300 0.991000
vt 0.183500 0.991100
vt 0.178800 0.992500
vt 0.322900 0.133100
vt 0.328900 0.125200
vt 0.319700 0.142400
vt 0.319600 0.152200
vt 0.322400 0.161700
vt 0.327900 0.169900
vt 0.335800 0.175900
vt 0.345100 0.179200
vt 0.355000 0.179400
vt 0.364500 0.176700
vt 0.372700 0.171000
vt 0.378700 0.163200
vt 0.382000 0.153800
vt 0.382300 0.143800
vt 0.379400 0.134400
vt 0.373800 0.126100
vt 0.365900 0.120100
vt 0.356500 0.116800
vt 0.346600 0.116600
vt 0.337100 0.119500
vt 0.156200 0.972200
vt 0.159200 0.971400
vt 0.153600 0.973900
vt 0.151600 0.976400
vt 0.150400 0.979300
vt 0.150200 0.982500
vt 0.151100 0.985500
vt 0.152900 0.988100
vt 0.155400 0.990000
vt 0.158200 0.991300
vt 0.161400 0.991300
vt 0.164500 0.990600
vt 0.167100 0.988700
vt 0.169200 0.986300
vt 0.170100 0.983300
vt 0.170300 0.980200
vt 0.169500 0.977200
vt 0.167700 0.974500
vt 0.165300 0.972500
vt 0.162300 0.971400
vt 0.410000 0.660900
vt 0.389400 0.660900
vt 0.389400 0.658000
vt 0.410000 0.658000
vt 0.386600 0.658000
vt 0.386600 0.635000
vt 0.389400 0.635000
vt 0.389400 0.658000
vt 0.410000 0.632100
vt 0.389400 0.632100
vt 0.410000 0.635000
vt 0.389400 0.635000
vt 0.412900 0.635000
vt 0.412900 0.658000
vt 0.410000 0.635000
vt 0.410000 0.658000
vt 0.424900 0.321000
vt 0.419200 0.329100
vt 0.432900 0.315100
vt 0.442300 0.311900
vt 0.452300 0.311800
vt 0.461700 0.314800
vt 0.469800 0.320500
vt 0.475700 0.328500
vt 0.478800 0.338000
vt 0.478900 0.347900
vt 0.476000 0.357300
vt 0.470200 0.365400
vt 0.462200 0.371300
vt 0.452800 0.374400
vt 0.442900 0.374500
vt 0.433500 0.371500
vt 0.425400 0.365800
vt 0.419600 0.357800
vt 0.416400 0.348400
vt 0.416200 0.338600
vt 0.060900 0.743900
vt 0.059100 0.741500
vt 0.057900 0.738600
vt 0.057700 0.735500
vt 0.058500 0.732500
vt 0.060100 0.729800
vt 0.062600 0.727800
vt 0.065500 0.726700
vt 0.068600 0.726500
vt 0.071700 0.727200
vt 0.074400 0.728900
vt 0.076400 0.731400
vt 0.077600 0.734400
vt 0.077800 0.737600
vt 0.076900 0.740600
vt 0.075100 0.743200
vt 0.072600 0.745100
vt 0.069700 0.746500
vt 0.066500 0.746600
vt 0.063500 0.745700
vt 0.309900 0.710200
vt 0.309900 0.733200
vt 0.307100 0.710200
vt 0.307100 0.733200
vt 0.307100 0.707300
vt 0.286500 0.707300
vt 0.307100 0.710200
vt 0.286500 0.710200
vt 0.283600 0.733200
vt 0.283600 0.710200
vt 0.286500 0.710200
vt 0.286500 0.733200
vt 0.307100 0.736100
vt 0.286500 0.736100
vt 0.286500 0.733200
vt 0.307100 0.733200
vt 0.559400 0.699700
vt 0.535300 0.784500
vt 0.562000 0.787300
vt 0.537600 0.829500
vt 0.563700 0.830000
vt 0.559500 0.991600
vt 0.535800 0.906100
vt 0.562600 0.903300
vt 0.563800 0.860600
vt 0.537500 0.861200
vt 0.559500 0.695400
vt 0.531000 0.784800
vt 0.566200 0.787000
vt 0.568000 0.829900
vt 0.533300 0.829500
vt 0.559500 0.995900
vt 0.566900 0.903600
vt 0.531500 0.906000
vt 0.533200 0.861100
vt 0.568100 0.860600
vt 0.528600 0.726400
vt 0.528800 0.695300
vt 0.557000 0.732600
vt 0.528800 0.995900
vt 0.528600 0.964800
vt 0.557600 0.958600
vt 0.530100 0.691200
vt 0.524300 0.727000
vt 0.561300 0.732400
vt 0.524300 0.964000
vt 0.530200 1.000000
vt 0.561900 0.958500
vt 0.417600 0.081300
vt 0.376500 0.099700
vt 0.387600 0.070800
vt 0.347800 0.065700
vt 0.345700 0.096900
vt 0.244600 0.098200
vt 0.293800 0.095800
vt 0.287800 0.064900
vt 0.244700 0.067200
vt 0.200600 0.070400
vt 0.144800 0.074900
vt 0.150300 0.103300
vt 0.202100 0.100600
vt 0.099300 0.106700
vt 0.098100 0.078100
vt 0.055100 0.085400
vt 0.054200 0.109900
vt 0.345500 0.101200
vt 0.375400 0.104000
vt 0.388100 0.066400
vt 0.348300 0.061400
vt 0.244400 0.062900
vt 0.288000 0.060600
vt 0.293500 0.100000
vt 0.244500 0.102500
vt 0.150300 0.107600
vt 0.202100 0.104900
vt 0.144600 0.070600
vt 0.200300 0.066100
vt 0.097500 0.074000
vt 0.099300 0.111000
vt 0.054300 0.113600
vt 0.054800 0.081500
vt 0.406900 0.107000
vt 0.007200 0.110800
vt 0.008400 0.085600
vt 0.405900 0.111300
vt 0.009900 0.081400
vt 0.007600 0.115200
vt 0.004000 0.035300
vt 0.046100 0.051300
vt 0.076800 0.046600
vt 0.072800 0.015600
vt 0.033300 0.023000
vt 0.177900 0.041600
vt 0.175800 0.010700
vt 0.132600 0.011100
vt 0.128600 0.042300
vt 0.219900 0.010900
vt 0.220500 0.041200
vt 0.272400 0.040200
vt 0.275800 0.011400
vt 0.323500 0.039900
vt 0.322700 0.011300
vt 0.368600 0.039800
vt 0.366000 0.015600
vt 0.072000 0.011300
vt 0.032600 0.018700
vt 0.047500 0.055400
vt 0.077300 0.050900
vt 0.129100 0.046600
vt 0.178300 0.045900
vt 0.175700 0.006500
vt 0.132200 0.006900
vt 0.275800 0.007200
vt 0.219800 0.006600
vt 0.220700 0.045400
vt 0.272700 0.044500
vt 0.323800 0.044100
vt 0.323000 0.007100
vt 0.366000 0.011600
vt 0.368700 0.043600
vt 0.016300 0.060300
vt 0.412500 0.012300
vt 0.415500 0.037500
vt 0.017500 0.064500
vt 0.414500 0.041800
vt 0.410500 0.008400
vt 0.639800 0.908500
vt 0.647400 0.908500
vt 0.645900 0.914500
vt 0.639900 0.894100
vt 0.647400 0.894100
vt 0.646000 0.888200
vt 0.643600 0.914500
vt 0.642100 0.908500
vt 0.642200 0.894100
vt 0.643700 0.888200
vt 0.044400 0.999200
vt 0.047000 1.000000
vt 0.048600 0.997800
vt 0.047000 0.995700
vt 0.044400 0.996500
vt 0.079700 0.999200
vt 0.077100 1.000000
vt 0.075500 0.997800
vt 0.077100 0.995700
vt 0.079700 0.996500
vt 0.273000 0.981500
vt 0.275500 0.981800
vt 0.278500 0.978700
vt 0.271000 0.977600
vt 0.277500 0.967800
vt 0.279500 0.971700
vt 0.272000 0.970600
vt 0.275000 0.967500
vt 0.279500 0.975200
vt 0.271000 0.974100
vt 0.215300 0.912500
vt 0.213300 0.916300
vt 0.217800 0.912100
vt 0.220700 0.915300
vt 0.219700 0.926100
vt 0.217200 0.926500
vt 0.213300 0.919900
vt 0.214300 0.923300
vt 0.221700 0.918700
vt 0.221700 0.922300
vt 0.634700 0.915800
vt 0.633200 0.909800
vt 0.633300 0.895400
vt 0.634800 0.889400
vt 0.637000 0.915800
vt 0.631000 0.909800
vt 0.638600 0.909800
vt 0.637100 0.889400
vt 0.631000 0.895400
vt 0.638600 0.895400
vt 0.048900 0.996500
vt 0.051400 0.995700
vt 0.053000 0.997800
vt 0.051400 1.000000
vt 0.048900 0.999200
vt 0.072700 0.995700
vt 0.075200 0.996500
vt 0.071100 0.997800
vt 0.072700 1.000000
vt 0.075200 0.999200
vt 0.171500 0.785400
vt 0.174200 0.785400
vt 0.174200 0.749800
vt 0.171500 0.749800
vt 0.176900 0.785400
vt 0.176900 0.749800
vt 0.179600 0.785400
vt 0.179600 0.749800
vt 0.182300 0.785400
vt 0.182300 0.749800
vt 0.168800 0.785400
vt 0.168800 0.749800
vt 0.250800 0.952700
vt 0.252800 0.956600
vt 0.245400 0.955500
vt 0.248300 0.952400
vt 0.248900 0.966700
vt 0.246400 0.966400
vt 0.252800 0.960100
vt 0.251800 0.963600
vt 0.244400 0.962500
vt 0.244400 0.959000
vt 0.268600 0.981100
vt 0.266100 0.981400
vt 0.270600 0.977200
vt 0.263100 0.978300
vt 0.262200 0.971300
vt 0.264200 0.967400
vt 0.269600 0.970200
vt 0.266600 0.967100
vt 0.262200 0.974800
vt 0.270600 0.973700
vt 0.991400 0.943600
vt 0.992400 0.910700
vt 0.989500 0.915600
vt 0.989200 0.937700
vt 0.990400 0.959600
vt 0.987000 0.964400
vt 0.988300 0.996800
vt 0.980500 0.998800
vt 0.998300 0.915800
vt 0.995400 0.910900
vt 0.994500 0.943500
vt 0.997000 0.937700
vt 0.993800 0.960000
vt 0.996500 0.965400
vt 0.990800 0.996900
vt 0.998300 1.000000
vt 0.992800 0.895200
vt 0.991300 0.889400
vt 0.986500 0.915300
vt 0.986200 0.937600
vt 0.984000 0.964200
vt 0.995200 0.895300
vt 0.988300 0.889200
vt 0.977500 0.998800
vt 0.996700 0.889700
vt 0.086000 0.995700
vt 0.084400 0.997800
vt 0.086000 1.000000
vt 0.088600 0.999200
vt 0.088600 0.996500
vt 0.080000 0.997800
vt 0.081600 0.995700
vt 0.084100 0.996500
vt 0.084100 0.999200
vt 0.081600 1.000000
vt 0.152900 0.654300
vt 0.152900 0.618700
vt 0.150200 0.618700
vt 0.150200 0.654300
vt 0.147600 0.618700
vt 0.147600 0.654300
vt 0.144900 0.618700
vt 0.144900 0.654300
vt 0.142200 0.618700
vt 0.142200 0.654300
vt 0.155600 0.618700
vt 0.155600 0.654300
vt 0.157500 0.917800
vt 0.155500 0.921700
vt 0.160000 0.917500
vt 0.163000 0.920700
vt 0.162000 0.931500
vt 0.159500 0.931800
vt 0.155500 0.925300
vt 0.156500 0.928700
vt 0.164000 0.924100
vt 0.164000 0.927600
vt 0.204100 0.610600
vt 0.234000 0.610600
vt 0.234000 0.606200
vt 0.204100 0.606200
vt 0.234000 0.617400
vt 0.234000 0.613100
vt 0.204100 0.613100
vt 0.204100 0.617400
vt 0.204100 0.628900
vt 0.204100 0.631400
vt 0.204100 0.639300
vt 0.234000 0.639300
vt 0.204100 0.635700
vt 0.234000 0.621000
vt 0.204100 0.621000
vt 0.204100 0.624500
vt 0.234000 0.628900
vt 0.234000 0.631400
vt 0.234000 0.635700
vt 0.234000 0.624500
vt 0.204100 0.602700
vt 0.234000 0.602700
vt 0.164400 0.931800
vt 0.162000 0.932100
vt 0.160000 0.935900
vt 0.167400 0.934900
vt 0.163900 0.946100
vt 0.160900 0.942900
vt 0.168400 0.941900
vt 0.166400 0.945700
vt 0.160000 0.939500
vt 0.168400 0.938300
vt 0.050100 0.572200
vt 0.007600 0.596300
vt 0.050200 0.530500
vt 0.007800 0.506300
vt 0.450600 0.734100
vt 0.449500 0.767400
vt 0.474000 0.763100
vt 0.473300 0.730000
vt 0.453400 0.700700
vt 0.474300 0.700000
vt 0.456900 0.671300
vt 0.476800 0.672100
vt 0.449100 0.796200
vt 0.475000 0.795400
vt 0.457200 0.823400
vt 0.475900 0.824100
vt 0.476200 0.893800
vt 0.475700 0.857100
vt 0.456500 0.857500
vt 0.457300 0.895900
vt 0.437200 0.822300
vt 0.456900 0.930100
vt 0.477300 0.928600
vt 0.458700 0.960200
vt 0.480900 0.957000
vt 0.362700 0.968600
vt 0.366700 0.940300
vt 0.345400 0.939600
vt 0.340000 0.964400
vt 0.329300 0.911700
vt 0.314400 0.927500
vt 0.329900 0.935000
vt 0.348000 0.914900
vt 0.369600 0.911700
vt 0.409900 0.935500
vt 0.410400 0.902700
vt 0.389900 0.906600
vt 0.388300 0.937500
vt 0.409000 0.867300
vt 0.433600 0.899000
vt 0.433000 0.860000
vt 0.432500 0.932100
vt 0.388200 0.877000
vt 0.366900 0.885900
vt 0.345700 0.896300
vt 0.418900 0.821900
vt 0.480300 0.645500
vt 0.461100 0.643700
vt 0.300000 0.947700
vt 0.301400 0.915400
vt 0.282400 0.935500
vt 0.320300 0.896900
vt 0.338000 0.880900
vt 0.358400 0.864800
vt 0.379900 0.849100
vt 0.398500 0.836300
vt 0.442100 0.642200
vt 0.437200 0.670500
vt 0.431700 0.701500
vt 0.427400 0.737700
vt 0.424800 0.771000
vt 0.423100 0.796300
vt 0.423100 0.737000
vt 0.427400 0.701000
vt 0.433300 0.670600
vt 0.420200 0.770700
vt 0.404000 0.744100
vt 0.403500 0.768500
vt 0.418300 0.795500
vt 0.380000 0.772000
vt 0.375200 0.750500
vt 0.346800 0.756300
vt 0.352500 0.779500
vt 0.318800 0.764000
vt 0.323800 0.787900
vt 0.290800 0.772300
vt 0.294800 0.795900
vt 0.264800 0.778700
vt 0.269300 0.803900
vt 0.238500 0.783200
vt 0.240600 0.812700
vt 0.278800 0.931300
vt 0.297600 0.911900
vt 0.316700 0.894000
vt 0.334900 0.877800
vt 0.355500 0.861100
vt 0.377500 0.844900
vt 0.383100 0.791600
vt 0.357700 0.797600
vt 0.329900 0.807300
vt 0.346300 0.846000
vt 0.323700 0.860900
vt 0.301700 0.818400
vt 0.311800 0.839900
vt 0.337300 0.827100
vt 0.277400 0.829100
vt 0.289000 0.853000
vt 0.302900 0.875100
vt 0.262700 0.869300
vt 0.280000 0.893300
vt 0.249200 0.841700
vt 0.371000 0.831900
vt 0.364100 0.816300
vt 0.386600 0.807400
vt 0.402900 0.793700
vt 0.414900 0.819200
vt 0.402100 0.809900
vt 0.391000 0.821200
vt 0.396400 0.832000
vt 0.409400 0.718200
vt 0.465200 0.619800
vt 0.483800 0.624700
vt 0.446100 0.616200
vt 0.438600 0.642100
vt 0.442500 0.616300
vt 0.436200 0.616000
vt 0.432400 0.642300
vt 0.431400 0.662500
vt 0.426100 0.661500
vt 0.422600 0.680300
vt 0.417400 0.678700
vt 0.387200 0.715000
vt 0.407200 0.700500
vt 0.403000 0.696900
vt 0.383800 0.710900
vt 0.364600 0.726300
vt 0.361400 0.721600
vt 0.340800 0.734600
vt 0.338500 0.729400
vt 0.313400 0.742500
vt 0.311800 0.736200
vt 0.286800 0.748200
vt 0.285800 0.741300
vt 0.262100 0.752300
vt 0.262500 0.745000
vt 0.210100 0.758100
vt 0.210900 0.788100
vt 0.236600 0.755200
vt 0.237900 0.747700
vt 0.209900 0.750400
vt 0.187600 0.758500
vt 0.188500 0.750700
vt 0.214800 0.820100
vt 0.224100 0.853000
vt 0.239100 0.883900
vt 0.199800 0.862900
vt 0.258600 0.911000
vt 0.237500 0.928300
vt 0.260000 0.950800
vt 0.263700 0.955400
vt 0.320900 0.958000
vt 0.307100 0.983100
vt 0.331200 0.992300
vt 0.385600 0.970300
vt 0.408500 0.968300
vt 0.433000 0.964700
vt 0.434600 0.994800
vt 0.483800 0.981000
vt 0.462200 0.987600
vt 0.186600 0.791100
vt 0.190000 0.825900
vt 0.216900 0.898800
vt 0.284000 0.970600
vt 0.357300 0.997900
vt 0.384000 1.000000
vt 0.409400 0.998900
vt 0.210000 0.726200
vt 0.217500 0.730700
vt 0.224100 0.715100
vt 0.211500 0.710500
vt 0.237000 0.721200
vt 0.228200 0.736500
vt 0.237400 0.740100
vt 0.248000 0.729000
vt 0.258800 0.717200
vt 0.247200 0.708500
vt 0.226300 0.703100
vt 0.211700 0.701700
vt 0.257300 0.698300
vt 0.268200 0.705900
vt 0.276100 0.693600
vt 0.262400 0.689100
vt 0.251000 0.688400
vt 0.245600 0.695800
vt 0.266000 0.680600
vt 0.279400 0.682200
vt 0.255200 0.678700
vt 0.278400 0.669200
vt 0.265400 0.672100
vt 0.272100 0.656000
vt 0.261500 0.664600
vt 0.256200 0.671900
vt 0.262100 0.647300
vt 0.255000 0.659100
vt 0.250400 0.667900
vt 0.248400 0.655500
vt 0.250400 0.643300
vt 0.210000 0.690700
vt 0.222300 0.690700
vt 0.221500 0.680800
vt 0.209000 0.677500
vt 0.222400 0.672500
vt 0.211200 0.667000
vt 0.237800 0.643700
vt 0.239200 0.655000
vt 0.241900 0.664500
vt 0.225700 0.648700
vt 0.231700 0.658600
vt 0.216400 0.657600
vt 0.225900 0.665600
vt 0.235400 0.669100
vt 0.231200 0.683300
vt 0.248500 0.676600
vt 0.241800 0.674000
vt 0.231500 0.676900
vt 0.237600 0.682600
vt 0.244200 0.685800
vt 0.233600 0.691000
vt 0.240200 0.693700
vt 0.214800 0.734500
vt 0.206100 0.727700
vt 0.207100 0.710500
vt 0.238300 0.744200
vt 0.226600 0.740700
vt 0.251200 0.732300
vt 0.262200 0.720100
vt 0.207100 0.702000
vt 0.271900 0.708400
vt 0.280200 0.695300
vt 0.283800 0.682600
vt 0.282700 0.668000
vt 0.275600 0.653400
vt 0.264400 0.643500
vt 0.251100 0.638900
vt 0.205500 0.691000
vt 0.204600 0.677000
vt 0.207000 0.665400
vt 0.236900 0.639300
vt 0.223300 0.645000
vt 0.212900 0.654800
vt 0.379800 0.432200
vt 0.377600 0.449200
vt 0.386400 0.448900
vt 0.393000 0.434400
vt 0.365600 0.431100
vt 0.365400 0.448700
vt 0.352100 0.432300
vt 0.355600 0.447300
vt 0.397200 0.426600
vt 0.383700 0.420600
vt 0.404000 0.417600
vt 0.393200 0.411700
vt 0.411200 0.406500
vt 0.398600 0.403300
vt 0.414300 0.396300
vt 0.401800 0.395600
vt 0.414300 0.385500
vt 0.402200 0.387800
vt 0.410500 0.373200
vt 0.400500 0.378900
vt 0.402300 0.363000
vt 0.395600 0.372100
vt 0.391400 0.356500
vt 0.387300 0.368200
vt 0.379200 0.354400
vt 0.379700 0.368000
vt 0.366300 0.357200
vt 0.371300 0.369800
vt 0.364400 0.374400
vt 0.354400 0.365600
vt 0.344700 0.388200
vt 0.358800 0.390900
vt 0.359800 0.381600
vt 0.347300 0.376600
vt 0.345700 0.402600
vt 0.358900 0.401300
vt 0.363100 0.415100
vt 0.348600 0.417000
vt 0.389000 0.400900
vt 0.383100 0.406400
vt 0.376100 0.405600
vt 0.370400 0.404800
vt 0.391800 0.395300
vt 0.392100 0.386400
vt 0.369100 0.395700
vt 0.370000 0.385100
vt 0.372600 0.378800
vt 0.379500 0.378100
vt 0.388600 0.379300
vt 0.376400 0.396800
vt 0.383700 0.397200
vt 0.377100 0.386600
vt 0.384200 0.387500
vt 0.388700 0.452400
vt 0.377900 0.453700
vt 0.397100 0.436800
vt 0.364500 0.453200
vt 0.352400 0.450000
vt 0.347800 0.433500
vt 0.401100 0.429000
vt 0.407700 0.420000
vt 0.415200 0.408300
vt 0.418700 0.396900
vt 0.418700 0.384800
vt 0.414400 0.371100
vt 0.405200 0.359600
vt 0.393000 0.352400
vt 0.379200 0.349900
vt 0.364500 0.353100
vt 0.351200 0.362500
vt 0.340300 0.387600
vt 0.343200 0.374800
vt 0.341200 0.403100
vt 0.344200 0.417900
vt 0.144200 0.145000
vt 0.163000 0.156500
vt 0.169300 0.144200
vt 0.152500 0.132000
vt 0.137100 0.121900
vt 0.128600 0.126900
vt 0.121100 0.134700
vt 0.116500 0.144200
vt 0.135000 0.160500
vt 0.093500 0.262300
vt 0.101300 0.242900
vt 0.090400 0.240100
vt 0.083100 0.259700
vt 0.103900 0.265000
vt 0.112500 0.246000
vt 0.086800 0.279100
vt 0.076700 0.275900
vt 0.097100 0.282400
vt 0.111200 0.163800
vt 0.127300 0.175800
vt 0.151200 0.174600
vt 0.143000 0.187700
vt 0.119400 0.230800
vt 0.125400 0.218800
vt 0.113200 0.214500
vt 0.107200 0.227200
vt 0.096500 0.224600
vt 0.101500 0.210300
vt 0.118200 0.202400
vt 0.131200 0.208300
vt 0.136200 0.199400
vt 0.121800 0.191000
vt 0.105400 0.196300
vt 0.108100 0.182000
vt 0.012900 0.471300
vt 0.029800 0.475000
vt 0.033300 0.459500
vt 0.009600 0.462700
vt 0.054700 0.464300
vt 0.050500 0.477700
vt 0.058400 0.442100
vt 0.036800 0.442100
vt 0.060400 0.426400
vt 0.040700 0.425300
vt 0.045900 0.410200
vt 0.062400 0.412900
vt 0.065900 0.390700
vt 0.053700 0.386500
vt 0.050100 0.399100
vt 0.064000 0.402700
vt 0.072600 0.361400
vt 0.061900 0.356800
vt 0.056800 0.372800
vt 0.068800 0.377500
vt 0.077700 0.341100
vt 0.067700 0.336800
vt 0.009300 0.452200
vt 0.012000 0.442300
vt 0.020400 0.424400
vt 0.029400 0.408600
vt 0.041900 0.382600
vt 0.036300 0.395900
vt 0.051500 0.352300
vt 0.046600 0.368300
vt 0.057800 0.332400
vt 0.083100 0.323300
vt 0.072900 0.319500
vt 0.079300 0.299100
vt 0.069200 0.295600
vt 0.062800 0.315700
vt 0.089300 0.302600
vt 0.171600 0.143500
vt 0.165400 0.157500
vt 0.154000 0.129900
vt 0.127100 0.124600
vt 0.137400 0.119500
vt 0.119000 0.133100
vt 0.114000 0.143200
vt 0.087900 0.239200
vt 0.080600 0.258800
vt 0.114900 0.247000
vt 0.106400 0.266000
vt 0.074200 0.274900
vt 0.099600 0.283300
vt 0.108600 0.163100
vt 0.153400 0.175900
vt 0.145300 0.189000
vt 0.127700 0.220000
vt 0.121700 0.231900
vt 0.094000 0.223700
vt 0.099000 0.209600
vt 0.138500 0.200600
vt 0.133500 0.209500
vt 0.102900 0.195700
vt 0.105600 0.181400
vt 0.011300 0.473300
vt 0.007100 0.463400
vt 0.029400 0.477600
vt 0.057200 0.465300
vt 0.051600 0.479900
vt 0.060900 0.442600
vt 0.063000 0.426900
vt 0.065000 0.413300
vt 0.068500 0.391200
vt 0.066600 0.403100
vt 0.075100 0.362000
vt 0.071300 0.378200
vt 0.080200 0.341800
vt 0.006700 0.452100
vt 0.009500 0.441500
vt 0.018000 0.423400
vt 0.027100 0.407500
vt 0.039400 0.381600
vt 0.033900 0.394900
vt 0.044100 0.367500
vt 0.049000 0.351500
vt 0.055400 0.331600
vt 0.085600 0.324100
vt 0.066800 0.294700
vt 0.060400 0.314900
vt 0.091800 0.303400
vt 0.804600 0.766300
vt 0.831900 0.765400
vt 0.827400 0.740300
vt 0.800300 0.742200
vt 0.806300 0.788800
vt 0.834800 0.789600
vt 0.773800 0.788100
vt 0.774300 0.765900
vt 0.714300 0.784300
vt 0.710800 0.807800
vt 0.741900 0.810000
vt 0.743300 0.786600
vt 0.745300 0.765100
vt 0.773100 0.811600
vt 0.689200 0.762700
vt 0.684000 0.783000
vt 0.718300 0.764300
vt 0.660500 0.761600
vt 0.654800 0.783200
vt 0.721900 0.741200
vt 0.694900 0.741600
vt 0.774900 0.741800
vt 0.667500 0.740500
vt 0.822100 0.718800
vt 0.796900 0.721000
vt 0.793800 0.698600
vt 0.814800 0.698100
vt 0.808400 0.684500
vt 0.787200 0.675400
vt 0.747100 0.742000
vt 0.722500 0.720800
vt 0.750000 0.720800
vt 0.753200 0.697900
vt 0.754100 0.673600
vt 0.721400 0.676800
vt 0.723600 0.698800
vt 0.774100 0.720800
vt 0.773600 0.698300
vt 0.704000 0.700400
vt 0.699700 0.720600
vt 0.698000 0.684400
vt 0.685100 0.701400
vt 0.675700 0.720500
vt 0.707000 0.989200
vt 0.711400 0.967500
vt 0.692000 0.964100
vt 0.684400 0.979400
vt 0.673300 0.961400
vt 0.739200 0.995500
vt 0.741800 0.971300
vt 0.772300 0.996900
vt 0.761000 0.972800
vt 0.794200 0.990000
vt 0.802100 0.977100
vt 0.781400 0.974400
vt 0.689700 0.943600
vt 0.665900 0.941500
vt 0.659400 0.921000
vt 0.686900 0.922300
vt 0.682700 0.900600
vt 0.654400 0.899300
vt 0.650500 0.877400
vt 0.679600 0.878700
vt 0.676900 0.855700
vt 0.648400 0.854400
vt 0.739800 0.948000
vt 0.712400 0.946200
vt 0.763800 0.950500
vt 0.811400 0.957000
vt 0.786600 0.952400
vt 0.802100 0.885600
vt 0.798400 0.908000
vt 0.825500 0.911100
vt 0.830800 0.887300
vt 0.791900 0.931600
vt 0.818700 0.935900
vt 0.711400 0.901400
vt 0.709900 0.881700
vt 0.739200 0.903600
vt 0.739200 0.882000
vt 0.768200 0.905500
vt 0.769600 0.883400
vt 0.713900 0.925400
vt 0.738800 0.926800
vt 0.766600 0.929600
vt 0.679700 0.806700
vt 0.650800 0.806000
vt 0.676800 0.831400
vt 0.647400 0.830100
vt 0.708700 0.858000
vt 0.708600 0.832800
vt 0.739800 0.858600
vt 0.739900 0.834300
vt 0.771000 0.859900
vt 0.805000 0.861200
vt 0.834700 0.863200
vt 0.771800 0.835700
vt 0.807700 0.813300
vt 0.807300 0.837300
vt 0.836800 0.813900
vt 0.836800 0.838600
vt 0.830500 0.739600
vt 0.835000 0.765000
vt 0.837900 0.789200
vt 0.651700 0.782500
vt 0.657500 0.760700
vt 0.664500 0.739400
vt 0.825100 0.717900
vt 0.810400 0.682200
vt 0.817700 0.696800
vt 0.787900 0.672300
vt 0.720700 0.673700
vt 0.754000 0.670400
vt 0.682500 0.699600
vt 0.696200 0.681800
vt 0.672900 0.719200
vt 0.706000 0.992200
vt 0.682400 0.981800
vt 0.670500 0.962800
vt 0.738800 0.998600
vt 0.772600 1.000000
vt 0.804900 0.978700
vt 0.795900 0.992600
vt 0.662900 0.942600
vt 0.656300 0.921900
vt 0.651400 0.900000
vt 0.647400 0.877800
vt 0.645300 0.854600
vt 0.814300 0.958200
vt 0.828600 0.911900
vt 0.833800 0.887900
vt 0.821700 0.936900
vt 0.647700 0.805500
vt 0.644300 0.829900
vt 0.837800 0.863600
vt 0.839900 0.813700
vt 0.839900 0.838700
vt 0.115500 0.998700
vt 0.117700 1.000000
vt 0.119900 0.998700
vt 0.119900 0.996200
vt 0.117700 0.994900
vt 0.115500 0.996200
vt 0.952200 0.528100
vt 0.952300 0.515100
vt 0.949800 0.515100
vt 0.949700 0.528000
vt 0.947200 0.515000
vt 0.947200 0.527900
vt 0.944800 0.527900
vt 0.944600 0.515000
vt 0.942000 0.515000
vt 0.942200 0.528000
vt 0.954800 0.528100
vt 0.954800 0.515200
vt 0.952300 0.502100
vt 0.949700 0.502000
vt 0.947200 0.502000
vt 0.944600 0.502000
vt 0.942100 0.502100
vt 0.954800 0.502100
vt 0.952200 0.470400
vt 0.949700 0.470300
vt 0.947200 0.470300
vt 0.944700 0.470400
vt 0.942200 0.470400
vt 0.954800 0.470400
vt 0.949700 0.455800
vt 0.952200 0.455800
vt 0.947200 0.455800
vt 0.944700 0.455800
vt 0.942100 0.455900
vt 0.954700 0.455800
vt 0.952300 0.441200
vt 0.949700 0.441300
vt 0.947200 0.441300
vt 0.944600 0.441300
vt 0.942100 0.441200
vt 0.954800 0.441200
vt 0.952300 0.412500
vt 0.949700 0.412500
vt 0.947200 0.412400
vt 0.944600 0.412500
vt 0.942100 0.412500
vt 0.954800 0.412600
vt 0.952300 0.394600
vt 0.949700 0.394600
vt 0.947200 0.394600
vt 0.944600 0.394600
vt 0.942000 0.394600
vt 0.954800 0.394700
vt 0.952200 0.379400
vt 0.949700 0.379800
vt 0.947200 0.380100
vt 0.944600 0.380200
vt 0.942100 0.379900
vt 0.954800 0.379500
vt 0.957300 0.515200
vt 0.957400 0.528200
vt 0.957400 0.502000
vt 0.957300 0.470300
vt 0.957300 0.455800
vt 0.957400 0.441300
vt 0.957400 0.412500
vt 0.957300 0.394700
vt 0.957400 0.379800
vt 0.168200 0.946100
vt 0.165600 0.946100
vt 0.163100 0.946100
vt 0.160600 0.946100
vt 0.158000 0.946100
vt 0.155500 0.946100
vt 0.168200 0.962300
vt 0.165600 0.962000
vt 0.163100 0.961700
vt 0.160600 0.961600
vt 0.158000 0.961900
vt 0.170700 0.962200
vt 0.155500 0.962200
vt 0.170700 0.946100
vt 0.980700 0.725300
vt 0.976900 0.724800
vt 0.977200 0.762300
vt 0.980800 0.761800
vt 0.984600 0.725700
vt 0.984600 0.761400
vt 0.988300 0.761500
vt 0.988400 0.725600
vt 0.992000 0.761900
vt 0.992200 0.725000
vt 0.996000 0.724700
vt 0.995800 0.762300
vt 0.980700 0.799900
vt 0.977000 0.800800
vt 0.980800 0.650500
vt 0.977000 0.649800
vt 0.977000 0.687100
vt 0.980800 0.687800
vt 0.984600 0.799300
vt 0.984600 0.651100
vt 0.984600 0.688400
vt 0.988500 0.799500
vt 0.988400 0.688400
vt 0.988400 0.651000
vt 0.992200 0.800400
vt 0.992200 0.687600
vt 0.992200 0.650300
vt 0.996000 0.801000
vt 0.996000 0.687000
vt 0.996000 0.649800
vt 0.973100 0.724600
vt 0.973300 0.762300
vt 0.980800 0.837100
vt 0.977100 0.837700
vt 0.984600 0.836700
vt 0.988400 0.836800
vt 0.992200 0.837300
vt 0.973200 0.837800
vt 0.996000 0.837800
vt 0.973100 0.801000
vt 0.973100 0.687000
vt 0.973200 0.649700
vt 0.619900 0.924000
vt 0.613200 0.920100
vt 0.613200 0.912400
vt 0.619900 0.908500
vt 0.626600 0.912400
vt 0.626600 0.920100
vt 0.270200 0.981300
vt 0.262200 0.986000
vt 0.278300 0.986000
vt 0.278300 0.995300
vt 0.270200 1.000000
vt 0.262200 0.995300
vt 0.225800 0.942900
vt 0.217700 0.938300
vt 0.233900 0.938300
vt 0.233900 0.929000
vt 0.225800 0.924300
vt 0.217700 0.929000
vt 0.124400 0.986000
vt 0.132500 0.981300
vt 0.140600 0.986000
vt 0.140600 0.995300
vt 0.132500 1.000000
vt 0.124400 0.995300
vt 0.279900 0.995300
vt 0.279900 0.986000
vt 0.288000 1.000000
vt 0.296100 0.995300
vt 0.296100 0.986000
vt 0.288000 0.981300
vn 0.831294 -0.508713 -0.363750
vn 0.316141 0.504013 -0.926633
vn -0.958861 0.996765 -0.894528
vn -0.601672 -0.032746 0.704581
vn -1.068300 -0.926817 -2.997498
vn -2.572253 -0.588000 -2.165502
vn -1.951994 0.758232 -1.047121
vn -0.945921 0.467574 -2.357646
vn -2.787713 -0.371319 -1.639424
vn -2.081637 0.626209 -0.569445
vn -2.847346 -0.278237 -1.257698
vn -2.012726 0.678945 -0.605884
vn -2.775262 -0.079989 -1.045228
vn -1.709494 0.837947 -0.655934
vn -2.694937 0.057405 -1.094790
vn -1.673849 0.879147 -0.879086
vn -2.723136 0.014863 -0.970885
vn -1.626301 0.899411 -1.001404
vn -2.820551 -0.261635 -0.625294
vn -1.556169 0.921018 -1.013978
vn -2.895871 -0.510239 -0.592639
vn -1.721824 0.864742 -1.039186
vn -2.893918 -0.478256 -0.624683
vn -1.877041 0.796686 -1.050600
vn -2.722220 -0.223243 -0.343852
vn -1.942106 0.762871 -1.068423
vn -2.555773 -0.072481 -0.152013
vn -1.828822 0.812433 -1.167791
vn -2.354900 0.028046 0.052278
vn -1.778893 0.839167 -1.103519
vn -1.711814 0.868587 -0.960570
vn -2.013093 0.123081 0.308512
vn -1.718833 0.165319 0.457808
vn -1.668966 0.870907 -0.771722
vn -1.531938 0.897458 -0.658559
vn -1.480605 0.128941 0.579333
vn -1.152226 0.101535 0.662282
vn -1.249336 0.962035 -0.703299
vn -2.896420 -0.879513 -1.623920
vn -2.943785 -0.714774 -1.374767
vn -2.698477 -0.961913 -2.055452
vn -2.180334 -1.158696 -2.606800
vn -1.352428 -2.957396 -1.210944
vn -1.457656 -2.942015 -0.861080
vn -2.661244 -2.090976 -0.776299
vn -2.579089 -2.185461 -1.318186
vn -1.417249 -2.917783 -0.615284
vn -2.729301 -1.871487 -0.499924
vn -1.393017 -2.909238 -0.552416
vn -2.755302 -1.817957 -0.500168
vn -1.208624 -2.916257 -0.466720
vn -2.550096 -1.978179 -0.199744
vn -1.120914 -2.891903 -0.362713
vn -2.226478 -2.124607 0.109470
vn -1.048830 -2.860225 -0.267006
vn -1.989044 -2.179418 0.277017
vn -1.678732 -2.158238 0.482467
vn -0.927793 -2.832148 -0.201270
vn -0.720817 -2.843135 -0.275491
vn -1.408826 -2.076022 0.635548
vn -0.542222 -2.890072 -0.533067
vn -1.277535 -1.965911 0.729179
vn -0.484787 -2.851314 -0.445662
vn -1.082034 -1.793603 0.833979
vn -0.368633 -2.781304 -0.345622
vn -0.777276 -1.676046 0.869015
vn -0.164708 -2.730705 -0.446028
vn -0.383831 -1.448622 0.848994
vn 0.588916 -2.191687 -0.765252
vn 0.923887 -1.250252 -0.514206
vn -0.684988 -1.337229 -2.946043
vn -0.379803 -1.013733 -2.901364
vn -1.654683 -1.590594 -2.795221
vn -1.776330 -1.517289 -2.769158
vn -0.367534 -1.270089 -2.878048
vn -0.520432 -2.419477 -2.324809
vn -1.151860 -2.590198 -2.203528
vn -2.198279 -1.816431 -2.377605
vn 0.216773 -1.466872 -2.517075
vn -1.246712 -2.795404 -1.846034
vn -2.447798 -2.001068 -1.949736
vn -2.367840 -1.573687 -2.341655
vn -1.233100 -2.922849 -1.498428
vn -2.490280 -2.158055 -1.662008
vn -2.692068 -1.569231 -1.901700
vn -2.957945 -0.649159 -1.208380
vn -2.816462 -1.538591 -1.640645
vn -2.987976 -0.850520 -0.839656
vn -2.913450 -1.503555 -1.292001
vn -2.901547 -1.082400 -0.385662
vn -2.880672 -1.614948 -0.708487
vn -2.939390 -1.064089 -0.515610
vn -2.815973 -1.585955 -0.400800
vn -2.949217 -0.945128 -0.555467
vn -2.907773 -1.415052 -0.566027
vn -2.771538 -0.890194 -0.078219
vn -2.856868 -1.450209 -0.408795
vn -2.598620 -0.873409 0.195166
vn -2.581835 -1.590472 0.071993
vn -2.339946 -0.804743 0.471847
vn -2.363506 -1.619587 0.325480
vn -1.892239 -0.704031 0.765313
vn -2.040437 -1.604327 0.597583
vn -1.565264 -0.578967 0.871639
vn -1.648152 -1.550859 0.810053
vn -1.332835 -0.530076 0.915281
vn -1.423231 -1.393689 0.914609
vn -1.016236 -0.539293 0.946104
vn -1.186895 -1.216681 0.979370
vn -0.284463 -1.119022 0.863765
vn -0.358501 -0.572802 0.845454
vn -0.859676 -1.201422 0.984863
vn 0.864376 -0.813898 -0.300516
vn 0.900754 -1.015259 -0.378094
vn 0.762749 -1.143437 -1.933866
vn -0.190283 -0.206824 -2.647755
vn -1.135258 0.388836 -2.432783
vn -0.738212 0.835078 -0.249123
vn 0.311930 0.287149 -1.788659
vn 0.370525 -1.259407 -2.433332
vn -0.913083 0.678762 0.083529
vn -0.876522 0.815302 -0.169774
vn -0.779595 0.937742 -0.556810
vn -0.705863 0.959655 -0.729606
vn -0.613269 0.962157 -0.988647
vn -0.343303 0.885495 -1.116581
vn -0.145482 0.773980 -1.350169
vn -0.335002 0.819147 -1.498306
vn -0.754875 0.836177 -1.753807
vn -0.972594 0.781793 -1.907926
vn -1.075381 0.764702 -1.938078
vn -1.202765 0.764153 -1.920072
vn -1.357433 0.784112 -1.830164
vn -1.180731 0.662465 -2.097018
vn -1.352916 0.785577 -1.828883
vn -0.157262 -2.813776 -0.990905
vn -0.057039 -2.762505 -0.933470
vn 0.125645 -2.650929 -0.914487
vn 0.216773 -2.586901 -0.965087
vn 0.118809 -2.652577 -1.131047
vn -0.100986 -2.782098 -1.126286
vn -0.262978 -2.859188 -0.980407
vn -0.281228 -2.864437 -1.084841
vn -0.166539 -2.751762 -1.486404
vn -0.131809 -2.535020 -1.943388
vn -0.199072 -2.537767 -1.996918
vn -0.329936 -2.589709 -2.011872
vn -0.571581 -2.420331 -2.341350
vn -0.123569 -1.709616 -2.651784
vn 0.621754 -1.061037 -2.168798
vn 0.510605 -1.305185 -2.274697
vn 0.567614 -0.940550 -2.240516
vn 0.544176 -0.490402 -2.164281
vn 0.464644 -2.359416 -0.917295
vn 0.311441 -2.492782 -1.227424
vn 0.889218 -1.505020 -1.419202
vn 0.155492 -2.594653 -1.349071
vn -0.018342 -2.733757 -1.174200
vn 0.878536 -1.177007 -1.662984
vn 0.855159 -0.993957 -1.747154
vn -1.020203 0.994079 -0.847774
vn -2.374004 0.450117 -0.903867
vn -2.819819 -0.481124 -0.352763
vn -1.397778 -0.032685 0.704642
vn -2.844966 -0.813898 -0.250648
vn -1.638264 -0.569811 0.845943
vn -2.871517 -0.997009 -0.294778
vn -1.710776 -1.119022 0.865597
vn -0.753471 0.978637 -0.844722
vn -0.848079 0.101596 0.662282
vn -0.501877 0.933836 -0.890622
vn -0.519456 0.128941 0.579333
vn -0.392560 0.905454 -0.991882
vn -0.280190 0.162999 0.459090
vn -0.370952 0.894711 -1.119572
vn 0.013092 0.123142 0.308390
vn 0.356120 0.028413 0.050203
vn -0.325236 0.864559 -1.260750
vn 0.554491 -0.069491 -0.152989
vn -0.321513 0.853145 -1.324595
vn -0.243568 0.839351 -1.210700
vn 0.720511 -0.221778 -0.341227
vn 0.893796 -0.478256 -0.624500
vn -0.436934 0.907468 -1.210761
vn 0.896054 -0.510178 -0.594043
vn -0.694388 0.975280 -1.068850
vn -0.831843 0.992553 -0.964293
vn 0.820551 -0.261452 -0.625843
vn 0.723136 0.014740 -0.970092
vn -0.619800 0.963439 -0.982665
vn 0.694754 0.057588 -1.095401
vn -0.549486 0.942503 -0.846614
vn 0.783868 -0.096652 -1.038514
vn -0.486557 0.890683 -0.598193
vn -0.035798 0.695853 -0.559313
vn 0.857173 -0.307230 -1.265938
vn 0.784845 -0.386517 -1.661641
vn 0.013764 0.672781 -0.582995
vn 0.572985 -0.582018 -2.162267
vn -0.174657 0.821711 -1.003418
vn -0.976806 -0.911557 -2.997925
vn -1.182684 0.485885 -2.326151
vn -1.610797 -1.451674 0.850093
vn -2.879330 -1.207526 -0.348064
vn -2.642567 -2.014557 -0.477889
vn -1.723106 -2.614124 -0.066378
vn -0.984436 -0.539293 0.946104
vn -0.667043 -0.530076 0.915220
vn -0.433454 -0.581896 0.871883
vn -0.107700 -0.704031 0.765191
vn 0.340068 -0.803217 0.471480
vn 0.598621 -0.871883 0.194861
vn 0.771050 -0.890194 -0.077487
vn 0.948851 -0.946654 -0.554003
vn 0.939573 -1.065615 -0.516709
vn 0.901364 -1.082400 -0.385418
vn 0.987915 -0.850520 -0.839839
vn 0.958068 -0.650624 -1.209052
vn 0.942686 -0.714713 -1.379955
vn 0.896359 -0.876461 -1.623188
vn 0.702017 -0.961913 -2.049592
vn 0.182104 -1.158696 -2.605396
vn -1.295297 -1.331126 -2.950194
vn -1.140934 -1.201422 0.984802
vn -0.812555 -1.216681 0.979308
vn -0.575671 -1.392163 0.914670
vn -0.351726 -1.549333 0.810480
vn 0.040254 -1.604266 0.597644
vn 0.363628 -1.619465 0.325297
vn 0.580920 -1.592120 0.072359
vn 0.856197 -1.451735 -0.408185
vn 0.907102 -1.416578 -0.564867
vn 0.815912 -1.585955 -0.400800
vn 0.881100 -1.613422 -0.708243
vn 0.914182 -1.500504 -1.292184
vn 0.816828 -1.535600 -1.641987
vn 0.694876 -1.561541 -1.901089
vn 0.372295 -1.567705 -2.339580
vn -0.221473 -1.515763 -2.768548
vn -1.576739 -1.282296 -2.894162
vn -1.223212 -1.676046 0.868953
vn -1.533830 -2.654225 -0.010773
vn -0.918455 -1.794885 0.833430
vn -1.367077 -2.726188 -0.058931
vn -0.721793 -1.965850 0.729057
vn -1.257576 -2.800958 -0.169225
vn -0.591418 -2.075961 0.635609
vn -1.141545 -2.773247 -0.085971
vn -0.961547 -2.775628 -0.080416
vn -0.321024 -2.158177 0.482406
vn -0.821528 -2.804987 -0.157262
vn -0.010346 -2.178198 0.277566
vn -0.730705 -2.832819 -0.246193
vn 0.227638 -2.123203 0.109592
vn -0.578417 -2.845210 -0.353862
vn 0.549974 -1.978179 -0.199561
vn 0.755364 -1.817835 -0.500290
vn -0.363994 -2.825373 -0.486740
vn 0.729240 -1.871303 -0.499619
vn -0.361736 -2.854366 -0.607593
vn -0.406659 -2.905271 -0.865902
vn 0.667714 -2.078768 -0.765862
vn -0.443403 -2.906125 -1.238472
vn 0.593310 -2.166051 -1.318857
vn 0.495346 -2.145970 -1.671224
vn -0.733329 -2.906308 -1.543168
vn -0.883724 -2.814203 -1.833827
vn 0.446821 -2.000946 -1.951201
vn -0.966857 -2.614856 -2.179479
vn 0.196448 -1.817774 -2.378277
vn -1.550371 -2.458418 -2.253090
vn -0.346110 -1.592120 -2.794916
vn -2.340617 -1.587542 -2.362957
vn -1.617267 -1.044252 -2.901914
vn -0.826228 0.471297 -2.343547
vn -1.818568 -0.008515 -2.531968
vn -2.830805 -1.155644 -1.790002
vn -2.911923 -1.088504 -1.580462
vn -2.908200 -0.969543 -1.598346
vn -0.843379 0.498947 -2.314737
vn -0.799493 0.540513 -2.259560
vn -0.863948 0.580065 -2.218482
vn -1.003418 0.605335 -2.192785
vn -1.173467 0.602893 -2.183508
vn -1.344920 0.599292 -2.150304
vn -1.644734 0.619556 -1.980438
vn -2.198157 0.436811 -1.706992
vn -2.544786 0.220801 -1.351024
vn -2.314127 0.506394 -1.061220
vn -1.909146 0.780877 -0.957640
vn -1.731651 0.843135 -0.740104
vn -1.631001 0.834224 -0.512864
vn -1.369640 0.809687 -0.233070
vn -1.243721 0.669118 0.074435
vn -1.485000 0.718680 -0.099643
vn -2.427778 -1.244148 -2.379131
vn -2.515000 0.199744 -1.515152
vn -2.769890 -1.039674 -1.930570
vn -2.114109 -2.187292 -2.161534
vn -1.548479 -2.827631 -1.599200
vn -2.476363 -1.300607 -2.315348
vn -2.494919 -0.960387 -2.328043
vn -1.682638 -2.861080 -1.265633
vn -1.690329 -2.870113 -1.161870
vn -1.648335 -2.881954 -1.195013
vn -1.623127 -2.900326 -1.026307
vn -1.506668 -2.922910 -0.786187
vn -1.495743 -2.916502 -0.714896
vn -1.600665 -2.902280 -0.855892
vn -1.713523 -2.864131 -0.873287
vn -1.745689 -2.843013 -0.782281
vn -1.737327 -2.852229 -0.839656
vn -1.669332 -2.884030 -0.950499
vn -1.538591 -2.925474 -1.051210
vn -1.869900 -2.787835 -1.216620
vn -2.398541 -2.411542 -1.227363
vn -2.493515 -2.329447 -0.953124
vn -2.553026 -2.174963 -0.544359
vn -2.985168 -1.189215 -1.152959
vn -2.605213 -0.475143 -2.071383
vn -1.383801 -1.146489 0.957335
vn -2.827631 -0.733024 -1.767174
vn -1.965850 -1.328074 0.720328
vn -1.532548 -1.222785 0.914853
vn -2.882138 -0.490402 -1.444777
vn -2.681936 -1.202948 -2.063021
vn -2.036103 -1.701926 0.560045
vn -2.150365 -1.471450 0.566637
vn -1.338023 -1.189215 0.962096
vn -2.825373 -0.185217 -0.934629
vn -0.243324 -1.404309 0.806574
vn -0.010163 -1.512650 0.660512
vn -1.715659 -0.577380 -2.819147
vn -1.998383 -0.459883 -2.646718
vn -0.439314 -1.325022 0.892025
vn -1.442518 -0.671987 -2.922666
vn -0.612842 -0.997009 0.962157
vn -1.029786 0.174963 -2.618152
vn 0.102268 -1.811975 0.457930
vn -2.230567 -0.252174 -2.387982
vn -0.431928 -2.456038 0.247841
vn -2.735160 -0.139317 -0.501572
vn -2.616321 -0.722343 -2.144810
vn -2.571520 -0.557604 -2.155248
vn -2.840327 -1.782861 -1.020630
vn -2.788568 -0.314982 -1.576128
vn -1.470351 -0.702506 -2.921018
vn -2.874447 -1.546220 -1.433729
vn -0.845332 0.092685 -2.667959
vn -2.857418 -1.450148 -1.589373
vn -2.810480 -1.381481 -1.759484
vn -0.592761 -0.121006 -2.749687
vn -0.372234 -0.464400 -2.821833
vn -2.685843 -1.529435 -1.936857
vn 0.153661 -1.173955 -2.624439
vn -2.092380 -2.452925 -1.834254
vn -2.434614 -2.002594 -1.967864
vn -0.156835 -0.922239 -2.811945
vn -1.357433 -2.939512 -1.332652
vn 0.804315 -1.459365 -1.730308
vn 0.985839 -1.099185 -1.215583
vn -0.922239 -2.997192 -1.072390
vn 0.994446 -1.027467 -0.853694
vn -0.847652 -2.980407 -0.765679
vn -1.691733 -2.764275 -1.639485
vn 0.472030 -1.393628 -2.295389
vn -2.275491 -2.291116 -0.159703
vn -1.866176 -2.485946 0.020600
vn -2.475814 -2.101718 -0.220130
vn 0.356975 -0.435530 -2.356426
vn 0.375835 0.157872 -1.875332
vn -1.515519 0.932310 -1.018433
vn -2.719779 -1.772057 -0.331950
vn -2.618885 -1.920255 -0.270363
vn 0.702567 -0.208167 -1.688498
vn 0.589709 -0.067660 -1.776757
vn 0.727958 -0.203589 -1.616230
vn 0.681997 -0.073946 -1.559587
vn -2.725944 -1.805628 -0.389935
vn -2.679800 -1.927641 -0.436140
vn -2.423017 -2.397931 -0.855220
vn -2.610218 -2.158299 -0.743583
vn 0.668752 0.081698 -1.211982
vn 0.483139 0.341533 -1.018616
vn -2.381817 -2.443709 -0.919248
vn 0.381329 0.446211 -1.012024
vn 0.702384 -0.038850 -1.421705
vn -2.680898 -1.994659 -0.569628
vn -2.616321 -0.722343 -2.144810
vn -2.892941 -1.561541 -1.318796
vn -1.029786 0.174963 -2.618152
vn -1.659200 -2.818903 -1.507218
vn -1.150456 0.635304 0.141514
vn -2.752678 -0.472152 -0.194128
vn -0.247902 0.400494 0.213538
vn -0.181860 0.681387 -0.290506
vn -2.693533 -0.035798 -0.550340
vn -0.074374 0.772759 -1.017151
vn -2.658925 0.111240 -1.114872
vn -0.007172 0.583056 -1.712790
vn -0.563097 0.589160 -2.132969
vn -2.490097 -0.218787 -2.081332
vn -2.606800 -0.014313 -1.668355
vn -2.908750 -1.579791 -1.143376
vn -2.860042 -1.686483 -1.262703
vn 0.860286 -0.334758 -0.689261
vn 0.903195 -0.426435 -0.779290
vn -2.927793 -1.531083 -1.041017
vn 0.931455 -0.487350 -0.919858
vn 0.191565 0.528245 -1.494400
vn -2.973327 -1.314341 -0.914426
vn -2.942991 -1.473159 -0.966491
vn 0.952574 -0.569689 -1.045961
vn 0.497787 0.242531 -0.539048
vn -2.775994 -0.511704 -0.220679
vn -2.830622 -1.402844 -1.697592
vn -0.968383 -1.617939 -2.901914
vn -2.994202 -1.099185 -1.115604
vn -2.985534 -1.028993 -1.238411
vn -0.681204 -1.346324 -2.943846
vn -0.729240 -0.832209 -2.974486
vn -0.148778 -1.170904 -2.801752
vn -2.822627 -1.085452 -1.818995
vn -2.575976 -0.847468 -2.221961
vn 0.110141 -0.810846 -2.652822
vn -1.283212 -1.889554 -2.768792
vn -2.973327 -0.890194 -0.693533
vn 0.448836 -1.389111 -2.322611
vn 0.678152 -1.180059 -2.073031
vn -2.394818 -0.511704 0.347636
vn -2.587634 -0.749809 0.190283
vn 0.974609 -1.027467 -1.316233
vn 0.892209 -1.070193 -1.643880
vn -2.958800 -1.054933 -0.599902
vn -2.822382 -0.902402 -0.181799
vn -2.154820 -0.224830 0.437117
vn 0.241737 -1.613361 -2.442854
vn 0.265969 -2.384991 -1.692099
vn -2.788568 -0.314982 -1.576128
vn -1.470351 -0.702506 -2.921018
vn -2.482406 -0.490402 -2.242103
vn 0.356975 -0.435530 -2.356426
vn -1.515519 0.932310 -1.018433
vn -2.988220 -1.119022 -0.818842
vn -0.616260 -1.146489 0.957335
vn -0.467513 -1.222785 0.914853
vn -0.034211 -1.328074 0.720328
vn 0.827570 -0.733024 -1.767174
vn 0.882077 -0.490402 -1.444777
vn 0.036042 -1.701926 0.560045
vn 0.681875 -1.202948 -2.063021
vn 0.150304 -1.471450 0.566637
vn -0.662038 -1.189215 0.962096
vn 0.825312 -0.185217 -0.934629
vn -0.284402 -0.577380 -2.819147
vn -0.001679 -0.459883 -2.646718
vn -1.756737 -1.404309 0.806574
vn -1.989898 -1.512650 0.660512
vn -0.557543 -0.671987 -2.922666
vn -1.560747 -1.325022 0.892025
vn -0.970275 0.174963 -2.618152
vn -1.387219 -0.997009 0.962157
vn 0.230506 -0.252174 -2.387982
vn -2.102329 -1.811975 0.457930
vn -1.568133 -2.456038 0.247841
vn 0.735099 -0.139317 -0.501572
vn 0.616260 -0.722343 -2.144810
vn 0.571459 -0.557604 -2.155248
vn -2.775994 -0.511704 -0.220679
vn -2.735160 -0.139317 -0.501572
vn -1.453749 0.909543 -0.615894
vn -1.566301 -1.515763 0.847468
vn -1.280221 0.805719 -0.187170
vn -1.402783 -1.738426 0.814509
vn -1.727256 -1.033570 0.862789
vn -1.082217 0.706229 0.040071
vn -0.917844 0.706229 0.040071
vn 0.735099 -0.139317 -0.501572
vn 0.775933 -0.511704 -0.220679
vn -0.546312 0.909543 -0.615894
vn -0.433760 -1.515763 0.847468
vn -0.719840 0.805719 -0.187170
vn -0.597278 -1.738426 0.814509
vn -2.830622 -1.402844 -1.697592
vn -2.571520 -0.557604 -2.155248
vn -1.050172 -2.766594 -0.063753
vn -0.935972 0.724235 -2.011322
vn -1.086245 -2.856563 -0.261269
vn -0.911985 0.853023 -1.747337
vn -0.973449 0.926145 -1.537797
vn -2.397687 -2.367107 -0.578539
vn -1.026612 0.926145 -1.537797
vn 0.830561 -1.402844 -1.697592
vn 0.571459 -0.557604 -2.155248
vn -1.064089 0.724235 -2.011322
vn -0.949889 -2.766594 -0.063753
vn -1.088076 0.853023 -1.747337
vn -0.913816 -2.856563 -0.261269
vn -1.150456 0.635304 0.141514
vn -1.383801 -1.146489 0.957335
vn -0.272805 -1.033570 0.862789
vn -0.849605 0.635304 0.141514
vn -0.616260 -1.146489 0.957335
vn 0.191565 0.528245 -1.494400
vn -0.431928 -2.456038 0.247841
vn 0.397626 -2.367107 -0.578539
vn -2.191626 0.528245 -1.494400
vn -1.568133 -2.456038 0.247841
vn -0.849605 0.635304 0.141514
vn 0.752617 -0.472152 -0.194128
vn 0.693472 -0.035798 -0.550340
vn -1.818201 0.681387 -0.290506
vn -1.752159 0.400494 0.213538
vn 0.658864 0.111240 -1.114872
vn -1.924222 0.773553 -1.018433
vn -1.974700 0.596057 -1.708823
vn 0.622913 -0.023347 -1.641926
vn 0.548143 -0.249428 -2.019745
vn -1.371044 0.580126 -2.168554
vn -2.903256 -0.426435 -0.779290
vn -2.860347 -0.334758 -0.689261
vn 0.908689 -1.579791 -1.143376
vn 0.859981 -1.686483 -1.262703
vn -2.929991 -0.481246 -0.922056
vn 0.927732 -1.531083 -1.041017
vn -2.191626 0.528245 -1.494400
vn -2.478927 0.284890 -0.597949
vn -2.945677 -0.542222 -1.068667
vn 0.937254 -1.494339 -0.948729
vn 0.961608 -1.360118 -0.850520
vn 0.775933 -0.511704 -0.220679
vn 0.830561 -1.402844 -1.697592
vn 0.840266 -1.782861 -1.020630
vn 0.874386 -1.546220 -1.433729
vn -0.529710 -0.702506 -2.921018
vn 0.788507 -0.314982 -1.576128
vn 0.856441 -1.450087 -1.592364
vn -1.154729 0.092624 -2.668020
vn 0.795343 -1.381481 -1.794397
vn 0.649464 -1.511185 -2.008820
vn -1.709922 -0.441633 -2.784478
vn -1.422498 -0.122654 -2.746941
vn -2.162328 -1.166326 -2.619068
vn -1.881985 -0.899350 -2.792230
vn 0.420576 -1.987274 -2.003632
vn 0.097140 -2.445418 -1.840785
vn -0.548265 -2.927122 -1.286752
vn -0.905454 -2.996826 -1.061769
vn -2.974731 -1.231941 -1.216010
vn -2.788080 -1.544755 -1.711447
vn -1.088626 -2.986999 -0.790033
vn -2.994568 -1.076296 -0.873226
vn -2.463668 -1.418104 -2.297281
vn -0.283608 -2.761040 -1.620930
vn -1.031678 -1.617939 -2.901914
vn -1.318857 -1.346324 -2.943846
vn 0.985473 -1.028993 -1.238411
vn 0.994140 -1.099185 -1.115604
vn -1.221076 -0.856624 -2.982605
vn -1.848781 -1.170904 -2.802912
vn -2.096469 -0.829157 -2.663930
vn 0.591174 -0.874935 -2.205176
vn 0.822749 -1.085452 -1.818690
vn 0.973266 -0.890194 -0.693533
vn -0.716849 -1.889554 -2.768792
vn 0.275430 -2.291116 -0.159703
vn -0.133885 -2.485946 0.020600
vn -2.375896 0.157872 -1.875332
vn -2.357036 -0.435530 -2.356426
vn 0.479782 -2.100375 -0.225868
vn -0.484542 0.932310 -1.018433
vn -2.725150 -0.203589 -1.624226
vn -2.599353 -0.063021 -1.751060
vn 0.744438 -1.772057 -0.399457
vn 0.635182 -1.921537 -0.309488
vn 0.737663 -1.808679 -0.428632
vn 0.683401 -1.921537 -0.437056
vn -2.745110 -0.200537 -1.561663
vn -2.688345 -0.073763 -1.539994
vn -2.714591 0.003815 -1.229133
vn -2.551317 0.261940 -1.027406
vn 0.515732 -2.295267 -0.842463
vn 0.669546 -2.064913 -0.719901
vn -2.393109 0.434614 -1.033021
vn 0.431379 -2.394513 -0.920225
vn 0.699576 -1.953825 -0.551012
vn -2.711966 -0.060030 -1.430738
vn 0.394757 -0.511704 0.347636
vn 0.587573 -0.749809 0.190283
vn -2.448897 -1.389111 -2.322611
vn -2.678213 -1.180059 -2.073031
vn 0.953734 -1.064089 -0.577380
vn 0.822321 -0.902402 -0.181799
vn -2.889767 -1.067141 -1.651509
vn -2.969604 -1.015259 -1.347179
vn -2.241798 -1.613361 -2.442854
vn 0.154759 -0.224830 0.437117
vn -2.242531 -2.416120 -1.671407
vn 0.616260 -0.722343 -2.144810
vn 0.892880 -1.561541 -1.318796
vn 0.541368 -0.542344 -2.189367
vn -0.970275 0.174963 -2.618152
vn -0.340861 -2.818903 -1.507218
vn 0.978149 -1.155644 -0.749809
vn 0.509506 -1.059511 -2.310648
vn -2.506333 -1.045778 -2.314859
vn -2.476302 -1.508072 -2.249977
vn 0.499313 -1.503555 -2.224097
vn -2.374432 -0.505600 -2.366253
vn 0.373699 -0.496445 -2.363567
vn 0.340678 -0.853572 -2.476852
vn -2.342265 -0.881039 -2.477889
vn -2.302164 -1.474563 -2.441938
vn 0.329447 -1.442518 -2.427167
vn -2.313150 -1.779687 -2.291421
vn -2.332987 -1.221198 -2.474532
vn 0.367229 -1.213630 -2.443953
vn 0.314860 -1.782861 -2.287759
vn -2.375957 -0.888668 -2.447249
vn 0.385662 -0.884091 -2.437483
vn 0.443098 -0.484359 -2.285134
vn -2.442671 -0.493515 -2.289285
vn -2.326884 -2.281655 -1.772607
vn 0.305094 -2.298685 -1.781152
vn 0.391827 -2.377972 -1.404859
vn -2.414960 -2.351909 -1.412854
vn 0.437239 -2.359844 -1.291879
vn -2.311319 -2.478256 -1.308908
vn 0.999939 -0.997009 -0.998535
vn 0.999939 -1.009156 -0.995849
vn -3.000000 -0.992431 -1.002258
vn -3.000000 -0.993957 -1.004212
vn 0.999878 -0.978698 -0.999268
vn 0.999939 -0.997009 -0.998169
vn -2.999878 -1.024415 -1.002686
vn -3.000000 -1.009156 -1.002686
vn 0.999695 -0.968017 -1.001892
vn -2.999878 -1.022889 -1.001892
vn 0.999939 -1.003052 -0.993225
vn 0.999878 -0.993957 -0.983276
vn -3.000000 -1.004578 -0.999329
vn -2.999939 -1.007630 -1.016785
vn 0.999939 -0.997009 -0.988647
vn -3.000000 -1.006104 -1.007263
vn 0.999939 -0.990905 -1.005737
vn -3.000000 -1.006104 -1.010682
vn -2.999939 -0.990905 -0.984619
vn -2.999939 -1.021363 -1.002930
vn 0.999756 -1.027467 -0.995849
vn 0.999756 -1.016785 -0.977660
vn -2.997742 -1.096133 -0.998657
vn 0.999451 -0.957335 -0.981445
vn -1.629719 -1.048830 -2.897702
vn -0.380108 -1.073244 -2.900082
vn -2.250160 -2.556139 -0.874874
vn 0.374676 -2.446455 -0.865658
vn -2.466720 -2.288491 -1.434339
vn 0.470565 -2.297586 -1.391919
vn 0.998901 -0.937498 -0.980102
vn -2.997742 -1.094607 -0.990051
vn -0.272805 -1.033570 0.862789
vn 0.400006 -0.926817 0.426313
vn 0.389813 -0.792535 0.423078
vn -2.389752 -0.792535 0.423200
vn -2.399274 -0.926817 0.427106
vn 0.384136 -0.600208 0.387127
vn -2.384197 -0.600208 0.387127
vn -2.369244 -1.117496 0.453047
vn 0.371319 -1.117496 0.451033
vn 0.369121 -1.653035 0.303385
vn 0.357708 -1.306711 0.436140
vn -2.357524 -1.306711 0.436323
vn -2.368389 -1.653157 0.304178
vn 0.382305 -0.993957 0.445296
vn -2.382366 -0.993957 0.445296
vn 0.323099 -2.101840 0.017426
vn -2.324748 -2.110935 0.005402
vn 0.402142 -0.848994 0.418073
vn -2.401349 -0.848994 0.418928
vn -2.484848 -1.042726 0.339152
vn 0.487411 -1.042726 0.336283
vn -2.250160 -2.556139 -0.874874
vn 0.374676 -2.446455 -0.865658
vn 0.376080 -2.321757 -0.400555
vn -2.347941 -2.362773 -0.429060
vn 0.999939 -1.001526 -1.000977
vn 0.999939 -0.997009 -1.000977
vn -3.000000 -0.997009 -1.000732
vn -3.000000 -1.001526 -0.999878
vn 0.999878 -1.006104 -1.020814
vn -2.999939 -1.006104 -1.020814
vn 0.999939 -0.998535 -1.001526
vn -3.000000 -1.000000 -0.998718
vn 0.999878 -0.987854 -1.016236
vn 0.999939 -0.997009 -1.005127
vn -3.000000 -0.997009 -1.004761
vn -2.999939 -0.989380 -1.014893
vn 0.999939 -0.990905 -1.001343
vn -3.000000 -0.990905 -1.001343
vn 0.999878 -0.990905 -1.013916
vn -2.999756 -1.015259 -1.029176
vn 0.397626 -2.367107 -0.578539
vn 0.999939 -0.992431 -1.001160
vn -3.000000 -0.992431 -1.000000
vn 0.999939 -1.003052 -1.001343
vn -3.000000 -1.003052 -0.998352
vn 0.998901 -0.937498 -0.980102
vn 0.999634 -0.969543 -0.982238
vn -2.997742 -1.094607 -0.990051
vn -2.999390 -1.045778 -1.019349
vn -1.727256 -1.033570 0.862789
vn -2.397687 -2.367107 -0.578539
vn 0.350017 -0.773736 0.458052
vn 0.972106 -0.810419 -1.273324
vn 0.348003 -0.785333 0.461715
vn 0.552354 0.252236 -0.852535
vn -2.843745 -1.237312 -1.737877
vn -0.588183 -1.069948 -2.955931
vn -2.603320 -2.118870 -1.421583
vn -1.188177 -0.026337 -2.736808
vn -2.178625 0.351665 -0.114780
vn 0.351848 -0.774712 0.456526
vn 0.377483 -2.299417 -1.643452
vn -2.458968 -1.074038 0.366009
vn -1.885037 -2.456648 0.046358
vn -2.750969 -0.552049 -1.856410
vn -0.050447 -2.370647 -2.104404
vn 0.352153 -0.774957 0.456282
vn 0.352214 -0.774957 0.456282
vn -0.807733 -1.970733 0.737968
vn -0.808100 -1.970977 0.737907
vn -2.547044 -2.260354 -1.135136
vn -1.446425 -0.219275 -2.786370
vn -1.446669 -0.219459 -2.786431
vn -2.547227 -2.260109 -1.135624
vn -0.115513 0.456648 -2.046724
vn -0.115024 0.456771 -2.046175
vn -2.241859 -2.458846 -0.425825
vn -2.241554 -2.458907 -0.425398
vn -0.400189 -1.651509 0.793207
vn -0.400311 -1.651692 0.793207
vn 0.612293 0.056001 -0.466109
vn 0.612354 0.056001 -0.466109
vn -0.603137 0.304361 -2.463241
vn -0.603137 0.304361 -2.463241
vn -1.599506 -0.348247 -2.793268
vn -1.599750 -0.348369 -2.793268
vn -2.612354 -2.056185 -1.533769
vn -2.612354 -2.056062 -1.533952
vn -2.406171 -2.397870 -0.737663
vn -2.406110 -2.397870 -0.737419
vn -2.583422 -1.747337 -1.966643
vn -2.583422 -1.747398 -1.966582
vn -0.070406 -1.329112 0.739921
vn -1.166326 -2.191442 0.597705
vn -1.166326 -2.191504 0.597705
vn -0.070345 -1.329051 0.739921
vn 0.406171 0.397626 -1.262703
vn -0.833857 0.191321 -2.597827
vn -2.216895 -1.021546 -2.587085
vn -2.217444 -1.022156 -2.586657
vn -1.929594 -0.670888 -2.739982
vn 0.352092 -0.775079 0.456343
vn 0.352092 -0.774957 0.456343
vn 0.583422 -0.252785 -0.033479
vn 0.406781 0.397321 -1.261055
vn -0.832881 0.191748 -2.597461
vn -1.929594 -0.670888 -2.740043
vn 0.583117 -0.253517 -0.032441
vn -2.461470 -1.424085 -2.297891
vn -2.461470 -1.424085 -2.297830
vn -2.302103 0.502548 -0.783563
vn -1.412671 -1.657918 0.843013
vn -1.412915 -1.657613 0.843074
vn -2.302225 0.502365 -0.783135
vn 0.216468 -2.585437 -0.918210
vn 0.216590 -2.585315 -0.918760
vn 0.266701 -1.721152 -2.369488
vn 0.266701 -1.721274 -2.369366
vn -1.524613 0.464522 -2.256935
vn -1.525162 0.464766 -2.256447
vn -1.413892 0.186377 0.555956
vn -2.638844 -2.026338 -1.510758
vn -2.237831 -2.255043 -1.944853
vn 0.259316 -1.727134 -2.373089
vn -1.417188 0.185461 0.555773
vn -2.638112 -2.026948 -1.512040
vn -2.237220 -2.255104 -1.945524
vn 0.456038 0.155248 -0.261757
vn 0.265114 -1.721946 -2.370464
vn 0.455794 0.155370 -0.261391
vn -1.611225 -1.419508 0.857479
vn -2.223609 0.580493 -1.068667
vn -0.591113 -0.339579 -2.843013
vn 0.262734 -1.709433 -2.379192
vn -1.616413 -1.410596 0.857784
vn -2.217994 0.584216 -1.081668
vn -0.587268 -0.341899 -2.842952
vn -0.474960 -2.464644 0.256630
vn 0.267251 -1.716514 -2.371380
vn -0.474960 -2.464644 0.256630
vn 0.047029 -2.632313 -0.510910
vn 0.370952 -2.211341 -1.808130
vn 0.370952 -2.211280 -1.808191
vn 0.046968 -2.632252 -0.510666
vn -1.983245 -0.871029 0.736808
vn -1.983245 -0.870907 0.736808
vn -1.114322 -1.970977 0.744743
vn -1.114383 -1.970977 0.744743
vn -0.885739 -0.029267 -2.744865
vn -2.047212 0.632130 -1.489334
vn 0.181982 -1.511734 -2.530015
vn -0.016877 -1.129032 -2.736869
vn 0.182226 -1.512528 -2.529588
vn -2.266701 -0.278909 0.369427
vn -2.371014 0.211280 -0.191992
vn -2.266762 -0.278848 0.369366
vn -2.048067 0.632069 -1.487747
vn -0.886410 -0.028413 -2.744438
vn -2.371075 0.210547 -0.191015
vn -0.016816 -1.129032 -2.736869
vn 0.327067 -1.916532 -2.182714
vn 0.327067 -1.916593 -2.182714
vn -1.825770 -2.193274 -2.376385
vn -2.275063 -2.376690 -1.692160
vn -2.755608 -0.603381 -1.872158
vn -2.052950 -0.920713 -2.698599
vn 0.059847 -0.920713 -2.694266
vn -0.173254 -2.192724 -2.376141
vn 0.756829 -0.603320 -1.869533
vn 0.275857 -2.376629 -1.690634
vn -2.087924 -0.655263 -2.642445
vn 0.089389 -0.655202 -2.641407
vn -1.983184 -0.313272 -2.600574
vn -0.013459 -0.310343 -2.597217
vn 0.076388 0.492721 -1.782983
vn -1.429579 0.174474 -2.560778
vn -0.571886 0.175024 -2.560778
vn -2.074923 0.491806 -1.786767
vn -1.000488 0.905332 -1.608051
vn -1.002442 0.193091 -2.605152
vn 0.504257 -0.499496 0.219153
vn 0.565539 -1.985870 -0.240333
vn 0.766228 -1.891079 -0.706168
vn 0.712271 -0.368328 -0.182226
vn 0.474227 -2.137913 -0.270852
vn 0.681448 -2.046480 -0.721549
vn 0.838740 -1.775292 -1.133610
vn 0.781487 -0.221656 -0.530686
vn 0.748283 -1.958281 -1.158025
vn 0.193945 -0.597278 0.553087
vn 0.248146 -2.095920 0.113987
vn 0.160985 -2.248634 0.045381
vn 0.604724 -0.157872 -0.154210
vn 0.407025 -0.292032 0.232398
vn 0.141087 -0.450789 0.547899
vn 0.659169 -0.020112 -0.464522
vn -0.149327 -0.771172 0.795465
vn -0.149205 -2.226295 0.331278
vn -0.231056 -2.372723 0.234596
vn -0.078707 -0.597278 0.728813
vn -0.564501 -0.905454 0.949644
vn -0.576952 -2.312174 0.448836
vn -0.622425 -2.440046 0.335490
vn -0.795038 0.186804 0.596606
vn 0.858394 -1.515824 -1.529313
vn 0.923643 -0.557604 -0.678030
vn 0.579394 -0.154637 -0.110874
vn 0.701224 -1.875637 -1.582171
vn 0.756340 -1.762902 -1.577166
vn 0.510544 -1.802393 -2.036530
vn 0.584765 -1.662313 -2.024628
vn 0.699576 -1.363170 -1.989654
vn 0.172033 -1.802515 -2.408002
vn 0.243385 -1.665426 -2.418195
vn -0.252907 -1.860439 -2.643605
vn -0.164708 -1.708091 -2.673574
vn 0.366497 -1.366222 -2.413678
vn -0.025971 -1.381542 -2.704581
vn -0.488754 -1.415113 -2.888485
vn -0.449446 -1.036622 -2.922422
vn 0.032990 -1.042726 -2.712027
vn 0.423810 -1.054933 -2.403485
vn 0.050447 -0.740654 -2.682058
vn -0.455855 -0.710135 -2.902585
vn 0.006623 -0.444563 -2.636464
vn 0.350993 -0.487350 -2.382733
vn 0.415204 -0.774224 -2.395062
vn -0.043062 -0.124241 -2.522202
vn 0.254433 -0.176305 -2.322001
vn -0.086764 0.135105 -2.370159
vn 0.182897 0.134861 -2.145787
vn -0.114292 0.351421 -2.178564
vn -0.151708 0.790399 -0.726798
vn 0.183264 0.574206 -0.651418
vn 0.455855 0.294229 -0.547044
vn 0.444990 -0.154454 -2.094028
vn -0.217627 0.776788 -0.519700
vn 0.085116 0.592822 -0.466048
vn 0.371075 0.308573 -0.361553
vn 0.599597 -0.484359 -2.084079
vn 0.684500 -0.789483 -2.057405
vn 0.727470 -1.073244 -2.005219
vn 0.779351 -0.340922 -0.368023
vn 0.824213 -0.612476 -0.277566
vn 0.671987 -0.044527 -0.460372
vn 0.676382 -0.307291 -0.157628
vn 0.713981 -0.554552 -0.070772
vn 0.577197 -0.026521 -0.248634
vn 0.966674 -0.966491 -1.361766
vn 0.976745 -1.170904 -1.251167
vn 0.983825 -1.253304 -0.983703
vn 0.926633 -0.688772 -1.437086
vn 0.817438 -0.343791 -1.515824
vn 0.597156 0.046663 -1.594440
vn 0.264138 0.412885 -1.636860
vn -0.111545 0.667043 -1.656819
vn 0.916135 -1.390576 -0.580859
vn 0.770135 -1.491348 -0.209387
vn 0.543870 -1.677511 0.075777
vn -0.269387 -0.829157 0.853877
vn -0.387921 -1.076296 0.902463
vn -0.295816 -0.890194 0.868648
vn -0.825251 0.047090 0.694937
vn -0.904538 0.227149 0.576342
vn -0.323893 -0.853572 0.876461
vn 0.167577 0.290323 -0.014313
vn -0.222694 0.491440 0.082186
vn -0.559984 -0.771172 0.937498
vn -1.098086 -2.098971 0.668081
vn -1.192145 -2.056185 0.687429
vn -0.218360 -0.951231 0.840266
vn 0.506943 -0.044771 -0.096469
vn -1.399060 -1.897366 0.742241
vn -0.186132 -1.045778 0.826289
vn 0.734794 -0.465926 -0.160314
vn -1.596759 -1.604205 0.810724
vn -0.203040 -1.082400 0.832453
vn 0.827326 -0.868831 -0.197790
vn -1.715293 -1.222785 0.854366
vn -0.225074 -1.054933 0.842891
vn 0.821467 -1.213630 -0.202307
vn -1.742393 -0.816950 0.848018
vn -0.284829 -0.966491 0.867428
vn -1.703513 -0.414228 0.778130
vn -1.511124 0.031648 0.635304
vn -1.176031 0.284646 0.522629
vn 0.223060 0.462325 -0.395489
vn -0.183996 0.702811 -0.341044
vn 0.572375 0.107456 -0.451460
vn 0.823786 -0.334941 -0.519028
vn 0.935911 -0.768120 -0.554796
vn 0.946776 -1.122074 -0.558336
vn -0.601062 0.833003 -0.306558
vn -0.156713 0.801752 -0.794061
vn -0.582080 0.944823 -0.793207
vn 0.258278 0.541612 -0.799982
vn 0.615162 0.165929 -0.822077
vn 0.863704 -0.285989 -0.871639
vn 0.976012 -0.710135 -0.894040
vn 0.996704 -1.033570 -0.890439
vn 0.273721 0.522996 -1.240608
vn -0.140477 0.787591 -1.255806
vn 0.633412 0.132542 -1.221564
vn 0.861873 -0.301126 -1.211737
vn 0.964538 -0.679678 -1.194586
vn 0.994507 -0.969543 -1.144780
vn -1.078738 -2.138402 0.642506
vn -0.815607 -0.722343 0.971984
vn -0.636158 0.601245 0.141636
vn -0.995849 0.633045 0.154576
vn -0.994201 0.872433 -0.297281
vn -0.519211 0.825739 -1.659749
vn -0.555040 0.933897 -1.248543
vn -0.994690 0.983886 -1.253060
vn -0.556627 0.892025 -0.527207
vn -0.542894 0.937437 -0.807062
vn -0.493271 0.232398 -2.491379
vn -0.508713 0.477096 -2.255653
vn -1.001160 0.532578 -2.284951
vn -0.473495 -0.063387 -2.686880
vn -0.458480 -0.398724 -2.828974
vn -0.999268 -0.365398 -2.896664
vn -0.999023 -0.691885 -2.976135
vn -0.998779 -1.033570 -2.999756
vn -0.563463 -1.744468 -2.804193
vn -0.612354 -1.887967 -2.749687
vn -0.999512 -2.339335 0.485336
vn -1.000183 -2.456038 0.371075
vn -0.998413 -0.987854 0.999939
vn -1.002991 0.153417 0.633839
vn -0.998108 -0.047578 0.758599
vn -0.998840 -0.722343 0.980590
vn -1.001770 -2.153905 0.633534
vn -0.993896 0.989196 -0.792718
vn -0.995178 0.888913 -1.657186
vn -0.995300 0.945921 -0.538316
vn -1.000244 0.988830 -0.789178
vn -1.000244 0.285318 -2.532273
vn -0.999695 -0.029633 -2.748833
vn -0.998657 -1.418165 -2.955809
vn -0.998596 -1.891385 -2.790399
vn -0.998657 -1.753990 -2.852473
vn -2.950377 -0.719291 -1.342540
vn -2.653005 -1.051881 0.124668
vn -2.196265 -0.047639 0.289102
vn -2.118564 0.550340 -0.412580
vn -2.112155 -2.434065 -0.159459
vn -2.681143 -1.354015 0.023957
vn -2.921506 -1.283761 -1.476760
vn -1.863247 -2.799737 -1.125553
vn -2.852473 -1.555437 -1.509781
vn -1.720359 -2.859859 -1.148747
vn -2.941099 -0.591052 -1.254768
vn -2.128147 0.453291 -0.215735
vn -2.609912 -1.863735 -1.813807
vn -1.599506 -2.887387 -1.280282
vn -2.455733 -1.845241 -2.080111
vn -1.354808 -2.870846 -1.611652
vn -2.646962 -1.613300 -1.954741
vn -2.864559 -1.488357 -1.533891
vn -2.294290 -1.720054 -2.344035
vn -1.057192 -2.662221 -2.110752
vn -2.384381 -1.506668 -2.351604
vn -0.759819 -2.215186 -2.570299
vn -2.109653 -1.497513 -2.587878
vn -0.506333 -1.533952 -2.863155
vn -1.986297 -1.112918 -2.736259
vn -2.108188 -1.238044 -2.647816
vn -0.448653 -0.728446 -2.903256
vn -1.974578 -0.652211 -2.711539
vn -2.098300 -0.642994 -2.632923
vn -2.001617 -0.295083 -2.581103
vn -0.520493 -0.026399 -2.679922
vn -2.706290 -0.002167 -1.304697
vn -2.805231 -0.160619 -1.191351
vn -2.018952 0.427717 -0.039216
vn -1.842433 0.650441 -0.247536
vn -1.599811 0.885800 -0.710257
vn -2.561266 0.110996 -1.572771
vn -0.678457 0.504562 -2.277810
vn -2.093234 -0.033052 -2.367412
vn -2.106357 -0.105808 -2.405866
vn -0.954283 0.853389 -1.750084
vn -2.213904 0.113926 -2.133824
vn -1.298776 0.965758 -1.215278
vn -2.385846 0.168737 -1.844752
vn -2.343669 0.117283 -1.972747
vn -2.767083 -0.112155 -1.298715
vn -2.511460 -0.911557 -2.306803
vn -2.496872 -0.288797 -2.119602
vn -2.590014 0.061983 -1.586505
vn -2.793146 -0.383648 -1.636128
vn -2.821589 -1.009156 -1.825709
vn -2.902158 -0.438520 -1.258187
vn -2.967772 -1.006104 -1.357738
vn 0.198157 -0.048189 0.287698
vn 0.654347 -1.054933 0.122471
vn 0.951048 -0.719291 -1.338267
vn 0.110752 0.555712 -0.411969
vn 0.674978 -1.357067 0.032868
vn 0.922727 -1.283761 -1.471572
vn 0.115574 -2.431013 -0.158849
vn -0.132176 -2.797540 -1.125736
vn 0.940855 -0.588183 -1.251595
vn 0.125828 0.454878 -0.215491
vn 0.805475 -0.160802 -1.189337
vn 0.014740 0.425825 -0.032014
vn 0.705802 -0.002167 -1.307138
vn -0.147801 0.649953 -0.257668
vn 0.557238 0.114048 -1.577776
vn -0.409955 0.888302 -0.706839
vn 0.385968 0.168615 -1.844569
vn -0.701651 0.966063 -1.213324
vn 0.216712 0.110324 -2.134312
vn -1.030335 0.850337 -1.758385
vn 0.094699 -0.041536 -2.372173
vn -1.321665 0.501022 -2.281960
vn 0.002716 -0.298074 -2.581713
vn -1.477065 -0.026460 -2.680654
vn -0.022919 -0.658254 -2.711295
vn -1.546892 -0.731498 -2.904965
vn -0.010590 -1.119022 -2.734062
vn -1.489273 -1.534074 -2.864254
vn 0.110080 -1.497391 -2.587512
vn -1.237434 -2.214332 -2.571337
vn 0.296609 -1.717063 -2.343364
vn 0.457381 -1.845241 -2.077731
vn -0.643971 -2.870785 -1.611042
vn -0.931150 -2.657948 -2.116550
vn 0.609729 -1.863613 -1.814173
vn -0.399762 -2.886837 -1.281930
vn 0.853877 -1.552263 -1.508011
vn -0.278115 -2.859127 -1.150151
vn 0.902585 -0.441511 -1.260872
vn 0.768181 -0.115024 -1.300302
vn 0.862301 -1.491348 -1.538896
vn 0.966918 -1.006104 -1.361950
vn 0.591479 0.061983 -1.582415
vn 0.344035 0.116733 -1.972808
vn 0.645558 -1.613544 -1.956816
vn 0.379986 -1.515702 -2.352580
vn 0.108799 -1.241096 -2.646962
vn 0.098300 -0.649098 -2.634205
vn 0.106418 -0.108615 -2.407575
vn 0.820368 -1.015259 -1.828211
vn 0.793207 -0.386639 -1.638752
vn 0.510605 -0.917661 -2.308146
vn 0.497116 -0.291910 -2.121189
vn -2.243141 -2.547899 -0.757927
vn -2.341655 -1.799707 0.249184
vn -2.969298 -0.786431 -0.723807
vn -2.569872 -1.937223 -1.810694
vn -2.405805 -0.221717 -2.190832
vn -2.312296 -1.280770 -2.482955
vn -2.342998 0.180883 -1.895474
vn -2.912229 -0.655141 -0.526109
vn -2.278237 0.448775 -1.516922
vn -1.594806 0.870357 -0.615406
vn -1.809900 -0.096774 0.590014
vn -1.509232 -0.115329 0.719840
vn -1.399792 0.888119 -0.475570
vn -1.457289 -1.595050 0.853816
vn -1.278817 -1.613544 0.882992
vn -1.279122 -0.200598 0.811884
vn -1.248848 0.868648 -0.332133
vn -1.131535 -1.756737 0.846614
vn -2.151219 0.620106 -1.223518
vn -2.819269 -0.511704 -0.327921
vn -2.241493 -1.765893 0.368267
vn -2.147984 -1.738609 0.461715
vn -2.305399 -0.169836 0.267556
vn -1.765648 -1.607379 0.744926
vn -1.635029 -1.610431 0.795526
vn -2.094882 -0.121067 0.424238
vn -1.756249 0.839656 -0.790887
vn -1.838893 0.812799 -0.900876
vn -2.066683 -1.683493 0.547594
vn -1.922636 -1.634846 0.656972
vn -2.510727 -0.252480 0.076449
vn -2.687246 -0.371258 -0.129551
vn -1.920194 0.775140 -0.955626
vn -2.008515 0.726676 -1.036866
vn 0.296609 -1.283822 -2.496078
vn 0.397565 -0.221717 -2.200354
vn 0.969054 -0.783380 -0.724662
vn 0.560350 -1.945952 -1.818812
vn 0.349101 -1.796716 0.242958
vn 0.241371 -2.549791 -0.761040
vn 0.911801 -0.652150 -0.527024
vn 0.244850 -1.762780 0.366863
vn 0.818354 -0.508713 -0.327738
vn 0.148228 -1.735618 0.462996
vn 0.686636 -0.368328 -0.130467
vn 0.066622 -1.680746 0.548753
vn 0.512009 -0.252297 0.074435
vn 0.304422 -0.166784 0.266457
vn -0.225440 -1.604266 0.742058
vn -0.078158 -1.634846 0.657399
vn 0.094638 -0.117893 0.422407
vn -0.187292 -0.093722 0.586779
vn -0.541551 -1.582842 0.857417
vn -0.364788 -1.613361 0.794427
vn -0.490280 -0.112278 0.718131
vn -0.715812 -1.604388 0.885189
vn 0.344646 0.175207 -1.900357
vn 0.277688 0.448897 -1.517655
vn 0.155004 0.617359 -1.223273
vn 0.001801 0.730522 -1.039857
vn -0.154271 0.809748 -0.902768
vn -0.083773 0.777154 -0.953856
vn -0.247902 0.842586 -0.802362
vn -0.407575 0.869381 -0.607227
vn -0.598071 0.886898 -0.472945
vn -0.869808 -1.747826 0.850337
vn -0.721854 -0.197607 0.810663
vn -1.001282 -0.252419 0.854976
vn -1.000793 0.842341 -0.221839
vn -0.751946 0.867855 -0.329753
vn -1.004028 -1.784326 0.839778
vn -1.381848 -2.770928 -0.152623
vn -0.821162 -2.165868 0.615101
vn -0.821345 -2.165929 0.615101
vn -1.381848 -2.770928 -0.152562
vn -1.821497 -2.813593 -1.189886
vn -1.821497 -2.813593 -1.189947
vn -1.999481 -2.281289 -2.165990
vn -1.999481 -2.281289 -2.165990
vn -1.860927 -1.341807 -2.772576
vn -1.860927 -1.341807 -2.772576
vn -1.448744 -0.292154 -2.815912
vn -1.448744 -0.292154 -2.815912
vn -0.894284 0.531053 -2.282449
vn -0.894284 0.531114 -2.282327
vn -0.373028 0.867977 -1.342601
vn -0.373028 0.867977 -1.342601
vn -0.050691 0.612049 -0.293069
vn -0.050569 0.611988 -0.293008
vn -0.030427 -0.154759 0.531419
vn -0.030427 -0.154820 0.531419
vn -0.317667 -1.192267 0.870113
vn -0.317667 -1.192267 0.870113
vn -0.030427 -0.154759 0.531419
vn -0.030427 -0.154820 0.531419
vn -2.712821 -0.383526 -0.171667
vn -2.968993 -1.283761 -0.793329
vn -2.968993 -1.283761 -0.793329
vn -2.712821 -0.383526 -0.171667
vn -2.595508 -2.122776 -1.440382
vn -2.595508 -2.122776 -1.440382
vn -1.712119 -2.633412 -1.908231
vn -1.712119 -2.633412 -1.908292
vn -0.597278 -2.656178 -2.046419
vn -0.597278 -2.656117 -2.046480
vn 0.394024 -2.180883 -1.813745
vn 0.394024 -2.180883 -1.813745
vn 0.946898 -1.360118 -1.282357
vn 0.946898 -1.360118 -1.282418
vn 0.886288 -0.453780 -0.621387
vn 0.886288 -0.453780 -0.621387
vn 0.230689 0.250893 -0.040681
vn 0.230689 0.250893 -0.040681
vn -0.810846 0.528733 0.275552
vn -0.810663 0.528733 0.275552
vn -1.907681 0.293313 0.226112
vn -1.907681 0.293313 0.226112
vn 0.886288 -0.453780 -0.621387
vn 0.886288 -0.453780 -0.621387
vn 0.141270 -0.225074 -2.448042
vn -0.089877 -0.893246 -2.777703
vn -0.089877 -0.893246 -2.777703
vn 0.141270 -0.225074 -2.448042
vn 0.199072 0.324625 -1.898587
vn 0.199072 0.324625 -1.898587
vn 0.074496 0.673391 -1.211982
vn 0.074496 0.673391 -1.211982
vn -0.214209 0.767754 -0.492721
vn -0.214209 0.767815 -0.492843
vn -0.622791 0.593066 0.148717
vn -0.622791 0.593066 0.148717
vn -1.088321 0.175085 0.615894
vn -1.088321 0.175146 0.615833
vn -1.540300 -0.420270 0.836238
vn -1.540300 -0.420270 0.836238
vn -1.910184 -1.106815 0.777642
vn -1.910184 -1.106815 0.777642
vn -2.141270 -1.774987 0.448042
vn -2.141331 -1.774987 0.447981
vn -2.199133 -2.324625 -0.101413
vn -2.199133 -2.324625 -0.101413
vn -2.074679 -2.673391 -0.788018
vn -2.074679 -2.673391 -0.788018
vn -1.785852 -2.767876 -1.507218
vn -1.785852 -2.767815 -1.507340
vn -1.377087 -2.593127 -2.148839
vn -1.377087 -2.593127 -2.148839
vn -0.911740 -2.175207 -2.615894
vn -0.911740 -2.175146 -2.615955
vn -0.459761 -1.579791 -2.836299
vn -0.459761 -1.579791 -2.836299
vn -0.214209 0.767754 -0.492721
vn -0.214209 0.767815 -0.492843
vn 0.304666 -0.685720 0.482833
vn 0.593493 -1.335643 0.161046
vn 0.593493 -1.335643 0.161046
vn 0.304666 -0.685720 0.482833
vn -0.183081 -0.084323 0.579211
vn -0.183081 -0.084323 0.579211
vn -0.795160 0.379009 0.433943
vn -0.795282 0.379009 0.433943
vn -1.438551 0.630421 0.072054
vn -1.438551 0.630421 0.072054
vn -2.014313 0.635060 -0.454573
vn -2.014313 0.635060 -0.454573
vn -2.437483 0.389142 -1.063356
vn -2.437483 0.389142 -1.063356
vn -2.639821 -0.066317 -1.662740
vn -2.639821 -0.066317 -1.662740
vn -2.593493 -0.664357 -2.161107
vn -2.593493 -0.664357 -2.161107
vn -2.304544 -1.314341 -2.483078
vn -2.304544 -1.314341 -2.483078
vn -1.817103 -1.915738 -2.579211
vn -1.817103 -1.915738 -2.579211
vn -1.204779 -2.379070 -2.434004
vn -1.204718 -2.379070 -2.434004
vn -0.561510 -2.630482 -2.072115
vn -0.561571 -2.630360 -2.072237
vn 0.014252 -2.635121 -1.545488
vn 0.014252 -2.635121 -1.545488
vn 0.437422 -2.389203 -0.936705
vn 0.437422 -2.389203 -0.936705
vn 0.639760 -1.933744 -0.337321
vn 0.639821 -1.933744 -0.337504
vn -2.437483 0.389142 -1.063356
vn -2.437483 0.389142 -1.063356
vn 0.045808 0.406110 -1.963897
vn 0.741935 -0.957335 -1.981719
vn 0.098727 -1.177007 -2.661794
vn -0.516526 0.028169 -2.645924
vn -1.261971 0.945616 -1.381970
vn -1.673971 0.504929 -2.131809
vn -2.694693 -0.023835 -1.418348
vn -2.417341 0.345927 -0.576220
vn -2.982482 -1.253304 -0.925108
vn -2.741997 -1.042726 -0.018342
vn -2.045808 -2.406110 -0.036042
vn -2.367168 -2.458540 -0.940367
vn -1.210212 -2.936094 -1.455580
vn -0.738090 -2.945677 -0.618091
vn -0.188818 -2.406415 -2.167882
vn 0.417280 -2.345988 -1.423841
vn -1.826991 -2.016572 -2.510911
vn -2.214576 -1.857509 -2.337748
vn -2.420393 -1.454665 -2.332621
vn -1.388318 -1.427320 -2.914853
vn -1.982147 -0.865780 -2.737113
vn -2.324381 -1.042726 -2.498154
vn -1.594378 -1.024415 -2.909543
vn -1.484573 -1.839381 -2.749504
vn -2.583117 0.222205 -1.000000
vn -1.790551 0.220863 0.372723
vn -1.590167 0.669301 -0.069979
vn -2.002228 0.730522 -1.028016
vn -0.205908 0.218970 0.372295
vn -0.418012 0.606494 0.039338
vn 0.586535 0.217628 -1.000000
vn 0.173254 0.619251 -1.036073
vn -0.503403 0.690542 -1.946196
vn -0.205908 0.219031 -2.372295
vn -1.790551 0.220863 -2.372784
vn -1.502701 0.739250 -1.849818
vn -2.586596 -2.217689 -1.000000
vn -1.794214 -2.219092 0.372234
vn -0.209510 -2.220923 0.372723
vn 0.583056 -2.222266 -1.000000
vn -0.209571 -2.220862 -2.372845
vn -1.794153 -2.219092 -2.372295
vn -1.790551 0.220863 -2.372784
vn -1.502701 0.739250 -1.849818
vn -1.794153 -2.219092 -2.372295
vn -1.792871 -2.219398 0.372723
vn -1.792138 0.220374 0.372173
vn -2.584399 0.220496 -1.000000
vn -2.585315 -2.219398 -1.000000
vn -0.207923 -2.220435 0.372173
vn -0.207923 0.220374 0.372173
vn 0.584338 -2.220557 -1.000000
vn 0.585253 0.219337 -1.000000
vn -0.207862 -2.220496 -2.372234
vn -0.207862 0.220435 -2.372234
vn -1.792505 -2.219520 -2.372906
vn -1.792138 0.220374 -2.372234
vn -1.792871 -2.219398 0.372723
vn -1.792138 0.220374 0.372173
vn -1.792138 0.220374 0.372173
vn -2.584399 0.220496 -1.000000
vn -2.585315 -2.219398 -1.000000
vn -1.792138 -2.220435 0.372173
vn -0.207923 -2.220435 0.372173
vn -0.207556 0.219459 0.372845
vn 0.584338 -2.220557 -1.000000
vn 0.585253 0.219337 -1.000000
vn -0.207923 -2.220435 -2.372234
vn -0.207190 0.219337 -2.372784
vn -1.792199 -2.220496 -2.372234
vn -1.792138 0.220374 -2.372234
vn -1.792138 0.220374 0.372173
vn -1.792138 -2.220435 0.372173
vn -1.000061 0.251198 -2.560289
vn -1.000061 -0.963439 -2.999695
vn -2.420454 -0.972594 -2.407697
vn -2.097995 0.254189 -2.105136
vn -3.000000 -1.000000 -0.987854
vn -2.552904 0.260292 -1.007263
vn -2.408368 -1.027467 0.419782
vn -2.098117 0.266640 0.090732
vn -1.000061 -1.036622 0.999634
vn -1.000061 0.269509 0.545335
vn 0.408307 -1.027467 0.419721
vn 0.098117 0.266579 0.090732
vn 0.999939 -1.000000 -0.987854
vn 0.552843 0.260353 -1.007263
vn 0.420454 -0.972594 -2.407697
vn 0.097995 0.254189 -2.105075
vn -1.000061 -0.768120 -2.986511
vn -2.431807 -0.838313 -2.387066
vn -2.999695 -1.006104 -0.964965
vn -2.396588 -1.164800 0.422040
vn -1.000061 -1.228889 0.986816
vn 0.396771 -1.164800 0.421857
vn 0.999634 -1.006104 -0.964965
vn 0.431745 -0.838313 -2.387005
vn -1.000061 -2.040376 -2.708121
vn -2.108799 -2.101718 -2.247780
vn -2.553575 -2.251015 -1.146855
vn -2.085543 -2.398175 -0.069002
vn -1.000061 -2.459090 0.367840
vn 0.085543 -2.398114 -0.069002
vn 0.553514 -2.251015 -1.146855
vn 0.108799 -2.101657 -2.247780
vn -1.000061 -1.036622 0.999634
vn -1.000061 0.269509 0.545335
vn -1.000061 -1.228889 0.986816
vn -1.000061 -2.459090 0.367840
vn -2.097568 0.445967 -1.839320
vn -1.000061 0.531663 -2.286111
vn -1.000061 -0.270852 -2.862361
vn -2.468123 -0.505661 -2.264992
vn -2.552232 0.238441 -0.761711
vn -2.998108 -1.030519 -0.918455
vn -2.097629 0.031159 0.316019
vn -2.379314 -1.527848 0.348613
vn -1.000061 -0.056795 0.763543
vn -1.000061 -1.729209 0.862301
vn 0.379498 -1.527909 0.348369
vn 0.097568 0.031098 0.315958
vn 0.998108 -1.030519 -0.918821
vn 0.552171 0.238441 -0.761711
vn 0.468123 -0.505661 -2.264992
vn 0.097568 0.445906 -1.839320
vn -1.000061 0.345073 -2.480087
vn -2.468307 -0.087436 -2.005707
vn -2.998108 -1.057985 -0.935240
vn -2.379559 -1.973540 0.071871
vn -1.000061 -2.345134 0.480026
vn 0.379559 -1.973540 0.071871
vn 0.998047 -1.057985 -0.935240
vn 0.468246 -0.087497 -2.005646
vn -1.000061 0.345866 -2.479415
vn -2.379925 -0.026399 -2.071383
vn -2.998169 -0.942076 -1.064455
vn -2.467391 -1.915311 0.004486
vn -1.000061 -2.345927 0.479354
vn 0.467391 -1.915250 0.004425
vn 0.998108 -0.942076 -1.064455
vn 0.379925 -0.026399 -2.071322
vn -1.000061 -0.267556 -2.861080
vn -2.379559 -0.469100 -2.347209
vn -2.998169 -0.969543 -1.080874
vn -2.468001 -1.497513 0.263894
vn -1.000061 -1.732505 0.861019
vn 0.468001 -1.497513 0.263894
vn 0.998108 -0.969543 -1.080874
vn 0.379681 -0.469039 -2.346965
vn -1.000061 -1.225837 -2.987243
vn -2.365764 -1.173955 -2.450728
vn -2.994507 -1.024415 -1.146855
vn -2.520920 -0.826106 0.287027
vn -1.000122 -0.719291 0.980163
vn 0.520920 -0.826106 0.286965
vn 0.994446 -1.024415 -1.146855
vn 0.365764 -1.173955 -2.450667
vn -1.000061 -2.037446 -2.709891
vn -2.393780 -1.744407 -2.226112
vn -2.999390 -1.024415 -1.044618
vn -2.444014 -0.270547 0.175817
vn -1.000061 0.058687 0.696768
vn 0.444014 -0.270608 0.175817
vn 0.999329 -1.024415 -1.044618
vn 0.393719 -1.744407 -2.226051
vn -1.000061 -1.954924 -2.757317
vn -2.461898 -1.659017 -2.195227
vn -2.998718 -0.972594 -0.932188
vn -2.389752 -0.301126 0.256996
vn -1.000061 -0.017487 0.741935
vn 0.389752 -0.301187 0.256935
vn 0.998657 -0.972594 -0.932188
vn 0.462630 -1.656270 -2.195776
vn -1.000061 -1.195318 -2.990478
vn -2.473678 -1.146489 -2.344218
vn -2.996460 -1.006104 -0.881039
vn -2.359416 -0.823054 0.456221
vn -1.000061 -0.737602 0.982666
vn 0.359600 -0.823054 0.456038
vn 0.996460 -1.006104 -0.881405
vn 0.473861 -1.146489 -2.343974
vn -2.114475 -2.251564 -2.091647
vn -1.000061 -2.254066 -2.558031
vn -2.557299 -2.254066 -0.952757
vn -2.059664 -2.260354 0.135167
vn -1.000061 -2.263710 0.550157
vn 0.059664 -2.260354 0.135167
vn 0.557238 -2.254066 -0.952757
vn 0.114475 -2.251503 -2.091647
vn -1.000061 -0.056795 0.763543
vn -1.000061 -1.729209 0.862301
vn -1.000061 -2.345134 0.480026
vn -1.000061 -2.345927 0.479354
vn -1.000061 -1.732505 0.861019
vn -1.000122 -0.719291 0.980163
vn -1.000061 0.058687 0.696768
vn -1.000061 -0.017487 0.741935
vn -1.000061 -0.737602 0.982666
vn -1.000061 -2.263710 0.550157
vn -2.984985 -1.161748 -0.816523
vn -3.000000 -1.009156 -0.992920
vn -3.000000 -1.009156 -0.992920
vn -2.985168 -1.161748 -0.817988
vn -2.942869 -1.314341 -0.644398
vn -2.942869 -1.314341 -0.644398
vn -2.864803 -1.503555 -0.481307
vn -2.864803 -1.503555 -0.481307
vn -2.790643 -1.625507 -0.365642
vn -2.788385 -1.628559 -0.362346
vn -2.657399 -1.793664 -0.210608
vn -2.655568 -1.796533 -0.209632
vn -2.431379 -1.983001 -0.007538
vn -2.428144 -1.985687 -0.005585
vn -2.024506 -2.186743 0.241798
vn -2.025544 -2.186682 0.240944
vn -1.601825 -2.300333 0.395306
vn -1.598224 -2.300638 0.396588
vn -1.377148 -2.333048 0.442427
vn -1.377148 -2.333048 0.442427
vn -0.988586 0.642323 0.141270
vn -0.991272 0.636158 0.150059
vn -0.983093 0.653249 0.125340
vn -0.978332 0.660146 0.115024
vn -0.977355 0.665273 0.107334
vn -0.983337 0.666799 0.105075
vn -0.988159 0.668325 0.102878
vn -0.991272 0.636158 0.150059
vn -0.988403 0.642567 0.140904
vn -0.982910 0.653371 0.125034
vn -0.978332 0.660207 0.114902
vn -0.977355 0.665273 0.107334
vn -0.983093 0.666799 0.105075
vn -0.988159 0.668325 0.102878
vn 0.792779 -1.622456 -0.368816
vn 0.867367 -1.500443 -0.487899
vn 0.867367 -1.500443 -0.487899
vn 0.790521 -1.625568 -0.365520
vn 0.657277 -1.793664 -0.210425
vn 0.655446 -1.796472 -0.209510
vn 0.431318 -1.983001 -0.007538
vn 0.428083 -1.985687 -0.005585
vn 0.025483 -2.186682 0.240944
vn 0.024506 -2.186804 0.241676
vn -0.398236 -2.300333 0.395306
vn -0.401837 -2.300638 0.396588
vn -0.622913 -2.333048 0.442427
vn -0.622913 -2.333048 0.442427
vn -1.000000 -2.419172 0.409223
vn -1.000000 -2.419172 0.409223
vn -1.000000 -2.419172 0.409223
vn -1.000000 -2.419172 0.409223
vn -1.000000 0.330790 -2.492965
vn -1.000000 0.330790 -2.492965
vn -1.000000 0.330790 -2.492965
vn -1.000000 0.330790 -2.492965
vn -1.000000 -0.990905 -3.000000
vn -1.000000 -0.990905 -3.000000
vn -1.000000 -0.990905 -3.000000
vn -1.000000 -0.990905 -3.000000
vn -1.000000 -2.990967 -0.809564
vn -1.000000 -2.990967 -0.809564
vn -1.000000 -2.990967 -0.809564
vn -1.000000 -2.990967 -0.809564
vn -1.000000 -2.517563 -2.302713
vn -1.000000 -2.517563 -2.302713
vn -1.000000 -2.517563 -2.302713
vn -1.000000 -2.517563 -2.302713
vn -1.000000 -2.999329 -0.947813
vn -1.000000 -2.999329 -0.947813
vn -1.000000 -2.999329 -0.947813
vn -1.000000 -2.999329 -0.947813
vn -2.997620 -0.905454 -1.026307
vn -2.997620 -0.905454 -1.026307
vn -2.997620 -0.905454 -1.026307
vn -2.997620 -0.905454 -1.026307
vn 0.997558 -0.905454 -1.026307
vn 0.997558 -0.905454 -1.026307
vn 0.997558 -0.905454 -1.026307
vn 0.997558 -0.905454 -1.026307
vn -3.000061 -1.000000 -1.000000
vn -3.000061 -1.000000 -1.000000
vn -3.000061 -1.000000 -1.000000
vn -3.000061 -1.000000 -1.000000
vn -3.000061 -1.000000 -1.000000
vn -3.000061 -1.000000 -1.000000
vn 1.000000 -1.000000 -1.000000
vn 1.000000 -1.000000 -1.000000
vn 1.000000 -1.000000 -1.000000
vn 1.000000 -1.000000 -1.000000
vn 1.000000 -1.000000 -1.000000
vn 1.000000 -1.000000 -1.000000
vn -2.858150 -0.350078 -1.353465
vn -2.858150 -0.350078 -1.353465
vn -2.858150 -0.350078 -1.353465
vn -2.858211 -0.350139 -1.353404
vn -2.858211 -0.350139 -1.353404
vn -2.858211 -0.350139 -1.353343
vn -1.395398 -1.064089 0.959471
vn -1.395581 -1.064089 0.959410
vn -1.395581 -1.064089 0.959410
vn -1.395581 -1.064089 0.959410
vn -0.624866 0.653127 0.061251
vn -0.624866 0.653127 0.061251
vn -0.624866 0.653127 0.061190
vn -0.624866 0.653127 0.061190
vn 0.962889 -1.183111 -1.336680
vn 0.962889 -1.183111 -1.336619
vn 0.962889 -1.183111 -1.336619
vn 0.962889 -1.183111 -1.336619
vn -2.524400 -0.099521 -1.930265
vn -2.524400 -0.099521 -1.930265
vn -2.524400 -0.099521 -1.930265
vn -2.524400 -0.099521 -1.930265
vn -2.962951 -0.816950 -0.663259
vn -2.962951 -0.816950 -0.663259
vn -2.962951 -0.816950 -0.663259
vn -2.962951 -0.816950 -0.663259
vn -1.766198 -1.881741 0.623402
vn -1.766198 -1.881741 0.623402
vn -1.766198 -1.881741 0.623402
vn -1.766198 -1.881741 0.623402
vn -0.604663 -1.064089 0.959471
vn -0.604480 -1.064089 0.959410
vn -0.604480 -1.064089 0.959410
vn -0.604480 -1.064089 0.959410
vn -1.398633 -0.923765 -2.958434
vn -1.398633 -0.923765 -2.958434
vn -1.398633 -0.923765 -2.958434
vn -1.398633 -0.923765 -2.958434
vn -1.375195 0.653127 0.061251
vn -1.375195 0.653127 0.061251
vn -1.375195 0.653127 0.061190
vn -1.375195 0.653127 0.061190
vn -2.962951 -1.183111 -1.336680
vn -2.962951 -1.183111 -1.336619
vn -2.962951 -1.183111 -1.336619
vn -2.962951 -1.183111 -1.336619
vn -1.766198 -0.118320 -2.623463
vn -1.766198 -0.118320 -2.623402
vn -1.766198 -0.118320 -2.623402
vn -1.766198 -0.118320 -2.623463
vn 0.524338 -0.099521 -1.930265
vn 0.524338 -0.099521 -1.930265
vn 0.524338 -0.099521 -1.930265
vn 0.524338 -0.099521 -1.930265
vn 0.962889 -0.816950 -0.663259
vn 0.962889 -0.816950 -0.663259
vn 0.962889 -0.816950 -0.663259
vn 0.962889 -0.816950 -0.663259
vn -0.982116 -0.377544 0.900510
vn -0.974120 -0.997009 0.999817
vn -0.974120 -0.997009 0.999817
vn -0.981933 -0.377544 0.900510
vn -0.991638 0.178259 0.615955
vn -0.991638 0.178259 0.615955
vn -1.001892 0.620411 0.172216
vn -1.001892 0.620411 0.172216
vn -1.012207 0.903378 -0.386151
vn -1.012207 0.903378 -0.386151
vn -1.021363 0.999878 -1.003906
vn -1.021363 0.999878 -1.003967
vn -1.028382 0.900693 -1.621601
vn -1.028199 0.900754 -1.621540
vn -1.032655 0.615039 -2.179235
vn -1.032411 0.615039 -2.179235
vn -1.033570 0.171911 -2.620350
vn -1.033570 0.171911 -2.620350
vn -1.031312 -0.386578 -2.903378
vn -1.031312 -0.386578 -2.903378
vn -1.025941 -1.003052 -2.999878
vn -1.025941 -1.003052 -2.999878
vn -1.018311 -1.622517 -2.900571
vn -1.018311 -1.622517 -2.900571
vn -1.008606 -2.178320 -2.616016
vn -1.008789 -2.178320 -2.616016
vn -0.998169 -2.620472 -2.172277
vn -0.998352 -2.620472 -2.172277
vn -0.988037 -2.903440 -1.613910
vn -0.987854 -2.903440 -1.613910
vn -0.978698 -2.999939 -0.996094
vn -0.978881 -2.999939 -0.996094
vn -0.971862 -2.900754 -0.378460
vn -0.971862 -2.900754 -0.378399
vn -0.967650 -2.615100 0.179113
vn -0.967406 -2.615039 0.179174
vn -0.966491 -2.171972 0.620289
vn -0.966491 -2.171972 0.620289
vn -0.968749 -1.613483 0.903317
vn -0.968749 -1.613483 0.903317
vn -0.973327 -0.380535 0.901425
vn -0.973327 -0.374371 0.899411
vn -0.961913 -0.990905 0.999573
vn -0.961547 -0.997009 0.999573
vn -0.987487 0.175207 0.618152
vn -0.987854 0.181127 0.613880
vn -1.003052 0.617603 0.176061
vn -1.003052 0.620960 0.171422
vn -1.017945 0.901669 -0.381085
vn -1.017945 0.903317 -0.386029
vn -1.030885 0.999756 -0.999695
vn -1.030885 0.999756 -1.002625
vn -1.040834 0.901425 -1.618793
vn -1.040834 0.901120 -1.619587
vn -1.046876 0.616504 -2.176733
vn -1.046937 0.616932 -2.176122
vn -1.048463 0.171667 -2.620167
vn -1.048463 0.174535 -2.618030
vn -1.045412 -0.383648 -2.902158
vn -1.045412 -0.389630 -2.904050
vn -1.037782 -1.009156 -2.999634
vn -1.037782 -1.003052 -2.999695
vn -1.026307 -1.622395 -2.900510
vn -1.026307 -1.628559 -2.898495
vn -1.012574 -2.183935 -2.611927
vn -1.012574 -2.178137 -2.616138
vn -0.997375 -2.620350 -2.172460
vn -0.997375 -2.623524 -2.168005
vn -0.982482 -2.904599 -1.610187
vn -0.982543 -2.903440 -1.613788
vn -0.969176 -2.999756 -0.995239
vn -0.969176 -2.999756 -0.992859
vn -0.958495 -2.900082 -0.377056
vn -0.958495 -2.899960 -0.376812
vn -0.952025 -2.613880 0.180334
vn -0.951964 -2.614551 0.179357
vn -0.950499 -2.168798 0.622181
vn -0.950499 -2.171850 0.619984
vn -0.953917 -1.613544 0.903012
vn -0.953917 -1.610309 0.904050
vn -3.000061 -1.000000 -1.000000
vn -3.000061 -1.000000 -1.000000
vn -3.000061 -1.000000 -1.000000
vn -3.000061 -1.000000 -1.000000
vn -1.017945 -0.377544 0.900510
vn -1.018128 -0.377544 0.900510
vn -1.025941 -0.997009 0.999817
vn -1.025941 -0.997009 0.999817
vn -1.008423 0.178259 0.615955
vn -1.008423 0.178259 0.615955
vn -0.998169 0.620411 0.172216
vn -0.998169 0.620411 0.172216
vn -0.987854 0.903378 -0.386151
vn -0.987854 0.903378 -0.386151
vn -0.978698 0.999878 -1.003906
vn -0.978698 0.999878 -1.003967
vn -0.971862 0.900754 -1.621540
vn -0.971679 0.900693 -1.621601
vn -0.967650 0.615039 -2.179235
vn -0.967406 0.615039 -2.179235
vn -0.966491 0.171911 -2.620350
vn -0.966491 0.171911 -2.620350
vn -0.968749 -0.386578 -2.903378
vn -0.968749 -0.386578 -2.903378
vn -0.974120 -1.003052 -2.999878
vn -0.974120 -1.003052 -2.999878
vn -0.981750 -1.622517 -2.900571
vn -0.981750 -1.622517 -2.900571
vn -0.991272 -2.178320 -2.616016
vn -0.991455 -2.178320 -2.616016
vn -1.001892 -2.620472 -2.172277
vn -1.001709 -2.620472 -2.172277
vn -1.012207 -2.903440 -1.613910
vn -1.012024 -2.903440 -1.613910
vn -1.021180 -2.999939 -0.996094
vn -1.021363 -2.999939 -0.996094
vn -1.028199 -2.900754 -0.378460
vn -1.028199 -2.900754 -0.378399
vn -1.032411 -2.615100 0.179113
vn -1.032655 -2.615039 0.179174
vn -1.033570 -2.171972 0.620289
vn -1.033570 -2.171972 0.620289
vn -1.031312 -1.613483 0.903317
vn -1.031312 -1.613483 0.903317
vn -1.038148 -0.990905 0.999573
vn -1.026734 -0.374371 0.899411
vn -1.026734 -0.380535 0.901425
vn -1.038514 -0.997009 0.999573
vn -1.012207 0.181127 0.613880
vn -1.012574 0.175207 0.618152
vn -0.997009 0.620960 0.171422
vn -0.997009 0.617603 0.176061
vn -0.982116 0.903317 -0.386029
vn -0.982116 0.901669 -0.381085
vn -0.969176 0.999756 -1.002625
vn -0.969176 0.999756 -0.999695
vn -0.959227 0.901120 -1.619587
vn -0.959227 0.901425 -1.618793
vn -0.953124 0.616932 -2.176122
vn -0.953185 0.616504 -2.176733
vn -0.951598 0.174535 -2.618030
vn -0.951598 0.171667 -2.620167
vn -0.954650 -0.383648 -2.902158
vn -0.954650 -0.389630 -2.904050
vn -0.962279 -1.003052 -2.999695
vn -0.962279 -1.009156 -2.999634
vn -0.973754 -1.622395 -2.900510
vn -0.973754 -1.628559 -2.898495
vn -0.987487 -2.178137 -2.616138
vn -0.987487 -2.183935 -2.611927
vn -1.002686 -2.620350 -2.172460
vn -1.002686 -2.623524 -2.168005
vn -1.017518 -2.903440 -1.613788
vn -1.017579 -2.904599 -1.610187
vn -1.030885 -2.999756 -0.992859
vn -1.030885 -2.999756 -0.995239
vn -1.041566 -2.899960 -0.376812
vn -1.041566 -2.900082 -0.377056
vn -1.048036 -2.613880 0.180334
vn -1.048097 -2.614551 0.179357
vn -1.049562 -2.171850 0.619984
vn -1.049562 -2.168798 0.622181
vn -1.046144 -1.613544 0.903012
vn -1.046144 -1.610309 0.904050
vn 1.000000 -1.000000 -1.000000
vn 1.000000 -1.000000 -1.000000
vn 1.000000 -1.000000 -1.000000
vn 1.000000 -1.000000 -1.000000
vn 0.731559 -1.710959 -1.704489
vn 0.731437 -1.711020 -1.704611
vn 0.731620 -1.710898 -1.704245
vn 0.731681 -1.710959 -1.704062
vn 0.731681 -1.710959 -1.704062
vn 0.731559 -1.710959 -1.704367
vn 0.731559 -1.710959 -1.704489
vn 0.731559 -1.710959 -1.704367
vn 0.731559 -1.710959 -1.704489
vn 0.731498 -1.711020 -1.704550
vn 0.731437 -1.711020 -1.704611
vn 0.731559 -1.710959 -1.704428
vn 0.731437 -1.711020 -1.704611
vn 0.731620 -1.710898 -1.704245
vn 0.731681 -1.710959 -1.704062
vn 0.731681 -1.710959 -1.704062
vn 0.731559 -1.710959 -1.704367
vn 0.731559 -1.710959 -1.704489
vn 0.731559 -1.710959 -1.704367
vn 0.731559 -1.710959 -1.704489
vn 0.731498 -1.711020 -1.704550
vn 0.731437 -1.711020 -1.704611
vn 0.731498 -1.711020 -1.704550
vn 0.731498 -1.711020 -1.704550
vn -1.000366 -2.882504 -0.324625
vn -0.452925 -2.291238 0.425947
vn -1.429640 -2.924009 -1.337168
vn -1.603778 -2.403607 -2.290506
vn -1.468276 -1.485244 -2.882931
vn -1.065615 -0.462935 -2.925413
vn -0.524094 0.342387 -2.404096
vn -0.015778 0.671804 -1.485855
vn 0.299112 0.421979 -0.461470
vn 0.319681 -0.328532 0.344401
vn 0.039155 -1.338755 0.674856
vn -1.000366 -2.882504 -0.324564
vn -0.452742 -2.291177 0.425886
vn -1.429640 -2.924009 -1.337168
vn -1.603778 -2.403607 -2.290506
vn -1.468276 -1.485244 -2.882931
vn -1.065798 -0.462935 -2.925413
vn -0.524277 0.342387 -2.404157
vn -0.015595 0.671743 -1.485855
vn 0.299112 0.421979 -0.461470
vn 0.319681 -0.328532 0.344340
vn 0.039155 -1.338755 0.674856
vn 0.319681 -0.328532 0.344401
vn 0.319681 -0.328532 0.344340
vn 0.731559 -1.710959 -1.704489
vn 0.731559 -1.710959 -1.704489
vn 0.731437 -1.711020 -1.704611
vn 0.731437 -1.711020 -1.704611
vn 0.731559 -1.710959 -1.704489
vn 0.731559 -1.710959 -1.704489
vn 0.731559 -1.710959 -1.704489
vn 0.731559 -1.710959 -1.704489
vn 0.731559 -1.710959 -1.704367
vn 0.731559 -1.710959 -1.704489
vn 0.731559 -1.710959 -1.704489
vn -0.821345 -2.165929 0.615101
vn -0.821345 -2.165929 0.615101
vn -0.821162 -2.165868 0.615162
vn -0.821162 -2.165868 0.615162
vn -0.821345 -2.165929 0.615101
vn -0.821528 -2.165929 0.615162
vn -0.821162 -2.165868 0.615101
vn -0.821162 -2.165868 0.615101
vn -0.820795 -2.165746 0.615223
vn -0.821162 -2.165868 0.615162
vn -0.821345 -2.165929 0.615162
vn 0.598743 -1.928007 -0.236610
vn 0.598743 -1.928007 -0.236610
vn 0.598682 -1.927946 -0.236549
vn 0.598682 -1.927946 -0.236549
vn 0.598682 -1.927946 -0.236488
vn 0.598682 -1.927946 -0.236488
vn 0.598682 -1.927946 -0.236549
vn 0.598682 -1.927946 -0.236549
vn 0.598682 -1.927946 -0.236549
vn 0.598682 -1.927946 -0.236549
vn 0.598682 -1.927946 -0.236549
vn 0.598682 -1.927946 -0.236549
vn 0.598682 -1.927946 -0.236488
vn 0.598682 -1.927946 -0.236488
vn 0.598682 -1.927946 -0.236549
vn 0.598682 -1.927946 -0.236549
vn -2.126377 -2.108005 0.226173
vn -2.126377 -2.108005 0.226173
vn -2.126377 -2.107883 0.226295
vn -2.126377 -2.107883 0.226295
vn -2.126194 -2.108066 0.226295
vn -2.126194 -2.108066 0.226295
vn -2.126377 -2.107883 0.226295
vn -2.126377 -2.107883 0.226295
vn -2.126438 -2.107944 0.226173
vn -2.126316 -2.108005 0.226234
vn -2.126377 -2.107883 0.226295
vn -2.126316 -2.108005 0.226234
vn -2.126377 -2.108066 0.226112
vn -2.126377 -2.108066 0.226112
vn -2.126377 -2.108005 0.226173
vn -2.126316 -2.107944 0.226295
vn -1.012574 -2.608325 -2.188757
vn -1.019044 -2.616932 -2.176977
vn -1.018677 -2.616749 -2.177282
vn -1.012574 -2.608325 -2.188757
vn -1.024781 -2.624195 -2.166845
vn -1.024781 -2.624195 -2.166845
vn 0.985046 -0.829157 -1.174322
vn 0.999756 -0.972594 -0.990417
vn 0.942625 -0.685781 -1.356945
vn 0.984619 -0.826106 -1.176031
vn 0.999756 -0.972594 -0.990417
vn 0.942625 -0.685781 -1.356945
vn -0.527696 -2.156835 0.561571
vn -0.527696 -2.156835 0.561571
vn -0.527696 -2.156835 0.561571
vn -0.527696 -2.156835 0.561571
vn -1.030152 0.616749 0.176794
vn -1.019105 0.614978 0.179479
vn -1.041566 0.617481 0.175512
vn -1.030519 0.616810 0.176733
vn -1.019105 0.614978 0.179479
vn -1.041566 0.617481 0.175512
vn -0.523850 -2.156896 0.560350
vn -0.523850 -2.156896 0.560350
vn -0.523850 -2.156896 0.560350
vn -0.523850 -2.156896 0.560350
vn -0.327738 -2.089755 0.536363
vn -0.327738 -2.089755 0.536363
vn -0.327738 -2.089755 0.536363
vn -0.327738 -2.089755 0.536363
vn -0.323038 -2.107700 0.521409
vn -0.323038 -2.107700 0.521409
vn -0.323038 -2.107700 0.521409
vn -0.323038 -2.107700 0.521409
vn -1.006470 -2.632313 -2.155675
vn -1.008972 -2.638417 -2.147008
vn -1.008972 -2.638234 -2.147252
vn -1.006470 -2.632313 -2.155675
vn -1.013916 -2.648183 -2.132908
vn -1.013733 -2.648000 -2.133152
vn -1.018311 -2.655019 -2.122776
vn -1.018128 -2.654958 -2.122898
vn -1.019471 -2.660329 -2.114963
vn -1.019471 -2.660329 -2.114963
vn -1.014893 -2.663076 -2.110935
vn -1.014588 -2.663076 -2.110935
vn -1.010498 -2.663686 -2.110019
vn -1.010498 -2.663625 -2.110141
vn -2.999756 -1.024415 -1.022889
vn -2.999756 -1.024415 -1.022889
vn -2.999756 -1.024415 -1.022889
vn -2.999756 -1.024415 -1.022889
vn -2.999573 -1.009156 -1.041200
vn -2.999573 -1.009156 -1.041200
vn -2.999573 -1.009156 -1.041200
vn -2.999573 -1.009156 -1.041200
vn 0.789117 -0.377483 -1.641316
vn 0.863033 -0.496506 -1.524796
vn 0.654042 -0.206763 -1.796716
vn 0.428999 -0.020417 -1.999115
vn 0.023713 0.181127 -2.247719
vn -0.402387 0.296793 -2.400372
vn -0.622852 0.327616 -2.447432
vn 0.786920 -0.374371 -1.644551
vn 0.863033 -0.496506 -1.524796
vn 0.653310 -0.206580 -1.798059
vn 0.425581 -0.017609 -2.001190
vn 0.024567 0.180944 -2.247169
vn -0.399213 0.296609 -2.399213
vn -0.622852 0.327616 -2.447432
vn -1.013733 -2.999268 -0.947081
vn -1.013733 -2.999268 -0.947081
vn -1.013733 -2.999268 -0.947081
vn -1.013733 -2.999268 -0.947081
vn -0.980956 0.614978 0.179479
vn -0.980956 0.614978 0.179479
vn -0.969909 0.616749 0.176794
vn -0.958495 0.617481 0.175512
vn -0.969543 0.616810 0.176733
vn -0.958495 0.617481 0.175512
vn -0.985534 0.999939 -1.003052
vn -0.985534 0.999939 -1.003052
vn -0.985534 0.999939 -1.003052
vn -0.985534 0.999939 -1.003052
vn -0.987487 -2.608325 -2.188757
vn -0.987487 -2.608325 -2.188757
vn -0.981017 -2.616932 -2.176977
vn -0.981384 -2.616749 -2.177282
vn -0.975280 -2.624195 -2.166845
vn -0.975280 -2.624195 -2.166845
vn -1.677084 -2.107700 0.521348
vn -1.677084 -2.107700 0.521348
vn -1.677084 -2.107700 0.521348
vn -1.677084 -2.107700 0.521348
vn -1.472365 -2.156835 0.561571
vn -1.472365 -2.156835 0.561571
vn -1.472365 -2.156835 0.561571
vn -1.472365 -2.156835 0.561571
vn -1.672323 -2.089755 0.536363
vn -1.672323 -2.089755 0.536363
vn -1.672323 -2.089755 0.536363
vn -1.672323 -2.089755 0.536363
vn -1.476211 -2.156896 0.560350
vn -1.476211 -2.156896 0.560350
vn -1.476211 -2.156896 0.560350
vn -1.476211 -2.156896 0.560350
vn -0.991089 -2.638417 -2.147008
vn -0.993591 -2.632252 -2.155736
vn -0.991089 -2.638234 -2.147252
vn -0.993591 -2.632252 -2.155736
vn -0.986145 -2.648183 -2.132908
vn -0.986328 -2.648000 -2.133152
vn -0.981750 -2.655019 -2.122776
vn -0.981933 -2.654958 -2.122898
vn -0.980590 -2.660329 -2.114963
vn -0.980590 -2.660329 -2.114963
vn -0.985168 -2.663076 -2.110935
vn -0.985473 -2.663076 -2.110935
vn -0.989563 -2.663686 -2.110019
vn -0.989563 -2.663625 -2.110141
vn -1.008789 0.636158 0.150059
vn -1.011475 0.642323 0.141270
vn -1.016968 0.653249 0.125340
vn -1.021729 0.660146 0.115024
vn -1.022706 0.665273 0.107334
vn -1.016724 0.666799 0.105075
vn -1.011902 0.668325 0.102878
vn -1.008789 0.636158 0.150059
vn -1.011658 0.642567 0.140904
vn -1.017151 0.653371 0.125034
vn -1.021729 0.660207 0.114902
vn -1.022706 0.665273 0.107334
vn -1.016968 0.666799 0.105075
vn -1.011902 0.668325 0.102878
vn 0.991699 -0.948180 -1.174322
vn 0.991699 -0.948180 -1.174322
vn 0.991699 -0.948180 -1.174322
vn 0.991699 -0.948180 -1.174322
vn 0.999512 -1.009156 -1.041200
vn 0.999512 -1.009156 -1.041200
vn 0.999512 -1.009156 -1.041200
vn 0.999512 -1.009156 -1.041200
vn 0.992248 -0.856624 -1.101077
vn 0.992248 -0.856624 -1.101077
vn 0.992248 -0.856624 -1.101077
vn 0.992248 -0.856624 -1.101077
vn -2.791315 -0.380474 -1.638264
vn -2.866512 -0.502548 -1.518326
vn -2.654042 -0.206824 -1.796899
vn -2.428999 -0.020478 -1.999237
vn -2.023774 0.181127 -2.247719
vn -1.597674 0.296793 -2.400372
vn -1.377209 0.327616 -2.447432
vn -2.866512 -0.502548 -1.518326
vn -2.789056 -0.377361 -1.641560
vn -2.653310 -0.206580 -1.798242
vn -2.425581 -0.017609 -2.001312
vn -2.024628 0.180944 -2.247169
vn -1.600848 0.296609 -2.399213
vn -1.377209 0.327616 -2.447432
vn -1.000000 0.425398 0.402875
vn -1.000000 0.425398 0.402875
vn -1.000000 0.425398 0.402875
vn -1.000000 0.425398 0.402875
vn -1.000000 -2.613819 -2.181371
vn -1.000000 -2.613819 -2.181371
vn -1.000000 -2.613819 -2.181371
vn -1.000000 -2.613819 -2.181371
vn -1.000000 0.528855 0.289285
vn -1.000000 0.528855 0.289285
vn -1.000000 0.528855 0.289285
vn -1.000000 0.528855 0.289285
vn -1.000000 -2.205664 -2.595752
vn -1.000000 -2.205664 -2.595752
vn -1.000000 -2.205542 -2.595874
vn -1.000000 -2.205542 -2.595874
vn -2.991760 -0.948180 -1.173955
vn -2.991760 -0.948180 -1.173955
vn -2.991760 -0.948180 -1.173955
vn -2.991760 -0.948180 -1.173955
vn 0.984924 -1.161748 -0.816523
vn 0.985107 -1.161748 -0.817988
vn 0.942808 -1.314341 -0.644398
vn 0.942808 -1.314341 -0.644398
vn 0.999939 -0.990905 -1.012207
vn 0.999939 -0.997009 -1.005921
vn 0.999878 -0.984802 -1.014405
vn 0.999878 -0.984802 -1.014649
vn 0.999939 -1.000000 -0.989257
vn 0.999939 -1.000000 -0.989257
vn -1.009522 -2.336406 -2.487960
vn -1.009522 -2.336406 -2.487960
vn -1.009522 -2.336467 -2.487960
vn -1.009522 -2.336406 -2.487960
vn -2.985107 -0.829157 -1.174322
vn -2.942686 -0.685781 -1.356945
vn -2.999817 -0.972594 -1.002380
vn -2.984680 -0.826106 -1.176153
vn -2.999817 -0.972594 -1.008057
vn -2.942686 -0.685781 -1.356945
vn -2.999939 -0.981750 -1.011231
vn -2.999939 -0.981750 -1.011048
vn -3.000000 -1.000000 -0.990051
vn -3.000000 -1.000000 -0.990051
vn -0.990905 0.343364 -2.481674
vn -0.990905 0.343364 -2.481674
vn -0.990905 0.343364 -2.481674
vn -0.990905 0.343364 -2.481674
vn 0.999695 -1.024415 -1.022889
vn 0.999695 -1.024415 -1.022889
vn 0.999695 -1.024415 -1.022889
vn 0.999695 -1.024415 -1.022889
vn -2.992309 -0.856624 -1.100711
vn -2.992309 -0.856624 -1.100711
vn -2.992309 -0.856624 -1.100711
vn -2.992309 -0.856624 -1.100711
vn -2.092685 -2.095920 0.266823
vn -2.092685 -2.095920 0.266823
vn -2.092685 -2.095920 0.266823
vn -2.092685 -2.095920 0.266823
vn 0.092624 -2.095920 0.266823
vn 0.092624 -2.095920 0.266823
vn 0.092624 -2.095920 0.266823
vn 0.092624 -2.095920 0.266823
vn -1.000000 0.517319 0.302835
vn -1.000000 0.517319 0.302835
vn -1.000000 0.517319 0.302835
vn -1.000000 0.517319 0.302835
vn -1.000000 -0.368389 0.897580
vn -1.000000 -0.368389 0.897580
vn -1.000000 -0.368389 0.897580
vn -1.000000 -0.368389 0.897580
vn -2.999878 -1.018311 -1.014893
vn -2.999878 -1.018311 -1.014893
vn -2.999878 -1.018311 -1.014893
vn -2.999878 -1.018311 -1.014893
vn 0.999817 -1.018311 -1.014893
vn 0.999817 -1.018311 -1.014893
vn 0.999817 -1.018311 -1.014893
vn 0.999817 -1.018311 -1.014893
vn 0.535081 -1.881985 -0.069674
vn 0.535081 -1.881985 -0.069674
vn 0.535081 -1.881985 -0.069674
vn 0.535081 -1.881985 -0.069674
vn -2.535142 -1.881924 -0.069674
vn -2.535142 -1.881924 -0.069674
vn -2.535142 -1.881924 -0.069674
vn -2.535142 -1.881924 -0.069674
vn 0.995605 -0.911557 -1.097659
vn 0.995605 -0.911557 -1.097659
vn 0.995605 -0.911557 -1.097659
vn 0.995605 -0.911557 -1.097659
vn -1.000000 -2.382794 0.444929
vn -1.000000 -2.382794 0.444929
vn -1.000000 -2.382794 0.444929
vn -1.000000 -2.382794 0.444929
vn -1.000000 0.749687 -0.031281
vn -1.000000 0.749687 -0.031281
vn -1.000000 0.749687 -0.031281
vn -1.000000 0.749687 -0.031281
vn -2.995667 -0.911557 -1.097659
vn -2.995667 -0.911557 -1.097659
vn -2.995667 -0.911557 -1.097659
vn -2.995667 -0.911557 -1.097659
vn -1.000000 0.611438 0.184545
vn -1.000000 0.611438 0.184545
vn -1.000000 0.611438 0.184545
vn -1.000000 0.611438 0.184545
vn -1.000000 0.343242 -2.481796
vn -1.000000 0.343242 -2.481796
vn -1.000000 0.343242 -2.481796
vn -1.000000 0.343242 -2.481796
vn -1.000000 -2.566454 -2.243507
vn -1.000000 -2.566454 -2.243507
vn -1.000000 -2.566454 -2.243507
vn -1.000000 -2.566454 -2.243507
vn -1.000000 -2.997009 -0.890500
vn -1.000000 -2.997009 -0.890500
vn -1.000000 -2.997009 -0.890500
vn -1.000000 -2.997009 -0.890500
vn -1.000000 0.351421 -2.474288
vn -1.000000 0.351421 -2.474288
vn -1.000000 0.351421 -2.474288
vn -1.000000 0.351421 -2.474288
vn -1.737205 -2.567858 -0.000824
vn -1.737205 -2.567858 -0.000885
vn -1.737083 -2.567919 -0.000824
vn -1.737083 -2.567919 -0.000824
vn -0.601428 -0.923765 -2.958434
vn -0.601428 -0.923765 -2.958434
vn -0.601428 -0.923765 -2.958434
vn -0.601428 -0.923765 -2.958434
vn -1.375195 -2.653249 -2.061251
vn -1.375195 -2.653249 -2.061251
vn -1.375195 -2.653249 -2.061251
vn -1.375195 -2.653249 -2.061251
vn 0.858089 -1.649922 -0.646596
vn 0.858089 -1.649922 -0.646596
vn 0.858089 -1.649922 -0.646596
vn 0.858089 -1.649922 -0.646596
vn 0.858089 -1.649922 -0.646535
vn 0.858089 -1.649922 -0.646596
vn -0.261940 0.572375 -1.991302
vn -0.261940 0.572375 -1.991302
vn -0.261940 0.572375 -1.991302
vn -0.261940 0.572375 -1.991302
vn -0.233863 -0.118320 -2.623402
vn -0.233863 -0.118320 -2.623463
vn -0.233863 -0.118320 -2.623402
vn -0.233863 -0.118320 -2.623463
vn 0.524216 -1.900479 -0.069552
vn 0.524216 -1.900479 -0.069552
vn 0.524216 -1.900479 -0.069552
vn 0.524216 -1.900479 -0.069552
vn -0.569140 0.638173 0.063265
vn -0.568773 0.638111 0.063265
vn -0.569140 0.638173 0.063204
vn -0.569140 0.638173 0.063204
vn -0.568773 0.638111 0.063265
vn -0.568773 0.638111 0.063265
vn -0.624866 -2.653249 -2.061251
vn -0.624866 -2.653249 -2.061251
vn -0.624866 -2.653249 -2.061251
vn -0.624866 -2.653249 -2.061251
vn 0.858089 -0.350078 -1.353465
vn 0.858089 -0.350078 -1.353465
vn 0.858089 -0.350078 -1.353465
vn 0.858150 -0.350139 -1.353404
vn 0.858150 -0.350139 -1.353404
vn 0.858150 -0.350139 -1.353343
vn -0.262856 -2.567858 -0.000885
vn -0.262856 -2.567858 -0.000824
vn -0.262978 -2.567919 -0.000824
vn -0.262978 -2.567919 -0.000824
vn -1.738121 0.572375 -1.991302
vn -1.738121 0.572375 -1.991302
vn -1.738121 0.572375 -1.991302
vn -1.738121 0.572375 -1.991302
vn -2.858150 -1.649922 -0.646596
vn -2.858150 -1.649922 -0.646596
vn -2.858150 -1.649922 -0.646596
vn -2.858150 -1.649922 -0.646596
vn -2.858150 -1.649922 -0.646535
vn -2.858150 -1.649922 -0.646596
vn -2.524277 -1.900479 -0.069552
vn -2.524277 -1.900479 -0.069552
vn -2.524277 -1.900479 -0.069552
vn -2.524277 -1.900479 -0.069552
vn -1.431288 0.638111 0.063265
vn -1.430921 0.638173 0.063265
vn -1.430921 0.638173 0.063204
vn -1.430921 0.638173 0.063204
vn -1.431288 0.638111 0.063265
vn -1.431288 0.638111 0.063265
vn -0.233863 -1.881741 0.623402
vn -0.233863 -1.881741 0.623402
vn -0.233863 -1.881741 0.623402
vn -0.233863 -1.881741 0.623402
vn -2.999756 -1.021363 -0.973815
vn -2.999756 -1.021363 -0.973998
vn -2.999756 -1.021363 -0.973998
vn -2.999756 -1.021363 -0.973998
vn -2.999756 -1.021363 -0.973998
vn -2.999756 -1.021363 -0.973998
vn -2.999756 -1.021363 -0.973998
vn -2.999756 -1.021363 -0.973998
vn -2.999756 -1.021363 -0.973998
vn -2.999756 -1.021363 -0.974059
vn -2.999756 -1.021363 -0.974548
vn -2.999756 -1.021363 -0.974059
vn -2.999756 -1.021363 -0.973998
vn -2.999756 -1.021363 -0.973998
vn -2.999756 -1.021363 -0.973998
vn -2.999756 -1.021363 -0.973998
vn -2.999756 -1.021363 -0.973998
vn -2.999756 -1.021363 -0.973998
vn -2.999756 -1.021363 -0.973998
vn -2.999756 -1.021363 -0.973815
vn -2.998901 -1.061037 -0.972900
vn -2.998901 -1.061037 -0.974120
vn -2.998901 -1.061037 -0.973205
vn -2.998901 -1.061037 -0.972900
vn -2.998901 -1.061037 -0.973144
vn -2.998901 -1.061037 -0.973144
vn -2.998901 -1.061037 -0.973022
vn -2.998901 -1.061037 -0.973083
vn -2.998901 -1.061037 -0.972839
vn -2.998901 -1.061037 -0.973632
vn -2.998901 -1.061037 -0.971252
vn -2.998901 -1.061037 -0.973632
vn -2.998901 -1.061037 -0.972839
vn -2.998901 -1.061037 -0.973083
vn -2.998901 -1.061037 -0.973022
vn -2.998901 -1.061037 -0.973144
vn -2.998901 -1.061037 -0.973144
vn -2.998901 -1.061037 -0.972900
vn -2.998901 -1.061037 -0.973205
vn -2.998901 -1.061037 -0.972900
vn -1.000000 -3.000061 -1.000000
vn -1.000000 -3.000061 -1.000000
vn -1.000000 -3.000061 -1.000000
vn -1.000000 -3.000061 -1.000000
vn -1.000000 -1.000000 -3.000061
vn -1.000000 -1.000000 -3.000061
vn -1.000000 -1.000000 -3.000061
vn -1.000000 -1.000000 -3.000061
vn -1.000000 1.000000 -1.000000
vn -1.000000 1.000000 -1.000000
vn -1.000000 1.000000 -1.000000
vn -1.000000 1.000000 -1.000000
vn -1.000000 -1.000000 1.000000
vn -1.000000 -1.000000 1.000000
vn -1.000000 -1.000000 1.000000
vn -1.000000 -1.000000 1.000000
vn 0.999695 -1.021363 -0.973815
vn 0.999695 -1.021363 -0.973998
vn 0.999695 -1.021363 -0.973998
vn 0.999695 -1.021363 -0.973998
vn 0.999695 -1.021363 -0.973998
vn 0.999695 -1.021363 -0.973998
vn 0.999695 -1.021363 -0.973998
vn 0.999695 -1.021363 -0.973998
vn 0.999695 -1.021363 -0.973998
vn 0.999695 -1.021363 -0.974059
vn 0.999695 -1.021363 -0.974548
vn 0.999695 -1.021363 -0.974059
vn 0.999695 -1.021363 -0.973998
vn 0.999695 -1.021363 -0.973998
vn 0.999695 -1.021363 -0.973998
vn 0.999695 -1.021363 -0.973998
vn 0.999695 -1.021363 -0.973998
vn 0.999695 -1.021363 -0.973998
vn 0.999695 -1.021363 -0.973998
vn 0.999695 -1.021363 -0.973815
vn 0.998840 -1.061037 -0.974120
vn 0.998840 -1.061037 -0.972900
vn 0.998840 -1.061037 -0.973205
vn 0.998840 -1.061037 -0.972900
vn 0.998840 -1.061037 -0.973144
vn 0.998840 -1.061037 -0.973144
vn 0.998840 -1.061037 -0.973022
vn 0.998840 -1.061037 -0.973083
vn 0.998840 -1.061037 -0.972839
vn 0.998840 -1.061037 -0.973632
vn 0.998840 -1.061037 -0.971252
vn 0.998840 -1.061037 -0.973632
vn 0.998840 -1.061037 -0.972839
vn 0.998840 -1.061037 -0.973083
vn 0.998840 -1.061037 -0.973022
vn 0.998840 -1.061037 -0.973144
vn 0.998840 -1.061037 -0.973144
vn 0.998840 -1.061037 -0.972900
vn 0.998840 -1.061037 -0.973205
vn 0.998840 -1.061037 -0.972900
vn -1.000000 -1.000000 1.000000
vn -1.000000 -1.000000 1.000000
vn -1.000000 -1.000000 1.000000
vn -1.000000 -1.000000 1.000000
vn -1.000000 -3.000061 -1.000000
vn -1.000000 -3.000061 -1.000000
vn -1.000000 -3.000061 -1.000000
vn -1.000000 -3.000061 -1.000000
vn -1.000000 -1.000000 -3.000061
vn -1.000000 -1.000000 -3.000061
vn -1.000000 -1.000000 -3.000061
vn -1.000000 -1.000000 -3.000061
vn -1.000000 1.000000 -1.000000
vn -1.000000 1.000000 -1.000000
vn -1.000000 1.000000 -1.000000
vn -1.000000 1.000000 -1.000000
vn -2.482406 -0.490402 -2.242103
vn -0.880673 0.803278 -1.856655
vn -1.203009 -1.814722 -2.815241
vn -0.918271 0.764458 -1.937956
vn -1.629719 -1.048830 -2.897702
vn 0.541368 -0.542344 -2.189367
vn -1.145878 0.758782 -1.940886
vn -0.823054 -1.897183 -2.778741
vn -0.380108 -1.073244 -2.900082
vn -1.097781 0.751823 -1.959868
vn -2.988220 -1.119022 -0.818842
vn -0.726432 0.821772 -0.221534
vn -1.229865 -2.870724 -1.669088
vn -2.466720 -2.288491 -1.434339
vn -0.919065 0.901120 -0.384381
vn 0.978149 -1.155644 -0.749809
vn -0.771294 -2.895199 -1.596637
vn -1.281747 0.847102 -0.286782
vn -1.080019 0.912900 -0.421918
vn 0.470565 -2.297586 -1.391919
vn -0.563097 0.589160 -2.132969
vn -2.490097 -0.218787 -2.081332
vn -0.729240 -0.832209 -2.974486
vn 0.548143 -0.249428 -2.019745
vn -1.371044 0.580126 -2.168554
vn -1.221076 -0.856624 -2.982605
vn -2.973327 -1.314341 -0.914426
vn 0.497787 0.242531 -0.539048
vn 0.265969 -2.384991 -1.692099
vn -2.478927 0.284890 -0.597949
vn 0.961608 -1.360118 -0.850520
vn -2.242531 -2.416120 -1.671407
vn -2.961303 -1.299814 -0.747795
vn -2.210852 -0.493088 0.508896
vn -2.811579 -1.454848 -1.715049
vn -2.677358 -1.521256 -1.956450
vn -1.984710 0.219092 0.242531
vn -0.917783 0.201880 0.596423
vn -1.594317 0.423688 0.272683
vn -2.972106 -1.193793 -1.271004
vn -2.915220 -1.307871 -0.512864
vn -2.616016 -1.567888 0.032502
vn -2.057283 -2.129734 0.267190
vn -0.054109 -0.500839 0.689932
vn -0.571520 -0.115024 0.741569
vn 0.287149 -0.664296 0.493454
vn -1.623554 -2.568163 0.073275
vn -1.051271 -2.779046 -0.087680
vn 0.767876 -1.006104 -0.064913
vn -0.390973 0.223060 0.460494
vn -0.622425 -0.280190 0.827326
vn -1.014527 -2.010590 -2.725883
vn -1.627888 -2.105991 -2.543565
vn -2.489120 -2.127415 -1.715232
vn -2.165136 -2.181066 -2.116916
vn 0.022858 0.261513 0.167089
vn 0.412641 0.157079 -0.184362
vn 0.565600 0.209510 -0.707022
vn 0.552782 0.112339 -0.407392
vn -2.548448 -2.247231 -1.216498
vn -2.562914 -2.148961 -1.487075
vn -2.352092 -2.445235 -1.288400
vn 0.407208 0.401288 -0.763665
vn 0.420759 0.405622 -0.926084
vn -2.405255 -2.411054 -1.184881
vn -2.318461 -1.239509 0.484664
vn 0.994446 -1.027467 -0.853694
vn -0.847652 -2.980407 -0.765679
vn -0.728813 -0.819086 0.973205
vn -2.381817 -2.443709 -0.919248
vn 0.381329 0.446211 -1.012024
vn 0.616260 -0.722343 -2.144810
vn 0.193518 -0.632313 0.562059
vn -0.047578 0.207862 0.278176
vn 0.598437 -1.453810 -2.113071
vn 0.892880 -1.561541 -1.318796
vn -0.865596 -0.034822 0.746452
vn 0.775689 -1.805628 -0.555284
vn 0.908994 -1.441237 -1.401135
vn -0.035798 0.198706 0.277932
vn 0.346416 -2.084384 0.005524
vn -1.363964 -0.388531 0.869076
vn -2.040193 -0.447798 0.616443
vn -0.030671 -2.365398 0.093600
vn -2.172826 -0.595691 0.568712
vn -0.324503 -2.512070 0.121250
vn -2.768670 -0.989380 -0.066378
vn -1.008179 -2.801935 -0.132298
vn -0.459517 -1.950774 -2.674489
vn -0.340861 -2.818903 -1.507218
vn -1.375378 -0.430891 0.880184
vn -1.496536 0.050447 0.627796
vn -1.768151 0.247047 0.361797
vn -2.139439 0.323466 -0.025300
vn 0.215979 -2.341105 -1.850124
vn -0.069735 -2.177892 -2.321818
vn 0.402203 -2.380657 -1.357067
vn 0.338725 -2.327738 -1.667013
vn -2.331339 0.277017 -0.227577
vn -2.424604 0.331950 -0.556871
vn -2.390912 0.402570 -0.686819
vn 0.329325 -2.450667 -1.358287
vn 0.354656 -2.461531 -1.169927
vn -2.368023 0.456771 -0.921323
vn 0.150304 -1.471450 0.566637
vn -1.088626 -2.986999 -0.790033
vn -2.994568 -1.076296 -0.873226
vn -1.387219 -0.997009 0.962157
vn -2.393109 0.434614 -1.033021
vn 0.431379 -2.394513 -0.920225
vn 0.178381 -2.352153 -1.884915
vn 0.353313 -0.776971 0.455550
vn -1.950469 0.372600 0.101108
vn 0.178930 -2.351970 -1.884487
vn 0.374554 -0.805353 0.439619
vn -1.957244 0.372600 0.095187
vn -2.374737 0.302469 -0.356914
vn -1.634785 -1.833949 -2.703421
vn -1.667135 -1.815638 -2.699942
vn -2.373089 0.303079 -0.354595
vn -2.178442 0.351665 -0.114414
vn -2.178503 0.351604 -0.114536
vn -2.178808 0.351482 -0.114658
vn -2.178442 0.351665 -0.114536
vn -2.178320 0.351726 -0.114475
vn 0.178442 -2.351604 -1.885647
vn 0.178198 -2.351604 -1.885952
vn 0.178198 -2.351665 -1.885891
vn 0.178442 -2.351604 -1.885647
vn 0.178930 -2.351543 -1.885159
vn -2.177953 0.353130 -0.116062
vn -2.178015 0.354167 -0.117771
vn -2.178259 0.352397 -0.115329
vn -2.178259 0.352153 -0.114963
vn -2.178625 0.351482 -0.114475
vn -2.178503 0.351665 -0.114597
vn -2.178503 0.351726 -0.114658
vn -2.178625 0.351421 -0.114414
vn -2.178442 0.351848 -0.114719
vn -2.178442 0.351787 -0.114719
vn 0.178137 -2.351970 -1.885525
vn 0.178198 -2.352031 -1.885342
vn 0.178320 -2.351848 -1.885525
vn 0.178503 -2.351726 -1.885403
vn 0.178564 -2.351787 -1.885220
vn 0.178564 -2.352092 -1.884793
vn 0.178442 -2.351787 -1.885342
vn 0.178625 -2.351665 -1.885342
vn 0.178686 -2.351604 -1.885342
vn 0.178564 -2.351726 -1.885342
vn 0.238563 0.256447 -0.058199
vn -2.811213 -0.928159 -0.154881
vn -2.820978 -0.945311 -0.174779
vn 0.245216 0.254006 -0.063753
vn 0.635792 0.030854 -0.488815
vn -2.455977 -2.155736 -1.737999
vn 0.277810 -1.708701 -2.365642
vn 0.634510 0.031587 -0.486190
vn -2.456465 -2.155370 -1.737571
vn 0.310953 -1.684713 -2.346293
vn 0.455794 0.155431 -0.261452
vn 0.455977 0.155248 -0.261574
vn 0.456221 0.155004 -0.261635
vn 0.455916 0.155248 -0.261513
vn 0.455733 0.155431 -0.261391
vn -2.455733 -2.155370 -1.739036
vn -2.455916 -2.155431 -1.738609
vn -2.455916 -2.155248 -1.738853
vn -2.456038 -2.154881 -1.739158
vn -2.455977 -2.155248 -1.738609
vn -0.127354 -2.611621 -0.199255
vn -1.736290 -1.249825 0.842647
vn -1.736412 -1.249641 0.842647
vn -0.127659 -2.611560 -0.198889
vn -2.327616 0.457076 -0.662038
vn -2.327677 0.457076 -0.662038
vn -1.084353 0.150426 -2.633839
vn -1.084353 0.150426 -2.633839
vn -0.263771 -0.750237 -2.842708
vn -0.263955 -0.749992 -2.842769
vn 0.327555 -2.457198 -1.337962
vn 0.327555 -2.457198 -1.337840
vn -2.455733 -2.155675 -1.738487
vn -2.455794 -2.155736 -1.738304
vn -2.456038 -2.155309 -1.738487
vn -2.455855 -2.155492 -1.738548
vn -2.456160 -2.155309 -1.738243
vn -2.456465 -2.154881 -1.738304
vn -2.456038 -2.155370 -1.738365
vn -2.456099 -2.155248 -1.738426
vn -2.456160 -2.155248 -1.738304
vn -2.456160 -2.155187 -1.738365
vn 0.455733 0.156590 -0.263222
vn 0.456038 0.157384 -0.265053
vn 0.455794 0.155736 -0.262001
vn 0.455855 0.155919 -0.262429
vn 0.455916 0.155248 -0.261574
vn 0.455977 0.155126 -0.261391
vn 0.455916 0.155309 -0.261574
vn 0.455977 0.155065 -0.261330
vn 0.455916 0.155431 -0.261696
vn 0.455855 0.155431 -0.261635
vn -0.436079 0.031770 0.617725
vn -0.440840 -1.137333 0.915281
vn -2.176916 0.401288 -0.193091
vn -2.185156 -1.836146 0.376995
vn -1.641865 0.031220 0.588855
vn 0.123875 -1.830287 0.430830
vn -1.646687 -1.137333 0.887570
vn 0.132176 0.406598 -0.140172
vn -2.123936 -0.169774 -2.430891
vn -0.358257 -2.031220 -2.588977
vn -0.353618 -0.862728 -2.887692
vn -2.132237 -2.406659 -1.859890
vn -1.559221 -0.862728 -2.915342
vn 0.176855 -2.401349 -1.806970
vn -1.563799 -2.031892 -2.617847
vn 0.185095 -0.163915 -2.377056
vn -1.646687 -1.137333 0.887570
vn 0.132176 0.406598 -0.140172
vn -2.123936 -0.169774 -2.430891
vn -2.132237 -2.406659 -1.859890
vn 0.176855 -2.401349 -1.806970
vn -1.563799 -2.031892 -2.617847
vn 0.185095 -0.163915 -2.377056
vn 0.185095 -0.163915 -2.377056
vn 0.185095 -0.163915 -2.377056
vn -2.520676 0.034700 -1.785424
vn -1.947417 0.477340 -0.040986
vn -0.059053 0.473617 -0.029023
vn 0.534959 0.028413 -1.765587
vn -0.986633 -0.243141 -2.851253
vn -2.530015 -2.273049 -1.196356
vn -1.956389 -1.830225 0.547899
vn -0.067965 -1.836085 0.559557
vn 0.525437 -2.281289 -1.176763
vn -0.995666 -2.550951 -2.262795
vn -2.520676 0.034700 -1.785424
vn -2.530015 -2.273049 -1.196356
vn -1.956389 -1.830225 0.547899
vn -1.947417 0.477340 -0.040986
vn -0.067965 -1.836085 0.559557
vn -0.059053 0.473617 -0.029023
vn 0.525437 -2.281289 -1.176763
vn 0.534959 0.028413 -1.765587
vn -0.995666 -2.550951 -2.262795
vn -0.986633 -0.243141 -2.851253
vn -0.995666 -2.550951 -2.262795
vn -0.986633 -0.243141 -2.851253
vn -2.386822 -2.376568 -1.426344
vn -1.529557 -2.620899 -2.045137
vn -2.419965 -2.019501 -0.028230
vn -1.593768 -1.928007 0.669179
vn 0.376629 -2.015839 0.035798
vn 0.410688 -2.370770 -1.361950
vn -0.971435 -2.676015 -2.091037
vn -0.416791 -2.619556 -2.018342
vn -1.038392 -1.949004 0.760064
vn -0.480575 -1.927519 0.694021
vn -2.386822 -2.376568 -1.426344
vn -2.377850 0.013459 -2.036592
vn -1.519425 -0.072604 -2.694144
vn -1.529557 -2.620899 -2.045137
vn -1.583453 0.619434 0.018220
vn -2.410748 0.370708 -0.638295
vn -2.419965 -2.019501 -0.028230
vn -1.593768 -1.928007 0.669179
vn 0.376629 -2.015839 0.035798
vn 0.410688 -2.370770 -1.361950
vn -0.971435 -2.676015 -2.091037
vn -0.961241 -0.050874 -2.760003
vn -0.416791 -2.619556 -2.018342
vn -1.028199 0.675893 0.091098
vn -1.038392 -1.949004 0.760064
vn -0.480575 -1.927519 0.694021
vn 0.386761 0.376507 -0.573534
vn 0.419721 0.019501 -1.972076
vn -0.406293 -0.072054 -2.669240
vn -0.470321 0.620899 0.044893
vn -0.971435 -2.676015 -2.091037
vn -0.961241 -0.050874 -2.760003
vn 0.386761 0.376507 -0.573534
vn 0.419721 0.019501 -1.972076
vn -0.406293 -0.072054 -2.669240
vn -0.470321 0.620899 0.044893
vn -2.377850 0.013459 -2.036592
vn -1.519425 -0.072604 -2.694144
vn -1.583453 0.619434 0.018220
vn -2.410748 0.370708 -0.638295
vn -0.961241 -0.050874 -2.760003
vn -1.028199 0.675893 0.091098
vn -1.825770 -2.193274 -2.376385
vn -2.275063 -2.376690 -1.692160
vn -0.173254 -2.192724 -2.376141
vn 0.275857 -2.376629 -1.690634
vn -2.565538 -1.985809 -0.240272
vn -2.766167 -1.891263 -0.705985
vn -2.681387 -2.046419 -0.720878
vn -2.475509 -2.135411 -0.269448
vn -2.248024 -2.095798 0.114231
vn -2.160436 -2.248329 0.046480
vn -1.850978 -2.226539 0.330973
vn -1.768822 -2.372784 0.234657
vn -2.837580 -1.778405 -1.132511
vn -2.748283 -1.958342 -1.158513
vn -2.756584 -1.762963 -1.576617
vn -2.700919 -1.875698 -1.583209
vn -2.169775 -1.808496 -2.406415
vn -2.509262 -1.805628 -2.035981
vn -2.584277 -1.665242 -2.023591
vn -2.242286 -1.668355 -2.417768
vn -2.856868 -1.521744 -1.529008
vn -1.835109 -1.710898 -2.672536
vn -1.746788 -1.863674 -2.642079
vn -1.435926 -1.747581 -2.803095
vn -1.386731 -1.891201 -2.748222
vn -1.540788 -0.395917 -2.828303
vn -2.007355 -0.441572 -2.635060
vn -1.956023 -0.121433 -2.521225
vn -1.525468 -0.063082 -2.687002
vn -2.183386 0.135289 -2.144871
vn -1.884670 0.351787 -2.179052
vn -1.912565 0.135289 -2.370525
vn -2.255043 -0.176183 -2.321451
vn -2.352763 -0.484237 -2.379864
vn -2.033540 -1.045778 -2.711661
vn -2.423994 -1.057985 -2.403180
vn -2.415632 -0.774224 -2.394635
vn -2.049165 -0.740654 -2.682913
vn -2.727714 -1.073244 -2.004852
vn -2.366314 -1.366161 -2.413984
vn -2.700064 -1.363109 -1.988983
vn -1.971587 -1.384472 -2.705374
vn -2.685904 -0.792535 -2.055818
vn -2.599963 -0.484237 -2.083590
vn -2.444990 -0.151769 -2.092013
vn -2.922361 -0.557604 -0.669973
vn -1.377880 -2.440229 0.335246
vn -1.422987 -2.312723 0.448347
vn -1.493545 0.476913 -2.254982
vn -1.848781 0.790582 -0.729423
vn -1.458022 0.937010 -0.804804
vn -2.184240 0.574328 -0.655019
vn -2.459639 0.293496 -0.556993
vn -2.675283 -0.044832 -0.469894
vn -2.783380 -0.343974 -0.376141
vn -2.825129 -0.609485 -0.281350
vn -1.436110 -0.917661 0.950133
vn -1.853969 -0.786431 0.795831
vn -2.195715 -0.609424 0.554857
vn -2.505356 -0.499557 0.217933
vn -2.714164 -0.371258 -0.183813
vn -2.782098 -0.221900 -0.532395
vn -2.404340 -0.298013 0.238929
vn -2.143834 -0.459822 0.549120
vn -1.928861 -0.624683 0.730949
vn -2.607288 -0.164098 -0.152806
vn -2.767815 -1.497513 -0.207984
vn -2.914853 -1.396802 -0.580493
vn -2.660817 -0.023347 -0.463607
vn -2.946348 -1.128178 -0.558031
vn -2.817621 -1.219733 -0.195044
vn -2.824030 -0.871883 -0.189795
vn -2.935484 -0.774224 -0.549364
vn -2.732841 -0.469100 -0.154210
vn -2.825068 -0.340800 -0.515732
vn -2.505356 -0.048006 -0.090304
vn -2.571886 0.107517 -0.449995
vn -2.165929 0.287515 -0.008637
vn -2.217872 0.465560 -0.392743
vn -1.772057 0.489853 0.088168
vn -1.810755 0.703909 -0.337321
vn -1.438124 0.893429 -0.527818
vn -1.777306 0.780145 -0.523728
vn -2.084567 0.596362 -0.475509
vn -2.377300 0.309183 -0.376324
vn -2.583544 -0.026399 -0.262185
vn -2.683706 -0.310465 -0.169530
vn -2.996643 -1.036622 -0.889523
vn -2.976379 -0.713248 -0.892087
vn -2.866024 -0.292154 -0.869503
vn -2.818659 -0.349895 -1.519608
vn -2.596301 0.046358 -1.597491
vn -2.614734 0.166112 -0.818964
vn -2.632252 0.134739 -1.219550
vn -2.862972 -0.304239 -1.212653
vn -2.250954 0.547044 -0.795953
vn -2.270119 0.526292 -1.239143
vn -2.259499 0.415448 -1.640400
vn -1.852748 0.791009 -1.255074
vn -1.878628 0.671743 -1.658284
vn -1.836451 0.804682 -0.791681
vn -2.926939 -0.694876 -1.440321
vn -2.965453 -0.685720 -1.195624
vn -2.994568 -0.972594 -1.145390
vn -2.982666 -1.262459 -0.984375
vn -2.579760 -0.148473 -0.117344
vn -2.976012 -1.177007 -1.253243
vn -2.966063 -0.972594 -1.366039
vn -2.716178 -0.554552 -0.074618
vn -2.541307 -1.671407 0.083285
vn -0.999512 -2.339335 0.485336
vn -1.000183 -2.456038 0.371075
vn -0.998413 -0.987854 0.999939
vn -1.208991 0.180822 0.600574
vn -1.002991 0.153417 0.633839
vn -0.998108 -0.047578 0.758599
vn -1.173467 0.052461 0.691763
vn -1.610736 -1.076296 0.902890
vn -1.086795 0.239418 0.567186
vn -1.724082 -0.823054 0.855892
vn -0.795587 0.306131 0.500656
vn -1.661702 -0.939024 0.886349
vn -1.672750 -0.859676 0.878170
vn -0.430769 0.064852 0.594287
vn -0.207678 -0.380657 0.728691
vn -1.724998 -1.051881 0.863216
vn -0.165014 -0.798639 0.806085
vn -1.751915 -1.088504 0.851131
vn -0.201880 -1.228889 0.819453
vn -1.774743 -1.067141 0.842586
vn -0.324259 -1.631611 0.773186
vn -1.746727 -0.981750 0.855220
vn -0.533372 -1.937223 0.704031
vn -1.656331 -0.877987 0.885250
vn -0.769646 -2.095614 0.657277
vn -1.182012 -0.719291 0.971801
vn -1.358104 0.599536 0.145848
vn -1.433363 -0.780328 0.940062
vn -0.892880 -2.116672 0.655751
vn -0.925474 -2.131932 0.647145
vn -0.998840 -0.722343 0.980590
vn -1.001770 -2.153905 0.633534
vn -1.390088 0.833613 -0.303262
vn -1.408093 0.946898 -0.793023
vn -1.435194 0.936033 -1.249397
vn -0.993896 0.989196 -0.792718
vn -1.470840 0.828059 -1.660665
vn -0.995178 0.888913 -1.657186
vn -0.995300 0.945921 -0.538316
vn -1.000244 0.988830 -0.789178
vn -1.506302 0.232704 -2.491379
vn -1.000244 0.285318 -2.532273
vn -0.999695 -0.029633 -2.748833
vn -1.543107 -0.710135 -2.902890
vn -1.549150 -1.036622 -2.922849
vn -1.508621 -1.418043 -2.888546
vn -0.998657 -1.418165 -2.955809
vn -0.998596 -1.891385 -2.790399
vn -0.998657 -1.753990 -2.852473
vn -0.995849 0.633045 0.154576
vn -0.994201 0.872433 -0.297281
vn -0.994690 0.983886 -1.253060
vn -1.001160 0.532578 -2.284951
vn -0.999268 -0.365398 -2.896664
vn -0.999023 -0.691885 -2.976135
vn -0.998779 -1.033570 -2.999756
vn 0.084872 -0.609424 0.634083
vn 0.123447 -1.433363 0.596789
vn 0.950621 -1.286874 -0.664418
vn 0.616016 -0.279763 -0.067476
vn 0.921445 -0.710135 -0.526963
vn 0.050508 -1.051881 0.701041
vn 0.079806 -1.836146 0.461043
vn 0.698233 -1.857509 -0.383099
vn 0.724113 -1.704978 -0.271828
vn 0.851802 -0.444563 -0.488083
vn 0.940550 -1.412000 -0.746391
vn 0.616810 -0.618519 0.113620
vn 0.607105 -0.133213 -0.184179
vn 0.660695 -1.671407 -0.110569
vn 0.630299 -1.759850 -0.125645
vn 0.454634 -0.151708 0.078890
vn 0.643178 -0.377422 -0.044893
vn 0.862606 -0.505661 -0.465072
vn 0.293008 -0.276833 0.343486
vn 0.728874 -1.738426 -0.317728
vn 0.378948 -0.484298 0.353679
vn 0.833735 -1.616352 -0.492599
vn 0.107700 -0.499557 0.588183
vn 0.921384 -1.399731 -0.614795
vn -0.015412 -0.884091 0.736930
vn 0.102939 -0.752861 0.649953
vn 0.967834 -1.128178 -0.666860
vn -0.028962 -1.347911 0.713431
vn 0.089450 -1.357067 0.638722
vn -0.000275 -1.707968 0.580859
vn 0.957640 -0.893246 -0.604846
vn 0.505905 -0.771172 0.295999
vn 0.802423 -1.845363 -0.808832
vn 0.706656 -1.997955 -0.697928
vn 0.484115 -0.639943 0.291299
vn 0.560167 -2.113498 -0.429182
vn 0.557848 -0.517869 0.157750
vn 0.893307 -0.670461 -0.446333
vn 0.092257 -1.967193 0.367962
vn 0.098727 -1.900418 0.407758
vn 0.768975 -0.505722 -0.208716
vn 0.213721 -2.114353 0.133579
vn 0.644826 -0.475143 0.009308
vn 0.384625 -2.169286 -0.154210
vn 0.340007 -2.123203 -0.029084
vn 0.766167 -1.891140 -0.705924
vn 0.509445 -1.085452 0.309244
vn 0.493088 -1.723106 0.116916
vn 0.588366 -2.068087 -0.420148
vn 0.793146 -1.625568 -0.373028
vn 0.823847 -0.987854 -0.179540
vn 0.900143 -1.570696 -0.747795
vn 0.966613 -1.000000 -0.636402
vn -2.653005 -1.051881 0.124668
vn -2.196265 -0.047639 0.289102
vn -2.118564 0.550340 -0.412580
vn -2.112155 -2.434065 -0.159459
vn -2.681143 -1.354015 0.023957
vn -1.863247 -2.799737 -1.125553
vn -1.720359 -2.859859 -1.148747
vn -2.128147 0.453291 -0.215735
vn -1.599506 -2.887387 -1.280282
vn -1.354808 -2.870846 -1.611652
vn -1.057192 -2.662221 -2.110752
vn -0.759819 -2.215186 -2.570299
vn -0.506333 -1.533952 -2.863155
vn -0.448653 -0.728446 -2.903256
vn -0.520493 -0.026399 -2.679922
vn -2.018952 0.427717 -0.039216
vn -1.842433 0.650441 -0.247536
vn -1.599811 0.885800 -0.710257
vn -0.678457 0.504562 -2.277810
vn -0.954283 0.853389 -1.750084
vn -1.298776 0.965758 -1.215278
vn -2.951415 -1.286813 -0.668691
vn -2.122715 -1.433363 0.597400
vn -2.081454 -0.612476 0.637135
vn -2.617237 -0.276894 -0.071749
vn -2.922788 -0.710135 -0.532029
vn -2.059359 -1.051881 0.695547
vn -2.696829 -1.863491 -0.387493
vn -2.081393 -1.842494 0.456282
vn -2.624012 -0.624683 0.105258
vn -2.940428 -1.414991 -0.749626
vn -2.508408 -0.768120 0.292642
vn -2.804010 -1.842494 -0.810785
vn -2.478805 -0.636952 0.296609
vn -2.706351 -1.997833 -0.695486
vn -2.553392 -0.523972 0.166295
vn -2.556139 -2.116611 -0.424177
vn -2.649953 -0.478256 0.002655
vn -2.385174 -2.169164 -0.154820
vn -2.768731 -0.490341 -0.217750
vn -2.216773 -2.110691 0.133946
vn -2.892514 -0.667409 -0.445174
vn -2.093722 -1.958647 0.372845
vn -2.958128 -0.893246 -0.606983
vn -2.000885 -1.705039 0.581469
vn -2.968749 -1.128178 -0.671987
vn -1.973785 -1.341807 0.713126
vn -2.922910 -1.396802 -0.619312
vn -1.987823 -0.877987 0.734733
vn -2.108737 -0.502548 0.588427
vn -2.833369 -1.619404 -0.494919
vn -2.631581 -1.759850 -0.127903
vn -2.456587 -0.151830 0.076449
vn -2.295389 -0.279885 0.342814
vn -2.728141 -1.747887 -0.326029
vn -2.659902 -1.674398 -0.111179
vn -2.606983 -0.133274 -0.183691
vn -2.853267 -0.447798 -0.489731
vn -2.723380 -1.707907 -0.272805
vn -2.767388 -1.888272 -0.704459
vn -2.900754 -1.567705 -0.745232
vn -2.965941 -1.000000 -0.632435
vn -2.860530 -0.502731 -0.460372
vn -2.589892 -2.068087 -0.424238
vn -2.340373 -2.122654 -0.028901
vn -2.641224 -0.374554 -0.043367
vn -2.375042 -0.478133 0.355266
vn -2.103794 -0.749809 0.648915
vn -2.089572 -1.350963 0.640004
vn -2.098056 -1.899991 0.408612
vn -2.822749 -0.981750 -0.176977
vn -2.793329 -1.622578 -0.370403
vn -2.508652 -1.082400 0.310404
vn -2.493332 -1.720054 0.118686
vn 0.198157 -0.048189 0.287698
vn 0.654347 -1.054933 0.122471
vn 0.110752 0.555712 -0.411969
vn 0.674978 -1.357067 0.032868
vn 0.115574 -2.431013 -0.158849
vn -0.132176 -2.797540 -1.125736
vn 0.125828 0.454878 -0.215491
vn 0.014740 0.425825 -0.032014
vn -0.147801 0.649953 -0.257668
vn -0.409955 0.888302 -0.706839
vn -0.701651 0.966063 -1.213324
vn -1.030335 0.850337 -1.758385
vn -1.321665 0.501022 -2.281960
vn -1.477065 -0.026460 -2.680654
vn -1.546892 -0.731498 -2.904965
vn -1.489273 -1.534074 -2.864254
vn -1.237434 -2.214332 -2.571337
vn -0.643971 -2.870785 -1.611042
vn -0.931150 -2.657948 -2.116550
vn -0.399762 -2.886837 -1.281930
vn -0.278115 -2.859127 -1.150151
vn 0.969298 -1.213630 -1.276070
vn 0.445357 -2.125950 -0.198096
vn 0.052767 -2.700369 -1.023072
vn 0.216285 -2.172277 -2.070772
vn 0.084140 -1.466933 -2.614490
vn 0.294046 -0.447615 -2.421308
vn 0.304239 -0.142613 -2.250465
vn 0.384014 -0.008454 -2.049348
vn 0.912168 -1.344920 -1.473830
vn -0.491256 -1.884732 -2.720023
vn -0.190039 -1.903287 -2.589953
vn -0.457015 -0.432539 -2.839351
vn -0.657460 -0.402020 -2.877499
vn -0.563158 -2.858943 -1.594684
vn -0.297403 -2.824763 -1.420301
vn -0.720634 -1.799463 -2.811884
vn -0.810907 -0.295083 -2.862056
vn -0.781976 -2.845515 -1.739341
vn 0.430219 -0.051241 -2.026765
vn 0.819208 -1.488357 -1.672140
vn 0.451338 -2.248085 -0.420637
vn 0.409101 -2.364177 -0.608264
vn -0.083895 -2.752556 -1.299020
vn 0.080050 -2.677480 -1.139714
vn 0.305155 -1.830225 -2.267800
vn 0.095187 -1.878933 -2.424116
vn -0.190527 -0.496445 -2.758171
vn 0.056612 -0.469161 -2.612964
vn 0.510605 -1.747520 -2.076632
vn 0.206519 -2.593982 -0.940123
vn 0.321757 -2.483444 -0.771355
vn 0.687307 -1.628803 -1.870327
vn 0.293863 -0.371319 -2.389447
vn 0.430280 -0.209571 -2.152989
vn -2.102573 -1.466872 -2.602039
vn -2.227088 -2.165807 -2.065523
vn -2.969115 -1.216681 -1.275338
vn -2.304239 -0.456832 -2.415632
vn -2.440657 -2.129307 -0.194250
vn -2.054048 -2.699637 -1.019959
vn -2.444624 -2.253944 -0.416364
vn -2.911862 -1.347911 -1.473037
vn -2.409162 -2.363811 -0.607044
vn -2.818415 -1.491348 -1.672323
vn -2.686758 -1.631733 -1.869411
vn -2.322062 -2.483016 -0.770074
vn -2.074435 -2.680654 -1.145451
vn -2.304300 -1.833277 -2.266701
vn -2.512009 -1.747704 -2.074618
vn -2.208106 -2.592761 -0.938658
vn -1.707724 -2.824641 -1.412305
vn -1.812952 -1.906278 -2.586779
vn -2.094943 -1.882229 -2.422346
vn -1.908902 -2.757988 -1.289010
vn -1.432936 -2.862728 -1.585528
vn -1.509293 -1.887845 -2.718253
vn -2.303140 -0.148350 -2.255531
vn -2.382122 -0.008026 -2.051546
vn -2.430464 -0.054048 -2.029023
vn -2.430952 -0.209387 -2.152135
vn -2.052156 -0.481246 -2.619862
vn -2.302225 -0.374493 -2.383099
vn -1.553179 -0.432417 -2.836299
vn -1.806482 -0.490524 -2.757866
vn -1.340709 -0.398907 -2.876888
vn -1.217597 -2.850093 -1.727927
vn -1.278512 -1.802515 -2.810663
vn -0.998779 -1.747643 -2.855037
vn -1.000366 -0.197363 -2.831904
vn -1.188971 -0.291971 -2.860897
vn -1.002075 -2.821162 -1.826685
vn -2.243141 -2.547899 -0.757927
vn -2.341655 -1.799707 0.249184
vn -2.569872 -1.937223 -1.810694
vn -2.405805 -0.221717 -2.190832
vn -2.312296 -1.280770 -2.482955
vn -2.342998 0.180883 -1.895474
vn -2.278237 0.448775 -1.516922
vn -1.594806 0.870357 -0.615406
vn -1.399792 0.888119 -0.475570
vn -1.457289 -1.595050 0.853816
vn -1.278817 -1.613544 0.882992
vn -1.248848 0.868648 -0.332133
vn -1.131535 -1.756737 0.846614
vn -2.151219 0.620106 -1.223518
vn -2.241493 -1.765893 0.368267
vn -2.147984 -1.738609 0.461715
vn -1.765648 -1.607379 0.744926
vn -1.635029 -1.610431 0.795526
vn -1.756249 0.839656 -0.790887
vn -1.838893 0.812799 -0.900876
vn -2.066683 -1.683493 0.547594
vn -1.922636 -1.634846 0.656972
vn -1.920194 0.775140 -0.955626
vn -2.008515 0.726676 -1.036866
vn 0.296609 -1.283822 -2.496078
vn 0.397565 -0.221717 -2.200354
vn 0.560350 -1.945952 -1.818812
vn 0.349101 -1.796716 0.242958
vn 0.241371 -2.549791 -0.761040
vn 0.244850 -1.762780 0.366863
vn 0.148228 -1.735618 0.462996
vn 0.066622 -1.680746 0.548753
vn -0.225440 -1.604266 0.742058
vn -0.078158 -1.634846 0.657399
vn -0.541551 -1.582842 0.857417
vn -0.364788 -1.613361 0.794427
vn -0.715812 -1.604388 0.885189
vn 0.344646 0.175207 -1.900357
vn 0.277688 0.448897 -1.517655
vn 0.155004 0.617359 -1.223273
vn 0.001801 0.730522 -1.039857
vn -0.154271 0.809748 -0.902768
vn -0.083773 0.777154 -0.953856
vn -0.247902 0.842586 -0.802362
vn -0.407575 0.869381 -0.607227
vn -0.598071 0.886898 -0.472945
vn -0.869808 -1.747826 0.850337
vn -1.000793 0.842341 -0.221839
vn -0.751946 0.867855 -0.329753
vn -1.004028 -1.784326 0.839778
vn 0.092502 -0.154820 -2.446333
vn -0.092868 -1.476028 -2.717704
vn 0.125523 -1.570635 -2.551622
vn 0.373211 -0.233985 -2.235878
vn -0.254738 -0.109226 -2.628162
vn -0.400922 -1.427198 -2.859737
vn -0.212989 -0.539232 -2.779962
vn 0.149815 -0.557482 -2.575427
vn -0.238685 -1.399731 -2.805719
vn -0.626820 -1.457839 -2.910825
vn -0.620106 -0.978698 -2.963500
vn -0.204688 -0.954283 -2.834529
vn 0.153294 -0.911557 -2.631581
vn -0.629933 -0.530076 -2.908444
vn -0.002045 -1.811975 -2.531236
vn -0.308206 -1.891324 -2.651357
vn 0.101169 -1.299081 -2.642567
vn -0.300882 -0.594165 -2.829340
vn -0.509140 -0.594165 -2.895871
vn 0.398480 -1.210578 -2.414167
vn 0.291116 -1.701926 -2.356609
vn 0.424970 -0.569750 -2.335734
vn -0.091037 -0.511826 -2.713309
vn 0.266640 -1.622578 -2.417036
vn 0.587023 -0.307230 -2.000702
vn 0.726371 -0.377422 -1.794946
vn 0.326701 -1.652974 -2.346660
vn -0.051546 -1.448683 -2.702689
vn -0.307901 -0.856624 -2.870968
vn 0.429853 -0.877987 -2.393048
vn 0.647023 -1.167852 -2.122044
vn 0.666616 -0.856624 -2.096225
vn 0.830927 -0.862728 -1.792932
vn -0.194556 -0.771172 -2.816278
vn -0.202063 -0.780328 -2.820734
vn 0.823542 -1.134281 -1.810266
vn 0.645497 -0.603320 -2.065279
vn 0.800287 -0.664357 -1.803858
vn 0.748283 -1.488296 -1.839625
vn 0.559740 -1.598224 -2.099704
vn -0.164647 -0.426191 -2.724235
vn 0.155919 -0.319437 -2.483444
vn 0.110996 -0.404828 -2.552904
vn -1.791406 -0.783380 -2.823969
vn -2.823054 -1.131230 -1.811975
vn -2.748100 -1.485305 -1.841823
vn -1.828700 -0.426191 -2.727470
vn -2.153966 -0.310465 -2.480819
vn -1.797693 -0.771172 -2.819758
vn -2.828852 -0.856624 -1.796716
vn -1.682638 -0.856624 -2.874447
vn -2.797723 -0.658315 -1.807153
vn -1.941923 -1.451613 -2.705557
vn -2.322489 -1.662313 -2.346293
vn -2.724723 -0.377483 -1.798669
vn -2.560350 -1.598041 -2.099032
vn -2.114719 -0.405011 -2.550340
vn -1.911466 -0.508652 -2.711112
vn -2.293191 -1.698996 -2.356182
vn -1.996734 -1.817957 -2.528916
vn -1.701743 -0.600269 -2.829707
vn -1.476638 -0.603320 -2.901425
vn -1.677389 -1.893948 -2.655934
vn -1.339427 -1.927702 -2.739067
vn -1.224983 -0.600330 -2.946715
vn -2.665639 -0.853572 -2.097445
vn -2.651601 -1.164800 -2.115818
vn -2.644520 -0.600208 -2.065767
vn -2.266152 -1.628559 -2.414899
vn -2.585498 -0.307352 -2.003204
vn -1.752159 -0.111911 -2.626514
vn -2.097018 -0.157811 -2.444746
vn -1.897427 -1.479141 -2.721976
vn -1.599323 -1.436415 -2.857540
vn -2.371563 -0.234169 -2.237892
vn -2.122166 -1.567644 -2.555162
vn -2.099093 -1.308237 -2.642323
vn -1.761132 -1.396802 -2.806452
vn -2.157201 -0.908505 -2.628712
vn -1.799036 -0.951231 -2.832819
vn -2.153478 -0.554491 -2.571947
vn -1.793359 -0.539171 -2.777154
vn -2.399457 -1.207526 -2.413739
vn -2.429060 -0.877987 -2.393963
vn -2.423505 -0.566698 -2.336344
vn -0.648366 -1.921476 -2.739921
vn -0.771294 -0.603259 -2.946898
vn -0.998047 -1.930692 -2.770257
vn -1.007080 -0.548387 -2.948363
vn -1.367382 -1.457778 -2.911984
vn -0.999451 -1.479141 -2.941771
vn -1.377026 -0.978698 -2.964049
vn -0.998474 -0.997009 -3.000000
vn -1.368786 -0.530137 -2.908750
vn -1.355602 -0.099765 -2.750175
vn -1.302866 -1.448683 -2.925352
vn -0.996521 -0.533067 -2.944762
vn -0.643788 -0.093966 -2.747002
vn -0.996094 -0.096957 -2.784539
vn -0.708182 -1.454665 -2.925657
vn -0.999878 -1.448622 -2.949034
vn -1.759606 -2.845088 -0.863216
vn -1.580218 -2.898190 -0.754387
vn -1.411817 -2.924924 -0.646352
vn -1.399487 0.936949 -0.702628
vn -1.586444 0.899472 -0.781121
vn -1.759850 0.845760 -0.874752
vn -1.895047 -2.787835 -1.050172
vn -2.253212 -2.318644 -1.831019
vn -2.020661 -2.703238 -1.239509
vn -2.737785 -1.454665 -1.879543
vn -2.779656 -0.624683 -1.831874
vn -2.808710 -0.957335 -1.852565
vn -2.096286 0.657277 -1.226814
vn -2.473006 0.129368 -1.744835
vn -1.947539 0.761162 -0.980224
vn 0.782464 -0.624683 -1.825770
vn 0.477584 0.126194 -1.740379
vn 0.093539 0.659413 -1.224189
vn 0.812677 -0.957335 -1.844020
vn 0.740837 -1.457656 -1.871670
vn 0.021149 -2.703543 -1.234687
vn 0.258156 -2.317911 -1.824732
vn -0.050142 0.759819 -0.975829
vn -0.242042 0.846797 -0.879452
vn -0.412336 0.898740 -0.778375
vn -0.592273 0.936522 -0.711295
vn -0.764641 0.942991 -0.588672
vn -0.103610 -2.787530 -1.036988
vn -0.401959 -2.892514 -0.753410
vn -0.586352 -2.925779 -0.653066
vn -0.236488 -2.843440 -0.862728
vn -1.244514 0.939146 -0.576159
vn -1.011170 0.959777 -0.601306
vn -0.804559 -2.944029 -0.572802
vn -1.205145 -2.943846 -0.576464
vn -1.003357 -2.939756 -0.512680
vn -1.143742 0.994202 -0.950987
vn 0.219764 0.477523 -1.573626
vn 0.219214 -0.755913 -2.566515
vn -1.143803 -1.476089 -2.937193
vn -2.506821 -0.960387 -2.314554
vn -2.506516 0.275491 -1.321665
vn -1.143742 0.994202 -0.950987
vn -1.022156 0.303446 0.516648
vn 0.597095 0.107456 -0.528245
vn 0.219764 0.477523 -1.573626
vn 0.626820 -1.268624 -2.131932
vn 0.219214 -0.755913 -2.566515
vn -1.143803 -1.476089 -2.937193
vn -1.224006 -2.355693 -2.453291
vn -2.738029 -1.961516 -1.234321
vn -2.506821 -0.960387 -2.314554
vn -2.506516 0.275491 -1.321665
vn -2.595508 -0.688772 0.165136
vn -0.675893 -0.246437 0.823969
vn 0.465194 0.312235 -0.638111
vn 0.126682 -0.478256 -2.567919
vn -1.519242 -1.885159 -2.716666
vn -2.531175 -2.285378 -1.058596
vn -2.092929 -1.482193 0.604053
vn -0.342692 -0.322428 0.763115
vn 0.574328 0.226783 -0.872982
vn 0.015229 -0.371502 -2.604419
vn -1.485977 -1.555437 -2.858882
vn -2.552354 -2.226600 -1.292856
vn -1.972198 -1.589129 0.645497
vn 0.841487 -0.258522 -0.757378
vn -0.410688 -0.212745 0.741447
vn 0.365276 -0.993957 -2.461470
vn -1.376842 -1.738365 -2.820124
vn -2.798456 -1.778100 -1.400159
vn -2.318461 -0.975646 0.503708
vn -0.474410 0.022187 0.636647
vn 0.930052 -0.655263 -0.605152
vn 0.468246 -1.646809 -2.194067
vn -1.351817 -2.034822 -2.674978
vn -2.867244 -1.442579 -1.563677
vn -2.487899 -0.365398 0.176183
vn -0.447493 0.327921 0.389630
vn 0.909177 -0.890194 -0.414533
vn 0.420759 -2.187048 -1.756493
vn -1.382031 -2.380169 -2.396161
vn -2.850765 -1.259407 -1.712363
vn -2.440046 0.174596 -0.260781
vn -0.585009 0.348796 0.417158
vn 0.821955 -0.865780 -0.186254
vn 0.440840 -2.242103 -1.617328
vn -1.482131 -2.324259 -2.419172
vn -2.869137 -1.006104 -1.711692
vn -2.373516 0.284219 -0.318766
vn -0.701407 -0.026643 0.721427
vn 0.804193 -0.923765 -0.140355
vn 0.542100 -1.918729 -1.881985
vn -1.367626 -1.954985 -2.718436
vn -2.862117 -0.981750 -1.729637
vn -2.478500 -0.051057 -0.044282
vn -2.738029 -1.961516 -1.234321
vn -2.506821 -0.960387 -2.314554
vn -2.531175 -2.285378 -1.058596
vn -2.552354 -2.226600 -1.292856
vn -2.798456 -1.778100 -1.400159
vn -2.867244 -1.442579 -1.563677
vn -2.850765 -1.259407 -1.712363
vn -2.869137 -1.006104 -1.711692
vn -2.862117 -0.981750 -1.729637
vn -0.987487 -1.506607 0.934690
vn 0.239662 -2.095859 0.123447
vn 0.016816 -2.690481 -1.328990
vn -1.432814 -2.694510 -1.970244
vn -2.659596 -2.104892 -1.158635
vn -2.437300 -1.509720 0.293985
vn -0.701407 -0.026643 0.721427
vn 0.804193 -0.923765 -0.140355
vn 0.542100 -1.918729 -1.881985
vn -1.367626 -1.954985 -2.718436
vn -2.862117 -0.981750 -1.729637
vn -2.478500 -0.051057 -0.044282
vn -2.478500 -0.051057 -0.044282
vn -2.437300 -1.509720 0.293985
vn -1.958342 -0.893246 0.752190
vn -2.990112 -1.198370 -0.981384
vn -2.986022 -0.792535 -0.887326
vn -1.897977 -1.051881 0.786309
vn 0.018036 -0.713187 0.697379
vn 0.004730 -1.221259 0.715018
vn 0.985656 -1.219733 -0.906980
vn 0.990417 -0.804743 -0.993408
vn 0.107334 -1.010682 -2.665456
vn 0.043306 -1.079348 -2.704459
vn -1.955901 -1.292978 -2.732170
vn -1.972381 -0.752861 -2.730155
vn -2.053255 -1.086978 0.697928
vn -2.968505 -0.647572 -1.029176
vn -2.101352 -0.972594 0.669179
vn -2.975951 -1.302133 -1.066347
vn -2.974181 -1.320444 -0.995666
vn -2.010895 -0.954283 0.725089
vn -0.043672 -1.465407 0.693716
vn -0.057039 -0.661306 0.730888
vn -0.027314 -0.627735 0.707389
vn 0.970458 -1.337168 -1.059694
vn 0.974059 -0.679556 -1.015442
vn 0.977844 -0.713187 -1.076296
vn -0.043733 -0.861202 -2.751091
vn -0.007477 -1.054933 -2.735466
vn -0.103549 -1.070193 -2.786492
vn -1.976531 -0.557543 -2.688406
vn -1.981231 -1.369274 -2.703238
vn -2.021699 -1.344920 -2.684439
vn -1.955901 -1.292978 -2.732170
vn -1.972381 -0.752861 -2.730155
vn -1.590167 0.669301 -0.069979
vn -2.002228 0.730522 -1.028016
vn -0.418012 0.606494 0.039338
vn 0.173254 0.619251 -1.036073
vn -0.503403 0.690542 -1.946196
vn -1.502701 0.739250 -1.849818
vn -1.502701 0.739250 -1.849818
vn -1.976531 -0.557543 -2.688406
vn -1.981231 -1.369274 -2.703238
vn -2.021699 -1.344920 -2.684439
vn -2.586596 -2.217689 -1.000000
vn -1.794214 -2.219092 0.372234
vn -0.209510 -2.220923 0.372723
vn 0.583056 -2.222266 -1.000000
vn -0.209571 -2.220862 -2.372845
vn -1.794153 -2.219092 -2.372295
vn -1.792871 -2.219398 0.372723
vn -2.585315 -2.219398 -1.000000
vn -0.207923 -2.220435 0.372173
vn 0.584338 -2.220557 -1.000000
vn -0.207862 -2.220496 -2.372234
vn -1.792505 -2.219520 -2.372906
vn -1.792138 0.220374 0.372173
vn -2.584399 0.220496 -1.000000
vn -0.207923 0.220374 0.372173
vn 0.585253 0.219337 -1.000000
vn -0.207862 0.220435 -2.372234
vn -1.792138 0.220374 -2.372234
vn -2.585315 -2.219398 -1.000000
vn -1.792138 -2.220435 0.372173
vn -0.207923 -2.220435 0.372173
vn 0.584338 -2.220557 -1.000000
vn -0.207923 -2.220435 -2.372234
vn -1.792199 -2.220496 -2.372234
vn -1.792138 0.220374 0.372173
vn -2.584399 0.220496 -1.000000
vn -0.207556 0.219459 0.372845
vn 0.585253 0.219337 -1.000000
vn -0.207190 0.219337 -2.372784
vn -1.792138 0.220374 -2.372234
f 2241/2241/2241 2242/2242/2242 2240/2240/2240
f 2243/2243/2243 2245/2245/2245 2242/2242/2242
f 2245/2245/2245 2243/2243/2243 2244/2244/2244
f 2242/2242/2242 2241/2241/2241 2243/2243/2243
f 1588/1588/1588 1590/1590/1590 1591/1591/1591
f 1591/1591/1591 1593/1593/1593 1592/1592/1592
f 1593/1593/1593 1591/1591/1591 1590/1590/1590
f 1590/1590/1590 1588/1588/1588 1589/1589/1589
f 2234/2234/2234 2231/2231/2231 2230/2230/2230
f 2234/2234/2234 2232/2232/2232 2233/2233/2233
f 2232/2232/2232 2234/2234/2234 2230/2230/2230
f 2231/2231/2231 2234/2234/2234 2235/2235/2235
f 2113/2113/2113 2114/2114/2114 2110/2110/2110
f 2113/2113/2113 2111/2111/2111 2115/2115/2115
f 2117/2117/2117 2112/2112/2112 2116/2116/2116
f 2119/2119/2119 2117/2117/2117 2116/2116/2116
f 2117/2117/2117 2119/2119/2119 2118/2118/2118
f 2112/2112/2112 2117/2117/2117 2114/2114/2114
f 2111/2111/2111 2113/2113/2113 2110/2110/2110
f 2114/2114/2114 2113/2113/2113 2112/2112/2112
f 3252/3252/3252 3254/3254/3254 3249/3249/3249
f 3252/3252/3252 3250/3250/3250 3251/3251/3251
f 3250/3250/3250 3252/3252/3252 3249/3249/3249
f 3254/3254/3254 3252/3252/3252 3253/3253/3253
f 2198/2198/2198 2197/2197/2197 2199/2199/2199
f 2197/2197/2197 2198/2198/2198 2196/2196/2196
f 1552/1552/1552 1554/1554/1554 1555/1555/1555
f 1554/1554/1554 1552/1552/1552 1553/1553/1553
f 1925/1925/1925 1923/1923/1923 1926/1926/1926
f 1925/1925/1925 1924/1924/1924 1922/1922/1922
f 1924/1924/1924 1925/1925/1925 1927/1927/1927
f 1923/1923/1923 1925/1925/1925 1922/1922/1922
f 2186/2186/2186 2184/2184/2184 2187/2187/2187
f 2184/2184/2184 2186/2186/2186 2185/2185/2185
f 1607/1607/1607 1608/1608/1608 1606/1606/1606
f 1608/1608/1608 1607/1607/1607 1609/1609/1609
f 2381/2381/2381 2379/2379/2379 2378/2378/2378
f 2379/2379/2379 2381/2381/2381 2380/2380/2380
f 2123/2123/2123 2120/2120/2120 2122/2122/2122
f 2120/2120/2120 2123/2123/2123 2121/2121/2121
f 1610/1610/1610 1612/1612/1612 1611/1611/1611
f 1612/1612/1612 1610/1610/1610 1613/1613/1613
f 1643/1643/1643 1645/1645/1645 1642/1642/1642
f 1645/1645/1645 1643/1643/1643 1644/1644/1644
f 2273/2273/2273 2270/2270/2270 2271/2271/2271
f 2270/2270/2270 2273/2273/2273 2272/2272/2272
f 1639/1639/1639 1641/1641/1641 1640/1640/1640
f 1641/1641/1641 1639/1639/1639 1638/1638/1638
f 2173/2173/2173 2175/2175/2175 2174/2174/2174
f 2175/2175/2175 2173/2173/2173 2172/2172/2172
f 2319/2319/2319 2321/2321/2321 2320/2320/2320
f 2321/2321/2321 2319/2319/2319 2318/2318/2318
f 2109/2109/2109 2106/2106/2106 2107/2107/2107
f 2106/2106/2106 2109/2109/2109 2108/2108/2108
f 1614/1614/1614 1617/1617/1617 1615/1615/1615
f 1617/1617/1617 1614/1614/1614 1616/1616/1616
f 1999/1999/1999 1996/1996/1996 1997/1997/1997
f 1996/1996/1996 1999/1999/1999 1998/1998/1998
f 2021/2021/2021 2018/2018/2018 2019/2019/2019
f 2018/2018/2018 2021/2021/2021 2020/2020/2020
f 2062/2062/2062 2069/2069/2069 2063/2063/2063
f 2071/2071/2071 2062/2062/2062 2064/2064/2064
f 2064/2064/2064 2072/2072/2072 2071/2071/2071
f 2066/2066/2066 2072/2072/2072 2065/2065/2065
f 2066/2066/2066 2074/2074/2074 2073/2073/2073
f 2075/2075/2075 2067/2067/2067 2068/2068/2068
f 2067/2067/2067 2075/2075/2075 2074/2074/2074
f 2074/2074/2074 2066/2066/2066 2067/2067/2067
f 2072/2072/2072 2066/2066/2066 2073/2073/2073
f 2072/2072/2072 2064/2064/2064 2065/2065/2065
f 2062/2062/2062 2071/2071/2071 2070/2070/2070
f 2069/2069/2069 2062/2062/2062 2070/2070/2070
f 1972/1972/1972 1980/1980/1980 1979/1979/1979
f 1979/1979/1979 1974/1974/1974 1972/1972/1972
f 1974/1974/1974 1982/1982/1982 1975/1975/1975
f 1983/1983/1983 1975/1975/1975 1982/1982/1982
f 1976/1976/1976 1984/1984/1984 1977/1977/1977
f 1985/1985/1985 1977/1977/1977 1984/1984/1984
f 1977/1977/1977 1985/1985/1985 1978/1978/1978
f 1984/1984/1984 1976/1976/1976 1983/1983/1983
f 1975/1975/1975 1983/1983/1983 1976/1976/1976
f 1982/1982/1982 1974/1974/1974 1981/1981/1981
f 1974/1974/1974 1979/1979/1979 1981/1981/1981
f 1980/1980/1980 1972/1972/1972 1973/1973/1973
f 1988/1988/1988 1987/1987/1987 1986/1986/1986
f 1987/1987/1987 1988/1988/1988 1989/1989/1989
f 2375/2375/2375 2376/2376/2376 2374/2374/2374
f 2376/2376/2376 2375/2375/2375 2377/2377/2377
f 2002/2002/2002 2001/2001/2001 2000/2000/2000
f 2003/2003/2003 2004/2004/2004 2005/2005/2005
f 2004/2004/2004 2003/2003/2003 2002/2002/2002
f 2001/2001/2001 2002/2002/2002 2003/2003/2003
f 2264/2264/2264 2268/2268/2268 2265/2265/2265
f 2268/2268/2268 2266/2266/2266 2265/2265/2265
f 2266/2266/2266 2268/2268/2268 2267/2267/2267
f 2268/2268/2268 2264/2264/2264 2269/2269/2269
f 606/606/606 608/608/608 605/605/605
f 612/612/612 610/610/610 611/611/611
f 611/611/611 613/613/613 612/612/612
f 613/613/613 608/608/608 607/607/607
f 615/615/615 617/617/617 618/618/618
f 617/617/617 619/619/619 620/620/620
f 606/606/606 620/620/620 619/619/619
f 653/653/653 621/621/621 622/622/622
f 609/609/609 621/621/621 610/610/610
f 625/625/625 623/623/623 624/624/624
f 655/655/655 627/627/627 656/656/656
f 626/626/626 627/627/627 628/628/628
f 623/623/623 618/618/618 624/624/624
f 605/605/605 629/629/629 630/630/630
f 632/632/632 606/606/606 631/631/631
f 611/611/611 634/634/634 633/633/633
f 612/612/612 636/636/636 609/609/609
f 637/637/637 611/611/611 633/633/633
f 638/638/638 612/612/612 613/613/613
f 608/608/608 637/637/637 629/629/629
f 607/607/607 638/638/638 613/613/613
f 618/618/618 640/640/640 639/639/639
f 641/641/641 616/616/616 615/615/615
f 643/643/643 617/617/617 620/620/620
f 619/619/619 642/642/642 644/644/644
f 605/605/605 643/643/643 620/620/620
f 606/606/606 644/644/644 631/631/631
f 645/645/645 654/654/654 658/658/658
f 657/657/657 622/622/622 646/646/646
f 621/621/621 634/634/634 610/610/610
f 622/622/622 636/636/636 646/646/646
f 623/623/623 648/648/648 647/647/647
f 624/624/624 650/650/650 625/625/625
f 655/655/655 651/651/651 628/628/628
f 659/659/659 627/627/627 652/652/652
f 648/648/648 628/628/628 651/651/651
f 650/650/650 627/627/627 625/625/625
f 649/649/649 618/618/618 639/639/639
f 623/623/623 641/641/641 615/615/615
f 641/641/641 623/623/623 647/647/647
f 618/618/618 649/649/649 624/624/624
f 627/627/627 650/650/650 652/652/652
f 628/628/628 648/648/648 626/626/626
f 627/627/627 659/659/659 656/656/656
f 651/651/651 655/655/655 660/660/660
f 650/650/650 624/624/624 649/649/649
f 648/648/648 623/623/623 626/626/626
f 636/636/636 622/622/622 609/609/609
f 634/634/634 621/621/621 645/645/645
f 622/622/622 657/657/657 653/653/653
f 654/654/654 645/645/645 621/621/621
f 644/644/644 606/606/606 619/619/619
f 643/643/643 605/605/605 630/630/630
f 642/642/642 619/619/619 616/616/616
f 617/617/617 643/643/643 640/640/640
f 616/616/616 641/641/641 642/642/642
f 640/640/640 618/618/618 617/617/617
f 638/638/638 607/607/607 632/632/632
f 637/637/637 608/608/608 614/614/614
f 612/612/612 638/638/638 635/635/635
f 611/611/611 637/637/637 614/614/614
f 636/636/636 612/612/612 635/635/635
f 634/634/634 611/611/611 610/610/610
f 606/606/606 632/632/632 607/607/607
f 629/629/629 605/605/605 608/608/608
f 618/618/618 623/623/623 615/615/615
f 627/627/627 626/626/626 625/625/625
f 627/627/627 655/655/655 628/628/628
f 623/623/623 625/625/625 626/626/626
f 621/621/621 609/609/609 622/622/622
f 621/621/621 653/653/653 654/654/654
f 620/620/620 606/606/606 605/605/605
f 619/619/619 617/617/617 616/616/616
f 617/617/617 615/615/615 616/616/616
f 608/608/608 613/613/613 614/614/614
f 613/613/613 611/611/611 614/614/614
f 610/610/610 612/612/612 609/609/609
f 608/608/608 606/606/606 607/607/607
f 1551/1551/1551 1549/1549/1549 1550/1550/1550
f 1549/1549/1549 1551/1551/1551 1548/1548/1548
f 1916/1916/1916 1918/1918/1918 1917/1917/1917
f 1918/1918/1918 1920/1920/1920 1917/1917/1917
f 1920/1920/1920 1918/1918/1918 1921/1921/1921
f 1918/1918/1918 1916/1916/1916 1919/1919/1919
f 2315/2315/2315 2317/2317/2317 2316/2316/2316
f 2317/2317/2317 2315/2315/2315 2314/2314/2314
f 3112/3112/3112 3114/3114/3114 3115/3115/3115
f 3117/3117/3117 3112/3112/3112 3116/3116/3116
f 3116/3116/3116 3119/3119/3119 3118/3118/3118
f 3121/3121/3121 3123/3123/3123 3120/3120/3120
f 3119/3119/3119 3123/3123/3123 3118/3118/3118
f 3125/3125/3125 3123/3123/3123 3122/3122/3122
f 3120/3120/3120 3126/3126/3126 3127/3127/3127
f 3123/3123/3123 3128/3128/3128 3120/3120/3120
f 3127/3127/3127 3129/3129/3129 3130/3130/3130
f 3132/3132/3132 3128/3128/3128 3131/3131/3131
f 3133/3133/3133 3112/3112/3112 3115/3115/3115
f 3129/3129/3129 3132/3132/3132 3134/3134/3134
f 3115/3115/3115 3135/3135/3135 3136/3136/3136
f 3137/3137/3137 3139/3139/3139 3140/3140/3140
f 3135/3135/3135 3137/3137/3137 3136/3136/3136
f 3119/3119/3119 3141/3141/3141 3124/3124/3124
f 3141/3141/3141 3142/3142/3142 3131/3131/3131
f 3141/3141/3141 3128/3128/3128 3124/3124/3124
f 3144/3144/3144 3146/3146/3146 3147/3147/3147
f 3143/3143/3143 3147/3147/3147 3142/3142/3142
f 3148/3148/3148 3137/3137/3137 3149/3149/3149
f 3136/3136/3136 3133/3133/3133 3115/3115/3115
f 3140/3140/3140 3144/3144/3144 3149/3149/3149
f 3144/3144/3144 3148/3148/3148 3149/3149/3149
f 3149/3149/3149 3137/3137/3137 3140/3140/3140
f 3150/3150/3150 3142/3142/3142 3147/3147/3147
f 3143/3143/3143 3133/3133/3133 3148/3148/3148
f 3151/3151/3151 3131/3131/3131 3142/3142/3142
f 3152/3152/3152 3153/3153/3153 3150/3150/3150
f 3154/3154/3154 3150/3150/3150 3153/3153/3153
f 3147/3147/3147 3152/3152/3152 3150/3150/3150
f 3132/3132/3132 3154/3154/3154 3134/3134/3134
f 3158/3158/3158 3156/3156/3156 3157/3157/3157
f 3157/3157/3157 3159/3159/3159 3158/3158/3158
f 3160/3160/3160 3156/3156/3156 3155/3155/3155
f 3162/3162/3162 3161/3161/3161 3160/3160/3160
f 3164/3164/3164 3166/3166/3166 3162/3162/3162
f 3162/3162/3162 3166/3166/3166 3163/3163/3163
f 3168/3168/3168 3157/3157/3157 3167/3167/3167
f 3171/3171/3171 3169/3169/3169 3170/3170/3170
f 3168/3168/3168 3170/3170/3170 3169/3169/3169
f 3175/3175/3175 3173/3173/3173 3174/3174/3174
f 3173/3173/3173 3171/3171/3171 3174/3174/3174
f 3161/3161/3161 3178/3178/3178 3156/3156/3156
f 3167/3167/3167 3156/3156/3156 3178/3178/3178
f 3163/3163/3163 3177/3177/3177 3161/3161/3161
f 3165/3165/3165 3181/3181/3181 3166/3166/3166
f 3179/3179/3179 3166/3166/3166 3181/3181/3181
f 3185/3185/3185 3183/3183/3183 3184/3184/3184
f 3186/3186/3186 3184/3184/3184 3183/3183/3183
f 3186/3186/3186 3180/3180/3180 3187/3187/3187
f 3174/3174/3174 3188/3188/3188 3189/3189/3189
f 3190/3190/3190 3189/3189/3189 3188/3188/3188
f 3192/3192/3192 3191/3191/3191 3190/3190/3190
f 3193/3193/3193 3183/3183/3183 3182/3182/3182
f 3188/3188/3188 3170/3170/3170 3194/3194/3194
f 3178/3178/3178 3170/3170/3170 3167/3167/3167
f 3194/3194/3194 3190/3190/3190 3188/3188/3188
f 3178/3178/3178 3195/3195/3195 3194/3194/3194
f 3196/3196/3196 3190/3190/3190 3195/3195/3195
f 3179/3179/3179 3195/3195/3195 3177/3177/3177
f 3192/3192/3192 3186/3186/3186 3183/3183/3183
f 3186/3186/3186 3179/3179/3179 3181/3181/3181
f 3197/3197/3197 3130/3130/3130 3198/3198/3198
f 3121/3121/3121 3127/3127/3127 3197/3197/3197
f 3199/3199/3199 3176/3176/3176 3175/3175/3175
f 3198/3198/3198 3199/3199/3199 3197/3197/3197
f 3174/3174/3174 3201/3201/3201 3175/3175/3175
f 3202/3202/3202 3197/3197/3197 3199/3199/3199
f 3199/3199/3199 3201/3201/3201 3202/3202/3202
f 3201/3201/3201 3191/3191/3191 3203/3203/3203
f 3202/3202/3202 3122/3122/3122 3121/3121/3121
f 3202/3202/3202 3203/3203/3203 3204/3204/3204
f 3193/3193/3193 3203/3203/3203 3191/3191/3191
f 3193/3193/3193 3206/3206/3206 3205/3205/3205
f 3206/3206/3206 3185/3185/3185 3207/3207/3207
f 3204/3204/3204 3125/3125/3125 3122/3122/3122
f 3208/3208/3208 3203/3203/3203 3205/3205/3205
f 3209/3209/3209 3208/3208/3208 3210/3210/3210
f 3206/3206/3206 3208/3208/3208 3205/3205/3205
f 3209/3209/3209 3212/3212/3212 3211/3211/3211
f 3210/3210/3210 3207/3207/3207 3212/3212/3212
f 3209/3209/3209 3117/3117/3117 3116/3116/3116
f 3125/3125/3125 3116/3116/3116 3118/3118/3118
f 3114/3114/3114 3214/3214/3214 3213/3213/3213
f 3113/3113/3113 3215/3215/3215 3214/3214/3214
f 3130/3130/3130 3217/3217/3217 3216/3216/3216
f 3217/3217/3217 3134/3134/3134 3218/3218/3218
f 3219/3219/3219 3114/3114/3114 3213/3213/3213
f 3138/3138/3138 3220/3220/3220 3139/3139/3139
f 3220/3220/3220 3140/3140/3140 3139/3139/3139
f 3221/3221/3221 3135/3135/3135 3219/3219/3219
f 3145/3145/3145 3223/3223/3223 3146/3146/3146
f 3224/3224/3224 3140/3140/3140 3222/3222/3222
f 3152/3152/3152 3225/3225/3225 3153/3153/3153
f 3225/3225/3225 3154/3154/3154 3153/3153/3153
f 3226/3226/3226 3146/3146/3146 3223/3223/3223
f 3134/3134/3134 3227/3227/3227 3218/3218/3218
f 3155/3155/3155 3229/3229/3229 3228/3228/3228
f 3230/3230/3230 3158/3158/3158 3159/3159/3159
f 3231/3231/3231 3155/3155/3155 3228/3228/3228
f 3232/3232/3232 3160/3160/3160 3231/3231/3231
f 3164/3164/3164 3233/3233/3233 3165/3165/3165
f 3232/3232/3232 3164/3164/3164 3162/3162/3162
f 3159/3159/3159 3235/3235/3235 3230/3230/3230
f 3236/3236/3236 3172/3172/3172 3237/3237/3237
f 3235/3235/3235 3169/3169/3169 3236/3236/3236
f 3173/3173/3173 3239/3239/3239 3238/3238/3238
f 3237/3237/3237 3173/3173/3173 3238/3238/3238
f 3165/3165/3165 3240/3240/3240 3180/3180/3180
f 3242/3242/3242 3184/3184/3184 3241/3241/3241
f 3241/3241/3241 3187/3187/3187 3243/3243/3243
f 3187/3187/3187 3240/3240/3240 3243/3243/3243
f 3244/3244/3244 3130/3130/3130 3216/3216/3216
f 3245/3245/3245 3176/3176/3176 3200/3200/3200
f 3245/3245/3245 3198/3198/3198 3244/3244/3244
f 3246/3246/3246 3185/3185/3185 3242/3242/3242
f 3212/3212/3212 3247/3247/3247 3211/3211/3211
f 3207/3207/3207 3248/3248/3248 3212/3212/3212
f 3247/3247/3247 3117/3117/3117 3211/3211/3211
f 3117/3117/3117 3247/3247/3247 3215/3215/3215
f 3248/3248/3248 3207/3207/3207 3246/3246/3246
f 3247/3247/3247 3212/3212/3212 3248/3248/3248
f 3185/3185/3185 3246/3246/3246 3207/3207/3207
f 3198/3198/3198 3245/3245/3245 3200/3200/3200
f 3176/3176/3176 3245/3245/3245 3239/3239/3239
f 3130/3130/3130 3244/3244/3244 3198/3198/3198
f 3240/3240/3240 3187/3187/3187 3180/3180/3180
f 3187/3187/3187 3241/3241/3241 3184/3184/3184
f 3184/3184/3184 3242/3242/3242 3185/3185/3185
f 3240/3240/3240 3165/3165/3165 3233/3233/3233
f 3173/3173/3173 3237/3237/3237 3172/3172/3172
f 3239/3239/3239 3173/3173/3173 3176/3176/3176
f 3169/3169/3169 3235/3235/3235 3168/3168/3168
f 3172/3172/3172 3236/3236/3236 3169/3169/3169
f 3235/3235/3235 3159/3159/3159 3168/3168/3168
f 3164/3164/3164 3232/3232/3232 3234/3234/3234
f 3233/3233/3233 3164/3164/3164 3234/3234/3234
f 3160/3160/3160 3232/3232/3232 3162/3162/3162
f 3155/3155/3155 3231/3231/3231 3160/3160/3160
f 3158/3158/3158 3230/3230/3230 3229/3229/3229
f 3229/3229/3229 3155/3155/3155 3158/3158/3158
f 3227/3227/3227 3134/3134/3134 3154/3154/3154
f 3146/3146/3146 3226/3226/3226 3152/3152/3152
f 3154/3154/3154 3225/3225/3225 3227/3227/3227
f 3225/3225/3225 3152/3152/3152 3226/3226/3226
f 3140/3140/3140 3224/3224/3224 3145/3145/3145
f 3223/3223/3223 3145/3145/3145 3224/3224/3224
f 3135/3135/3135 3221/3221/3221 3138/3138/3138
f 3140/3140/3140 3220/3220/3220 3222/3222/3222
f 3220/3220/3220 3138/3138/3138 3221/3221/3221
f 3114/3114/3114 3219/3219/3219 3135/3135/3135
f 3134/3134/3134 3217/3217/3217 3129/3129/3129
f 3217/3217/3217 3130/3130/3130 3129/3129/3129
f 3215/3215/3215 3113/3113/3113 3117/3117/3117
f 3214/3214/3214 3114/3114/3114 3113/3113/3113
f 3116/3116/3116 3125/3125/3125 3209/3209/3209
f 3117/3117/3117 3209/3209/3209 3211/3211/3211
f 3207/3207/3207 3210/3210/3210 3206/3206/3206
f 3212/3212/3212 3209/3209/3209 3210/3210/3210
f 3208/3208/3208 3206/3206/3206 3210/3210/3210
f 3208/3208/3208 3209/3209/3209 3125/3125/3125
f 3203/3203/3203 3208/3208/3208 3204/3204/3204
f 3125/3125/3125 3204/3204/3204 3208/3208/3208
f 3185/3185/3185 3206/3206/3206 3182/3182/3182
f 3206/3206/3206 3193/3193/3193 3182/3182/3182
f 3203/3203/3203 3193/3193/3193 3205/3205/3205
f 3203/3203/3203 3202/3202/3202 3201/3201/3201
f 3122/3122/3122 3202/3202/3202 3204/3204/3204
f 3191/3191/3191 3201/3201/3201 3189/3189/3189
f 3201/3201/3201 3199/3199/3199 3175/3175/3175
f 3197/3197/3197 3202/3202/3202 3121/3121/3121
f 3201/3201/3201 3174/3174/3174 3189/3189/3189
f 3199/3199/3199 3198/3198/3198 3200/3200/3200
f 3176/3176/3176 3199/3199/3199 3200/3200/3200
f 3127/3127/3127 3121/3121/3121 3120/3120/3120
f 3130/3130/3130 3197/3197/3197 3127/3127/3127
f 3179/3179/3179 3186/3186/3186 3196/3196/3196
f 3186/3186/3186 3192/3192/3192 3196/3196/3196
f 3195/3195/3195 3179/3179/3179 3196/3196/3196
f 3190/3190/3190 3196/3196/3196 3192/3192/3192
f 3195/3195/3195 3178/3178/3178 3177/3177/3177
f 3190/3190/3190 3194/3194/3194 3195/3195/3195
f 3170/3170/3170 3178/3178/3178 3194/3194/3194
f 3170/3170/3170 3188/3188/3188 3171/3171/3171
f 3183/3183/3183 3193/3193/3193 3192/3192/3192
f 3191/3191/3191 3192/3192/3192 3193/3193/3193
f 3189/3189/3189 3190/3190/3190 3191/3191/3191
f 3188/3188/3188 3174/3174/3174 3171/3171/3171
f 3180/3180/3180 3186/3186/3186 3181/3181/3181
f 3184/3184/3184 3186/3186/3186 3187/3187/3187
f 3183/3183/3183 3185/3185/3185 3182/3182/3182
f 3166/3166/3166 3179/3179/3179 3163/3163/3163
f 3181/3181/3181 3165/3165/3165 3180/3180/3180
f 3177/3177/3177 3163/3163/3163 3179/3179/3179
f 3156/3156/3156 3167/3167/3167 3157/3157/3157
f 3178/3178/3178 3161/3161/3161 3177/3177/3177
f 3171/3171/3171 3173/3173/3173 3172/3172/3172
f 3173/3173/3173 3175/3175/3175 3176/3176/3176
f 3170/3170/3170 3168/3168/3168 3167/3167/3167
f 3169/3169/3169 3171/3171/3171 3172/3172/3172
f 3157/3157/3157 3168/3168/3168 3159/3159/3159
f 3166/3166/3166 3164/3164/3164 3165/3165/3165
f 3161/3161/3161 3162/3162/3162 3163/3163/3163
f 3156/3156/3156 3160/3160/3160 3161/3161/3161
f 3156/3156/3156 3158/3158/3158 3155/3155/3155
f 3154/3154/3154 3132/3132/3132 3151/3151/3151
f 3152/3152/3152 3147/3147/3147 3146/3146/3146
f 3150/3150/3150 3154/3154/3154 3151/3151/3151
f 3131/3131/3131 3151/3151/3151 3132/3132/3132
f 3133/3133/3133 3143/3143/3143 3141/3141/3141
f 3142/3142/3142 3150/3150/3150 3151/3151/3151
f 3148/3148/3148 3144/3144/3144 3143/3143/3143
f 3144/3144/3144 3140/3140/3140 3145/3145/3145
f 3133/3133/3133 3136/3136/3136 3148/3148/3148
f 3137/3137/3137 3148/3148/3148 3136/3136/3136
f 3147/3147/3147 3143/3143/3143 3144/3144/3144
f 3146/3146/3146 3144/3144/3144 3145/3145/3145
f 3128/3128/3128 3141/3141/3141 3131/3131/3131
f 3142/3142/3142 3141/3141/3141 3143/3143/3143
f 3141/3141/3141 3119/3119/3119 3133/3133/3133
f 3137/3137/3137 3135/3135/3135 3138/3138/3138
f 3139/3139/3139 3137/3137/3137 3138/3138/3138
f 3135/3135/3135 3115/3115/3115 3114/3114/3114
f 3132/3132/3132 3129/3129/3129 3126/3126/3126
f 3112/3112/3112 3133/3133/3133 3119/3119/3119
f 3128/3128/3128 3132/3132/3132 3126/3126/3126
f 3129/3129/3129 3127/3127/3127 3126/3126/3126
f 3128/3128/3128 3123/3123/3123 3124/3124/3124
f 3126/3126/3126 3120/3120/3120 3128/3128/3128
f 3123/3123/3123 3125/3125/3125 3118/3118/3118
f 3123/3123/3123 3119/3119/3119 3124/3124/3124
f 3123/3123/3123 3121/3121/3121 3122/3122/3122
f 3119/3119/3119 3116/3116/3116 3112/3112/3112
f 3112/3112/3112 3117/3117/3117 3113/3113/3113
f 3114/3114/3114 3112/3112/3112 3113/3113/3113
f 2183/2183/2183 2181/2181/2181 2182/2182/2182
f 2181/2181/2181 2183/2183/2183 2180/2180/2180
f 2917/2917/2917 2919/2919/2919 2920/2920/2920
f 2921/2921/2921 2918/2918/2918 2917/2917/2917
f 2921/2921/2921 2924/2924/2924 2922/2922/2922
f 2920/2920/2920 2926/2926/2926 2917/2917/2917
f 2925/2925/2925 2928/2928/2928 2926/2926/2926
f 2928/2928/2928 2929/2929/2929 2930/2930/2930
f 2929/2929/2929 2932/2932/2932 2930/2930/2930
f 2932/2932/2932 2933/2933/2933 2934/2934/2934
f 2935/2935/2935 2934/2934/2934 2933/2933/2933
f 2935/2935/2935 2938/2938/2938 2936/2936/2936
f 2940/2940/2940 2937/2937/2937 2939/2939/2939
f 2939/2939/2939 2942/2942/2942 2940/2940/2940
f 2943/2943/2943 2942/2942/2942 2941/2941/2941
f 2945/2945/2945 2943/2943/2943 2946/2946/2946
f 2950/2950/2950 2948/2948/2948 2949/2949/2949
f 2946/2946/2946 2949/2949/2949 2945/2945/2945
f 2948/2948/2948 2951/2951/2951 2952/2952/2952
f 2921/2921/2921 2954/2954/2954 2923/2923/2923
f 2952/2952/2952 2954/2954/2954 2953/2953/2953
f 2921/2921/2921 2926/2926/2926 2953/2953/2953
f 2926/2926/2926 2955/2955/2955 2956/2956/2956
f 2958/2958/2958 2926/2926/2926 2957/2957/2957
f 2926/2926/2926 2956/2956/2956 2957/2957/2957
f 2928/2928/2928 2930/2930/2930 2955/2955/2955
f 2955/2955/2955 2932/2932/2932 2959/2959/2959
f 2934/2934/2934 2959/2959/2959 2932/2932/2932
f 2961/2961/2961 2953/2953/2953 2958/2958/2958
f 2962/2962/2962 2948/2948/2948 2961/2961/2961
f 2948/2948/2948 2952/2952/2952 2961/2961/2961
f 2945/2945/2945 2962/2962/2962 2963/2963/2963
f 2963/2963/2963 2942/2942/2942 2944/2944/2944
f 2944/2944/2944 2945/2945/2945 2963/2963/2963
f 2964/2964/2964 2940/2940/2940 2942/2942/2942
f 2965/2965/2965 2938/2938/2938 2940/2940/2940
f 2960/2960/2960 2934/2934/2934 2936/2936/2936
f 2938/2938/2938 2960/2960/2960 2936/2936/2936
f 2961/2961/2961 2957/2957/2957 2966/2966/2966
f 2956/2956/2956 2955/2955/2955 2967/2967/2967
f 2956/2956/2956 2966/2966/2966 2957/2957/2957
f 2968/2968/2968 2961/2961/2961 2966/2966/2966
f 2963/2963/2963 2968/2968/2968 2964/2964/2964
f 2969/2969/2969 2964/2964/2964 2968/2968/2968
f 2969/2969/2969 2960/2960/2960 2965/2965/2965
f 2969/2969/2969 2959/2959/2959 2960/2960/2960
f 2967/2967/2967 2955/2955/2955 2959/2959/2959
f 2967/2967/2967 2968/2968/2968 2966/2966/2966
f 2919/2919/2919 2971/2971/2971 2970/2970/2970
f 2919/2919/2919 2972/2972/2972 2920/2920/2920
f 2918/2918/2918 2973/2973/2973 2971/2971/2971
f 2924/2924/2924 2975/2975/2975 2974/2974/2974
f 2922/2922/2922 2974/2974/2974 2973/2973/2973
f 2976/2976/2976 2920/2920/2920 2972/2972/2972
f 2927/2927/2927 2976/2976/2976 2977/2977/2977
f 2929/2929/2929 2977/2977/2977 2978/2978/2978
f 2929/2929/2929 2979/2979/2979 2931/2931/2931
f 2980/2980/2980 2931/2931/2931 2979/2979/2979
f 2935/2935/2935 2980/2980/2980 2981/2981/2981
f 2935/2935/2935 2982/2982/2982 2937/2937/2937
f 2982/2982/2982 2939/2939/2939 2937/2937/2937
f 2941/2941/2941 2983/2983/2983 2984/2984/2984
f 2943/2943/2943 2984/2984/2984 2985/2985/2985
f 2943/2943/2943 2986/2986/2986 2946/2946/2946
f 2947/2947/2947 2988/2988/2988 2987/2987/2987
f 2950/2950/2950 2986/2986/2986 2988/2988/2988
f 2989/2989/2989 2947/2947/2947 2987/2987/2987
f 2990/2990/2990 2923/2923/2923 2954/2954/2954
f 2954/2954/2954 2989/2989/2989 2990/2990/2990
f 2989/2989/2989 2954/2954/2954 2951/2951/2951
f 2923/2923/2923 2990/2990/2990 2975/2975/2975
f 2947/2947/2947 2989/2989/2989 2951/2951/2951
f 2986/2986/2986 2950/2950/2950 2946/2946/2946
f 2988/2988/2988 2947/2947/2947 2950/2950/2950
f 2986/2986/2986 2943/2943/2943 2985/2985/2985
f 2984/2984/2984 2943/2943/2943 2941/2941/2941
f 2983/2983/2983 2941/2941/2941 2939/2939/2939
f 2939/2939/2939 2982/2982/2982 2983/2983/2983
f 2982/2982/2982 2935/2935/2935 2981/2981/2981
f 2980/2980/2980 2935/2935/2935 2933/2933/2933
f 2931/2931/2931 2980/2980/2980 2933/2933/2933
f 2979/2979/2979 2929/2929/2929 2978/2978/2978
f 2977/2977/2977 2929/2929/2929 2927/2927/2927
f 2976/2976/2976 2927/2927/2927 2925/2925/2925
f 2920/2920/2920 2976/2976/2976 2925/2925/2925
f 2974/2974/2974 2922/2922/2922 2924/2924/2924
f 2975/2975/2975 2924/2924/2924 2923/2923/2923
f 2973/2973/2973 2918/2918/2918 2922/2922/2922
f 2972/2972/2972 2919/2919/2919 2970/2970/2970
f 2971/2971/2971 2919/2919/2919 2918/2918/2918
f 2968/2968/2968 2967/2967/2967 2969/2969/2969
f 2959/2959/2959 2969/2969/2969 2967/2967/2967
f 2964/2964/2964 2969/2969/2969 2965/2965/2965
f 2968/2968/2968 2963/2963/2963 2962/2962/2962
f 2961/2961/2961 2968/2968/2968 2962/2962/2962
f 2966/2966/2966 2956/2956/2956 2967/2967/2967
f 2957/2957/2957 2961/2961/2961 2958/2958/2958
f 2960/2960/2960 2938/2938/2938 2965/2965/2965
f 2940/2940/2940 2964/2964/2964 2965/2965/2965
f 2942/2942/2942 2963/2963/2963 2964/2964/2964
f 2962/2962/2962 2945/2945/2945 2949/2949/2949
f 2948/2948/2948 2962/2962/2962 2949/2949/2949
f 2953/2953/2953 2961/2961/2961 2952/2952/2952
f 2959/2959/2959 2934/2934/2934 2960/2960/2960
f 2932/2932/2932 2955/2955/2955 2930/2930/2930
f 2926/2926/2926 2958/2958/2958 2953/2953/2953
f 2955/2955/2955 2926/2926/2926 2928/2928/2928
f 2926/2926/2926 2921/2921/2921 2917/2917/2917
f 2954/2954/2954 2952/2952/2952 2951/2951/2951
f 2954/2954/2954 2921/2921/2921 2953/2953/2953
f 2951/2951/2951 2948/2948/2948 2947/2947/2947
f 2949/2949/2949 2946/2946/2946 2950/2950/2950
f 2948/2948/2948 2950/2950/2950 2947/2947/2947
f 2943/2943/2943 2945/2945/2945 2944/2944/2944
f 2942/2942/2942 2943/2943/2943 2944/2944/2944
f 2942/2942/2942 2939/2939/2939 2941/2941/2941
f 2937/2937/2937 2940/2940/2940 2938/2938/2938
f 2938/2938/2938 2935/2935/2935 2937/2937/2937
f 2934/2934/2934 2935/2935/2935 2936/2936/2936
f 2933/2933/2933 2932/2932/2932 2931/2931/2931
f 2932/2932/2932 2929/2929/2929 2931/2931/2931
f 2929/2929/2929 2928/2928/2928 2927/2927/2927
f 2928/2928/2928 2925/2925/2925 2927/2927/2927
f 2926/2926/2926 2920/2920/2920 2925/2925/2925
f 2924/2924/2924 2921/2921/2921 2923/2923/2923
f 2918/2918/2918 2921/2921/2921 2922/2922/2922
f 2919/2919/2919 2917/2917/2917 2918/2918/2918
f 2843/2843/2843 2845/2845/2845 2846/2846/2846
f 2850/2850/2850 2848/2848/2848 2849/2849/2849
f 2848/2848/2848 2845/2845/2845 2844/2844/2844
f 2850/2850/2850 2852/2852/2852 2847/2847/2847
f 2853/2853/2853 2846/2846/2846 2845/2845/2845
f 2851/2851/2851 2855/2855/2855 2852/2852/2852
f 2856/2856/2856 2858/2858/2858 2855/2855/2855
f 2859/2859/2859 2855/2855/2855 2858/2858/2858
f 2859/2859/2859 2852/2852/2852 2855/2855/2855
f 2858/2858/2858 2862/2862/2862 2861/2861/2861
f 2863/2863/2863 2858/2858/2858 2861/2861/2861
f 2865/2865/2865 2862/2862/2862 2864/2864/2864
f 2867/2867/2867 2864/2864/2864 2866/2866/2866
f 2868/2868/2868 2865/2865/2865 2867/2867/2867
f 2861/2861/2861 2868/2868/2868 2863/2863/2863
f 2869/2869/2869 2867/2867/2867 2866/2866/2866
f 2871/2871/2871 2867/2867/2867 2870/2870/2870
f 2869/2869/2869 2872/2872/2872 2870/2870/2870
f 2877/2877/2877 2875/2875/2875 2876/2876/2876
f 2876/2876/2876 2879/2879/2879 2877/2877/2877
f 2872/2872/2872 2880/2880/2880 2881/2881/2881
f 2870/2870/2870 2882/2882/2882 2871/2871/2871
f 2880/2880/2880 2884/2884/2884 2881/2881/2881
f 2885/2885/2885 2884/2884/2884 2883/2883/2883
f 2878/2878/2878 2885/2885/2885 2879/2879/2879
f 2887/2887/2887 2884/2884/2884 2886/2886/2886
f 2876/2876/2876 2875/2875/2875 2888/2888/2888
f 2868/2868/2868 2889/2889/2889 2863/2863/2863
f 2882/2882/2882 2872/2872/2872 2881/2881/2881
f 2884/2884/2884 2882/2882/2882 2881/2881/2881
f 2890/2890/2890 2882/2882/2882 2887/2887/2887
f 2886/2886/2886 2891/2891/2891 2887/2887/2887
f 2871/2871/2871 2890/2890/2890 2889/2889/2889
f 2891/2891/2891 2876/2876/2876 2888/2888/2888
f 2891/2891/2891 2890/2890/2890 2887/2887/2887
f 2892/2892/2892 2891/2891/2891 2888/2888/2888
f 2893/2893/2893 2890/2890/2890 2892/2892/2892
f 2892/2892/2892 2888/2888/2888 2894/2894/2894
f 2859/2859/2859 2889/2889/2889 2893/2893/2893
f 2853/2853/2853 2847/2847/2847 2852/2852/2852
f 2854/2854/2854 2875/2875/2875 2874/2874/2874
f 2875/2875/2875 2894/2894/2894 2888/2888/2888
f 2852/2852/2852 2895/2895/2895 2853/2853/2853
f 2895/2895/2895 2894/2894/2894 2853/2853/2853
f 2859/2859/2859 2895/2895/2895 2860/2860/2860
f 2892/2892/2892 2895/2895/2895 2893/2893/2893
f 2896/2896/2896 2843/2843/2843 2897/2897/2897
f 2898/2898/2898 2843/2843/2843 2846/2846/2846
f 2848/2848/2848 2899/2899/2899 2849/2849/2849
f 2901/2901/2901 2849/2849/2849 2899/2899/2899
f 2844/2844/2844 2900/2900/2900 2848/2848/2848
f 2851/2851/2851 2901/2901/2901 2902/2902/2902
f 2854/2854/2854 2898/2898/2898 2846/2846/2846
f 2856/2856/2856 2902/2902/2902 2904/2904/2904
f 2856/2856/2856 2905/2905/2905 2857/2857/2857
f 2905/2905/2905 2862/2862/2862 2857/2857/2857
f 2907/2907/2907 2862/2862/2862 2906/2906/2906
f 2908/2908/2908 2864/2864/2864 2907/2907/2907
f 2908/2908/2908 2869/2869/2869 2866/2866/2866
f 2869/2869/2869 2910/2910/2910 2873/2873/2873
f 2911/2911/2911 2877/2877/2877 2912/2912/2912
f 2912/2912/2912 2879/2879/2879 2913/2913/2913
f 2914/2914/2914 2873/2873/2873 2910/2910/2910
f 2883/2883/2883 2914/2914/2914 2915/2915/2915
f 2916/2916/2916 2883/2883/2883 2915/2915/2915
f 2879/2879/2879 2916/2916/2916 2913/2913/2913
f 2854/2854/2854 2911/2911/2911 2903/2903/2903
f 2911/2911/2911 2854/2854/2854 2874/2874/2874
f 2916/2916/2916 2879/2879/2879 2885/2885/2885
f 2883/2883/2883 2916/2916/2916 2885/2885/2885
f 2914/2914/2914 2883/2883/2883 2880/2880/2880
f 2873/2873/2873 2914/2914/2914 2880/2880/2880
f 2879/2879/2879 2912/2912/2912 2877/2877/2877
f 2877/2877/2877 2911/2911/2911 2874/2874/2874
f 2910/2910/2910 2869/2869/2869 2909/2909/2909
f 2869/2869/2869 2908/2908/2908 2909/2909/2909
f 2864/2864/2864 2908/2908/2908 2866/2866/2866
f 2862/2862/2862 2907/2907/2907 2864/2864/2864
f 2862/2862/2862 2905/2905/2905 2906/2906/2906
f 2905/2905/2905 2856/2856/2856 2904/2904/2904
f 2902/2902/2902 2856/2856/2856 2851/2851/2851
f 2898/2898/2898 2854/2854/2854 2903/2903/2903
f 2901/2901/2901 2851/2851/2851 2850/2850/2850
f 2900/2900/2900 2844/2844/2844 2896/2896/2896
f 2849/2849/2849 2901/2901/2901 2850/2850/2850
f 2899/2899/2899 2848/2848/2848 2900/2900/2900
f 2843/2843/2843 2898/2898/2898 2897/2897/2897
f 2843/2843/2843 2896/2896/2896 2844/2844/2844
f 2895/2895/2895 2892/2892/2892 2894/2894/2894
f 2895/2895/2895 2859/2859/2859 2893/2893/2893
f 2895/2895/2895 2852/2852/2852 2860/2860/2860
f 2894/2894/2894 2875/2875/2875 2853/2853/2853
f 2875/2875/2875 2854/2854/2854 2853/2853/2853
f 2847/2847/2847 2853/2853/2853 2845/2845/2845
f 2889/2889/2889 2859/2859/2859 2863/2863/2863
f 2890/2890/2890 2893/2893/2893 2889/2889/2889
f 2890/2890/2890 2891/2891/2891 2892/2892/2892
f 2876/2876/2876 2891/2891/2891 2878/2878/2878
f 2890/2890/2890 2871/2871/2871 2882/2882/2882
f 2891/2891/2891 2886/2886/2886 2878/2878/2878
f 2882/2882/2882 2884/2884/2884 2887/2887/2887
f 2889/2889/2889 2868/2868/2868 2871/2871/2871
f 2885/2885/2885 2878/2878/2878 2886/2886/2886
f 2884/2884/2884 2885/2885/2885 2886/2886/2886
f 2884/2884/2884 2880/2880/2880 2883/2883/2883
f 2882/2882/2882 2870/2870/2870 2872/2872/2872
f 2880/2880/2880 2872/2872/2872 2873/2873/2873
f 2879/2879/2879 2876/2876/2876 2878/2878/2878
f 2875/2875/2875 2877/2877/2877 2874/2874/2874
f 2872/2872/2872 2869/2869/2869 2873/2873/2873
f 2867/2867/2867 2871/2871/2871 2868/2868/2868
f 2867/2867/2867 2869/2869/2869 2870/2870/2870
f 2868/2868/2868 2861/2861/2861 2865/2865/2865
f 2864/2864/2864 2867/2867/2867 2865/2865/2865
f 2862/2862/2862 2865/2865/2865 2861/2861/2861
f 2858/2858/2858 2863/2863/2863 2859/2859/2859
f 2862/2862/2862 2858/2858/2858 2857/2857/2857
f 2852/2852/2852 2859/2859/2859 2860/2860/2860
f 2858/2858/2858 2856/2856/2856 2857/2857/2857
f 2855/2855/2855 2851/2851/2851 2856/2856/2856
f 2846/2846/2846 2853/2853/2853 2854/2854/2854
f 2852/2852/2852 2850/2850/2850 2851/2851/2851
f 2845/2845/2845 2848/2848/2848 2847/2847/2847
f 2848/2848/2848 2850/2850/2850 2847/2847/2847
f 2845/2845/2845 2843/2843/2843 2844/2844/2844
f 1939/1939/1939 1940/1940/1940 1941/1941/1941
f 1940/1940/1940 1939/1939/1939 1938/1938/1938
f 1730/1730/1730 1732/1732/1732 1733/1733/1733
f 1730/1730/1730 1734/1734/1734 1731/1731/1731
f 1734/1734/1734 1736/1736/1736 1737/1737/1737
f 1739/1739/1739 1737/1737/1737 1736/1736/1736
f 1740/1740/1740 1738/1738/1738 1739/1739/1739
f 1743/1743/1743 1740/1740/1740 1742/1742/1742
f 1742/1742/1742 1745/1745/1745 1743/1743/1743
f 1744/1744/1744 1747/1747/1747 1745/1745/1745
f 1747/1747/1747 1748/1748/1748 1749/1749/1749
f 1750/1750/1750 1749/1749/1749 1748/1748/1748
f 1750/1750/1750 1752/1752/1752 1751/1751/1751
f 1753/1753/1753 1755/1755/1755 1752/1752/1752
f 1757/1757/1757 1754/1754/1754 1756/1756/1756
f 1756/1756/1756 1759/1759/1759 1757/1757/1757
f 1759/1759/1759 1761/1761/1761 1760/1760/1760
f 1760/1760/1760 1762/1762/1762 1763/1763/1763
f 1764/1764/1764 1763/1763/1763 1762/1762/1762
f 1766/1766/1766 1765/1765/1765 1764/1764/1764
f 1769/1769/1769 1766/1766/1766 1768/1768/1768
f 1732/1732/1732 1768/1768/1768 1733/1733/1733
f 1768/1768/1768 1732/1732/1732 1769/1769/1769
f 1766/1766/1766 1769/1769/1769 1767/1767/1767
f 1765/1765/1765 1766/1766/1766 1767/1767/1767
f 1763/1763/1763 1764/1764/1764 1765/1765/1765
f 1762/1762/1762 1760/1760/1760 1761/1761/1761
f 1761/1761/1761 1759/1759/1759 1758/1758/1758
f 1759/1759/1759 1756/1756/1756 1758/1758/1758
f 1754/1754/1754 1757/1757/1757 1755/1755/1755
f 1755/1755/1755 1753/1753/1753 1754/1754/1754
f 1752/1752/1752 1750/1750/1750 1753/1753/1753
f 1749/1749/1749 1750/1750/1750 1751/1751/1751
f 1748/1748/1748 1747/1747/1747 1746/1746/1746
f 1747/1747/1747 1744/1744/1744 1746/1746/1746
f 1745/1745/1745 1742/1742/1742 1744/1744/1744
f 1740/1740/1740 1743/1743/1743 1741/1741/1741
f 1738/1738/1738 1740/1740/1740 1741/1741/1741
f 1737/1737/1737 1739/1739/1739 1738/1738/1738
f 1736/1736/1736 1734/1734/1734 1735/1735/1735
f 1734/1734/1734 1730/1730/1730 1735/1735/1735
f 1732/1732/1732 1730/1730/1730 1731/1731/1731
f 2224/2224/2224 2223/2223/2223 2225/2225/2225
f 2223/2223/2223 2224/2224/2224 2222/2222/2222
f 1372/1372/1372 1370/1370/1370 1371/1371/1371
f 1372/1372/1372 1375/1375/1375 1373/1373/1373
f 1375/1375/1375 1376/1376/1376 1377/1377/1377
f 1378/1378/1378 1377/1377/1377 1376/1376/1376
f 1381/1381/1381 1402/1402/1402 1380/1380/1380
f 1382/1382/1382 1381/1381/1381 1380/1380/1380
f 1384/1384/1384 1383/1383/1383 1382/1382/1382
f 1384/1384/1384 1370/1370/1370 1385/1385/1385
f 1371/1371/1371 1387/1387/1387 1372/1372/1372
f 1388/1388/1388 1372/1372/1372 1387/1387/1387
f 1374/1374/1374 1389/1389/1389 1376/1376/1376
f 1390/1390/1390 1376/1376/1376 1389/1389/1389
f 1404/1404/1404 1380/1380/1380 1402/1402/1402
f 1380/1380/1380 1392/1392/1392 1382/1382/1382
f 1392/1392/1392 1384/1384/1384 1382/1382/1382
f 1384/1384/1384 1386/1386/1386 1371/1371/1371
f 1395/1395/1395 1386/1386/1386 1394/1394/1394
f 1387/1387/1387 1396/1396/1396 1388/1388/1388
f 1396/1396/1396 1389/1389/1389 1388/1388/1388
f 1397/1397/1397 1390/1390/1390 1389/1389/1389
f 1404/1404/1404 1399/1399/1399 1391/1391/1391
f 1400/1400/1400 1391/1391/1391 1399/1399/1399
f 1400/1400/1400 1393/1393/1393 1392/1392/1392
f 1394/1394/1394 1393/1393/1393 1401/1401/1401
f 1393/1393/1393 1394/1394/1394 1386/1386/1386
f 1393/1393/1393 1400/1400/1400 1401/1401/1401
f 1391/1391/1391 1400/1400/1400 1392/1392/1392
f 1399/1399/1399 1404/1404/1404 1405/1405/1405
f 1390/1390/1390 1397/1397/1397 1398/1398/1398
f 1389/1389/1389 1396/1396/1396 1397/1397/1397
f 1396/1396/1396 1387/1387/1387 1395/1395/1395
f 1386/1386/1386 1395/1395/1395 1387/1387/1387
f 1386/1386/1386 1384/1384/1384 1393/1393/1393
f 1384/1384/1384 1392/1392/1392 1393/1393/1393
f 1392/1392/1392 1380/1380/1380 1391/1391/1391
f 1380/1380/1380 1404/1404/1404 1391/1391/1391
f 1376/1376/1376 1390/1390/1390 1378/1378/1378
f 1389/1389/1389 1374/1374/1374 1388/1388/1388
f 1372/1372/1372 1388/1388/1388 1374/1374/1374
f 1387/1387/1387 1371/1371/1371 1386/1386/1386
f 1370/1370/1370 1384/1384/1384 1371/1371/1371
f 1383/1383/1383 1384/1384/1384 1385/1385/1385
f 1381/1381/1381 1382/1382/1382 1383/1383/1383
f 1402/1402/1402 1381/1381/1381 1403/1403/1403
f 1377/1377/1377 1378/1378/1378 1379/1379/1379
f 1376/1376/1376 1375/1375/1375 1374/1374/1374
f 1375/1375/1375 1372/1372/1372 1374/1374/1374
f 1370/1370/1370 1372/1372/1372 1373/1373/1373
f 1649/1649/1649 1647/1647/1647 1648/1648/1648
f 1650/1650/1650 1649/1649/1649 1651/1651/1651
f 1651/1651/1651 1653/1653/1653 1650/1650/1650
f 1653/1653/1653 1654/1654/1654 1655/1655/1655
f 1656/1656/1656 1654/1654/1654 1657/1657/1657
f 1659/1659/1659 1657/1657/1657 1658/1658/1658
f 1660/1660/1660 1659/1659/1659 1658/1658/1658
f 1662/1662/1662 1661/1661/1661 1660/1660/1660
f 1663/1663/1663 1665/1665/1665 1664/1664/1664
f 1664/1664/1664 1666/1666/1666 1667/1667/1667
f 1666/1666/1666 1668/1668/1668 1667/1667/1667
f 1670/1670/1670 1668/1668/1668 1669/1669/1669
f 1672/1672/1672 1670/1670/1670 1673/1673/1673
f 1672/1672/1672 1674/1674/1674 1675/1675/1675
f 1675/1675/1675 1677/1677/1677 1676/1676/1676
f 1678/1678/1678 1677/1677/1677 1679/1679/1679
f 1679/1679/1679 1680/1680/1680 1678/1678/1678
f 1683/1683/1683 1680/1680/1680 1681/1681/1681
f 1683/1683/1683 1684/1684/1684 1682/1682/1682
f 1684/1684/1684 1648/1648/1648 1647/1647/1647
f 1648/1648/1648 1684/1684/1684 1685/1685/1685
f 1684/1684/1684 1683/1683/1683 1685/1685/1685
f 1680/1680/1680 1683/1683/1683 1682/1682/1682
f 1680/1680/1680 1679/1679/1679 1681/1681/1681
f 1677/1677/1677 1678/1678/1678 1676/1676/1676
f 1677/1677/1677 1675/1675/1675 1674/1674/1674
f 1674/1674/1674 1672/1672/1672 1673/1673/1673
f 1670/1670/1670 1672/1672/1672 1671/1671/1671
f 1668/1668/1668 1670/1670/1670 1671/1671/1671
f 1668/1668/1668 1666/1666/1666 1669/1669/1669
f 1666/1666/1666 1664/1664/1664 1665/1665/1665
f 1665/1665/1665 1663/1663/1663 1662/1662/1662
f 1661/1661/1661 1662/1662/1662 1663/1663/1663
f 1659/1659/1659 1660/1660/1660 1661/1661/1661
f 1657/1657/1657 1659/1659/1659 1656/1656/1656
f 1654/1654/1654 1656/1656/1656 1655/1655/1655
f 1654/1654/1654 1653/1653/1653 1652/1652/1652
f 1653/1653/1653 1651/1651/1651 1652/1652/1652
f 1649/1649/1649 1650/1650/1650 1646/1646/1646
f 1647/1647/1647 1649/1649/1649 1646/1646/1646
f 1772/1772/1772 1770/1770/1770 1771/1771/1771
f 1771/1771/1771 1775/1775/1775 1772/1772/1772
f 1775/1775/1775 1776/1776/1776 1777/1777/1777
f 1776/1776/1776 1779/1779/1779 1777/1777/1777
f 1779/1779/1779 1780/1780/1780 1781/1781/1781
f 1782/1782/1782 1781/1781/1781 1780/1780/1780
f 1783/1783/1783 1784/1784/1784 1785/1785/1785
f 1785/1785/1785 1786/1786/1786 1787/1787/1787
f 1786/1786/1786 1789/1789/1789 1787/1787/1787
f 1789/1789/1789 1790/1790/1790 1791/1791/1791
f 1791/1791/1791 1792/1792/1792 1793/1793/1793
f 1795/1795/1795 1792/1792/1792 1794/1794/1794
f 1794/1794/1794 1797/1797/1797 1795/1795/1795
f 1796/1796/1796 1799/1799/1799 1797/1797/1797
f 1799/1799/1799 1801/1801/1801 1800/1800/1800
f 1802/1802/1802 1801/1801/1801 1803/1803/1803
f 1804/1804/1804 1802/1802/1802 1803/1803/1803
f 1804/1804/1804 1806/1806/1806 1805/1805/1805
f 1807/1807/1807 1808/1808/1808 1806/1806/1806
f 1808/1808/1808 1770/1770/1770 1773/1773/1773
f 1770/1770/1770 1808/1808/1808 1809/1809/1809
f 1808/1808/1808 1807/1807/1807 1809/1809/1809
f 1806/1806/1806 1804/1804/1804 1807/1807/1807
f 1802/1802/1802 1804/1804/1804 1805/1805/1805
f 1801/1801/1801 1802/1802/1802 1800/1800/1800
f 1801/1801/1801 1799/1799/1799 1798/1798/1798
f 1799/1799/1799 1796/1796/1796 1798/1798/1798
f 1797/1797/1797 1794/1794/1794 1796/1796/1796
f 1792/1792/1792 1795/1795/1795 1793/1793/1793
f 1792/1792/1792 1791/1791/1791 1790/1790/1790
f 1790/1790/1790 1789/1789/1789 1788/1788/1788
f 1789/1789/1789 1786/1786/1786 1788/1788/1788
f 1786/1786/1786 1785/1785/1785 1784/1784/1784
f 1784/1784/1784 1783/1783/1783 1782/1782/1782
f 1781/1781/1781 1782/1782/1782 1783/1783/1783
f 1780/1780/1780 1779/1779/1779 1778/1778/1778
f 1779/1779/1779 1776/1776/1776 1778/1778/1778
f 1776/1776/1776 1775/1775/1775 1774/1774/1774
f 1775/1775/1775 1771/1771/1771 1774/1774/1774
f 1770/1770/1770 1772/1772/1772 1773/1773/1773
f 1686/1686/1686 1688/1688/1688 1689/1689/1689
f 1686/1686/1686 1691/1691/1691 1687/1687/1687
f 1691/1691/1691 1692/1692/1692 1693/1693/1693
f 1693/1693/1693 1694/1694/1694 1695/1695/1695
f 1695/1695/1695 1696/1696/1696 1697/1697/1697
f 1697/1697/1697 1698/1698/1698 1699/1699/1699
f 1698/1698/1698 1701/1701/1701 1699/1699/1699
f 1701/1701/1701 1702/1702/1702 1703/1703/1703
f 1702/1702/1702 1704/1704/1704 1703/1703/1703
f 1707/1707/1707 1705/1705/1705 1706/1706/1706
f 1709/1709/1709 1707/1707/1707 1706/1706/1706
f 1709/1709/1709 1711/1711/1711 1708/1708/1708
f 1712/1712/1712 1710/1710/1710 1713/1713/1713
f 1714/1714/1714 1712/1712/1712 1713/1713/1713
f 1716/1716/1716 1714/1714/1714 1717/1717/1717
f 1717/1717/1717 1718/1718/1718 1716/1716/1716
f 1720/1720/1720 1719/1719/1719 1721/1721/1721
f 1722/1722/1722 1721/1721/1721 1723/1723/1723
f 1724/1724/1724 1722/1722/1722 1723/1723/1723
f 1689/1689/1689 1725/1725/1725 1724/1724/1724
f 1725/1725/1725 1689/1689/1689 1688/1688/1688
f 1722/1722/1722 1724/1724/1724 1725/1725/1725
f 1721/1721/1721 1722/1722/1722 1720/1720/1720
f 1719/1719/1719 1720/1720/1720 1718/1718/1718
f 1718/1718/1718 1717/1717/1717 1719/1719/1719
f 1714/1714/1714 1716/1716/1716 1715/1715/1715
f 1712/1712/1712 1714/1714/1714 1715/1715/1715
f 1710/1710/1710 1712/1712/1712 1711/1711/1711
f 1711/1711/1711 1709/1709/1709 1710/1710/1710
f 1707/1707/1707 1709/1709/1709 1708/1708/1708
f 1705/1705/1705 1707/1707/1707 1704/1704/1704
f 1704/1704/1704 1702/1702/1702 1705/1705/1705
f 1702/1702/1702 1701/1701/1701 1700/1700/1700
f 1701/1701/1701 1698/1698/1698 1700/1700/1700
f 1698/1698/1698 1697/1697/1697 1696/1696/1696
f 1696/1696/1696 1695/1695/1695 1694/1694/1694
f 1694/1694/1694 1693/1693/1693 1692/1692/1692
f 1692/1692/1692 1691/1691/1691 1690/1690/1690
f 1691/1691/1691 1686/1686/1686 1690/1690/1690
f 1688/1688/1688 1686/1686/1686 1687/1687/1687
f 2089/2089/2089 2091/2091/2091 2090/2090/2090
f 2091/2091/2091 2089/2089/2089 2088/2088/2088
f 2993/2993/2993 2991/2991/2991 2992/2992/2992
f 2995/2995/2995 2991/2991/2991 2994/2994/2994
f 2991/2991/2991 2996/2996/2996 2997/2997/2997
f 2991/2991/2991 2998/2998/2998 2999/2999/2999
f 3002/3002/3002 3000/3000/3000 3001/3001/3001
f 3004/3004/3004 3001/3001/3001 3000/3000/3000
f 3003/3003/3003 3006/3006/3006 3000/3000/3000
f 3006/3006/3006 3004/3004/3004 3000/3000/3000
f 3009/3009/3009 2999/2999/2999 2998/2998/2998
f 2999/2999/2999 2992/2992/2992 2991/2991/2991
f 3011/3011/3011 3010/3010/3010 3012/3012/3012
f 3016/3016/3016 3014/3014/3014 3015/3015/3015
f 3005/3005/3005 3016/3016/3016 3001/3001/3001
f 3001/3001/3001 3017/3017/3017 3002/3002/3002
f 3018/3018/3018 3016/3016/3016 3015/3015/3015
f 3022/3022/3022 3020/3020/3020 3021/3021/3021
f 3022/3022/3022 3012/3012/3012 3010/3010/3010
f 3014/3014/3014 3019/3019/3019 3015/3015/3015
f 3019/3019/3019 3018/3018/3018 3015/3015/3015
f 3023/3023/3023 3022/3022/3022 3024/3024/3024
f 3024/3024/3024 3010/3010/3010 3009/3009/3009
f 3027/3027/3027 3025/3025/3025 3026/3026/3026
f 3026/3026/3026 3029/3029/3029 3027/3027/3027
f 3032/3032/3032 3029/3029/3029 3031/3031/3031
f 3031/3031/3031 3034/3034/3034 3032/3032/3032
f 3033/3033/3033 3035/3035/3035 3034/3034/3034
f 3040/3040/3040 3038/3038/3038 3039/3039/3039
f 3039/3039/3039 3036/3036/3036 3040/3040/3040
f 3044/3044/3044 3042/3042/3042 3043/3043/3043
f 3043/3043/3043 3037/3037/3037 3044/3044/3044
f 3041/3041/3041 3046/3046/3046 3042/3042/3042
f 3028/3028/3028 3027/3027/3027 3047/3047/3047
f 3032/3032/3032 3047/3047/3047 3027/3027/3027
f 3034/3034/3034 3048/3048/3048 3032/3032/3032
f 3035/3035/3035 3049/3049/3049 3034/3034/3034
f 3052/3052/3052 3038/3038/3038 3051/3051/3051
f 3039/3039/3039 3050/3050/3050 3035/3035/3035
f 3053/3053/3053 3043/3043/3043 3042/3042/3042
f 3051/3051/3051 3043/3043/3043 3054/3054/3054
f 3053/3053/3053 3046/3046/3046 3055/3055/3055
f 3046/3046/3046 3056/3056/3056 3057/3057/3057
f 3006/3006/3006 3059/3059/3059 3058/3058/3058
f 3057/3057/3057 3059/3059/3059 3060/3060/3060
f 3008/3008/3008 3058/3058/3058 3061/3061/3061
f 3061/3061/3061 3057/3057/3057 3056/3056/3056
f 3055/3055/3055 3057/3057/3057 3060/3060/3060
f 2993/2993/2993 3063/3063/3063 3062/3062/3062
f 2993/2993/2993 3064/3064/3064 2994/2994/2994
f 2996/2996/2996 3066/3066/3066 3065/3065/3065
f 3066/3066/3066 2994/2994/2994 3064/3064/3064
f 2997/2997/2997 3065/3065/3065 3067/3067/3067
f 2998/2998/2998 3067/3067/3067 3068/3068/3068
f 3002/3002/3002 3070/3070/3070 3003/3003/3003
f 3071/3071/3071 3004/3004/3004 3072/3072/3072
f 3007/3007/3007 3070/3070/3070 3073/3073/3073
f 3008/3008/3008 3072/3072/3072 3004/3004/3004
f 3075/3075/3075 2998/2998/2998 3068/3068/3068
f 2992/2992/2992 3076/3076/3076 3063/3063/3063
f 3011/3011/3011 3077/3077/3077 3076/3076/3076
f 3014/3014/3014 3079/3079/3079 3078/3078/3078
f 3079/3079/3079 3005/3005/3005 3071/3071/3071
f 3080/3080/3080 3002/3002/3002 3017/3017/3017
f 3080/3080/3080 3018/3018/3018 3081/3081/3081
f 3082/3082/3082 3020/3020/3020 3083/3083/3083
f 3012/3012/3012 3082/3082/3082 3077/3077/3077
f 3083/3083/3083 3014/3014/3014 3078/3078/3078
f 3023/3023/3023 3081/3081/3081 3018/3018/3018
f 3024/3024/3024 3084/3084/3084 3023/3023/3023
f 3085/3085/3085 3009/3009/3009 3075/3075/3075
f 3086/3086/3086 3026/3026/3026 3025/3025/3025
f 3086/3086/3086 3028/3028/3028 3087/3087/3087
f 3090/3090/3090 3029/3029/3029 3030/3030/3030
f 3090/3090/3090 3026/3026/3026 3088/3088/3088
f 3031/3031/3031 3089/3089/3089 3091/3091/3091
f 3033/3033/3033 3091/3091/3091 3092/3092/3092
f 3036/3036/3036 3092/3092/3092 3093/3093/3093
f 3094/3094/3094 3040/3040/3040 3095/3095/3095
f 3095/3095/3095 3036/3036/3036 3093/3093/3093
f 3096/3096/3096 3044/3044/3044 3097/3097/3097
f 3097/3097/3097 3037/3037/3037 3094/3094/3094
f 3041/3041/3041 3098/3098/3098 3045/3045/3045
f 3028/3028/3028 3099/3099/3099 3087/3087/3087
f 3048/3048/3048 3099/3099/3099 3047/3047/3047
f 3100/3100/3100 3049/3049/3049 3101/3101/3101
f 3101/3101/3101 3050/3050/3050 3102/3102/3102
f 3052/3052/3052 3103/3103/3103 3104/3104/3104
f 3050/3050/3050 3104/3104/3104 3102/3102/3102
f 3054/3054/3054 3106/3106/3106 3105/3105/3105
f 3103/3103/3103 3054/3054/3054 3105/3105/3105
f 3106/3106/3106 3055/3055/3055 3107/3107/3107
f 3056/3056/3056 3098/3098/3098 3108/3108/3108
f 3059/3059/3059 3073/3073/3073 3109/3109/3109
f 3059/3059/3059 3110/3110/3110 3060/3060/3060
f 3061/3061/3061 3074/3074/3074 3008/3008/3008
f 3061/3061/3061 3108/3108/3108 3111/3111/3111
f 3107/3107/3107 3060/3060/3060 3110/3110/3110
f 3060/3060/3060 3107/3107/3107 3055/3055/3055
f 3108/3108/3108 3061/3061/3061 3056/3056/3056
f 3074/3074/3074 3061/3061/3061 3111/3111/3111
f 3110/3110/3110 3059/3059/3059 3109/3109/3109
f 3073/3073/3073 3059/3059/3059 3007/3007/3007
f 3098/3098/3098 3056/3056/3056 3045/3045/3045
f 3055/3055/3055 3106/3106/3106 3053/3053/3053
f 3054/3054/3054 3103/3103/3103 3051/3051/3051
f 3106/3106/3106 3054/3054/3054 3053/3053/3053
f 3104/3104/3104 3050/3050/3050 3052/3052/3052
f 3103/3103/3103 3052/3052/3052 3051/3051/3051
f 3050/3050/3050 3101/3101/3101 3049/3049/3049
f 3049/3049/3049 3100/3100/3100 3048/3048/3048
f 3099/3099/3099 3048/3048/3048 3100/3100/3100
f 3099/3099/3099 3028/3028/3028 3047/3047/3047
f 3098/3098/3098 3041/3041/3041 3096/3096/3096
f 3037/3037/3037 3097/3097/3097 3044/3044/3044
f 3044/3044/3044 3096/3096/3096 3041/3041/3041
f 3036/3036/3036 3095/3095/3095 3040/3040/3040
f 3040/3040/3040 3094/3094/3094 3037/3037/3037
f 3092/3092/3092 3036/3036/3036 3033/3033/3033
f 3091/3091/3091 3033/3033/3033 3031/3031/3031
f 3089/3089/3089 3031/3031/3031 3029/3029/3029
f 3026/3026/3026 3090/3090/3090 3030/3030/3030
f 3029/3029/3029 3090/3090/3090 3089/3089/3089
f 3028/3028/3028 3086/3086/3086 3025/3025/3025
f 3026/3026/3026 3086/3086/3086 3088/3088/3088
f 3009/3009/3009 3085/3085/3085 3024/3024/3024
f 3084/3084/3084 3024/3024/3024 3085/3085/3085
f 3081/3081/3081 3023/3023/3023 3084/3084/3084
f 3014/3014/3014 3083/3083/3083 3020/3020/3020
f 3082/3082/3082 3012/3012/3012 3021/3021/3021
f 3020/3020/3020 3082/3082/3082 3021/3021/3021
f 3018/3018/3018 3080/3080/3080 3017/3017/3017
f 3002/3002/3002 3080/3080/3080 3069/3069/3069
f 3005/3005/3005 3079/3079/3079 3013/3013/3013
f 3079/3079/3079 3014/3014/3014 3013/3013/3013
f 3077/3077/3077 3011/3011/3011 3012/3012/3012
f 3076/3076/3076 2992/2992/2992 3011/3011/3011
f 2998/2998/2998 3075/3075/3075 3009/3009/3009
f 3072/3072/3072 3008/3008/3008 3074/3074/3074
f 3070/3070/3070 3007/3007/3007 3003/3003/3003
f 3004/3004/3004 3071/3071/3071 3005/3005/3005
f 3070/3070/3070 3002/3002/3002 3069/3069/3069
f 3067/3067/3067 2998/2998/2998 2997/2997/2997
f 3065/3065/3065 2997/2997/2997 2996/2996/2996
f 2994/2994/2994 3066/3066/3066 2995/2995/2995
f 3066/3066/3066 2996/2996/2996 2995/2995/2995
f 3064/3064/3064 2993/2993/2993 3062/3062/3062
f 3063/3063/3063 2993/2993/2993 2992/2992/2992
f 3057/3057/3057 3055/3055/3055 3046/3046/3046
f 3057/3057/3057 3061/3061/3061 3058/3058/3058
f 3058/3058/3058 3008/3008/3008 3006/3006/3006
f 3059/3059/3059 3057/3057/3057 3058/3058/3058
f 3059/3059/3059 3006/3006/3006 3007/3007/3007
f 3056/3056/3056 3046/3046/3046 3045/3045/3045
f 3046/3046/3046 3053/3053/3053 3042/3042/3042
f 3043/3043/3043 3051/3051/3051 3038/3038/3038
f 3043/3043/3043 3053/3053/3053 3054/3054/3054
f 3050/3050/3050 3039/3039/3039 3052/3052/3052
f 3038/3038/3038 3052/3052/3052 3039/3039/3039
f 3049/3049/3049 3035/3035/3035 3050/3050/3050
f 3048/3048/3048 3034/3034/3034 3049/3049/3049
f 3047/3047/3047 3032/3032/3032 3048/3048/3048
f 3046/3046/3046 3041/3041/3041 3045/3045/3045
f 3037/3037/3037 3043/3043/3043 3038/3038/3038
f 3042/3042/3042 3044/3044/3044 3041/3041/3041
f 3036/3036/3036 3039/3039/3039 3035/3035/3035
f 3038/3038/3038 3040/3040/3040 3037/3037/3037
f 3035/3035/3035 3033/3033/3033 3036/3036/3036
f 3034/3034/3034 3031/3031/3031 3033/3033/3033
f 3029/3029/3029 3032/3032/3032 3027/3027/3027
f 3029/3029/3029 3026/3026/3026 3030/3030/3030
f 3025/3025/3025 3027/3027/3027 3028/3028/3028
f 3010/3010/3010 3024/3024/3024 3022/3022/3022
f 3022/3022/3022 3023/3023/3023 3019/3019/3019
f 3018/3018/3018 3019/3019/3019 3023/3023/3023
f 3019/3019/3019 3014/3014/3014 3020/3020/3020
f 3012/3012/3012 3022/3022/3022 3021/3021/3021
f 3020/3020/3020 3022/3022/3022 3019/3019/3019
f 3016/3016/3016 3018/3018/3018 3017/3017/3017
f 3017/3017/3017 3001/3001/3001 3016/3016/3016
f 3016/3016/3016 3005/3005/3005 3013/3013/3013
f 3014/3014/3014 3016/3016/3016 3013/3013/3013
f 3010/3010/3010 3011/3011/3011 2999/2999/2999
f 2992/2992/2992 2999/2999/2999 3011/3011/3011
f 2999/2999/2999 3009/3009/3009 3010/3010/3010
f 3004/3004/3004 3006/3006/3006 3008/3008/3008
f 3006/3006/3006 3003/3003/3003 3007/3007/3007
f 3001/3001/3001 3004/3004/3004 3005/3005/3005
f 3000/3000/3000 3002/3002/3002 3003/3003/3003
f 2998/2998/2998 2991/2991/2991 2997/2997/2997
f 2991/2991/2991 2995/2995/2995 2996/2996/2996
f 2991/2991/2991 2993/2993/2993 2994/2994/2994
f 1968/1968/1968 1971/1971/1971 1969/1969/1969
f 1971/1971/1971 1968/1968/1968 1970/1970/1970
f 2324/2324/2324 2323/2323/2323 2325/2325/2325
f 2323/2323/2323 2324/2324/2324 2322/2322/2322
f 2008/2008/2008 2007/2007/2007 2006/2006/2006
f 2007/2007/2007 2008/2008/2008 2009/2009/2009
f 2054/2054/2054 2057/2057/2057 2056/2056/2056
f 2057/2057/2057 2054/2054/2054 2055/2055/2055
f 2016/2016/2016 2015/2015/2015 2017/2017/2017
f 2015/2015/2015 2016/2016/2016 2014/2014/2014
f 2678/2678/2678 2679/2679/2679 2680/2680/2680
f 2679/2679/2679 2678/2678/2678 2677/2677/2677
f 3387/3387/3387 3388/3388/3388 3391/3391/3391
f 3391/3391/3391 3389/3389/3389 3390/3390/3390
f 3389/3389/3389 3391/3391/3391 3388/3388/3388
f 3388/3388/3388 3387/3387/3387 3386/3386/3386
f 1949/1949/1949 1946/1946/1946 1947/1947/1947
f 1946/1946/1946 1949/1949/1949 1948/1948/1948
f 2190/2190/2190 2189/2189/2189 2188/2188/2188
f 2189/2189/2189 2190/2190/2190 2191/2191/2191
f 2667/2667/2667 2669/2669/2669 2670/2670/2670
f 2676/2676/2676 2672/2672/2672 2673/2673/2673
f 2676/2676/2676 2669/2669/2669 2675/2675/2675
f 2673/2673/2673 2671/2671/2671 2674/2674/2674
f 2671/2671/2671 2673/2673/2673 2672/2672/2672
f 2669/2669/2669 2676/2676/2676 2670/2670/2670
f 2672/2672/2672 2676/2676/2676 2675/2675/2675
f 2669/2669/2669 2667/2667/2667 2668/2668/2668
f 2200/2200/2200 2202/2202/2202 2201/2201/2201
f 2202/2202/2202 2200/2200/2200 2203/2203/2203
f 3398/3398/3398 3403/3403/3403 3399/3399/3399
f 3401/3401/3401 3403/3403/3403 3400/3400/3400
f 3403/3403/3403 3401/3401/3401 3402/3402/3402
f 3403/3403/3403 3398/3398/3398 3400/3400/3400
f 2050/2050/2050 2052/2052/2052 2051/2051/2051
f 2052/2052/2052 2050/2050/2050 2053/2053/2053
f 2638/2638/2638 2635/2635/2635 2636/2636/2636
f 2642/2642/2642 2643/2643/2643 2641/2641/2641
f 2641/2641/2641 2638/2638/2638 2636/2636/2636
f 2640/2640/2640 2644/2644/2644 2642/2642/2642
f 2644/2644/2644 2640/2640/2640 2639/2639/2639
f 2638/2638/2638 2641/2641/2641 2643/2643/2643
f 2643/2643/2643 2642/2642/2642 2644/2644/2644
f 2635/2635/2635 2638/2638/2638 2637/2637/2637
f 2613/2613/2613 2616/2616/2616 2617/2617/2617
f 2614/2614/2614 2615/2615/2615 2616/2616/2616
f 2616/2616/2616 2613/2613/2613 2614/2614/2614
f 2384/2384/2384 2382/2382/2382 2385/2385/2385
f 2382/2382/2382 2384/2384/2384 2383/2383/2383
f 1572/1572/1572 1574/1574/1574 1573/1573/1573
f 1574/1574/1574 1572/1572/1572 1575/1575/1575
f 2249/2249/2249 2247/2247/2247 2246/2246/2246
f 2247/2247/2247 2249/2249/2249 2248/2248/2248
f 2023/2023/2023 2024/2024/2024 2025/2025/2025
f 2024/2024/2024 2026/2026/2026 2027/2027/2027
f 2029/2029/2029 2026/2026/2026 2028/2028/2028
f 2030/2030/2030 2029/2029/2029 2028/2028/2028
f 2032/2032/2032 2031/2031/2031 2030/2030/2030
f 2033/2033/2033 2034/2034/2034 2035/2035/2035
f 2034/2034/2034 2033/2033/2033 2032/2032/2032
f 2031/2031/2031 2032/2032/2032 2033/2033/2033
f 2029/2029/2029 2030/2030/2030 2031/2031/2031
f 2026/2026/2026 2029/2029/2029 2027/2027/2027
f 2026/2026/2026 2024/2024/2024 2022/2022/2022
f 2024/2024/2024 2023/2023/2023 2022/2022/2022
f 1263/1263/1263 1265/1265/1265 1266/1266/1266
f 1268/1268/1268 1263/1263/1263 1266/1266/1266
f 1270/1270/1270 1268/1268/1268 1269/1269/1269
f 1269/1269/1269 1272/1272/1272 1270/1270/1270
f 1273/1273/1273 1271/1271/1271 1274/1274/1274
f 1275/1275/1275 1273/1273/1273 1274/1274/1274
f 1277/1277/1277 1296/1296/1296 1295/1295/1295
f 1279/1279/1279 1278/1278/1278 1277/1277/1277
f 1281/1281/1281 1279/1279/1279 1282/1282/1282
f 1283/1283/1283 1281/1281/1281 1282/1282/1282
f 1283/1283/1283 1285/1285/1285 1284/1284/1284
f 1286/1286/1286 1288/1288/1288 1285/1285/1285
f 1289/1289/1289 1287/1287/1287 1290/1290/1290
f 1291/1291/1291 1289/1289/1289 1290/1290/1290
f 1293/1293/1293 1291/1291/1291 1294/1294/1294
f 1294/1294/1294 1264/1264/1264 1293/1293/1293
f 1264/1264/1264 1294/1294/1294 1265/1265/1265
f 1291/1291/1291 1293/1293/1293 1292/1292/1292
f 1289/1289/1289 1291/1291/1291 1292/1292/1292
f 1287/1287/1287 1289/1289/1289 1288/1288/1288
f 1288/1288/1288 1286/1286/1286 1287/1287/1287
f 1285/1285/1285 1283/1283/1283 1286/1286/1286
f 1281/1281/1281 1283/1283/1283 1284/1284/1284
f 1279/1279/1279 1281/1281/1281 1280/1280/1280
f 1278/1278/1278 1279/1279/1279 1280/1280/1280
f 1296/1296/1296 1277/1277/1277 1278/1278/1278
f 1273/1273/1273 1275/1275/1275 1276/1276/1276
f 1271/1271/1271 1273/1273/1273 1272/1272/1272
f 1272/1272/1272 1269/1269/1269 1271/1271/1271
f 1268/1268/1268 1270/1270/1270 1267/1267/1267
f 1263/1263/1263 1268/1268/1268 1267/1267/1267
f 1265/1265/1265 1263/1263/1263 1264/1264/1264
f 3380/3380/3380 3385/3385/3385 3382/3382/3382
f 3385/3385/3385 3383/3383/3383 3382/3382/3382
f 3383/3383/3383 3385/3385/3385 3384/3384/3384
f 3385/3385/3385 3380/3380/3380 3381/3381/3381
f 1600/1600/1600 1598/1598/1598 1599/1599/1599
f 1598/1598/1598 1600/1600/1600 1601/1601/1601
f 1182/1182/1182 1184/1184/1184 1181/1181/1181
f 1185/1185/1185 1184/1184/1184 1186/1186/1186
f 1188/1188/1188 1186/1186/1186 1187/1187/1187
f 1188/1188/1188 1189/1189/1189 1190/1190/1190
f 1189/1189/1189 1191/1191/1191 1190/1190/1190
f 1193/1193/1193 1191/1191/1191 1192/1192/1192
f 1195/1195/1195 1194/1194/1194 1193/1193/1193
f 1197/1197/1197 1196/1196/1196 1195/1195/1195
f 1197/1197/1197 1199/1199/1199 1198/1198/1198
f 1202/1202/1202 1204/1204/1204 1201/1201/1201
f 1202/1202/1202 1183/1183/1183 1182/1182/1182
f 1183/1183/1183 1202/1202/1202 1201/1201/1201
f 1204/1204/1204 1202/1202/1202 1203/1203/1203
f 1199/1199/1199 1197/1197/1197 1200/1200/1200
f 1196/1196/1196 1197/1197/1197 1198/1198/1198
f 1194/1194/1194 1195/1195/1195 1196/1196/1196
f 1191/1191/1191 1193/1193/1193 1194/1194/1194
f 1191/1191/1191 1189/1189/1189 1192/1192/1192
f 1189/1189/1189 1188/1188/1188 1187/1187/1187
f 1186/1186/1186 1188/1188/1188 1185/1185/1185
f 1184/1184/1184 1185/1185/1185 1181/1181/1181
f 1184/1184/1184 1182/1182/1182 1183/1183/1183
f 1877/1877/1877 1874/1874/1874 1873/1873/1873
f 1883/1883/1883 1880/1880/1880 1882/1882/1882
f 1878/1878/1878 1883/1883/1883 1874/1874/1874
f 1875/1875/1875 1877/1877/1877 1873/1873/1873
f 1880/1880/1880 1881/1881/1881 1882/1882/1882
f 1877/1877/1877 1875/1875/1875 1876/1876/1876
f 1883/1883/1883 1878/1878/1878 1879/1879/1879
f 1880/1880/1880 1883/1883/1883 1879/1879/1879
f 1874/1874/1874 1877/1877/1877 1878/1878/1878
f 2588/2588/2588 2590/2590/2590 2591/2591/2591
f 2592/2592/2592 2591/2591/2591 2593/2593/2593
f 2593/2593/2593 2594/2594/2594 2592/2592/2592
f 2604/2604/2604 2590/2590/2590 2589/2589/2589
f 2599/2599/2599 2597/2597/2597 2598/2598/2598
f 2598/2598/2598 2601/2601/2601 2599/2599/2599
f 2601/2601/2601 2602/2602/2602 2603/2603/2603
f 2612/2612/2612 2597/2597/2597 2596/2596/2596
f 2588/2588/2588 2597/2597/2597 2589/2589/2589
f 2591/2591/2591 2606/2606/2606 2607/2607/2607
f 2598/2598/2598 2592/2592/2592 2600/2600/2600
f 2607/2607/2607 2593/2593/2593 2591/2591/2591
f 2602/2602/2602 2592/2592/2592 2594/2594/2594
f 2611/2611/2611 2593/2593/2593 2608/2608/2608
f 2604/2604/2604 2597/2597/2597 2609/2609/2609
f 2610/2610/2610 2590/2590/2590 2605/2605/2605
f 2590/2590/2590 2610/2610/2610 2606/2606/2606
f 2597/2597/2597 2604/2604/2604 2589/2589/2589
f 2593/2593/2593 2611/2611/2611 2595/2595/2595
f 2592/2592/2592 2602/2602/2602 2600/2600/2600
f 2593/2593/2593 2607/2607/2607 2608/2608/2608
f 2592/2592/2592 2598/2598/2598 2588/2588/2588
f 2606/2606/2606 2591/2591/2591 2590/2590/2590
f 2597/2597/2597 2588/2588/2588 2598/2598/2598
f 2597/2597/2597 2612/2612/2612 2609/2609/2609
f 2602/2602/2602 2601/2601/2601 2600/2600/2600
f 2601/2601/2601 2598/2598/2598 2600/2600/2600
f 2597/2597/2597 2599/2599/2599 2596/2596/2596
f 2590/2590/2590 2604/2604/2604 2605/2605/2605
f 2594/2594/2594 2593/2593/2593 2595/2595/2595
f 2591/2591/2591 2592/2592/2592 2588/2588/2588
f 2590/2590/2590 2588/2588/2588 2589/2589/2589
f 2210/2210/2210 2209/2209/2209 2208/2208/2208
f 2209/2209/2209 2210/2210/2210 2211/2211/2211
f 1561/1561/1561 1562/1562/1562 1560/1560/1560
f 1562/1562/1562 1561/1561/1561 1563/1563/1563
f 3394/3394/3394 3392/3392/3392 3397/3397/3397
f 3397/3397/3397 3395/3395/3395 3394/3394/3394
f 3395/3395/3395 3397/3397/3397 3396/3396/3396
f 3392/3392/3392 3394/3394/3394 3393/3393/3393
f 1629/1629/1629 1627/1627/1627 1628/1628/1628
f 1627/1627/1627 1629/1629/1629 1626/1626/1626
f 1569/1569/1569 1571/1571/1571 1568/1568/1568
f 1571/1571/1571 1569/1569/1569 1570/1570/1570
f 3324/3324/3324 3319/3319/3319 3325/3325/3325
f 3319/3319/3319 3326/3326/3326 3325/3325/3325
f 3321/3321/3321 3326/3326/3326 3320/3320/3320
f 3322/3322/3322 3327/3327/3327 3321/3321/3321
f 3330/3330/3330 3322/3322/3322 3323/3323/3323
f 3329/3329/3329 3318/3318/3318 3324/3324/3324
f 3318/3318/3318 3329/3329/3329 3331/3331/3331
f 3322/3322/3322 3330/3330/3330 3328/3328/3328
f 3327/3327/3327 3322/3322/3322 3328/3328/3328
f 3326/3326/3326 3321/3321/3321 3327/3327/3327
f 3326/3326/3326 3319/3319/3319 3320/3320/3320
f 3319/3319/3319 3324/3324/3324 3318/3318/3318
f 2094/2094/2094 2092/2092/2092 2093/2093/2093
f 2092/2092/2092 2094/2094/2094 2095/2095/2095
f 2236/2236/2236 2238/2238/2238 2237/2237/2237
f 2238/2238/2238 2236/2236/2236 2239/2239/2239
f 1951/1951/1951 1953/1953/1953 1952/1952/1952
f 1954/1954/1954 1952/1952/1952 1955/1955/1955
f 1955/1955/1955 1956/1956/1956 1954/1954/1954
f 1958/1958/1958 1957/1957/1957 1959/1959/1959
f 1960/1960/1960 1959/1959/1959 1961/1961/1961
f 1961/1961/1961 1962/1962/1962 1960/1960/1960
f 1962/1962/1962 1961/1961/1961 1963/1963/1963
f 1959/1959/1959 1960/1960/1960 1958/1958/1958
f 1957/1957/1957 1958/1958/1958 1956/1956/1956
f 1956/1956/1956 1955/1955/1955 1957/1957/1957
f 1952/1952/1952 1954/1954/1954 1951/1951/1951
f 1953/1953/1953 1951/1951/1951 1950/1950/1950
f 1945/1945/1945 1942/1942/1942 1944/1944/1944
f 1942/1942/1942 1945/1945/1945 1943/1943/1943
f 1321/1321/1321 1323/1323/1323 1324/1324/1324
f 1325/1325/1325 1323/1323/1323 1322/1322/1322
f 1327/1327/1327 1326/1326/1326 1325/1325/1325
f 1327/1327/1327 1329/1329/1329 1328/1328/1328
f 1332/1332/1332 1330/1330/1330 1331/1331/1331
f 1324/1324/1324 1339/1339/1339 1321/1321/1321
f 1333/1333/1333 1322/1322/1322 1321/1321/1321
f 1334/1334/1334 1325/1325/1325 1322/1322/1322
f 1327/1327/1327 1335/1335/1335 1336/1336/1336
f 1330/1330/1330 1336/1336/1336 1337/1337/1337
f 1337/1337/1337 1331/1331/1331 1330/1330/1330
f 1339/1339/1339 1333/1333/1333 1321/1321/1321
f 1333/1333/1333 1339/1339/1339 1341/1341/1341
f 1331/1331/1331 1337/1337/1337 1338/1338/1338
f 1336/1336/1336 1330/1330/1330 1327/1327/1327
f 1335/1335/1335 1327/1327/1327 1325/1325/1325
f 1325/1325/1325 1334/1334/1334 1335/1335/1335
f 1322/1322/1322 1333/1333/1333 1334/1334/1334
f 1339/1339/1339 1324/1324/1324 1340/1340/1340
f 1330/1330/1330 1332/1332/1332 1329/1329/1329
f 1329/1329/1329 1327/1327/1327 1330/1330/1330
f 1326/1326/1326 1327/1327/1327 1328/1328/1328
f 1323/1323/1323 1325/1325/1325 1326/1326/1326
f 1323/1323/1323 1321/1321/1321 1322/1322/1322
f 1584/1584/1584 1585/1585/1585 1583/1583/1583
f 1582/1582/1582 1584/1584/1584 1587/1587/1587
f 1584/1584/1584 1582/1582/1582 1586/1586/1586
f 1585/1585/1585 1584/1584/1584 1586/1586/1586
f 1578/1578/1578 1579/1579/1579 1580/1580/1580
f 1576/1576/1576 1578/1578/1578 1580/1580/1580
f 1578/1578/1578 1576/1576/1576 1581/1581/1581
f 1579/1579/1579 1578/1578/1578 1577/1577/1577
f 1594/1594/1594 1597/1597/1597 1596/1596/1596
f 1597/1597/1597 1594/1594/1594 1595/1595/1595
f 2178/2178/2178 2179/2179/2179 2177/2177/2177
f 2179/2179/2179 2178/2178/2178 2176/2176/2176
f 1618/1618/1618 1620/1620/1620 1619/1619/1619
f 1620/1620/1620 1618/1618/1618 1621/1621/1621
f 448/448/448 446/446/446 447/447/447
f 447/447/447 451/451/451 448/448/448
f 467/467/467 450/450/450 452/452/452
f 453/453/453 449/449/449 454/454/454
f 454/454/454 445/445/445 453/453/453
f 449/449/449 455/455/455 456/456/456
f 447/447/447 458/458/458 457/457/457
f 448/448/448 459/459/459 455/455/455
f 460/460/460 447/447/447 457/457/457
f 451/451/451 461/461/461 459/459/459
f 452/452/452 460/460/460 462/462/462
f 463/463/463 449/449/449 456/456/456
f 464/464/464 446/446/446 453/453/453
f 454/454/454 468/468/468 466/466/466
f 465/465/465 453/453/453 445/445/445
f 453/453/453 465/465/465 464/464/464
f 468/468/468 454/454/454 463/463/463
f 446/446/446 464/464/464 458/458/458
f 449/449/449 463/463/463 454/454/454
f 460/460/460 452/452/452 450/450/450
f 461/461/461 451/451/451 467/467/467
f 447/447/447 460/460/460 450/450/450
f 459/459/459 448/448/448 451/451/451
f 458/458/458 447/447/447 446/446/446
f 455/455/455 449/449/449 448/448/448
f 445/445/445 454/454/454 466/466/466
f 449/449/449 453/453/453 446/446/446
f 450/450/450 467/467/467 451/451/451
f 451/451/451 447/447/447 450/450/450
f 446/446/446 448/448/448 449/449/449
f 2623/2623/2623 2625/2625/2625 2626/2626/2626
f 2625/2625/2625 2628/2628/2628 2626/2626/2626
f 2629/2629/2629 2628/2628/2628 2627/2627/2627
f 2631/2631/2631 2630/2630/2630 2629/2629/2629
f 2634/2634/2634 2624/2624/2624 2623/2623/2623
f 2624/2624/2624 2634/2634/2634 2633/2633/2633
f 2630/2630/2630 2631/2631/2631 2632/2632/2632
f 2628/2628/2628 2629/2629/2629 2630/2630/2630
f 2628/2628/2628 2625/2625/2625 2627/2627/2627
f 2625/2625/2625 2623/2623/2623 2624/2624/2624
f 1229/1229/1229 1231/1231/1231 1232/1232/1232
f 1233/1233/1233 1232/1232/1232 1234/1234/1234
f 1234/1234/1234 1236/1236/1236 1233/1233/1233
f 1238/1238/1238 1235/1235/1235 1237/1237/1237
f 1261/1261/1261 1239/1239/1239 1262/1262/1262
f 1240/1240/1240 1242/1242/1242 1239/1239/1239
f 1242/1242/1242 1243/1243/1243 1244/1244/1244
f 1243/1243/1243 1246/1246/1246 1244/1244/1244
f 1245/1245/1245 1247/1247/1247 1246/1246/1246
f 1247/1247/1247 1249/1249/1249 1250/1250/1250
f 1251/1251/1251 1249/1249/1249 1252/1252/1252
f 1254/1254/1254 1252/1252/1252 1253/1253/1253
f 1253/1253/1253 1255/1255/1255 1254/1254/1254
f 1258/1258/1258 1256/1256/1256 1257/1257/1257
f 1258/1258/1258 1260/1260/1260 1259/1259/1259
f 1230/1230/1230 1260/1260/1260 1231/1231/1231
f 1260/1260/1260 1230/1230/1230 1259/1259/1259
f 1260/1260/1260 1258/1258/1258 1257/1257/1257
f 1256/1256/1256 1258/1258/1258 1255/1255/1255
f 1255/1255/1255 1253/1253/1253 1256/1256/1256
f 1252/1252/1252 1254/1254/1254 1251/1251/1251
f 1249/1249/1249 1251/1251/1251 1250/1250/1250
f 1249/1249/1249 1247/1247/1247 1248/1248/1248
f 1247/1247/1247 1245/1245/1245 1248/1248/1248
f 1246/1246/1246 1243/1243/1243 1245/1245/1245
f 1243/1243/1243 1242/1242/1242 1241/1241/1241
f 1242/1242/1242 1240/1240/1240 1241/1241/1241
f 1239/1239/1239 1261/1261/1261 1240/1240/1240
f 1235/1235/1235 1238/1238/1238 1236/1236/1236
f 1236/1236/1236 1234/1234/1234 1235/1235/1235
f 1232/1232/1232 1233/1233/1233 1229/1229/1229
f 1231/1231/1231 1229/1229/1229 1230/1230/1230
f 3375/3375/3375 3379/3379/3379 3376/3376/3376
f 3377/3377/3377 3379/3379/3379 3378/3378/3378
f 3379/3379/3379 3377/3377/3377 3376/3376/3376
f 3379/3379/3379 3375/3375/3375 3374/3374/3374
f 1634/1634/1634 1636/1636/1636 1637/1637/1637
f 1636/1636/1636 1634/1634/1634 1635/1635/1635
f 2165/2165/2165 2164/2164/2164 2166/2166/2166
f 2164/2164/2164 2165/2165/2165 2167/2167/2167
f 2080/2080/2080 2082/2082/2082 2081/2081/2081
f 2082/2082/2082 2080/2080/2080 2083/2083/2083
f 1408/1408/1408 1406/1406/1406 1407/1407/1407
f 1410/1410/1410 1409/1409/1409 1411/1411/1411
f 1412/1412/1412 1411/1411/1411 1413/1413/1413
f 1414/1414/1414 1413/1413/1413 1415/1415/1415
f 1416/1416/1416 1486/1486/1486 1487/1487/1487
f 1417/1417/1417 1418/1418/1418 1419/1419/1419
f 1419/1419/1419 1420/1420/1420 1421/1421/1421
f 1420/1420/1420 1407/1407/1407 1421/1421/1421
f 1422/1422/1422 1409/1409/1409 1408/1408/1408
f 1423/1423/1423 1411/1411/1411 1409/1409/1409
f 1411/1411/1411 1425/1425/1425 1413/1413/1413
f 1425/1425/1425 1415/1415/1415 1413/1413/1413
f 1487/1487/1487 1427/1427/1427 1416/1416/1416
f 1427/1427/1427 1418/1418/1418 1416/1416/1416
f 1418/1418/1418 1429/1429/1429 1420/1420/1420
f 1422/1422/1422 1420/1420/1420 1429/1429/1429
f 1422/1422/1422 1431/1431/1431 1423/1423/1423
f 1431/1431/1431 1424/1424/1424 1423/1423/1423
f 1433/1433/1433 1424/1424/1424 1432/1432/1432
f 1425/1425/1425 1434/1434/1434 1426/1426/1426
f 1435/1435/1435 1488/1488/1488 1489/1489/1489
f 1428/1428/1428 1435/1435/1435 1436/1436/1436
f 1436/1436/1436 1429/1429/1429 1428/1428/1428
f 1437/1437/1437 1422/1422/1422 1429/1429/1429
f 1439/1439/1439 1430/1430/1430 1438/1438/1438
f 1431/1431/1431 1440/1440/1440 1432/1432/1432
f 1441/1441/1441 1432/1432/1432 1440/1440/1440
f 1434/1434/1434 1441/1441/1441 1442/1442/1442
f 1443/1443/1443 1489/1489/1489 1490/1490/1490
f 1436/1436/1436 1443/1443/1443 1444/1444/1444
f 1437/1437/1437 1444/1444/1444 1445/1445/1445
f 1438/1438/1438 1437/1437/1437 1445/1445/1445
f 1446/1446/1446 1439/1439/1439 1438/1438/1438
f 1448/1448/1448 1439/1439/1439 1447/1447/1447
f 1448/1448/1448 1441/1441/1441 1440/1440/1440
f 1442/1442/1442 1449/1449/1449 1450/1450/1450
f 1490/1490/1490 1451/1451/1451 1443/1443/1443
f 1452/1452/1452 1443/1443/1443 1451/1451/1451
f 1452/1452/1452 1445/1445/1445 1444/1444/1444
f 1438/1438/1438 1453/1453/1453 1446/1446/1446
f 1447/1447/1447 1454/1454/1454 1455/1455/1455
f 1448/1448/1448 1455/1455/1455 1456/1456/1456
f 1448/1448/1448 1457/1457/1457 1449/1449/1449
f 1457/1457/1457 1450/1450/1450 1449/1449/1449
f 1451/1451/1451 1492/1492/1492 1459/1459/1459
f 1451/1451/1451 1460/1460/1460 1452/1452/1452
f 1453/1453/1453 1460/1460/1460 1461/1461/1461
f 1454/1454/1454 1453/1453/1453 1461/1461/1461
f 1454/1454/1454 1463/1463/1463 1455/1455/1455
f 1456/1456/1456 1463/1463/1463 1464/1464/1464
f 1457/1457/1457 1464/1464/1464 1465/1465/1465
f 1465/1465/1465 1458/1458/1458 1457/1457/1457
f 1467/1467/1467 1492/1492/1492 1493/1493/1493
f 1459/1459/1459 1468/1468/1468 1460/1460/1460
f 1460/1460/1460 1469/1469/1469 1461/1461/1461
f 1461/1461/1461 1462/1462/1462 1454/1454/1454
f 1462/1462/1462 1471/1471/1471 1463/1463/1463
f 1471/1471/1471 1464/1464/1464 1463/1463/1463
f 1464/1464/1464 1473/1473/1473 1465/1465/1465
f 1474/1474/1474 1465/1465/1465 1473/1473/1473
f 1494/1494/1494 1467/1467/1467 1493/1493/1493
f 1468/1468/1468 1475/1475/1475 1476/1476/1476
f 1469/1469/1469 1476/1476/1476 1477/1477/1477
f 1470/1470/1470 1469/1469/1469 1477/1477/1477
f 1478/1478/1478 1470/1470/1470 1479/1479/1479
f 1472/1472/1472 1478/1478/1478 1480/1480/1480
f 1481/1481/1481 1472/1472/1472 1480/1480/1480
f 1482/1482/1482 1473/1473/1473 1481/1481/1481
f 1495/1495/1495 1475/1475/1475 1494/1494/1494
f 1483/1483/1483 1476/1476/1476 1475/1475/1475
f 1484/1484/1484 1477/1477/1477 1476/1476/1476
f 1479/1479/1479 1477/1477/1477 1485/1485/1485
f 1477/1477/1477 1479/1479/1479 1470/1470/1470
f 1477/1477/1477 1484/1484/1484 1485/1485/1485
f 1476/1476/1476 1483/1483/1483 1484/1484/1484
f 1475/1475/1475 1495/1495/1495 1483/1483/1483
f 1473/1473/1473 1482/1482/1482 1474/1474/1474
f 1472/1472/1472 1481/1481/1481 1473/1473/1473
f 1478/1478/1478 1472/1472/1472 1471/1471/1471
f 1470/1470/1470 1478/1478/1478 1471/1471/1471
f 1469/1469/1469 1470/1470/1470 1462/1462/1462
f 1476/1476/1476 1469/1469/1469 1468/1468/1468
f 1475/1475/1475 1468/1468/1468 1467/1467/1467
f 1467/1467/1467 1494/1494/1494 1475/1475/1475
f 1465/1465/1465 1474/1474/1474 1466/1466/1466
f 1473/1473/1473 1464/1464/1464 1472/1472/1472
f 1464/1464/1464 1471/1471/1471 1472/1472/1472
f 1471/1471/1471 1462/1462/1462 1470/1470/1470
f 1462/1462/1462 1461/1461/1461 1469/1469/1469
f 1469/1469/1469 1460/1460/1460 1468/1468/1468
f 1468/1468/1468 1459/1459/1459 1467/1467/1467
f 1492/1492/1492 1467/1467/1467 1459/1459/1459
f 1458/1458/1458 1465/1465/1465 1466/1466/1466
f 1464/1464/1464 1457/1457/1457 1456/1456/1456
f 1463/1463/1463 1456/1456/1456 1455/1455/1455
f 1463/1463/1463 1454/1454/1454 1462/1462/1462
f 1453/1453/1453 1454/1454/1454 1446/1446/1446
f 1460/1460/1460 1453/1453/1453 1452/1452/1452
f 1460/1460/1460 1451/1451/1451 1459/1459/1459
f 1492/1492/1492 1451/1451/1451 1491/1491/1491
f 1450/1450/1450 1457/1457/1457 1458/1458/1458
f 1457/1457/1457 1448/1448/1448 1456/1456/1456
f 1455/1455/1455 1448/1448/1448 1447/1447/1447
f 1454/1454/1454 1447/1447/1447 1446/1446/1446
f 1453/1453/1453 1438/1438/1438 1445/1445/1445
f 1445/1445/1445 1452/1452/1452 1453/1453/1453
f 1443/1443/1443 1452/1452/1452 1444/1444/1444
f 1451/1451/1451 1490/1490/1490 1491/1491/1491
f 1449/1449/1449 1442/1442/1442 1441/1441/1441
f 1441/1441/1441 1448/1448/1448 1449/1449/1449
f 1439/1439/1439 1448/1448/1448 1440/1440/1440
f 1439/1439/1439 1446/1446/1446 1447/1447/1447
f 1437/1437/1437 1438/1438/1438 1430/1430/1430
f 1444/1444/1444 1437/1437/1437 1436/1436/1436
f 1443/1443/1443 1436/1436/1436 1435/1435/1435
f 1489/1489/1489 1443/1443/1443 1435/1435/1435
f 1441/1441/1441 1434/1434/1434 1433/1433/1433
f 1432/1432/1432 1441/1441/1441 1433/1433/1433
f 1440/1440/1440 1431/1431/1431 1439/1439/1439
f 1430/1430/1430 1439/1439/1439 1431/1431/1431
f 1422/1422/1422 1437/1437/1437 1430/1430/1430
f 1429/1429/1429 1436/1436/1436 1437/1437/1437
f 1435/1435/1435 1428/1428/1428 1427/1427/1427
f 1488/1488/1488 1435/1435/1435 1427/1427/1427
f 1434/1434/1434 1425/1425/1425 1433/1433/1433
f 1424/1424/1424 1433/1433/1433 1425/1425/1425
f 1424/1424/1424 1431/1431/1431 1432/1432/1432
f 1431/1431/1431 1422/1422/1422 1430/1430/1430
f 1420/1420/1420 1422/1422/1422 1408/1408/1408
f 1429/1429/1429 1418/1418/1418 1428/1428/1428
f 1418/1418/1418 1427/1427/1427 1428/1428/1428
f 1427/1427/1427 1487/1487/1487 1488/1488/1488
f 1415/1415/1415 1425/1425/1425 1426/1426/1426
f 1425/1425/1425 1411/1411/1411 1424/1424/1424
f 1411/1411/1411 1423/1423/1423 1424/1424/1424
f 1409/1409/1409 1422/1422/1422 1423/1423/1423
f 1407/1407/1407 1420/1420/1420 1408/1408/1408
f 1420/1420/1420 1419/1419/1419 1418/1418/1418
f 1418/1418/1418 1417/1417/1417 1416/1416/1416
f 1486/1486/1486 1416/1416/1416 1417/1417/1417
f 1413/1413/1413 1414/1414/1414 1412/1412/1412
f 1411/1411/1411 1412/1412/1412 1410/1410/1410
f 1409/1409/1409 1410/1410/1410 1406/1406/1406
f 1406/1406/1406 1408/1408/1408 1409/1409/1409
f 1936/1936/1936 1932/1932/1932 1933/1933/1933
f 1937/1937/1937 1932/1932/1932 1935/1935/1935
f 1932/1932/1932 1937/1937/1937 1934/1934/1934
f 1932/1932/1932 1936/1936/1936 1935/1935/1935
f 1992/1992/1992 1990/1990/1990 1991/1991/1991
f 1994/1994/1994 1993/1993/1993 1995/1995/1995
f 1993/1993/1993 1994/1994/1994 1992/1992/1992
f 1990/1990/1990 1992/1992/1992 1994/1994/1994
f 3256/3256/3256 3258/3258/3258 3255/3255/3255
f 3257/3257/3257 3260/3260/3260 3258/3258/3258
f 3261/3261/3261 3259/3259/3259 3262/3262/3262
f 3263/3263/3263 3261/3261/3261 3262/3262/3262
f 3266/3266/3266 3310/3310/3310 3309/3309/3309
f 3266/3266/3266 3255/3255/3255 3265/3265/3265
f 3268/3268/3268 3256/3256/3256 3267/3267/3267
f 3257/3257/3257 3269/3269/3269 3259/3259/3259
f 3270/3270/3270 3259/3259/3259 3269/3269/3269
f 3270/3270/3270 3263/3263/3263 3262/3262/3262
f 3272/3272/3272 3309/3309/3309 3311/3311/3311
f 3266/3266/3266 3267/3267/3267 3256/3256/3256
f 3268/3268/3268 3273/3273/3273 3274/3274/3274
f 3269/3269/3269 3274/3274/3274 3275/3275/3275
f 3269/3269/3269 3276/3276/3276 3270/3270/3270
f 3270/3270/3270 3277/3277/3277 3271/3271/3271
f 3312/3312/3312 3272/3272/3272 3311/3311/3311
f 3272/3272/3272 3273/3273/3273 3267/3267/3267
f 3280/3280/3280 3274/3274/3274 3273/3273/3273
f 3279/3279/3279 3275/3275/3275 3274/3274/3274
f 3275/3275/3275 3282/3282/3282 3276/3276/3276
f 3282/3282/3282 3277/3277/3277 3276/3276/3276
f 3313/3313/3313 3278/3278/3278 3312/3312/3312
f 3278/3278/3278 3280/3280/3280 3273/3273/3273
f 3285/3285/3285 3279/3279/3279 3280/3280/3280
f 3286/3286/3286 3281/3281/3281 3279/3279/3279
f 3281/3281/3281 3288/3288/3288 3282/3282/3282
f 3283/3283/3283 3288/3288/3288 3289/3289/3289
f 3290/3290/3290 3313/3313/3313 3314/3314/3314
f 3285/3285/3285 3284/3284/3284 3290/3290/3290
f 3291/3291/3291 3286/3286/3286 3285/3285/3285
f 3293/3293/3293 3286/3286/3286 3292/3292/3292
f 3287/3287/3287 3294/3294/3294 3288/3288/3288
f 3288/3288/3288 3295/3295/3295 3289/3289/3289
f 3296/3296/3296 3314/3314/3314 3315/3315/3315
f 3285/3285/3285 3296/3296/3296 3291/3291/3291
f 3292/3292/3292 3297/3297/3297 3298/3298/3298
f 3299/3299/3299 3292/3292/3292 3298/3298/3298
f 3293/3293/3293 3300/3300/3300 3294/3294/3294
f 3294/3294/3294 3301/3301/3301 3295/3295/3295
f 3315/3315/3315 3302/3302/3302 3296/3296/3296
f 3302/3302/3302 3291/3291/3291 3296/3296/3296
f 3298/3298/3298 3303/3303/3303 3304/3304/3304
f 3305/3305/3305 3298/3298/3298 3304/3304/3304
f 3306/3306/3306 3299/3299/3299 3305/3305/3305
f 3300/3300/3300 3307/3307/3307 3301/3301/3301
f 3317/3317/3317 3302/3302/3302 3316/3316/3316
f 3302/3302/3302 3303/3303/3303 3297/3297/3297
f 3303/3303/3303 3302/3302/3302 3308/3308/3308
f 3302/3302/3302 3317/3317/3317 3308/3308/3308
f 3307/3307/3307 3300/3300/3300 3306/3306/3306
f 3299/3299/3299 3306/3306/3306 3300/3300/3300
f 3298/3298/3298 3305/3305/3305 3299/3299/3299
f 3303/3303/3303 3298/3298/3298 3297/3297/3297
f 3291/3291/3291 3302/3302/3302 3297/3297/3297
f 3302/3302/3302 3315/3315/3315 3316/3316/3316
f 3301/3301/3301 3294/3294/3294 3300/3300/3300
f 3300/3300/3300 3293/3293/3293 3299/3299/3299
f 3292/3292/3292 3299/3299/3299 3293/3293/3293
f 3297/3297/3297 3292/3292/3292 3291/3291/3291
f 3296/3296/3296 3285/3285/3285 3290/3290/3290
f 3314/3314/3314 3296/3296/3296 3290/3290/3290
f 3295/3295/3295 3288/3288/3288 3294/3294/3294
f 3294/3294/3294 3287/3287/3287 3293/3293/3293
f 3286/3286/3286 3293/3293/3293 3287/3287/3287
f 3286/3286/3286 3291/3291/3291 3292/3292/3292
f 3284/3284/3284 3285/3285/3285 3280/3280/3280
f 3313/3313/3313 3290/3290/3290 3284/3284/3284
f 3288/3288/3288 3283/3283/3283 3282/3282/3282
f 3288/3288/3288 3281/3281/3281 3287/3287/3287
f 3281/3281/3281 3286/3286/3286 3287/3287/3287
f 3279/3279/3279 3285/3285/3285 3286/3286/3286
f 3280/3280/3280 3278/3278/3278 3284/3284/3284
f 3278/3278/3278 3313/3313/3313 3284/3284/3284
f 3277/3277/3277 3282/3282/3282 3283/3283/3283
f 3282/3282/3282 3275/3275/3275 3281/3281/3281
f 3275/3275/3275 3279/3279/3279 3281/3281/3281
f 3274/3274/3274 3280/3280/3280 3279/3279/3279
f 3273/3273/3273 3272/3272/3272 3278/3278/3278
f 3272/3272/3272 3312/3312/3312 3278/3278/3278
f 3277/3277/3277 3270/3270/3270 3276/3276/3276
f 3276/3276/3276 3269/3269/3269 3275/3275/3275
f 3274/3274/3274 3269/3269/3269 3268/3268/3268
f 3273/3273/3273 3268/3268/3268 3267/3267/3267
f 3267/3267/3267 3266/3266/3266 3272/3272/3272
f 3309/3309/3309 3272/3272/3272 3266/3266/3266
f 3263/3263/3263 3270/3270/3270 3271/3271/3271
f 3259/3259/3259 3270/3270/3270 3262/3262/3262
f 3269/3269/3269 3257/3257/3257 3268/3268/3268
f 3256/3256/3256 3268/3268/3268 3257/3257/3257
f 3255/3255/3255 3266/3266/3266 3256/3256/3256
f 3310/3310/3310 3266/3266/3266 3265/3265/3265
f 3261/3261/3261 3263/3263/3263 3264/3264/3264
f 3259/3259/3259 3261/3261/3261 3260/3260/3260
f 3260/3260/3260 3257/3257/3257 3259/3259/3259
f 3258/3258/3258 3256/3256/3256 3257/3257/3257
f 418/418/418 420/420/420 417/417/417
f 423/423/423 425/425/425 422/422/422
f 426/426/426 418/418/418 417/417/417
f 420/420/420 423/423/423 422/422/422
f 441/441/441 425/425/425 424/424/424
f 439/439/439 426/426/426 440/440/440
f 420/420/420 428/428/428 417/417/417
f 431/431/431 418/418/418 430/430/430
f 422/422/422 432/432/432 433/433/433
f 434/434/434 423/423/423 435/435/435
f 430/430/430 427/427/427 436/436/436
f 417/417/417 437/437/437 426/426/426
f 420/420/420 433/433/433 429/429/429
f 423/423/423 431/431/431 435/435/435
f 438/438/438 425/425/425 421/421/421
f 424/424/424 444/444/444 441/441/441
f 440/440/440 437/437/437 442/442/442
f 427/427/427 443/443/443 436/436/436
f 443/443/443 427/427/427 439/439/439
f 437/437/437 440/440/440 426/426/426
f 444/444/444 424/424/424 434/434/434
f 425/425/425 438/438/438 432/432/432
f 431/431/431 423/423/423 419/419/419
f 433/433/433 420/420/420 422/422/422
f 437/437/437 417/417/417 428/428/428
f 427/427/427 430/430/430 418/418/418
f 423/423/423 434/434/434 424/424/424
f 432/432/432 422/422/422 425/425/425
f 418/418/418 431/431/431 419/419/419
f 428/428/428 420/420/420 429/429/429
f 426/426/426 439/439/439 427/427/427
f 425/425/425 441/441/441 421/421/421
f 423/423/423 420/420/420 419/419/419
f 418/418/418 426/426/426 427/427/427
f 425/425/425 423/423/423 424/424/424
f 420/420/420 418/418/418 419/419/419
f 2537/2537/2537 2539/2539/2539 2538/2538/2538
f 2543/2543/2543 2542/2542/2542 2545/2545/2545
f 2537/2537/2537 2544/2544/2544 2541/2541/2541
f 2543/2543/2543 2536/2536/2536 2540/2540/2540
f 2536/2536/2536 2543/2543/2543 2539/2539/2539
f 2544/2544/2544 2537/2537/2537 2538/2538/2538
f 2542/2542/2542 2543/2543/2543 2540/2540/2540
f 2539/2539/2539 2537/2537/2537 2536/2536/2536
f 2012/2012/2012 2011/2011/2011 2013/2013/2013
f 2011/2011/2011 2012/2012/2012 2010/2010/2010
f 1622/1622/1622 1625/1625/1625 1623/1623/1623
f 1625/1625/1625 1622/1622/1622 1624/1624/1624
f 2648/2648/2648 2646/2646/2646 2647/2647/2647
f 2651/2651/2651 2649/2649/2649 2650/2650/2650
f 2645/2645/2645 2650/2650/2650 2646/2646/2646
f 2654/2654/2654 2661/2661/2661 2653/2653/2653
f 2656/2656/2656 2657/2657/2657 2655/2655/2655
f 2658/2658/2658 2660/2660/2660 2664/2664/2664
f 2647/2647/2647 2665/2665/2665 2648/2648/2648
f 2652/2652/2652 2658/2658/2658 2649/2649/2649
f 2663/2663/2663 2654/2654/2654 2657/2657/2657
f 2661/2661/2661 2660/2660/2660 2653/2653/2653
f 2660/2660/2660 2661/2661/2661 2664/2664/2664
f 2654/2654/2654 2663/2663/2663 2662/2662/2662
f 2658/2658/2658 2652/2652/2652 2659/2659/2659
f 2665/2665/2665 2647/2647/2647 2666/2666/2666
f 2660/2660/2660 2658/2658/2658 2659/2659/2659
f 2657/2657/2657 2656/2656/2656 2663/2663/2663
f 2661/2661/2661 2654/2654/2654 2662/2662/2662
f 2650/2650/2650 2645/2645/2645 2651/2651/2651
f 2649/2649/2649 2651/2651/2651 2652/2652/2652
f 2646/2646/2646 2648/2648/2648 2645/2645/2645
f 535/535/535 533/533/533 534/534/534
f 535/535/535 537/537/537 538/538/538
f 599/599/599 533/533/533 536/536/536
f 542/542/542 540/540/540 541/541/541
f 546/546/546 544/544/544 545/545/545
f 541/541/541 545/545/545 544/544/544
f 538/538/538 539/539/539 542/542/542
f 549/549/549 547/547/547 548/548/548
f 548/548/548 552/552/552 549/549/549
f 553/553/553 547/547/547 550/550/550
f 555/555/555 557/557/557 558/558/558
f 560/560/560 562/562/562 563/563/563
f 565/565/565 558/558/558 564/564/564
f 563/563/563 556/556/556 560/560/560
f 561/561/561 601/601/601 562/562/562
f 565/565/565 536/536/536 535/535/535
f 553/553/553 546/546/546 554/554/554
f 566/566/566 533/533/533 567/567/567
f 569/569/569 538/538/538 568/568/568
f 537/537/537 566/566/566 570/570/570
f 600/600/600 567/567/567 533/533/533
f 571/571/571 599/599/599 536/536/536
f 572/572/572 542/542/542 541/541/541
f 539/539/539 574/574/574 540/540/540
f 577/577/577 545/545/545 576/576/576
f 578/578/578 543/543/543 579/579/579
f 541/541/541 578/578/578 572/572/572
f 576/576/576 540/540/540 574/574/574
f 575/575/575 537/537/537 570/570/570
f 538/538/538 573/573/573 568/568/568
f 550/550/550 581/581/581 580/580/580
f 582/582/582 547/547/547 583/583/583
f 549/549/549 584/584/584 581/581/581
f 585/585/585 548/548/548 582/582/582
f 583/583/583 554/554/554 586/586/586
f 550/550/550 587/587/587 553/553/553
f 557/557/557 588/588/588 558/558/558
f 555/555/555 591/591/591 556/556/556
f 592/592/592 563/563/563 562/562/562
f 561/561/561 594/594/594 595/595/595
f 565/565/565 590/590/590 555/555/555
f 588/588/588 564/564/564 558/558/558
f 589/589/589 563/563/563 593/593/593
f 591/591/591 560/560/560 556/556/556
f 562/562/562 604/604/604 592/592/592
f 598/598/598 561/561/561 595/595/595
f 597/597/597 536/536/536 564/564/564
f 569/569/569 565/565/565 535/535/535
f 586/586/586 546/546/546 577/577/577
f 587/587/587 543/543/543 553/553/553
f 543/543/543 587/587/587 579/579/579
f 546/546/546 586/586/586 554/554/554
f 565/565/565 569/569/569 596/596/596
f 536/536/536 597/597/597 571/571/571
f 561/561/561 598/598/598 559/559/559
f 604/604/604 562/562/562 601/601/601
f 560/560/560 591/591/591 594/594/594
f 563/563/563 589/589/589 557/557/557
f 564/564/564 588/588/588 597/597/597
f 590/590/590 565/565/565 596/596/596
f 594/594/594 561/561/561 560/560/560
f 563/563/563 592/592/592 593/593/593
f 591/591/591 555/555/555 590/590/590
f 588/588/588 557/557/557 589/589/589
f 587/587/587 550/550/550 580/580/580
f 554/554/554 583/583/583 547/547/547
f 548/548/548 585/585/585 551/551/551
f 584/584/584 549/549/549 552/552/552
f 547/547/547 582/582/582 548/548/548
f 581/581/581 550/550/550 549/549/549
f 573/573/573 538/538/538 542/542/542
f 537/537/537 575/575/575 539/539/539
f 540/540/540 576/576/576 545/545/545
f 578/578/578 541/541/541 544/544/544
f 543/543/543 578/578/578 544/544/544
f 545/545/545 577/577/577 546/546/546
f 574/574/574 539/539/539 575/575/575
f 542/542/542 572/572/572 573/573/573
f 599/599/599 571/571/571 602/602/602
f 567/567/567 600/600/600 603/603/603
f 566/566/566 537/537/537 534/534/534
f 538/538/538 569/569/569 535/535/535
f 533/533/533 566/566/566 534/534/534
f 546/546/546 553/553/553 543/543/543
f 536/536/536 565/565/565 564/564/564
f 601/601/601 561/561/561 559/559/559
f 556/556/556 563/563/563 557/557/557
f 558/558/558 565/565/565 555/555/555
f 562/562/562 560/560/560 561/561/561
f 557/557/557 555/555/555 556/556/556
f 547/547/547 553/553/553 554/554/554
f 552/552/552 548/548/548 551/551/551
f 547/547/547 549/549/549 550/550/550
f 539/539/539 538/538/538 537/537/537
f 545/545/545 541/541/541 540/540/540
f 544/544/544 546/546/546 543/543/543
f 540/540/540 542/542/542 539/539/539
f 533/533/533 599/599/599 600/600/600
f 537/537/537 535/535/535 534/534/534
f 533/533/533 535/535/535 536/536/536
f 2207/2207/2207 2204/2204/2204 2205/2205/2205
f 2204/2204/2204 2207/2207/2207 2206/2206/2206
f 1826/1826/1826 1814/1814/1814 1815/1815/1815
f 1827/1827/1827 1814/1814/1814 1825/1825/1825
f 1816/1816/1816 1828/1828/1828 1817/1817/1817
f 1817/1817/1817 1829/1829/1829 1818/1818/1818
f 1830/1830/1830 1818/1818/1818 1829/1829/1829
f 1820/1820/1820 1830/1830/1830 1831/1831/1831
f 1831/1831/1831 1821/1821/1821 1820/1820/1820
f 1833/1833/1833 1821/1821/1821 1832/1832/1832
f 1833/1833/1833 1823/1823/1823 1822/1822/1822
f 1824/1824/1824 1837/1837/1837 1835/1835/1835
f 1826/1826/1826 1824/1824/1824 1835/1835/1835
f 1824/1824/1824 1826/1826/1826 1815/1815/1815
f 1837/1837/1837 1824/1824/1824 1836/1836/1836
f 1823/1823/1823 1833/1833/1833 1834/1834/1834
f 1821/1821/1821 1833/1833/1833 1822/1822/1822
f 1821/1821/1821 1831/1831/1831 1832/1832/1832
f 1830/1830/1830 1820/1820/1820 1819/1819/1819
f 1818/1818/1818 1830/1830/1830 1819/1819/1819
f 1829/1829/1829 1817/1817/1817 1828/1828/1828
f 1828/1828/1828 1816/1816/1816 1827/1827/1827
f 1814/1814/1814 1827/1827/1827 1816/1816/1816
f 1814/1814/1814 1826/1826/1826 1825/1825/1825
f 2059/2059/2059 2061/2061/2061 2058/2058/2058
f 2061/2061/2061 2059/2059/2059 2060/2060/2060
f 787/787/787 782/782/782 783/783/783
f 784/784/784 790/790/790 788/788/788
f 789/789/789 782/782/782 786/786/786
f 788/788/788 783/783/783 784/784/784
f 783/783/783 788/788/788 787/787/787
f 782/782/782 789/789/789 791/791/791
f 790/790/790 784/784/784 785/785/785
f 782/782/782 787/787/787 786/786/786
f 2620/2620/2620 2619/2619/2619 2618/2618/2618
f 2618/2618/2618 2621/2621/2621 2620/2620/2620
f 2621/2621/2621 2618/2618/2618 2622/2622/2622
f 345/345/345 347/347/347 348/348/348
f 350/350/350 347/347/347 349/349/349
f 346/346/346 390/390/390 389/389/389
f 354/354/354 352/352/352 353/353/353
f 355/355/355 357/357/357 358/358/358
f 353/353/353 357/357/357 354/354/354
f 349/349/349 351/351/351 350/350/350
f 359/359/359 361/361/361 362/362/362
f 364/364/364 361/361/361 363/363/363
f 365/365/365 360/360/360 359/359/359
f 355/355/355 365/365/365 356/356/356
f 367/367/367 345/345/345 348/348/348
f 348/348/348 369/369/369 367/367/367
f 371/371/371 347/347/347 370/370/370
f 372/372/372 389/389/389 391/391/391
f 390/390/390 368/368/368 392/392/392
f 354/354/354 374/374/374 351/351/351
f 353/353/353 376/376/376 375/375/375
f 378/378/378 358/358/358 377/377/377
f 379/379/379 356/356/356 380/380/380
f 373/373/373 357/357/357 379/379/379
f 353/353/353 377/377/377 358/358/358
f 352/352/352 371/371/371 376/376/376
f 369/369/369 351/351/351 374/374/374
f 359/359/359 381/381/381 382/382/382
f 384/384/384 360/360/360 383/383/383
f 381/381/381 364/364/364 385/385/385
f 363/363/363 384/384/384 386/386/386
f 366/366/366 383/383/383 360/360/360
f 359/359/359 388/388/388 365/365/365
f 365/365/365 380/380/380 356/356/356
f 366/366/366 378/378/378 387/387/387
f 378/378/378 366/366/366 355/355/355
f 380/380/380 365/365/365 388/388/388
f 388/388/388 359/359/359 382/382/382
f 383/383/383 366/366/366 387/387/387
f 384/384/384 363/363/363 361/361/361
f 364/364/364 381/381/381 362/362/362
f 360/360/360 384/384/384 361/361/361
f 381/381/381 359/359/359 362/362/362
f 351/351/351 369/369/369 350/350/350
f 371/371/371 352/352/352 349/349/349
f 377/377/377 353/353/353 375/375/375
f 357/357/357 373/373/373 354/354/354
f 356/356/356 379/379/379 357/357/357
f 358/358/358 378/378/378 355/355/355
f 376/376/376 353/353/353 352/352/352
f 374/374/374 354/354/354 373/373/373
f 368/368/368 390/390/390 345/345/345
f 389/389/389 372/372/372 346/346/346
f 347/347/347 371/371/371 349/349/349
f 369/369/369 348/348/348 350/350/350
f 345/345/345 367/367/367 368/368/368
f 365/365/365 355/355/355 366/366/366
f 360/360/360 365/365/365 366/366/366
f 361/361/361 364/364/364 362/362/362
f 361/361/361 359/359/359 360/360/360
f 351/351/351 349/349/349 352/352/352
f 357/357/357 353/353/353 358/358/358
f 357/357/357 355/355/355 356/356/356
f 352/352/352 354/354/354 351/351/351
f 390/390/390 346/346/346 345/345/345
f 347/347/347 350/350/350 348/348/348
f 347/347/347 345/345/345 346/346/346
f 2386/2386/2386 2406/2406/2406 2408/2408/2408
f 2387/2387/2387 2408/2408/2408 2406/2406/2406
f 2388/2388/2388 2389/2389/2389 2390/2390/2390
f 2391/2391/2391 2410/2410/2410 2409/2409/2409
f 2393/2393/2393 2410/2410/2410 2411/2411/2411
f 2393/2393/2393 2395/2395/2395 2392/2392/2392
f 2389/2389/2389 2394/2394/2394 2390/2390/2390
f 2407/2407/2407 2396/2396/2396 2412/2412/2412
f 2387/2387/2387 2413/2413/2413 2397/2397/2397
f 2388/2388/2388 2414/2414/2414 2408/2408/2408
f 2388/2388/2388 2399/2399/2399 2398/2398/2398
f 2397/2397/2397 2389/2389/2389 2387/2387/2387
f 2391/2391/2391 2416/2416/2416 2401/2401/2401
f 2393/2393/2393 2417/2417/2417 2402/2402/2402
f 2415/2415/2415 2392/2392/2392 2403/2403/2403
f 2395/2395/2395 2403/2403/2403 2392/2392/2392
f 2394/2394/2394 2402/2402/2402 2405/2405/2405
f 2389/2389/2389 2404/2404/2404 2395/2395/2395
f 2404/2404/2404 2389/2389/2389 2400/2400/2400
f 2402/2402/2402 2394/2394/2394 2393/2393/2393
f 2403/2403/2403 2395/2395/2395 2404/2404/2404
f 2392/2392/2392 2415/2415/2415 2410/2410/2410
f 2417/2417/2417 2393/2393/2393 2411/2411/2411
f 2416/2416/2416 2391/2391/2391 2409/2409/2409
f 2389/2389/2389 2397/2397/2397 2400/2400/2400
f 2399/2399/2399 2388/2388/2388 2390/2390/2390
f 2414/2414/2414 2388/2388/2388 2398/2398/2398
f 2413/2413/2413 2387/2387/2387 2406/2406/2406
f 2396/2396/2396 2407/2407/2407 2386/2386/2386
f 2394/2394/2394 2389/2389/2389 2395/2395/2395
f 2395/2395/2395 2393/2393/2393 2394/2394/2394
f 2410/2410/2410 2393/2393/2393 2392/2392/2392
f 2410/2410/2410 2391/2391/2391 2411/2411/2411
f 2389/2389/2389 2388/2388/2388 2387/2387/2387
f 2408/2408/2408 2387/2387/2387 2388/2388/2388
f 2406/2406/2406 2386/2386/2386 2407/2407/2407
f 2193/2193/2193 2194/2194/2194 2195/2195/2195
f 2194/2194/2194 2193/2193/2193 2192/2192/2192
f 3334/3334/3334 3332/3332/3332 3333/3333/3333
f 3336/3336/3336 3335/3335/3335 3337/3337/3337
f 3336/3336/3336 3338/3338/3338 3339/3339/3339
f 3340/3340/3340 3339/3339/3339 3338/3338/3338
f 3342/3342/3342 3340/3340/3340 3343/3343/3343
f 3334/3334/3334 3362/3362/3362 3363/3363/3363
f 3364/3364/3364 3345/3345/3345 3365/3365/3365
f 3345/3345/3345 3335/3335/3335 3334/3334/3334
f 3348/3348/3348 3346/3346/3346 3347/3347/3347
f 3348/3348/3348 3332/3332/3332 3349/3349/3349
f 3350/3350/3350 3364/3364/3364 3366/3366/3366
f 3344/3344/3344 3337/3337/3337 3335/3335/3335
f 3351/3351/3351 3349/3349/3349 3352/3352/3352
f 3349/3349/3349 3336/3336/3336 3352/3352/3352
f 3367/3367/3367 3350/3350/3350 3366/3366/3366
f 3353/3353/3353 3337/3337/3337 3350/3350/3350
f 3355/3355/3355 3352/3352/3352 3354/3354/3354
f 3339/3339/3339 3352/3352/3352 3336/3336/3336
f 3356/3356/3356 3367/3367/3367 3368/3368/3368
f 3340/3340/3340 3353/3353/3353 3356/3356/3356
f 3355/3355/3355 3357/3357/3357 3358/3358/3358
f 3354/3354/3354 3341/3341/3341 3357/3357/3357
f 3356/3356/3356 3370/3370/3370 3359/3359/3359
f 3356/3356/3356 3343/3343/3343 3340/3340/3340
f 3357/3357/3357 3361/3361/3361 3358/3358/3358
f 3357/3357/3357 3342/3342/3342 3360/3360/3360
f 3369/3369/3369 3345/3345/3345 3371/3371/3371
f 3345/3345/3345 3363/3363/3363 3371/3371/3371
f 3348/3348/3348 3373/3373/3373 3372/3372/3372
f 3362/3362/3362 3348/3348/3348 3372/3372/3372
f 3348/3348/3348 3362/3362/3362 3333/3333/3333
f 3373/3373/3373 3348/3348/3348 3347/3347/3347
f 3363/3363/3363 3345/3345/3345 3334/3334/3334
f 3345/3345/3345 3369/3369/3369 3365/3365/3365
f 3342/3342/3342 3357/3357/3357 3341/3341/3341
f 3361/3361/3361 3357/3357/3357 3360/3360/3360
f 3343/3343/3343 3356/3356/3356 3359/3359/3359
f 3370/3370/3370 3356/3356/3356 3368/3368/3368
f 3341/3341/3341 3354/3354/3354 3339/3339/3339
f 3357/3357/3357 3355/3355/3355 3354/3354/3354
f 3353/3353/3353 3340/3340/3340 3338/3338/3338
f 3367/3367/3367 3356/3356/3356 3353/3353/3353
f 3352/3352/3352 3339/3339/3339 3354/3354/3354
f 3352/3352/3352 3355/3355/3355 3351/3351/3351
f 3337/3337/3337 3353/3353/3353 3338/3338/3338
f 3350/3350/3350 3367/3367/3367 3353/3353/3353
f 3336/3336/3336 3349/3349/3349 3332/3332/3332
f 3349/3349/3349 3351/3351/3351 3346/3346/3346
f 3337/3337/3337 3344/3344/3344 3350/3350/3350
f 3364/3364/3364 3350/3350/3350 3344/3344/3344
f 3332/3332/3332 3348/3348/3348 3333/3333/3333
f 3346/3346/3346 3348/3348/3348 3349/3349/3349
f 3335/3335/3335 3345/3345/3345 3344/3344/3344
f 3345/3345/3345 3364/3364/3364 3344/3344/3344
f 3362/3362/3362 3334/3334/3334 3333/3333/3333
f 3340/3340/3340 3342/3342/3342 3341/3341/3341
f 3339/3339/3339 3340/3340/3340 3341/3341/3341
f 3338/3338/3338 3336/3336/3336 3337/3337/3337
f 3335/3335/3335 3336/3336/3336 3332/3332/3332
f 3332/3332/3332 3334/3334/3334 3335/3335/3335
f 1928/1928/1928 1930/1930/1930 1929/1929/1929
f 1930/1930/1930 1928/1928/1928 1931/1931/1931
f 1208/1208/1208 1206/1206/1206 1207/1207/1207
f 1207/1207/1207 1209/1209/1209 1210/1210/1210
f 1212/1212/1212 1210/1210/1210 1209/1209/1209
f 1214/1214/1214 1212/1212/1212 1213/1213/1213
f 1214/1214/1214 1215/1215/1215 1216/1216/1216
f 1216/1216/1216 1217/1217/1217 1218/1218/1218
f 1218/1218/1218 1220/1220/1220 1219/1219/1219
f 1221/1221/1221 1227/1227/1227 1228/1228/1228
f 1224/1224/1224 1222/1222/1222 1221/1221/1221
f 1224/1224/1224 1226/1226/1226 1223/1223/1223
f 1225/1225/1225 1208/1208/1208 1226/1226/1226
f 1208/1208/1208 1225/1225/1225 1205/1205/1205
f 1226/1226/1226 1224/1224/1224 1225/1225/1225
f 1222/1222/1222 1224/1224/1224 1223/1223/1223
f 1227/1227/1227 1221/1221/1221 1222/1222/1222
f 1220/1220/1220 1218/1218/1218 1217/1217/1217
f 1217/1217/1217 1216/1216/1216 1215/1215/1215
f 1215/1215/1215 1214/1214/1214 1213/1213/1213
f 1212/1212/1212 1214/1214/1214 1211/1211/1211
f 1210/1210/1210 1212/1212/1212 1211/1211/1211
f 1209/1209/1209 1207/1207/1207 1206/1206/1206
f 1206/1206/1206 1208/1208/1208 1205/1205/1205
f 792/792/792 797/797/797 796/796/796
f 794/794/794 800/800/800 798/798/798
f 801/801/801 796/796/796 799/799/799
f 798/798/798 793/793/793 794/794/794
f 793/793/793 798/798/798 797/797/797
f 796/796/796 801/801/801 792/792/792
f 800/800/800 794/794/794 795/795/795
f 797/797/797 792/792/792 793/793/793
f 469/469/469 500/500/500 499/499/499
f 499/499/499 472/472/472 471/471/471
f 471/471/471 474/474/474 473/473/473
f 476/476/476 474/474/474 475/475/475
f 475/475/475 477/477/477 476/476/476
f 502/502/502 478/478/478 479/479/479
f 503/503/503 480/480/480 481/481/481
f 483/483/483 480/480/480 482/482/482
f 483/483/483 477/477/477 501/501/501
f 485/485/485 469/469/469 484/484/484
f 500/500/500 486/486/486 472/472/472
f 499/499/499 487/487/487 504/504/504
f 488/488/488 472/472/472 486/486/486
f 471/471/471 489/489/489 487/487/487
f 489/489/489 476/476/476 490/490/490
f 491/491/491 474/474/474 488/488/488
f 477/477/477 490/490/490 476/476/476
f 493/493/493 478/478/478 494/494/494
f 502/502/502 495/495/495 480/480/480
f 508/508/508 481/481/481 496/496/496
f 495/495/495 482/482/482 480/480/480
f 483/483/483 496/496/496 481/481/481
f 501/501/501 498/498/498 483/483/483
f 497/497/497 477/477/477 482/482/482
f 477/477/477 497/497/497 492/492/492
f 498/498/498 501/501/501 506/506/506
f 496/496/496 483/483/483 498/498/498
f 482/482/482 495/495/495 497/497/497
f 481/481/481 508/508/508 503/503/503
f 495/495/495 502/502/502 507/507/507
f 478/478/478 493/493/493 479/479/479
f 490/490/490 477/477/477 492/492/492
f 474/474/474 491/491/491 475/475/475
f 476/476/476 489/489/489 473/473/473
f 489/489/489 471/471/471 473/473/473
f 472/472/472 488/488/488 474/474/474
f 487/487/487 499/499/499 471/471/471
f 486/486/486 500/500/500 505/505/505
f 469/469/469 485/485/485 470/470/470
f 477/477/477 483/483/483 482/482/482
f 480/480/480 483/483/483 481/481/481
f 480/480/480 503/503/503 502/502/502
f 478/478/478 502/502/502 503/503/503
f 477/477/477 475/475/475 501/501/501
f 474/474/474 476/476/476 473/473/473
f 474/474/474 471/471/471 472/472/472
f 472/472/472 499/499/499 500/500/500
f 500/500/500 469/469/469 470/470/470
f 2131/2131/2131 2129/2129/2129 2128/2128/2128
f 2129/2129/2129 2131/2131/2131 2130/2130/2130
f 324/324/324 322/322/322 323/323/323
f 322/322/322 327/327/327 323/323/323
f 326/326/326 328/328/328 327/327/327
f 330/330/330 324/324/324 329/329/329
f 342/342/342 329/329/329 321/321/321
f 331/331/331 324/324/324 323/323/323
f 333/333/333 325/325/325 334/334/334
f 331/331/331 327/327/327 335/335/335
f 326/326/326 333/333/333 336/336/336
f 328/328/328 335/335/335 327/327/327
f 336/336/336 343/343/343 326/326/326
f 324/324/324 339/339/339 329/329/329
f 325/325/325 340/340/340 334/334/334
f 321/321/321 339/339/339 341/341/341
f 340/340/340 342/342/342 344/344/344
f 342/342/342 340/340/340 330/330/330
f 339/339/339 321/321/321 329/329/329
f 340/340/340 325/325/325 330/330/330
f 339/339/339 324/324/324 332/332/332
f 343/343/343 336/336/336 338/338/338
f 335/335/335 328/328/328 337/337/337
f 333/333/333 326/326/326 322/322/322
f 327/327/327 331/331/331 323/323/323
f 325/325/325 333/333/333 322/322/322
f 324/324/324 331/331/331 332/332/332
f 329/329/329 342/342/342 330/330/330
f 324/324/324 330/330/330 325/325/325
f 328/328/328 326/326/326 343/343/343
f 327/327/327 322/322/322 326/326/326
f 322/322/322 324/324/324 325/325/325
f 1566/1566/1566 1564/1564/1564 1565/1565/1565
f 1564/1564/1564 1566/1566/1566 1567/1567/1567
f 2220/2220/2220 2218/2218/2218 2221/2221/2221
f 2218/2218/2218 2220/2220/2220 2219/2219/2219
f 1966/1966/1966 1967/1967/1967 1965/1965/1965
f 1967/1967/1967 1966/1966/1966 1964/1964/1964
f 2127/2127/2127 2126/2126/2126 2125/2125/2125
f 2126/2126/2126 2127/2127/2127 2124/2124/2124
f 663/663/663 665/665/665 662/662/662
f 664/664/664 666/666/666 667/667/667
f 662/662/662 668/668/668 669/669/669
f 671/671/671 673/673/673 670/670/670
f 671/671/671 675/675/675 672/672/672
f 676/676/676 673/673/673 677/677/677
f 661/661/661 667/667/667 666/666/666
f 679/679/679 674/674/674 678/678/678
f 668/668/668 681/681/681 669/669/669
f 680/680/680 678/678/678 681/681/681
f 683/683/683 685/685/685 682/682/682
f 684/684/684 677/677/677 685/685/685
f 662/662/662 687/687/687 663/663/663
f 664/664/664 689/689/689 665/665/665
f 663/663/663 690/690/690 666/666/666
f 667/667/667 688/688/688 664/664/664
f 692/692/692 662/662/662 669/669/669
f 668/668/668 689/689/689 693/693/693
f 695/695/695 670/670/670 694/694/694
f 696/696/696 673/673/673 672/672/672
f 671/671/671 698/698/698 674/674/674
f 696/696/696 675/675/675 699/699/699
f 694/694/694 676/676/676 700/700/700
f 677/677/677 697/697/697 701/701/701
f 667/667/667 712/712/712 691/691/691
f 666/666/666 702/702/702 661/661/661
f 678/678/678 698/698/698 703/703/703
f 679/679/679 699/699/699 675/675/675
f 692/692/692 681/681/681 705/705/705
f 693/693/693 680/680/680 668/668/668
f 705/705/705 678/678/678 703/703/703
f 679/679/679 706/706/706 704/704/704
f 707/707/707 684/684/684 683/683/683
f 682/682/682 710/710/710 709/709/709
f 677/677/677 710/710/710 685/685/685
f 684/684/684 700/700/700 676/676/676
f 700/700/700 684/684/684 708/708/708
f 710/710/710 677/677/677 701/701/701
f 710/710/710 682/682/682 685/685/685
f 684/684/684 707/707/707 708/708/708
f 706/706/706 679/679/679 680/680/680
f 678/678/678 705/705/705 681/681/681
f 680/680/680 693/693/693 706/706/706
f 681/681/681 692/692/692 669/669/669
f 699/699/699 679/679/679 704/704/704
f 698/698/698 678/678/678 674/674/674
f 702/702/702 666/666/666 690/690/690
f 712/712/712 667/667/667 711/711/711
f 697/697/697 677/677/677 673/673/673
f 676/676/676 694/694/694 670/670/670
f 675/675/675 696/696/696 672/672/672
f 698/698/698 671/671/671 695/695/695
f 673/673/673 696/696/696 697/697/697
f 670/670/670 695/695/695 671/671/671
f 689/689/689 668/668/668 665/665/665
f 662/662/662 692/692/692 686/686/686
f 688/688/688 667/667/667 691/691/691
f 690/690/690 663/663/663 687/687/687
f 689/689/689 664/664/664 688/688/688
f 687/687/687 662/662/662 686/686/686
f 677/677/677 684/684/684 676/676/676
f 685/685/685 683/683/683 684/684/684
f 678/678/678 680/680/680 679/679/679
f 681/681/681 668/668/668 680/680/680
f 674/674/674 679/679/679 675/675/675
f 667/667/667 661/661/661 711/711/711
f 673/673/673 676/676/676 670/670/670
f 675/675/675 671/671/671 674/674/674
f 673/673/673 671/671/671 672/672/672
f 668/668/668 662/662/662 665/665/665
f 666/666/666 664/664/664 663/663/663
f 665/665/665 663/663/663 664/664/664
f 2559/2559/2559 2557/2557/2557 2558/2558/2558
f 2561/2561/2561 2557/2557/2557 2560/2560/2560
f 2561/2561/2561 2562/2562/2562 2563/2563/2563
f 2564/2564/2564 2563/2563/2563 2562/2562/2562
f 2566/2566/2566 2559/2559/2559 2567/2567/2567
f 2559/2559/2559 2566/2566/2566 2556/2556/2556
f 2563/2563/2563 2564/2564/2564 2565/2565/2565
f 2562/2562/2562 2561/2561/2561 2560/2560/2560
f 2557/2557/2557 2561/2561/2561 2558/2558/2558
f 2557/2557/2557 2559/2559/2559 2556/2556/2556
f 2149/2149/2149 2150/2150/2150 2151/2151/2151
f 2150/2150/2150 2149/2149/2149 2148/2148/2148
f 1839/1839/1839 1849/1849/1849 1838/1838/1838
f 1849/1849/1849 1840/1840/1840 1838/1838/1838
f 1840/1840/1840 1852/1852/1852 1841/1841/1841
f 1852/1852/1852 1842/1842/1842 1841/1841/1841
f 1842/1842/1842 1854/1854/1854 1843/1843/1843
f 1855/1855/1855 1843/1843/1843 1854/1854/1854
f 1856/1856/1856 1844/1844/1844 1855/1855/1855
f 1856/1856/1856 1846/1846/1846 1845/1845/1845
f 1858/1858/1858 1846/1846/1846 1857/1857/1857
f 1859/1859/1859 1860/1860/1860 1861/1861/1861
f 1839/1839/1839 1859/1859/1859 1850/1850/1850
f 1859/1859/1859 1839/1839/1839 1848/1848/1848
f 1860/1860/1860 1859/1859/1859 1848/1848/1848
f 1846/1846/1846 1858/1858/1858 1847/1847/1847
f 1846/1846/1846 1856/1856/1856 1857/1857/1857
f 1844/1844/1844 1856/1856/1856 1845/1845/1845
f 1843/1843/1843 1855/1855/1855 1844/1844/1844
f 1854/1854/1854 1842/1842/1842 1853/1853/1853
f 1842/1842/1842 1852/1852/1852 1853/1853/1853
f 1852/1852/1852 1840/1840/1840 1851/1851/1851
f 1840/1840/1840 1849/1849/1849 1851/1851/1851
f 1849/1849/1849 1839/1839/1839 1850/1850/1850
f 775/775/775 773/773/773 774/774/774
f 778/778/778 776/776/776 777/777/777
f 775/775/775 780/780/780 772/772/772
f 773/773/773 776/776/776 774/774/774
f 776/776/776 773/773/773 777/777/777
f 780/780/780 775/775/775 781/781/781
f 776/776/776 778/778/778 779/779/779
f 773/773/773 775/775/775 772/772/772
f 161/161/161 163/163/163 164/164/164
f 165/165/165 164/164/164 163/163/163
f 167/167/167 166/166/166 165/165/165
f 169/169/169 164/164/164 170/170/170
f 171/171/171 170/170/170 172/172/172
f 174/174/174 171/171/171 172/172/172
f 175/175/175 174/174/174 176/176/176
f 177/177/177 175/175/175 176/176/176
f 179/179/179 178/178/178 177/177/177
f 180/180/180 182/182/182 181/181/181
f 184/184/184 182/182/182 183/183/183
f 186/186/186 183/183/183 185/185/185
f 185/185/185 187/187/187 186/186/186
f 188/188/188 190/190/190 187/187/187
f 190/190/190 191/191/191 192/192/192
f 194/194/194 191/191/191 193/193/193
f 195/195/195 193/193/193 196/196/196
f 195/195/195 197/197/197 198/198/198
f 198/198/198 199/199/199 200/200/200
f 200/200/200 201/201/201 202/202/202
f 205/205/205 203/203/203 204/204/204
f 204/204/204 168/168/168 167/167/167
f 207/207/207 164/164/164 166/166/166
f 208/208/208 170/170/170 207/207/207
f 174/174/174 208/208/208 209/209/209
f 176/176/176 209/209/209 210/210/210
f 210/210/210 177/177/177 176/176/176
f 179/179/179 211/211/211 212/212/212
f 179/179/179 213/213/213 182/182/182
f 183/183/183 213/213/213 214/214/214
f 185/185/185 214/214/214 215/215/215
f 216/216/216 185/185/185 215/215/215
f 189/189/189 216/216/216 217/217/217
f 189/189/189 218/218/218 191/191/191
f 218/218/218 193/193/193 191/191/191
f 219/219/219 196/196/196 193/193/193
f 220/220/220 197/197/197 196/196/196
f 221/221/221 199/199/199 197/197/197
f 199/199/199 223/223/223 201/201/201
f 166/166/166 224/224/224 207/207/207
f 225/225/225 207/207/207 224/224/224
f 209/209/209 225/225/225 226/226/226
f 210/210/210 226/226/226 227/227/227
f 211/211/211 227/227/227 228/228/228
f 229/229/229 211/211/211 228/228/228
f 212/212/212 230/230/230 213/213/213
f 230/230/230 214/214/214 213/213/213
f 232/232/232 214/214/214 231/231/231
f 216/216/216 232/232/232 233/233/233
f 217/217/217 233/233/233 234/234/234
f 235/235/235 217/217/217 234/234/234
f 236/236/236 218/218/218 235/235/235
f 236/236/236 220/220/220 219/219/219
f 238/238/238 220/220/220 237/237/237
f 221/221/221 239/239/239 222/222/222
f 239/239/239 223/223/223 222/222/222
f 241/241/241 206/206/206 242/242/242
f 224/224/224 203/203/203 241/241/241
f 243/243/243 242/242/242 244/244/244
f 224/224/224 243/243/243 225/225/225
f 245/245/245 244/244/244 246/246/246
f 225/225/225 245/245/245 226/226/226
f 246/246/246 247/247/247 245/245/245
f 226/226/226 247/247/247 227/227/227
f 248/248/248 250/250/250 247/247/247
f 227/227/227 250/250/250 228/228/228
f 250/250/250 251/251/251 252/252/252
f 229/229/229 250/250/250 252/252/252
f 254/254/254 251/251/251 253/253/253
f 252/252/252 230/230/230 229/229/229
f 254/254/254 255/255/255 256/256/256
f 254/254/254 231/231/231 230/230/230
f 255/255/255 257/257/257 256/256/256
f 231/231/231 257/257/257 232/232/232
f 258/258/258 259/259/259 257/257/257
f 257/257/257 233/233/233 232/232/232
f 260/260/260 262/262/262 259/259/259
f 233/233/233 262/262/262 234/234/234
f 263/263/263 262/262/262 261/261/261
f 262/262/262 235/235/235 234/234/234
f 263/263/263 265/265/265 264/264/264
f 264/264/264 236/236/236 235/235/235
f 268/268/268 266/266/266 267/267/267
f 237/237/237 265/265/265 268/268/268
f 269/269/269 268/268/268 267/267/267
f 268/268/268 238/238/238 237/237/237
f 270/270/270 271/271/271 272/272/272
f 238/238/238 272/272/272 239/239/239
f 273/273/273 272/272/272 271/271/271
f 272/272/272 240/240/240 239/239/239
f 275/275/275 162/162/162 161/161/161
f 276/276/276 163/163/163 162/162/162
f 277/277/277 165/165/165 163/163/163
f 165/165/165 279/279/279 167/167/167
f 169/169/169 275/275/275 161/161/161
f 169/169/169 281/281/281 280/280/280
f 282/282/282 171/171/171 173/173/173
f 283/283/283 173/173/173 175/175/175
f 283/283/283 178/178/178 284/284/284
f 284/284/284 180/180/180 285/285/285
f 181/181/181 285/285/285 180/180/180
f 286/286/286 184/184/184 287/287/287
f 186/186/186 287/287/287 184/184/184
f 187/187/187 288/288/288 186/186/186
f 190/190/190 289/289/289 187/187/187
f 291/291/291 190/190/190 192/192/192
f 194/194/194 291/291/291 192/192/192
f 194/194/194 293/293/293 292/292/292
f 198/198/198 293/293/293 195/195/195
f 295/295/295 198/198/198 200/200/200
f 296/296/296 202/202/202 201/201/201
f 295/295/295 202/202/202 297/297/297
f 204/204/204 299/299/299 205/205/205
f 300/300/300 205/205/205 299/299/299
f 204/204/204 279/279/279 298/298/298
f 223/223/223 296/296/296 201/201/201
f 240/240/240 301/301/301 223/223/223
f 242/242/242 300/300/300 303/303/303
f 242/242/242 304/304/304 244/244/244
f 246/246/246 304/304/304 305/305/305
f 246/246/246 306/306/306 248/248/248
f 249/249/249 306/306/306 307/307/307
f 307/307/307 251/251/251 249/249/249
f 251/251/251 309/309/309 253/253/253
f 310/310/310 253/253/253 309/309/309
f 255/255/255 311/311/311 258/258/258
f 260/260/260 311/311/311 312/312/312
f 260/260/260 313/313/313 261/261/261
f 314/314/314 261/261/261 313/313/313
f 266/266/266 314/314/314 315/315/315
f 266/266/266 316/316/316 267/267/267
f 269/269/269 316/316/316 317/317/317
f 271/271/271 317/317/317 318/318/318
f 318/318/318 273/273/273 271/271/271
f 320/320/320 273/273/273 319/319/319
f 274/274/274 302/302/302 240/240/240
f 302/302/302 274/274/274 320/320/320
f 273/273/273 320/320/320 274/274/274
f 273/273/273 318/318/318 319/319/319
f 317/317/317 271/271/271 269/269/269
f 316/316/316 269/269/269 267/267/267
f 316/316/316 266/266/266 315/315/315
f 314/314/314 266/266/266 263/263/263
f 261/261/261 314/314/314 263/263/263
f 313/313/313 260/260/260 312/312/312
f 311/311/311 260/260/260 258/258/258
f 311/311/311 255/255/255 310/310/310
f 253/253/253 310/310/310 255/255/255
f 309/309/309 251/251/251 308/308/308
f 251/251/251 307/307/307 308/308/308
f 306/306/306 249/249/249 248/248/248
f 306/306/306 246/246/246 305/305/305
f 304/304/304 246/246/246 244/244/244
f 304/304/304 242/242/242 303/303/303
f 300/300/300 242/242/242 206/206/206
f 301/301/301 240/240/240 302/302/302
f 296/296/296 223/223/223 301/301/301
f 279/279/279 204/204/204 167/167/167
f 205/205/205 300/300/300 206/206/206
f 299/299/299 204/204/204 298/298/298
f 202/202/202 295/295/295 200/200/200
f 202/202/202 296/296/296 297/297/297
f 198/198/198 295/295/295 294/294/294
f 293/293/293 198/198/198 294/294/294
f 293/293/293 194/194/194 195/195/195
f 291/291/291 194/194/194 292/292/292
f 190/190/190 291/291/291 290/290/290
f 289/289/289 190/190/190 290/290/290
f 288/288/288 187/187/187 289/289/289
f 287/287/287 186/186/186 288/288/288
f 184/184/184 286/286/286 181/181/181
f 285/285/285 181/181/181 286/286/286
f 180/180/180 284/284/284 178/178/178
f 178/178/178 283/283/283 175/175/175
f 173/173/173 283/283/283 282/282/282
f 171/171/171 282/282/282 281/281/281
f 281/281/281 169/169/169 171/171/171
f 275/275/275 169/169/169 280/280/280
f 279/279/279 165/165/165 278/278/278
f 165/165/165 277/277/277 278/278/278
f 163/163/163 276/276/276 277/277/277
f 162/162/162 275/275/275 276/276/276
f 240/240/240 272/272/272 274/274/274
f 272/272/272 273/273/273 274/274/274
f 272/272/272 238/238/238 270/270/270
f 271/271/271 270/270/270 269/269/269
f 238/238/238 268/268/268 270/270/270
f 268/268/268 269/269/269 270/270/270
f 265/265/265 237/237/237 236/236/236
f 266/266/266 268/268/268 265/265/265
f 236/236/236 264/264/264 265/265/265
f 265/265/265 263/263/263 266/266/266
f 235/235/235 262/262/262 264/264/264
f 262/262/262 263/263/263 264/264/264
f 262/262/262 233/233/233 259/259/259
f 262/262/262 260/260/260 261/261/261
f 233/233/233 257/257/257 259/259/259
f 259/259/259 258/258/258 260/260/260
f 257/257/257 231/231/231 256/256/256
f 257/257/257 255/255/255 258/258/258
f 231/231/231 254/254/254 256/256/256
f 255/255/255 254/254/254 253/253/253
f 230/230/230 252/252/252 254/254/254
f 251/251/251 254/254/254 252/252/252
f 250/250/250 229/229/229 228/228/228
f 251/251/251 250/250/250 249/249/249
f 250/250/250 227/227/227 247/247/247
f 250/250/250 248/248/248 249/249/249
f 247/247/247 226/226/226 245/245/245
f 247/247/247 246/246/246 248/248/248
f 245/245/245 225/225/225 243/243/243
f 244/244/244 245/245/245 243/243/243
f 243/243/243 224/224/224 241/241/241
f 242/242/242 243/243/243 241/241/241
f 203/203/203 224/224/224 168/168/168
f 206/206/206 241/241/241 203/203/203
f 223/223/223 239/239/239 240/240/240
f 239/239/239 221/221/221 238/238/238
f 220/220/220 238/238/238 221/221/221
f 220/220/220 236/236/236 237/237/237
f 218/218/218 236/236/236 219/219/219
f 217/217/217 235/235/235 218/218/218
f 233/233/233 217/217/217 216/216/216
f 232/232/232 216/216/216 215/215/215
f 214/214/214 232/232/232 215/215/215
f 214/214/214 230/230/230 231/231/231
f 230/230/230 212/212/212 229/229/229
f 211/211/211 229/229/229 212/212/212
f 227/227/227 211/211/211 210/210/210
f 226/226/226 210/210/210 209/209/209
f 225/225/225 209/209/209 208/208/208
f 207/207/207 225/225/225 208/208/208
f 224/224/224 166/166/166 168/168/168
f 223/223/223 199/199/199 222/222/222
f 199/199/199 221/221/221 222/222/222
f 197/197/197 220/220/220 221/221/221
f 196/196/196 219/219/219 220/220/220
f 193/193/193 218/218/218 219/219/219
f 218/218/218 189/189/189 217/217/217
f 216/216/216 189/189/189 188/188/188
f 185/185/185 216/216/216 188/188/188
f 214/214/214 185/185/185 183/183/183
f 213/213/213 183/183/183 182/182/182
f 213/213/213 179/179/179 212/212/212
f 211/211/211 179/179/179 177/177/177
f 177/177/177 210/210/210 211/211/211
f 209/209/209 176/176/176 174/174/174
f 208/208/208 174/174/174 172/172/172
f 170/170/170 208/208/208 172/172/172
f 164/164/164 207/207/207 170/170/170
f 168/168/168 204/204/204 203/203/203
f 203/203/203 205/205/205 206/206/206
f 201/201/201 200/200/200 199/199/199
f 199/199/199 198/198/198 197/197/197
f 197/197/197 195/195/195 196/196/196
f 193/193/193 195/195/195 194/194/194
f 191/191/191 194/194/194 192/192/192
f 191/191/191 190/190/190 189/189/189
f 190/190/190 188/188/188 189/189/189
f 187/187/187 185/185/185 188/188/188
f 183/183/183 186/186/186 184/184/184
f 182/182/182 184/184/184 181/181/181
f 182/182/182 180/180/180 179/179/179
f 178/178/178 179/179/179 180/180/180
f 175/175/175 177/177/177 178/178/178
f 174/174/174 175/175/175 173/173/173
f 171/171/171 174/174/174 173/173/173
f 170/170/170 171/171/171 169/169/169
f 164/164/164 169/169/169 161/161/161
f 166/166/166 167/167/167 168/168/168
f 164/164/164 165/165/165 166/166/166
f 163/163/163 161/161/161 162/162/162
f 740/740/740 738/738/738 739/739/739
f 742/742/742 741/741/741 740/740/740
f 744/744/744 743/743/743 742/742/742
f 746/746/746 745/745/745 744/744/744
f 738/738/738 748/748/748 739/739/739
f 748/748/748 738/738/738 749/749/749
f 745/745/745 746/746/746 747/747/747
f 743/743/743 744/744/744 745/745/745
f 741/741/741 742/742/742 743/743/743
f 738/738/738 740/740/740 741/741/741
f 4/4/4 2/2/2 3/3/3
f 5/5/5 7/7/7 8/8/8
f 10/10/10 6/6/6 9/9/9
f 11/11/11 10/10/10 9/9/9
f 14/14/14 11/11/11 13/13/13
f 13/13/13 16/16/16 14/14/14
f 18/18/18 15/15/15 17/17/17
f 19/19/19 18/18/18 17/17/17
f 19/19/19 22/22/22 20/20/20
f 24/24/24 21/21/21 23/23/23
f 26/26/26 23/23/23 25/25/25
f 26/26/26 27/27/27 28/28/28
f 27/27/27 30/30/30 28/28/28
f 32/32/32 30/30/30 29/29/29
f 32/32/32 34/34/34 31/31/31
f 38/38/38 36/36/36 37/37/37
f 33/33/33 35/35/35 34/34/34
f 3/3/3 37/37/37 4/4/4
f 13/13/13 39/39/39 40/40/40
f 41/41/41 11/11/11 9/9/9
f 6/6/6 41/41/41 9/9/9
f 43/43/43 45/45/45 46/46/46
f 47/47/47 45/45/45 44/44/44
f 48/48/48 49/49/49 50/50/50
f 49/49/49 52/52/52 50/50/50
f 51/51/51 54/54/54 52/52/52
f 53/53/53 56/56/56 54/54/54
f 57/57/57 55/55/55 58/58/58
f 58/58/58 60/60/60 57/57/57
f 60/60/60 61/61/61 62/62/62
f 62/62/62 63/63/63 64/64/64
f 66/66/66 63/63/63 65/65/65
f 68/68/68 65/65/65 67/67/67
f 68/68/68 69/69/69 70/70/70
f 6/6/6 71/71/71 42/42/42
f 74/74/74 72/72/72 73/73/73
f 76/76/76 78/78/78 73/73/73
f 76/76/76 72/72/72 79/79/79
f 42/42/42 75/75/75 74/74/74
f 80/80/80 78/78/78 77/77/77
f 74/74/74 78/78/78 82/82/82
f 42/42/42 82/82/82 41/41/41
f 83/83/83 81/81/81 80/80/80
f 81/81/81 82/82/82 78/78/78
f 85/85/85 41/41/41 82/82/82
f 86/86/86 13/13/13 40/40/40
f 84/84/84 43/43/43 46/46/46
f 85/85/85 84/84/84 87/87/87
f 40/40/40 85/85/85 87/87/87
f 86/86/86 17/17/17 15/15/15
f 86/86/86 87/87/87 89/89/89
f 84/84/84 89/89/89 87/87/87
f 19/19/19 88/88/88 90/90/90
f 88/88/88 89/89/89 91/91/91
f 91/91/91 46/46/46 45/45/45
f 19/19/19 92/92/92 21/21/21
f 91/91/91 90/90/90 88/88/88
f 48/48/48 91/91/91 45/45/45
f 94/94/94 21/21/21 92/92/92
f 93/93/93 92/92/92 90/90/90
f 95/95/95 48/48/48 50/50/50
f 25/25/25 94/94/94 96/96/96
f 94/94/94 95/95/95 97/97/97
f 95/95/95 52/52/52 97/97/97
f 27/27/27 96/96/96 98/98/98
f 96/96/96 97/97/97 99/99/99
f 54/54/54 97/97/97 52/52/52
f 29/29/29 98/98/98 100/100/100
f 98/98/98 99/99/99 101/101/101
f 56/56/56 99/99/99 54/54/54
f 100/100/100 32/32/32 29/29/29
f 98/98/98 103/103/103 100/100/100
f 103/103/103 56/56/56 57/57/57
f 102/102/102 33/33/33 32/32/32
f 103/103/103 102/102/102 100/100/100
f 60/60/60 103/103/103 57/57/57
f 36/36/36 104/104/104 106/106/106
f 104/104/104 105/105/105 107/107/107
f 60/60/60 107/107/107 105/105/105
f 36/36/36 108/108/108 37/37/37
f 106/106/106 107/107/107 109/109/109
f 109/109/109 62/62/62 64/64/64
f 108/108/108 110/110/110 111/111/111
f 109/109/109 108/108/108 106/106/106
f 109/109/109 66/66/66 112/112/112
f 111/111/111 1/1/1 4/4/4
f 114/114/114 111/111/111 110/110/110
f 37/37/37 111/111/111 4/4/4
f 70/70/70 110/110/110 68/68/68
f 68/68/68 112/112/112 66/66/66
f 115/115/115 2/2/2 1/1/1
f 116/116/116 3/3/3 2/2/2
f 118/118/118 8/8/8 7/7/7
f 5/5/5 119/119/119 120/120/120
f 10/10/10 118/118/118 7/7/7
f 12/12/12 121/121/121 10/10/10
f 12/12/12 123/123/123 122/122/122
f 16/16/16 123/123/123 14/14/14
f 125/125/125 16/16/16 18/18/18
f 18/18/18 126/126/126 125/125/125
f 127/127/127 20/20/20 22/22/22
f 24/24/24 127/127/127 22/22/22
f 129/129/129 24/24/24 26/26/26
f 28/28/28 129/129/129 26/26/26
f 30/30/30 130/130/130 28/28/28
f 31/31/31 131/131/131 30/30/30
f 133/133/133 31/31/31 34/34/34
f 38/38/38 135/135/135 35/35/35
f 135/135/135 34/34/34 35/35/35
f 117/117/117 38/38/38 3/3/3
f 43/43/43 137/137/137 44/44/44
f 137/137/137 47/47/47 44/44/44
f 138/138/138 49/49/49 47/47/47
f 140/140/140 49/49/49 139/139/139
f 140/140/140 53/53/53 51/51/51
f 141/141/141 55/55/55 53/53/53
f 55/55/55 143/143/143 58/58/58
f 58/58/58 144/144/144 59/59/59
f 61/61/61 144/144/144 145/145/145
f 61/61/61 146/146/146 63/63/63
f 146/146/146 65/65/65 63/63/63
f 147/147/147 67/67/67 65/65/65
f 70/70/70 149/149/149 150/150/150
f 148/148/148 69/69/69 67/67/67
f 151/151/151 5/5/5 120/120/120
f 75/75/75 153/153/153 72/72/72
f 77/77/77 154/154/154 155/155/155
f 79/79/79 154/154/154 76/76/76
f 79/79/79 153/153/153 156/156/156
f 152/152/152 71/71/71 151/151/151
f 155/155/155 80/80/80 77/77/77
f 83/83/83 157/157/157 158/158/158
f 83/83/83 136/136/136 43/43/43
f 113/113/113 115/115/115 1/1/1
f 113/113/113 160/160/160 159/159/159
f 114/114/114 150/150/150 160/160/160
f 150/150/150 114/114/114 70/70/70
f 160/160/160 113/113/113 114/114/114
f 115/115/115 113/113/113 159/159/159
f 136/136/136 83/83/83 158/158/158
f 157/157/157 83/83/83 80/80/80
f 80/80/80 155/155/155 157/157/157
f 71/71/71 152/152/152 75/75/75
f 153/153/153 79/79/79 72/72/72
f 154/154/154 79/79/79 156/156/156
f 154/154/154 77/77/77 76/76/76
f 153/153/153 75/75/75 152/152/152
f 5/5/5 151/151/151 71/71/71
f 69/69/69 148/148/148 149/149/149
f 149/149/149 70/70/70 69/69/69
f 67/67/67 147/147/147 148/148/148
f 65/65/65 146/146/146 147/147/147
f 146/146/146 61/61/61 145/145/145
f 144/144/144 61/61/61 59/59/59
f 144/144/144 58/58/58 143/143/143
f 143/143/143 55/55/55 142/142/142
f 55/55/55 141/141/141 142/142/142
f 53/53/53 140/140/140 141/141/141
f 49/49/49 140/140/140 51/51/51
f 49/49/49 138/138/138 139/139/139
f 47/47/47 137/137/137 138/138/138
f 137/137/137 43/43/43 136/136/136
f 38/38/38 117/117/117 134/134/134
f 34/34/34 135/135/135 133/133/133
f 135/135/135 38/38/38 134/134/134
f 31/31/31 133/133/133 132/132/132
f 131/131/131 31/31/31 132/132/132
f 130/130/130 30/30/30 131/131/131
f 129/129/129 28/28/28 130/130/130
f 24/24/24 129/129/129 128/128/128
f 127/127/127 24/24/24 128/128/128
f 20/20/20 127/127/127 126/126/126
f 126/126/126 18/18/18 20/20/20
f 16/16/16 125/125/125 124/124/124
f 123/123/123 16/16/16 124/124/124
f 123/123/123 12/12/12 14/14/14
f 121/121/121 12/12/12 122/122/122
f 118/118/118 10/10/10 121/121/121
f 119/119/119 5/5/5 8/8/8
f 8/8/8 118/118/118 119/119/119
f 3/3/3 116/116/116 117/117/117
f 2/2/2 115/115/115 116/116/116
f 112/112/112 68/68/68 110/110/110
f 110/110/110 70/70/70 114/114/114
f 111/111/111 37/37/37 108/108/108
f 111/111/111 114/114/114 113/113/113
f 1/1/1 111/111/111 113/113/113
f 66/66/66 109/109/109 64/64/64
f 108/108/108 109/109/109 112/112/112
f 110/110/110 108/108/108 112/112/112
f 62/62/62 109/109/109 107/107/107
f 107/107/107 106/106/106 104/104/104
f 108/108/108 36/36/36 106/106/106
f 107/107/107 60/60/60 62/62/62
f 105/105/105 104/104/104 102/102/102
f 104/104/104 36/36/36 33/33/33
f 103/103/103 60/60/60 105/105/105
f 102/102/102 103/103/103 105/105/105
f 33/33/33 102/102/102 104/104/104
f 56/56/56 103/103/103 101/101/101
f 103/103/103 98/98/98 101/101/101
f 32/32/32 100/100/100 102/102/102
f 99/99/99 56/56/56 101/101/101
f 99/99/99 98/98/98 96/96/96
f 98/98/98 29/29/29 27/27/27
f 97/97/97 54/54/54 99/99/99
f 97/97/97 96/96/96 94/94/94
f 96/96/96 27/27/27 25/25/25
f 52/52/52 95/95/95 50/50/50
f 95/95/95 94/94/94 92/92/92
f 94/94/94 25/25/25 23/23/23
f 48/48/48 95/95/95 93/93/93
f 92/92/92 93/93/93 95/95/95
f 21/21/21 94/94/94 23/23/23
f 91/91/91 48/48/48 93/93/93
f 90/90/90 91/91/91 93/93/93
f 92/92/92 19/19/19 90/90/90
f 46/46/46 91/91/91 89/89/89
f 89/89/89 88/88/88 86/86/86
f 88/88/88 19/19/19 17/17/17
f 89/89/89 84/84/84 46/46/46
f 87/87/87 86/86/86 40/40/40
f 17/17/17 86/86/86 88/88/88
f 85/85/85 40/40/40 39/39/39
f 84/84/84 85/85/85 81/81/81
f 43/43/43 84/84/84 83/83/83
f 13/13/13 86/86/86 15/15/15
f 41/41/41 85/85/85 39/39/39
f 82/82/82 81/81/81 85/85/85
f 81/81/81 83/83/83 84/84/84
f 82/82/82 42/42/42 74/74/74
f 78/78/78 74/74/74 73/73/73
f 78/78/78 80/80/80 81/81/81
f 75/75/75 42/42/42 71/71/71
f 72/72/72 76/76/76 73/73/73
f 78/78/78 76/76/76 77/77/77
f 72/72/72 74/74/74 75/75/75
f 71/71/71 6/6/6 5/5/5
f 69/69/69 68/68/68 67/67/67
f 65/65/65 68/68/68 66/66/66
f 63/63/63 66/66/66 64/64/64
f 63/63/63 62/62/62 61/61/61
f 61/61/61 60/60/60 59/59/59
f 60/60/60 58/58/58 59/59/59
f 55/55/55 57/57/57 56/56/56
f 56/56/56 53/53/53 55/55/55
f 54/54/54 51/51/51 53/53/53
f 52/52/52 49/49/49 51/51/51
f 49/49/49 48/48/48 47/47/47
f 45/45/45 47/47/47 48/48/48
f 45/45/45 43/43/43 44/44/44
f 41/41/41 6/6/6 42/42/42
f 11/11/11 41/41/41 39/39/39
f 39/39/39 13/13/13 11/11/11
f 37/37/37 3/3/3 38/38/38
f 35/35/35 33/33/33 36/36/36
f 36/36/36 38/38/38 35/35/35
f 34/34/34 32/32/32 33/33/33
f 30/30/30 32/32/32 31/31/31
f 30/30/30 27/27/27 29/29/29
f 27/27/27 26/26/26 25/25/25
f 23/23/23 26/26/26 24/24/24
f 21/21/21 24/24/24 22/22/22
f 22/22/22 19/19/19 21/21/21
f 18/18/18 19/19/19 20/20/20
f 15/15/15 18/18/18 16/16/16
f 16/16/16 13/13/13 15/15/15
f 11/11/11 14/14/14 12/12/12
f 10/10/10 11/11/11 12/12/12
f 6/6/6 10/10/10 7/7/7
f 7/7/7 5/5/5 6/6/6
f 2/2/2 4/4/4 1/1/1
f 1113/1113/1113 1111/1111/1111 1112/1112/1112
f 1115/1115/1115 1112/1112/1112 1114/1114/1114
f 1116/1116/1116 1114/1114/1114 1112/1112/1112
f 1112/1112/1112 1118/1118/1118 1116/1116/1116
f 1121/1121/1121 1119/1119/1119 1120/1120/1120
f 1120/1120/1120 1124/1124/1124 1121/1121/1121
f 1122/1122/1122 1125/1125/1125 1126/1126/1126
f 1121/1121/1121 1127/1127/1127 1125/1125/1125
f 1128/1128/1128 1117/1117/1117 1129/1129/1129
f 1111/1111/1111 1117/1117/1117 1112/1112/1112
f 1131/1131/1131 1117/1117/1117 1130/1130/1130
f 1135/1135/1135 1133/1133/1133 1134/1134/1134
f 1123/1123/1123 1135/1135/1135 1134/1134/1134
f 1120/1120/1120 1136/1136/1136 1135/1135/1135
f 1137/1137/1137 1135/1135/1135 1136/1136/1136
f 1139/1139/1139 1141/1141/1141 1138/1138/1138
f 1131/1131/1131 1141/1141/1141 1129/1129/1129
f 1133/1133/1133 1140/1140/1140 1139/1139/1139
f 1140/1140/1140 1137/1137/1137 1142/1142/1142
f 1141/1141/1141 1142/1142/1142 1143/1143/1143
f 1143/1143/1143 1129/1129/1129 1141/1141/1141
f 1144/1144/1144 1146/1146/1146 1147/1147/1147
f 1146/1146/1146 1149/1149/1149 1147/1147/1147
f 1148/1148/1148 1150/1150/1150 1151/1151/1151
f 1152/1152/1152 1151/1151/1151 1150/1150/1150
f 1153/1153/1153 1154/1154/1154 1155/1155/1155
f 1156/1156/1156 1158/1158/1158 1159/1159/1159
f 1155/1155/1155 1156/1156/1156 1159/1159/1159
f 1162/1162/1162 1160/1160/1160 1161/1161/1161
f 1160/1160/1160 1158/1158/1158 1157/1157/1157
f 1161/1161/1161 1165/1165/1165 1162/1162/1162
f 1166/1166/1166 1146/1146/1146 1145/1145/1145
f 1150/1150/1150 1166/1166/1166 1167/1167/1167
f 1150/1150/1150 1168/1168/1168 1152/1152/1152
f 1154/1154/1154 1168/1168/1168 1169/1169/1169
f 1170/1170/1170 1156/1156/1156 1171/1171/1171
f 1154/1154/1154 1171/1171/1171 1156/1156/1156
f 1173/1173/1173 1160/1160/1160 1172/1172/1172
f 1160/1160/1160 1170/1170/1170 1172/1172/1172
f 1164/1164/1164 1173/1173/1173 1174/1174/1174
f 1165/1165/1165 1176/1176/1176 1175/1175/1175
f 1125/1125/1125 1178/1178/1178 1126/1126/1126
f 1178/1178/1178 1176/1176/1176 1179/1179/1179
f 1127/1127/1127 1177/1177/1177 1125/1125/1125
f 1176/1176/1176 1180/1180/1180 1175/1175/1175
f 1174/1174/1174 1176/1176/1176 1164/1164/1164
f 1176/1176/1176 1174/1174/1174 1179/1179/1179
f 1180/1180/1180 1176/1176/1176 1177/1177/1177
f 1177/1177/1177 1127/1127/1127 1180/1180/1180
f 1176/1176/1176 1178/1178/1178 1177/1177/1177
f 1178/1178/1178 1125/1125/1125 1177/1177/1177
f 1176/1176/1176 1165/1165/1165 1164/1164/1164
f 1173/1173/1173 1164/1164/1164 1161/1161/1161
f 1170/1170/1170 1160/1160/1160 1157/1157/1157
f 1160/1160/1160 1173/1173/1173 1161/1161/1161
f 1171/1171/1171 1154/1154/1154 1169/1169/1169
f 1156/1156/1156 1170/1170/1170 1157/1157/1157
f 1168/1168/1168 1154/1154/1154 1152/1152/1152
f 1168/1168/1168 1150/1150/1150 1167/1167/1167
f 1166/1166/1166 1150/1150/1150 1146/1146/1146
f 1165/1165/1165 1161/1161/1161 1164/1164/1164
f 1158/1158/1158 1160/1160/1160 1163/1163/1163
f 1160/1160/1160 1162/1162/1162 1163/1163/1163
f 1156/1156/1156 1155/1155/1155 1154/1154/1154
f 1158/1158/1158 1156/1156/1156 1157/1157/1157
f 1154/1154/1154 1153/1153/1153 1152/1152/1152
f 1151/1151/1151 1152/1152/1152 1153/1153/1153
f 1150/1150/1150 1148/1148/1148 1146/1146/1146
f 1149/1149/1149 1146/1146/1146 1148/1148/1148
f 1146/1146/1146 1144/1144/1144 1145/1145/1145
f 1129/1129/1129 1143/1143/1143 1128/1128/1128
f 1142/1142/1142 1141/1141/1141 1140/1140/1140
f 1137/1137/1137 1140/1140/1140 1132/1132/1132
f 1140/1140/1140 1133/1133/1133 1132/1132/1132
f 1141/1141/1141 1131/1131/1131 1138/1138/1138
f 1141/1141/1141 1139/1139/1139 1140/1140/1140
f 1135/1135/1135 1137/1137/1137 1132/1132/1132
f 1136/1136/1136 1120/1120/1120 1119/1119/1119
f 1135/1135/1135 1123/1123/1123 1120/1120/1120
f 1133/1133/1133 1135/1135/1135 1132/1132/1132
f 1117/1117/1117 1131/1131/1131 1129/1129/1129
f 1117/1117/1117 1111/1111/1111 1130/1130/1130
f 1117/1117/1117 1128/1128/1128 1118/1118/1118
f 1127/1127/1127 1121/1121/1121 1124/1124/1124
f 1125/1125/1125 1122/1122/1122 1121/1121/1121
f 1124/1124/1124 1120/1120/1120 1123/1123/1123
f 1119/1119/1119 1121/1121/1121 1122/1122/1122
f 1118/1118/1118 1112/1112/1112 1117/1117/1117
f 1112/1112/1112 1115/1115/1115 1113/1113/1113
f 1111/1111/1111 1113/1113/1113 1110/1110/1110
f 2578/2578/2578 2581/2581/2581 2579/2579/2579
f 2584/2584/2584 2586/2586/2586 2587/2587/2587
f 2580/2580/2580 2586/2586/2586 2581/2581/2581
f 2583/2583/2583 2584/2584/2584 2585/2585/2585
f 2584/2584/2584 2583/2583/2583 2582/2582/2582
f 2586/2586/2586 2580/2580/2580 2587/2587/2587
f 2586/2586/2586 2584/2584/2584 2582/2582/2582
f 2581/2581/2581 2578/2578/2578 2580/2580/2580
f 723/723/723 713/713/713 722/722/722
f 714/714/714 715/715/715 713/713/713
f 727/727/727 717/717/717 718/718/718
f 719/719/719 718/718/718 717/717/717
f 717/717/717 721/721/721 724/724/724
f 714/714/714 727/727/727 718/718/718
f 717/717/717 725/725/725 719/719/719
f 718/718/718 716/716/716 714/714/714
f 716/716/716 718/718/718 720/720/720
f 725/725/725 717/717/717 724/724/724
f 727/727/727 714/714/714 723/723/723
f 721/721/721 717/717/717 726/726/726
f 718/718/718 719/719/719 720/720/720
f 717/717/717 727/727/727 726/726/726
f 715/715/715 714/714/714 716/716/716
f 713/713/713 723/723/723 714/714/714
f 1344/1344/1344 1342/1342/1342 1343/1343/1343
f 1355/1355/1355 1346/1346/1346 1347/1347/1347
f 1346/1346/1346 1349/1349/1349 1347/1347/1347
f 1351/1351/1351 1348/1348/1348 1350/1350/1350
f 1353/1353/1353 1350/1350/1350 1352/1352/1352
f 1344/1344/1344 1352/1352/1352 1345/1345/1345
f 1352/1352/1352 1344/1344/1344 1353/1353/1353
f 1350/1350/1350 1353/1353/1353 1351/1351/1351
f 1348/1348/1348 1351/1351/1351 1349/1349/1349
f 1349/1349/1349 1346/1346/1346 1348/1348/1348
f 1346/1346/1346 1355/1355/1355 1354/1354/1354
f 1342/1342/1342 1344/1344/1344 1345/1345/1345
f 1557/1557/1557 1559/1559/1559 1556/1556/1556
f 1559/1559/1559 1557/1557/1557 1558/1558/1558
f 2155/2155/2155 2154/2154/2154 2152/2152/2152
f 2154/2154/2154 2155/2155/2155 2153/2153/2153
f 511/511/511 513/513/513 510/510/510
f 515/515/515 511/511/511 514/514/514
f 509/509/509 510/510/510 513/513/513
f 519/519/519 517/517/517 518/518/518
f 516/516/516 514/514/514 517/517/517
f 520/520/520 513/513/513 512/512/512
f 522/522/522 510/510/510 523/523/523
f 520/520/520 515/515/515 524/524/524
f 511/511/511 525/525/525 514/514/514
f 523/523/523 531/531/531 532/532/532
f 513/513/513 526/526/526 509/509/509
f 527/527/527 516/516/516 519/519/519
f 529/529/529 518/518/518 517/517/517
f 514/514/514 529/529/529 517/517/517
f 524/524/524 516/516/516 528/528/528
f 516/516/516 524/524/524 515/515/515
f 529/529/529 514/514/514 525/525/525
f 518/518/518 529/529/529 530/530/530
f 516/516/516 527/527/527 528/528/528
f 526/526/526 513/513/513 521/521/521
f 531/531/531 523/523/523 510/510/510
f 525/525/525 511/511/511 522/522/522
f 515/515/515 520/520/520 512/512/512
f 510/510/510 522/522/522 511/511/511
f 513/513/513 520/520/520 521/521/521
f 514/514/514 516/516/516 515/515/515
f 517/517/517 519/519/519 516/516/516
f 510/510/510 509/509/509 531/531/531
f 511/511/511 515/515/515 512/512/512
f 513/513/513 511/511/511 512/512/512
f 2500/2500/2500 2498/2498/2498 2497/2497/2497
f 2505/2505/2505 2503/2503/2503 2502/2502/2502
f 2504/2504/2504 2496/2496/2496 2503/2503/2503
f 2502/2502/2502 2501/2501/2501 2505/2505/2505
f 2501/2501/2501 2502/2502/2502 2498/2498/2498
f 2496/2496/2496 2504/2504/2504 2499/2499/2499
f 2503/2503/2503 2505/2505/2505 2504/2504/2504
f 2498/2498/2498 2500/2500/2500 2501/2501/2501
f 2329/2329/2329 2326/2326/2326 2328/2328/2328
f 2326/2326/2326 2329/2329/2329 2327/2327/2327
f 2253/2253/2253 2250/2250/2250 2251/2251/2251
f 2250/2250/2250 2253/2253/2253 2252/2252/2252
f 2459/2459/2459 2461/2461/2461 2458/2458/2458
f 2463/2463/2463 2465/2465/2465 2462/2462/2462
f 2467/2467/2467 2469/2469/2469 2466/2466/2466
f 2471/2471/2471 2468/2468/2468 2470/2470/2470
f 2460/2460/2460 2465/2465/2465 2464/2464/2464
f 2462/2462/2462 2466/2466/2466 2463/2463/2463
f 2470/2470/2470 2473/2473/2473 2471/2471/2471
f 2458/2458/2458 2457/2457/2457 2490/2490/2490
f 2491/2491/2491 2472/2472/2472 2492/2492/2492
f 2460/2460/2460 2475/2475/2475 2461/2461/2461
f 2477/2477/2477 2458/2458/2458 2476/2476/2476
f 2478/2478/2478 2462/2462/2462 2465/2465/2465
f 2480/2480/2480 2464/2464/2464 2463/2463/2463
f 2466/2466/2466 2482/2482/2482 2483/2483/2483
f 2467/2467/2467 2485/2485/2485 2468/2468/2468
f 2486/2486/2486 2468/2468/2468 2485/2485/2485
f 2482/2482/2482 2471/2471/2471 2487/2487/2487
f 2478/2478/2478 2459/2459/2459 2477/2477/2477
f 2460/2460/2460 2481/2481/2481 2474/2474/2474
f 2462/2462/2462 2484/2484/2484 2467/2467/2467
f 2480/2480/2480 2466/2466/2466 2483/2483/2483
f 2488/2488/2488 2471/2471/2471 2473/2473/2473
f 2489/2489/2489 2470/2470/2470 2486/2486/2486
f 2490/2490/2490 2476/2476/2476 2458/2458/2458
f 2494/2494/2494 2472/2472/2472 2489/2489/2489
f 2473/2473/2473 2495/2495/2495 2488/2488/2488
f 2495/2495/2495 2473/2473/2473 2491/2491/2491
f 2472/2472/2472 2494/2494/2494 2492/2492/2492
f 2476/2476/2476 2490/2490/2490 2493/2493/2493
f 2470/2470/2470 2489/2489/2489 2472/2472/2472
f 2471/2471/2471 2488/2488/2488 2487/2487/2487
f 2466/2466/2466 2480/2480/2480 2463/2463/2463
f 2484/2484/2484 2462/2462/2462 2479/2479/2479
f 2481/2481/2481 2460/2460/2460 2464/2464/2464
f 2459/2459/2459 2478/2478/2478 2465/2465/2465
f 2471/2471/2471 2482/2482/2482 2469/2469/2469
f 2468/2468/2468 2486/2486/2486 2470/2470/2470
f 2485/2485/2485 2467/2467/2467 2484/2484/2484
f 2482/2482/2482 2466/2466/2466 2469/2469/2469
f 2464/2464/2464 2480/2480/2480 2481/2481/2481
f 2462/2462/2462 2478/2478/2478 2479/2479/2479
f 2458/2458/2458 2477/2477/2477 2459/2459/2459
f 2475/2475/2475 2460/2460/2460 2474/2474/2474
f 2472/2472/2472 2491/2491/2491 2473/2473/2473
f 2457/2457/2457 2458/2458/2458 2461/2461/2461
f 2473/2473/2473 2470/2470/2470 2472/2472/2472
f 2466/2466/2466 2462/2462/2462 2467/2467/2467
f 2465/2465/2465 2460/2460/2460 2459/2459/2459
f 2468/2468/2468 2471/2471/2471 2469/2469/2469
f 2469/2469/2469 2467/2467/2467 2468/2468/2468
f 2465/2465/2465 2463/2463/2463 2464/2464/2464
f 2461/2461/2461 2459/2459/2459 2460/2460/2460
f 2549/2549/2549 2546/2546/2546 2550/2550/2550
f 2547/2547/2547 2549/2549/2549 2548/2548/2548
f 2546/2546/2546 2549/2549/2549 2547/2547/2547
f 1300/1300/1300 1298/1298/1298 1299/1299/1299
f 1301/1301/1301 1300/1300/1300 1302/1302/1302
f 1303/1303/1303 1301/1301/1301 1302/1302/1302
f 1304/1304/1304 1305/1305/1305 1306/1306/1306
f 1306/1306/1306 1308/1308/1308 1307/1307/1307
f 1310/1310/1310 1308/1308/1308 1309/1309/1309
f 1312/1312/1312 1309/1309/1309 1311/1311/1311
f 1298/1298/1298 1311/1311/1311 1299/1299/1299
f 1315/1315/1315 1313/1313/1313 1314/1314/1314
f 1318/1318/1318 1316/1316/1316 1315/1315/1315
f 1317/1317/1317 1319/1319/1319 1316/1316/1316
f 1320/1320/1320 1313/1313/1313 1316/1316/1316
f 1316/1316/1316 1300/1300/1300 1299/1299/1299
f 1311/1311/1311 1316/1316/1316 1299/1299/1299
f 1313/1313/1313 1311/1311/1311 1309/1309/1309
f 1309/1309/1309 1314/1314/1314 1313/1313/1313
f 1308/1308/1308 1315/1315/1315 1314/1314/1314
f 1305/1305/1305 1318/1318/1318 1315/1315/1315
f 1302/1302/1302 1318/1318/1318 1303/1303/1303
f 1317/1317/1317 1300/1300/1300 1319/1319/1319
f 1300/1300/1300 1317/1317/1317 1302/1302/1302
f 1318/1318/1318 1302/1302/1302 1317/1317/1317
f 1318/1318/1318 1305/1305/1305 1303/1303/1303
f 1315/1315/1315 1308/1308/1308 1305/1305/1305
f 1314/1314/1314 1309/1309/1309 1308/1308/1308
f 1311/1311/1311 1313/1313/1313 1320/1320/1320
f 1316/1316/1316 1311/1311/1311 1320/1320/1320
f 1300/1300/1300 1316/1316/1316 1319/1319/1319
f 1316/1316/1316 1318/1318/1318 1317/1317/1317
f 1313/1313/1313 1315/1315/1315 1316/1316/1316
f 1311/1311/1311 1298/1298/1298 1312/1312/1312
f 1309/1309/1309 1312/1312/1312 1310/1310/1310
f 1308/1308/1308 1310/1310/1310 1307/1307/1307
f 1308/1308/1308 1306/1306/1306 1305/1305/1305
f 1305/1305/1305 1304/1304/1304 1303/1303/1303
f 1301/1301/1301 1303/1303/1303 1304/1304/1304
f 1300/1300/1300 1301/1301/1301 1297/1297/1297
f 1298/1298/1298 1300/1300/1300 1297/1297/1297
f 394/394/394 396/396/396 397/397/397
f 398/398/398 397/397/397 396/396/396
f 415/415/415 395/395/395 394/394/394
f 402/402/402 400/400/400 401/401/401
f 403/403/403 398/398/398 400/400/400
f 394/394/394 404/404/404 405/405/405
f 396/396/396 406/406/406 407/407/407
f 397/397/397 408/408/408 404/404/404
f 396/396/396 409/409/409 398/398/398
f 406/406/406 393/393/393 410/410/410
f 415/415/415 405/405/405 416/416/416
f 411/411/411 403/403/403 402/402/402
f 401/401/401 413/413/413 414/414/414
f 398/398/398 413/413/413 400/400/400
f 408/408/408 403/403/403 412/412/412
f 403/403/403 408/408/408 399/399/399
f 413/413/413 398/398/398 409/409/409
f 413/413/413 401/401/401 400/400/400
f 403/403/403 411/411/411 412/412/412
f 405/405/405 415/415/415 394/394/394
f 393/393/393 406/406/406 395/395/395
f 409/409/409 396/396/396 407/407/407
f 408/408/408 397/397/397 399/399/399
f 406/406/406 396/396/396 395/395/395
f 404/404/404 394/394/394 397/397/397
f 398/398/398 403/403/403 399/399/399
f 400/400/400 402/402/402 403/403/403
f 395/395/395 415/415/415 393/393/393
f 397/397/397 398/398/398 399/399/399
f 396/396/396 394/394/394 395/395/395
f 1358/1358/1358 1356/1356/1356 1357/1357/1357
f 1368/1368/1368 1360/1360/1360 1361/1361/1361
f 1360/1360/1360 1363/1363/1363 1361/1361/1361
f 1363/1363/1363 1364/1364/1364 1365/1365/1365
f 1364/1364/1364 1367/1367/1367 1365/1365/1365
f 1358/1358/1358 1367/1367/1367 1366/1366/1366
f 1367/1367/1367 1358/1358/1358 1357/1357/1357
f 1367/1367/1367 1364/1364/1364 1366/1366/1366
f 1364/1364/1364 1363/1363/1363 1362/1362/1362
f 1363/1363/1363 1360/1360/1360 1362/1362/1362
f 1360/1360/1360 1368/1368/1368 1369/1369/1369
f 1356/1356/1356 1358/1358/1358 1359/1359/1359
f 2419/2419/2419 2421/2421/2421 2422/2422/2422
f 2424/2424/2424 2426/2426/2426 2423/2423/2423
f 2430/2430/2430 2428/2428/2428 2429/2429/2429
f 2428/2428/2428 2431/2431/2431 2429/2429/2429
f 2424/2424/2424 2421/2421/2421 2425/2425/2425
f 2427/2427/2427 2423/2423/2423 2426/2426/2426
f 2432/2432/2432 2434/2434/2434 2431/2431/2431
f 2418/2418/2418 2419/2419/2419 2451/2451/2451
f 2434/2434/2434 2453/2453/2453 2452/2452/2452
f 2422/2422/2422 2436/2436/2436 2419/2419/2419
f 2421/2421/2421 2437/2437/2437 2438/2438/2438
f 2439/2439/2439 2425/2425/2425 2440/2440/2440
f 2441/2441/2441 2423/2423/2423 2442/2442/2442
f 2444/2444/2444 2429/2429/2429 2443/2443/2443
f 2428/2428/2428 2446/2446/2446 2445/2445/2445
f 2447/2447/2447 2428/2428/2428 2445/2445/2445
f 2429/2429/2429 2448/2448/2448 2443/2443/2443
f 2440/2440/2440 2421/2421/2421 2438/2438/2438
f 2441/2441/2441 2422/2422/2422 2424/2424/2424
f 2426/2426/2426 2446/2446/2446 2427/2427/2427
f 2430/2430/2430 2442/2442/2442 2423/2423/2423
f 2448/2448/2448 2434/2434/2434 2449/2449/2449
f 2450/2450/2450 2432/2432/2432 2447/2447/2447
f 2451/2451/2451 2436/2436/2436 2454/2454/2454
f 2434/2434/2434 2456/2456/2456 2449/2449/2449
f 2455/2455/2455 2433/2433/2433 2450/2450/2450
f 2433/2433/2433 2455/2455/2455 2453/2453/2453
f 2456/2456/2456 2434/2434/2434 2452/2452/2452
f 2436/2436/2436 2451/2451/2451 2419/2419/2419
f 2432/2432/2432 2450/2450/2450 2433/2433/2433
f 2434/2434/2434 2448/2448/2448 2431/2431/2431
f 2442/2442/2442 2430/2430/2430 2444/2444/2444
f 2446/2446/2446 2426/2426/2426 2439/2439/2439
f 2422/2422/2422 2441/2441/2441 2435/2435/2435
f 2421/2421/2421 2440/2440/2440 2425/2425/2425
f 2448/2448/2448 2429/2429/2429 2431/2431/2431
f 2428/2428/2428 2447/2447/2447 2432/2432/2432
f 2446/2446/2446 2428/2428/2428 2427/2427/2427
f 2429/2429/2429 2444/2444/2444 2430/2430/2430
f 2423/2423/2423 2441/2441/2441 2424/2424/2424
f 2425/2425/2425 2439/2439/2439 2426/2426/2426
f 2437/2437/2437 2421/2421/2421 2420/2420/2420
f 2436/2436/2436 2422/2422/2422 2435/2435/2435
f 2453/2453/2453 2434/2434/2434 2433/2433/2433
f 2419/2419/2419 2418/2418/2418 2420/2420/2420
f 2434/2434/2434 2432/2432/2432 2433/2433/2433
f 2423/2423/2423 2427/2427/2427 2430/2430/2430
f 2421/2421/2421 2424/2424/2424 2422/2422/2422
f 2431/2431/2431 2428/2428/2428 2432/2432/2432
f 2428/2428/2428 2430/2430/2430 2427/2427/2427
f 2426/2426/2426 2424/2424/2424 2425/2425/2425
f 2421/2421/2421 2419/2419/2419 2420/2420/2420
f 805/805/805 803/803/803 804/804/804
f 809/809/809 807/807/807 808/808/808
f 805/805/805 808/808/808 802/802/802
f 811/811/811 819/819/819 810/810/810
f 814/814/814 813/813/813 821/821/821
f 817/817/817 820/820/820 816/816/816
f 822/822/822 804/804/804 803/803/803
f 807/807/807 815/815/815 817/817/817
f 821/821/821 810/810/810 819/819/819
f 811/811/811 820/820/820 818/818/818
f 820/820/820 811/811/811 816/816/816
f 810/810/810 821/821/821 813/813/813
f 815/815/815 807/807/807 806/806/806
f 804/804/804 822/822/822 823/823/823
f 820/820/820 817/817/817 815/815/815
f 813/813/813 814/814/814 812/812/812
f 819/819/819 811/811/811 818/818/818
f 808/808/808 805/805/805 809/809/809
f 807/807/807 809/809/809 806/806/806
f 803/803/803 805/805/805 802/802/802
f 728/728/728 730/730/730 731/731/731
f 734/734/734 732/732/732 733/733/733
f 736/736/736 733/733/733 737/737/737
f 735/735/735 730/730/730 732/732/732
f 730/730/730 735/735/735 731/731/731
f 733/733/733 736/736/736 734/734/734
f 732/732/732 734/734/734 735/735/735
f 730/730/730 728/728/728 729/729/729
f 2171/2171/2171 2168/2168/2168 2169/2169/2169
f 2168/2168/2168 2171/2171/2171 2170/2170/2170
f 2507/2507/2507 2510/2510/2510 2506/2506/2506
f 2507/2507/2507 2508/2508/2508 2509/2509/2509
f 2510/2510/2510 2507/2507/2507 2509/2509/2509
f 752/752/752 750/750/750 751/751/751
f 754/754/754 756/756/756 757/757/757
f 751/751/751 756/756/756 755/755/755
f 766/766/766 759/759/759 767/767/767
f 768/768/768 760/760/760 761/761/761
f 765/765/765 763/763/763 764/764/764
f 771/771/771 753/753/753 752/752/752
f 763/763/763 757/757/757 764/764/764
f 762/762/762 767/767/767 759/759/759
f 766/766/766 765/765/765 758/758/758
f 765/765/765 766/766/766 769/769/769
f 767/767/767 762/762/762 768/768/768
f 757/757/757 763/763/763 754/754/754
f 753/753/753 771/771/771 770/770/770
f 763/763/763 765/765/765 769/769/769
f 760/760/760 768/768/768 762/762/762
f 759/759/759 766/766/766 758/758/758
f 756/756/756 751/751/751 750/750/750
f 756/756/756 754/754/754 755/755/755
f 750/750/750 752/752/752 753/753/753
f 2371/2371/2371 2372/2372/2372 2373/2373/2373
f 2372/2372/2372 2371/2371/2371 2370/2370/2370
f 2346/2346/2346 2333/2333/2333 2347/2347/2347
f 2335/2335/2335 2344/2344/2344 2336/2336/2336
f 2335/2335/2335 2346/2346/2346 2345/2345/2345
f 2349/2349/2349 2332/2332/2332 2330/2330/2330
f 2332/2332/2332 2347/2347/2347 2333/2333/2333
f 2349/2349/2349 2330/2330/2330 2331/2331/2331
f 2337/2337/2337 2342/2342/2342 2338/2338/2338
f 2337/2337/2337 2344/2344/2344 2343/2343/2343
f 2338/2338/2338 2341/2341/2341 2339/2339/2339
f 2339/2339/2339 2341/2341/2341 2340/2340/2340
f 2341/2341/2341 2338/2338/2338 2342/2342/2342
f 2344/2344/2344 2337/2337/2337 2336/2336/2336
f 2342/2342/2342 2337/2337/2337 2343/2343/2343
f 2347/2347/2347 2332/2332/2332 2348/2348/2348
f 2332/2332/2332 2349/2349/2349 2348/2348/2348
f 2346/2346/2346 2335/2335/2335 2334/2334/2334
f 2344/2344/2344 2335/2335/2335 2345/2345/2345
f 2333/2333/2333 2346/2346/2346 2334/2334/2334
f 1523/1523/1523 1516/1516/1516 1517/1517/1517
f 1518/1518/1518 1524/1524/1524 1525/1525/1525
f 1519/1519/1519 1525/1525/1525 1526/1526/1526
f 1526/1526/1526 1520/1520/1520 1519/1519/1519
f 1528/1528/1528 1520/1520/1520 1527/1527/1527
f 1522/1522/1522 1528/1528/1528 1529/1529/1529
f 1528/1528/1528 1522/1522/1522 1521/1521/1521
f 1520/1520/1520 1528/1528/1528 1521/1521/1521
f 1520/1520/1520 1526/1526/1526 1527/1527/1527
f 1525/1525/1525 1519/1519/1519 1518/1518/1518
f 1524/1524/1524 1518/1518/1518 1516/1516/1516
f 1516/1516/1516 1523/1523/1523 1524/1524/1524
f 2037/2037/2037 2043/2043/2043 2036/2036/2036
f 2038/2038/2038 2044/2044/2044 2037/2037/2037
f 2039/2039/2039 2045/2045/2045 2038/2038/2038
f 2047/2047/2047 2039/2039/2039 2040/2040/2040
f 2040/2040/2040 2048/2048/2048 2047/2047/2047
f 2049/2049/2049 2041/2041/2041 2042/2042/2042
f 2041/2041/2041 2049/2049/2049 2048/2048/2048
f 2048/2048/2048 2040/2040/2040 2041/2041/2041
f 2039/2039/2039 2047/2047/2047 2046/2046/2046
f 2045/2045/2045 2039/2039/2039 2046/2046/2046
f 2044/2044/2044 2038/2038/2038 2045/2045/2045
f 2043/2043/2043 2037/2037/2037 2044/2044/2044
f 2518/2518/2518 2516/2516/2516 2517/2517/2517
f 2521/2521/2521 2525/2525/2525 2524/2524/2524
f 2519/2519/2519 2524/2524/2524 2525/2525/2525
f 2522/2522/2522 2520/2520/2520 2523/2523/2523
f 2520/2520/2520 2522/2522/2522 2521/2521/2521
f 2524/2524/2524 2519/2519/2519 2518/2518/2518
f 2525/2525/2525 2521/2521/2521 2522/2522/2522
f 2516/2516/2516 2518/2518/2518 2519/2519/2519
f 2291/2291/2291 2278/2278/2278 2290/2290/2290
f 2289/2289/2289 2280/2280/2280 2288/2288/2288
f 2279/2279/2279 2290/2290/2290 2278/2278/2278
f 2292/2292/2292 2274/2274/2274 2276/2276/2276
f 2292/2292/2292 2277/2277/2277 2291/2291/2291
f 2293/2293/2293 2275/2275/2275 2274/2274/2274
f 2281/2281/2281 2286/2286/2286 2287/2287/2287
f 2281/2281/2281 2288/2288/2288 2280/2280/2280
f 2282/2282/2282 2285/2285/2285 2286/2286/2286
f 2283/2283/2283 2284/2284/2284 2285/2285/2285
f 2285/2285/2285 2282/2282/2282 2283/2283/2283
f 2288/2288/2288 2281/2281/2281 2287/2287/2287
f 2286/2286/2286 2281/2281/2281 2282/2282/2282
f 2277/2277/2277 2292/2292/2292 2276/2276/2276
f 2274/2274/2274 2292/2292/2292 2293/2293/2293
f 2290/2290/2290 2279/2279/2279 2289/2289/2289
f 2280/2280/2280 2289/2289/2289 2279/2279/2279
f 2278/2278/2278 2291/2291/2291 2277/2277/2277
f 845/845/845 843/843/843 844/844/844
f 847/847/847 843/843/843 846/846/846
f 845/845/845 848/848/848 849/849/849
f 848/848/848 847/847/847 850/850/850
f 843/843/843 851/851/851 852/852/852
f 852/852/852 846/846/846 843/843/843
f 854/854/854 842/842/842 845/845/845
f 856/856/856 842/842/842 855/855/855
f 854/854/854 849/849/849 857/857/857
f 852/852/852 858/858/858 859/859/859
f 853/853/853 859/859/859 860/860/860
f 856/856/856 858/858/858 851/851/851
f 863/863/863 858/858/858 862/862/862
f 863/863/863 860/860/860 859/859/859
f 858/858/858 865/865/865 862/862/862
f 862/862/862 988/988/988 863/863/863
f 988/988/988 864/864/864 863/863/863
f 991/991/991 862/862/862 865/865/865
f 867/867/867 848/848/848 866/866/866
f 867/867/867 857/857/857 849/849/849
f 870/870/870 850/850/850 869/869/869
f 848/848/848 870/870/870 866/866/866
f 869/869/869 872/872/872 870/870/870
f 873/873/873 870/870/870 872/872/872
f 874/874/874 872/872/872 871/871/871
f 877/877/877 874/874/874 876/876/876
f 873/873/873 875/875/875 878/878/878
f 875/875/875 879/879/879 878/878/878
f 866/866/866 873/873/873 867/867/867
f 881/881/881 879/879/879 880/880/880
f 878/878/878 882/882/882 883/883/883
f 881/881/881 884/884/884 882/882/882
f 887/887/887 884/884/884 886/886/886
f 884/884/884 883/883/883 882/882/882
f 886/886/886 890/890/890 887/887/887
f 890/890/890 891/891/891 892/892/892
f 893/893/893 892/892/892 891/891/891
f 893/893/893 895/895/895 892/892/892
f 895/895/895 897/897/897 892/892/892
f 897/897/897 890/890/890 892/892/892
f 894/894/894 899/899/899 895/895/895
f 895/895/895 900/900/900 896/896/896
f 890/890/890 901/901/901 887/887/887
f 887/887/887 902/902/902 888/888/888
f 883/883/883 902/902/902 903/903/903
f 903/903/903 878/878/878 883/883/883
f 867/867/867 873/873/873 903/903/903
f 904/904/904 903/903/903 902/902/902
f 903/903/903 905/905/905 867/867/867
f 906/906/906 902/902/902 901/901/901
f 907/907/907 905/905/905 904/904/904
f 907/907/907 906/906/906 909/909/909
f 867/867/867 908/908/908 868/868/868
f 896/896/896 901/901/901 897/897/897
f 906/906/906 900/900/900 909/909/909
f 911/911/911 908/908/908 910/910/910
f 857/857/857 911/911/911 912/912/912
f 913/913/913 908/908/908 907/907/907
f 914/914/914 907/907/907 909/909/909
f 914/914/914 900/900/900 915/915/915
f 916/916/916 900/900/900 899/899/899
f 899/899/899 917/917/917 916/916/916
f 912/912/912 854/854/854 857/857/857
f 919/919/919 854/854/854 918/918/918
f 920/920/920 856/856/856 855/855/855
f 855/855/855 919/919/919 920/920/920
f 921/921/921 861/861/861 856/856/856
f 856/856/856 923/923/923 921/921/921
f 920/920/920 923/923/923 856/856/856
f 922/922/922 865/865/865 861/861/861
f 992/992/992 865/865/865 924/924/924
f 924/924/924 922/922/922 925/925/925
f 926/926/926 928/928/928 929/929/929
f 926/926/926 930/930/930 931/931/931
f 926/926/926 933/933/933 927/927/927
f 932/932/932 931/931/931 934/934/934
f 936/936/936 932/932/932 935/935/935
f 935/935/935 934/934/934 937/937/937
f 939/939/939 935/935/935 938/938/938
f 937/937/937 938/938/938 935/935/935
f 942/942/942 938/938/938 941/941/941
f 941/941/941 940/940/940 943/943/943
f 919/919/919 941/941/941 944/944/944
f 944/944/944 943/943/943 945/945/945
f 944/944/944 923/923/923 920/920/920
f 946/946/946 944/944/944 945/945/945
f 920/920/920 919/919/919 944/944/944
f 947/947/947 923/923/923 946/946/946
f 921/921/921 925/925/925 922/922/922
f 928/928/928 948/948/948 949/949/949
f 933/933/933 948/948/948 927/927/927
f 951/951/951 933/933/933 936/936/936
f 951/951/951 939/939/939 952/952/952
f 939/939/939 953/953/953 952/952/952
f 953/953/953 919/919/919 918/918/918
f 949/949/949 956/956/956 954/954/954
f 957/957/957 949/949/949 948/948/948
f 957/957/957 950/950/950 958/958/958
f 951/951/951 958/958/958 950/950/950
f 952/952/952 959/959/959 951/951/951
f 952/952/952 961/961/961 960/960/960
f 953/953/953 912/912/912 961/961/961
f 957/957/957 963/963/963 955/955/955
f 962/962/962 958/958/958 964/964/964
f 959/959/959 964/964/964 958/958/958
f 959/959/959 966/966/966 965/965/965
f 960/960/960 967/967/967 966/966/966
f 961/961/961 912/912/912 967/967/967
f 967/967/967 911/911/911 910/910/910
f 962/962/962 917/917/917 963/963/963
f 964/964/964 916/916/916 962/962/962
f 964/964/964 914/914/914 915/915/915
f 914/914/914 966/966/966 913/913/913
f 913/913/913 967/967/967 910/910/910
f 929/929/929 968/968/968 930/930/930
f 993/993/993 968/968/968 969/969/969
f 969/969/969 928/928/928 970/970/970
f 970/970/970 949/949/949 954/954/954
f 971/971/971 969/969/969 970/970/970
f 954/954/954 971/971/971 970/970/970
f 954/954/954 995/995/995 972/972/972
f 974/974/974 917/917/917 973/973/973
f 956/956/956 963/963/963 974/974/974
f 974/974/974 995/995/995 956/956/956
f 973/973/973 898/898/898 976/976/976
f 975/975/975 973/973/973 996/996/996
f 996/996/996 976/976/976 997/997/997
f 894/894/894 976/976/976 898/898/898
f 997/997/997 977/977/977 998/998/998
f 979/979/979 891/891/891 978/978/978
f 893/893/893 977/977/977 894/894/894
f 977/977/977 980/980/980 998/998/998
f 978/978/978 889/889/889 981/981/981
f 999/999/999 979/979/979 978/978/978
f 981/981/981 999/999/999 978/978/978
f 885/885/885 886/886/886 884/884/884
f 889/889/889 982/982/982 981/981/981
f 982/982/982 1000/1000/1000 981/981/981
f 983/983/983 885/885/885 984/984/984
f 984/984/984 881/881/881 985/985/985
f 877/877/877 880/880/880 879/879/879
f 1001/1001/1001 881/881/881 880/880/880
f 986/986/986 1002/1002/1002 1003/1003/1003
f 1003/1003/1003 880/880/880 986/986/986
f 986/986/986 876/876/876 987/987/987
f 876/876/876 986/986/986 877/877/877
f 880/880/880 1003/1003/1003 1001/1001/1001
f 1002/1002/1002 986/986/986 987/987/987
f 881/881/881 1001/1001/1001 985/985/985
f 880/880/880 877/877/877 986/986/986
f 881/881/881 984/984/984 885/885/885
f 885/885/885 983/983/983 982/982/982
f 1000/1000/1000 982/982/982 983/983/983
f 982/982/982 889/889/889 886/886/886
f 886/886/886 885/885/885 982/982/982
f 999/999/999 981/981/981 1000/1000/1000
f 979/979/979 999/999/999 980/980/980
f 889/889/889 978/978/978 891/891/891
f 980/980/980 977/977/977 979/979/979
f 977/977/977 893/893/893 979/979/979
f 891/891/891 979/979/979 893/893/893
f 977/977/977 997/997/997 976/976/976
f 976/976/976 894/894/894 977/977/977
f 976/976/976 996/996/996 973/973/973
f 973/973/973 975/975/975 974/974/974
f 898/898/898 973/973/973 917/917/917
f 995/995/995 974/974/974 975/975/975
f 963/963/963 956/956/956 955/955/955
f 917/917/917 974/974/974 963/963/963
f 995/995/995 954/954/954 956/956/956
f 971/971/971 954/954/954 972/972/972
f 969/969/969 971/971/971 993/993/993
f 949/949/949 970/970/970 928/928/928
f 928/928/928 969/969/969 929/929/929
f 968/968/968 993/993/993 994/994/994
f 968/968/968 929/929/929 969/969/969
f 967/967/967 913/913/913 966/966/966
f 966/966/966 914/914/914 965/965/965
f 914/914/914 964/964/964 965/965/965
f 916/916/916 964/964/964 915/915/915
f 917/917/917 962/962/962 916/916/916
f 911/911/911 967/967/967 912/912/912
f 967/967/967 960/960/960 961/961/961
f 966/966/966 959/959/959 960/960/960
f 964/964/964 959/959/959 965/965/965
f 958/958/958 962/962/962 957/957/957
f 963/963/963 957/957/957 962/962/962
f 912/912/912 953/953/953 918/918/918
f 961/961/961 952/952/952 953/953/953
f 959/959/959 952/952/952 960/960/960
f 958/958/958 951/951/951 959/959/959
f 950/950/950 957/957/957 948/948/948
f 949/949/949 957/957/957 955/955/955
f 956/956/956 949/949/949 955/955/955
f 919/919/919 953/953/953 942/942/942
f 953/953/953 939/939/939 942/942/942
f 939/939/939 951/951/951 936/936/936
f 933/933/933 951/951/951 950/950/950
f 948/948/948 933/933/933 950/950/950
f 948/948/948 928/928/928 927/927/927
f 925/925/925 921/921/921 947/947/947
f 923/923/923 947/947/947 921/921/921
f 944/944/944 946/946/946 923/923/923
f 943/943/943 944/944/944 941/941/941
f 941/941/941 919/919/919 942/942/942
f 940/940/940 941/941/941 938/938/938
f 938/938/938 942/942/942 939/939/939
f 938/938/938 937/937/937 940/940/940
f 935/935/935 939/939/939 936/936/936
f 934/934/934 935/935/935 932/932/932
f 932/932/932 936/936/936 933/933/933
f 931/931/931 932/932/932 926/926/926
f 933/933/933 926/926/926 932/932/932
f 930/930/930 926/926/926 929/929/929
f 928/928/928 926/926/926 927/927/927
f 922/922/922 924/924/924 865/865/865
f 865/865/865 992/992/992 991/991/991
f 861/861/861 921/921/921 922/922/922
f 854/854/854 919/919/919 855/855/855
f 854/854/854 912/912/912 918/918/918
f 917/917/917 899/899/899 898/898/898
f 900/900/900 916/916/916 915/915/915
f 900/900/900 914/914/914 909/909/909
f 907/907/907 914/914/914 913/913/913
f 908/908/908 913/913/913 910/910/910
f 911/911/911 857/857/857 868/868/868
f 908/908/908 911/911/911 868/868/868
f 900/900/900 906/906/906 896/896/896
f 901/901/901 896/896/896 906/906/906
f 908/908/908 867/867/867 905/905/905
f 906/906/906 907/907/907 904/904/904
f 905/905/905 907/907/907 908/908/908
f 902/902/902 906/906/906 904/904/904
f 903/903/903 904/904/904 905/905/905
f 878/878/878 903/903/903 873/873/873
f 902/902/902 883/883/883 888/888/888
f 902/902/902 887/887/887 901/901/901
f 901/901/901 890/890/890 897/897/897
f 900/900/900 895/895/895 899/899/899
f 899/899/899 894/894/894 898/898/898
f 897/897/897 895/895/895 896/896/896
f 895/895/895 893/893/893 894/894/894
f 891/891/891 890/890/890 889/889/889
f 890/890/890 886/886/886 889/889/889
f 883/883/883 884/884/884 888/888/888
f 884/884/884 887/887/887 888/888/888
f 884/884/884 881/881/881 885/885/885
f 882/882/882 878/878/878 879/879/879
f 879/879/879 881/881/881 882/882/882
f 879/879/879 875/875/875 877/877/877
f 875/875/875 873/873/873 872/872/872
f 874/874/874 877/877/877 875/875/875
f 872/872/872 874/874/874 875/875/875
f 870/870/870 873/873/873 866/866/866
f 872/872/872 869/869/869 871/871/871
f 850/850/850 870/870/870 848/848/848
f 857/857/857 867/867/867 868/868/868
f 848/848/848 867/867/867 849/849/849
f 862/862/862 991/991/991 990/990/990
f 864/864/864 988/988/988 989/989/989
f 988/988/988 862/862/862 990/990/990
f 865/865/865 858/858/858 861/861/861
f 860/860/860 863/863/863 864/864/864
f 858/858/858 863/863/863 859/859/859
f 858/858/858 856/856/856 861/861/861
f 859/859/859 853/853/853 852/852/852
f 858/858/858 852/852/852 851/851/851
f 849/849/849 854/854/854 845/845/845
f 842/842/842 856/856/856 851/851/851
f 842/842/842 854/854/854 855/855/855
f 846/846/846 852/852/852 853/853/853
f 851/851/851 843/843/843 842/842/842
f 847/847/847 848/848/848 844/844/844
f 848/848/848 845/845/845 844/844/844
f 843/843/843 847/847/847 844/844/844
f 843/843/843 845/845/845 842/842/842
f 2683/2683/2683 2681/2681/2681 2682/2682/2682
f 2684/2684/2684 2685/2685/2685 2681/2681/2681
f 2686/2686/2686 2687/2687/2687 2685/2685/2685
f 2682/2682/2682 2690/2690/2690 2683/2683/2683
f 2692/2692/2692 2689/2689/2689 2691/2691/2691
f 2694/2694/2694 2696/2696/2696 2693/2693/2693
f 2697/2697/2697 2691/2691/2691 2689/2689/2689
f 2695/2695/2695 2692/2692/2692 2691/2691/2691
f 2696/2696/2696 2699/2699/2699 2693/2693/2693
f 2698/2698/2698 2701/2701/2701 2699/2699/2699
f 2702/2702/2702 2704/2704/2704 2705/2705/2705
f 2706/2706/2706 2707/2707/2707 2708/2708/2708
f 2704/2704/2704 2706/2706/2706 2708/2708/2708
f 2709/2709/2709 2703/2703/2703 2710/2710/2710
f 2712/2712/2712 2714/2714/2714 2711/2711/2711
f 2710/2710/2710 2714/2714/2714 2713/2713/2713
f 2716/2716/2716 2715/2715/2715 2712/2712/2712
f 2696/2696/2696 2718/2718/2718 2698/2698/2698
f 2712/2712/2712 2718/2718/2718 2716/2716/2716
f 2713/2713/2713 2715/2715/2715 2719/2719/2719
f 2710/2710/2710 2719/2719/2719 2720/2720/2720
f 2721/2721/2721 2706/2706/2706 2709/2709/2709
f 2721/2721/2721 2710/2710/2710 2720/2720/2720
f 2722/2722/2722 2715/2715/2715 2717/2717/2717
f 2695/2695/2695 2697/2697/2697 2717/2717/2717
f 2717/2717/2717 2696/2696/2696 2695/2695/2695
f 2687/2687/2687 2723/2723/2723 2724/2724/2724
f 2725/2725/2725 2726/2726/2726 2727/2727/2727
f 2706/2706/2706 2726/2726/2726 2707/2707/2707
f 2728/2728/2728 2721/2721/2721 2729/2729/2729
f 2729/2729/2729 2720/2720/2720 2730/2730/2730
f 2730/2730/2730 2719/2719/2719 2731/2731/2731
f 2715/2715/2715 2731/2731/2731 2719/2719/2719
f 2722/2722/2722 2732/2732/2732 2715/2715/2715
f 2717/2717/2717 2697/2697/2697 2722/2722/2722
f 2724/2724/2724 2734/2734/2734 2687/2687/2687
f 2685/2685/2685 2734/2734/2734 2735/2735/2735
f 2736/2736/2736 2685/2685/2685 2735/2735/2735
f 2682/2682/2682 2736/2736/2736 2737/2737/2737
f 2738/2738/2738 2682/2682/2682 2737/2737/2737
f 2697/2697/2697 2738/2738/2738 2722/2722/2722
f 2736/2736/2736 2740/2740/2740 2739/2739/2739
f 2741/2741/2741 2735/2735/2735 2734/2734/2734
f 2739/2739/2739 2737/2737/2737 2736/2736/2736
f 2744/2744/2744 2739/2739/2739 2743/2743/2743
f 2742/2742/2742 2738/2738/2738 2737/2737/2737
f 2748/2748/2748 2746/2746/2746 2747/2747/2747
f 2749/2749/2749 2750/2750/2750 2751/2751/2751
f 2752/2752/2752 2751/2751/2751 2750/2750/2750
f 2754/2754/2754 2753/2753/2753 2752/2752/2752
f 2756/2756/2756 2755/2755/2755 2754/2754/2754
f 2726/2726/2726 2758/2758/2758 2727/2727/2727
f 2726/2726/2726 2760/2760/2760 2759/2759/2759
f 2729/2729/2729 2760/2760/2760 2728/2728/2728
f 2762/2762/2762 2729/2729/2729 2730/2730/2730
f 2730/2730/2730 2763/2763/2763 2762/2762/2762
f 2765/2765/2765 2746/2746/2746 2749/2749/2749
f 2749/2749/2749 2766/2766/2766 2765/2765/2765
f 2761/2761/2761 2767/2767/2767 2768/2768/2768
f 2769/2769/2769 2751/2751/2751 2753/2753/2753
f 2766/2766/2766 2770/2770/2770 2771/2771/2771
f 2768/2768/2768 2771/2771/2771 2770/2770/2770
f 2769/2769/2769 2755/2755/2755 2772/2772/2772
f 2773/2773/2773 2768/2768/2768 2770/2770/2770
f 2770/2770/2770 2772/2772/2772 2773/2773/2773
f 2768/2768/2768 2760/2760/2760 2761/2761/2761
f 2773/2773/2773 2776/2776/2776 2774/2774/2774
f 2760/2760/2760 2776/2776/2776 2759/2759/2759
f 2757/2757/2757 2772/2772/2772 2755/2755/2755
f 2775/2775/2775 2772/2772/2772 2777/2777/2777
f 2778/2778/2778 2771/2771/2771 2767/2767/2767
f 2771/2771/2771 2765/2765/2765 2766/2766/2766
f 2765/2765/2765 2780/2780/2780 2764/2764/2764
f 2746/2746/2746 2781/2781/2781 2744/2744/2744
f 2781/2781/2781 2764/2764/2764 2780/2780/2780
f 2742/2742/2742 2781/2781/2781 2745/2745/2745
f 2738/2738/2738 2782/2782/2782 2722/2722/2722
f 2781/2781/2781 2782/2782/2782 2745/2745/2745
f 2783/2783/2783 2780/2780/2780 2784/2784/2784
f 2782/2782/2782 2732/2732/2732 2722/2722/2722
f 2782/2782/2782 2784/2784/2784 2785/2785/2785
f 2731/2731/2731 2785/2785/2785 2763/2763/2763
f 2784/2784/2784 2763/2763/2763 2785/2785/2785
f 2767/2767/2767 2763/2763/2763 2778/2778/2778
f 2778/2778/2778 2780/2780/2780 2779/2779/2779
f 2747/2747/2747 2744/2744/2744 2743/2743/2743
f 2743/2743/2743 2739/2739/2739 2786/2786/2786
f 2786/2786/2786 2739/2739/2739 2740/2740/2740
f 2787/2787/2787 2723/2723/2723 2788/2788/2788
f 2733/2733/2733 2787/2787/2787 2789/2789/2789
f 2733/2733/2733 2741/2741/2741 2734/2734/2734
f 2791/2791/2791 2733/2733/2733 2789/2789/2789
f 2791/2791/2791 2793/2793/2793 2790/2790/2790
f 2741/2741/2741 2790/2790/2790 2794/2794/2794
f 2794/2794/2794 2793/2793/2793 2795/2795/2795
f 2741/2741/2741 2796/2796/2796 2740/2740/2740
f 2795/2795/2795 2796/2796/2796 2794/2794/2794
f 2798/2798/2798 2743/2743/2743 2786/2786/2786
f 2799/2799/2799 2798/2798/2798 2786/2786/2786
f 2801/2801/2801 2799/2799/2799 2800/2800/2800
f 2740/2740/2740 2796/2796/2796 2799/2799/2799
f 2799/2799/2799 2797/2797/2797 2800/2800/2800
f 2786/2786/2786 2740/2740/2740 2799/2799/2799
f 2747/2747/2747 2798/2798/2798 2802/2802/2802
f 2802/2802/2802 2801/2801/2801 2803/2803/2803
f 2804/2804/2804 2747/2747/2747 2802/2802/2802
f 2803/2803/2803 2804/2804/2804 2802/2802/2802
f 2748/2748/2748 2806/2806/2806 2750/2750/2750
f 2805/2805/2805 2806/2806/2806 2804/2804/2804
f 2750/2750/2750 2808/2808/2808 2752/2752/2752
f 2807/2807/2807 2808/2808/2808 2806/2806/2806
f 2752/2752/2752 2810/2810/2810 2754/2754/2754
f 2809/2809/2809 2810/2810/2810 2808/2808/2808
f 2813/2813/2813 2814/2814/2814 2812/2812/2812
f 2814/2814/2814 2754/2754/2754 2810/2810/2810
f 2810/2810/2810 2815/2815/2815 2814/2814/2814
f 2812/2812/2812 2815/2815/2815 2816/2816/2816
f 2817/2817/2817 2816/2816/2816 2818/2818/2818
f 2812/2812/2812 2836/2836/2836 2813/2813/2813
f 2757/2757/2757 2813/2813/2813 2819/2819/2819
f 2821/2821/2821 2777/2777/2777 2820/2820/2820
f 2820/2820/2820 2757/2757/2757 2819/2819/2819
f 2819/2819/2819 2836/2836/2836 2837/2837/2837
f 2820/2820/2820 2837/2837/2837 2822/2822/2822
f 2822/2822/2822 2821/2821/2821 2820/2820/2820
f 2776/2776/2776 2758/2758/2758 2759/2759/2759
f 2775/2775/2775 2823/2823/2823 2776/2776/2776
f 2823/2823/2823 2838/2838/2838 2824/2824/2824
f 2825/2825/2825 2823/2823/2823 2824/2824/2824
f 2727/2727/2727 2825/2825/2825 2826/2826/2826
f 2708/2708/2708 2705/2705/2705 2704/2704/2704
f 2725/2725/2725 2708/2708/2708 2707/2707/2707
f 2826/2826/2826 2725/2725/2725 2727/2727/2727
f 2827/2827/2827 2839/2839/2839 2828/2828/2828
f 2828/2828/2828 2705/2705/2705 2827/2827/2827
f 2702/2702/2702 2714/2714/2714 2703/2703/2703
f 2840/2840/2840 2705/2705/2705 2829/2829/2829
f 2831/2831/2831 2714/2714/2714 2830/2830/2830
f 2840/2840/2840 2830/2830/2830 2702/2702/2702
f 2698/2698/2698 2832/2832/2832 2700/2700/2700
f 2832/2832/2832 2711/2711/2711 2831/2831/2831
f 2841/2841/2841 2831/2831/2831 2830/2830/2830
f 2842/2842/2842 2832/2832/2832 2831/2831/2831
f 2701/2701/2701 2835/2835/2835 2834/2834/2834
f 2832/2832/2832 2835/2835/2835 2700/2700/2700
f 2835/2835/2835 2832/2832/2832 2833/2833/2833
f 2835/2835/2835 2701/2701/2701 2700/2700/2700
f 2832/2832/2832 2842/2842/2842 2833/2833/2833
f 2831/2831/2831 2841/2841/2841 2842/2842/2842
f 2711/2711/2711 2832/2832/2832 2718/2718/2718
f 2832/2832/2832 2698/2698/2698 2718/2718/2718
f 2830/2830/2830 2840/2840/2840 2841/2841/2841
f 2714/2714/2714 2831/2831/2831 2711/2711/2711
f 2705/2705/2705 2840/2840/2840 2702/2702/2702
f 2714/2714/2714 2702/2702/2702 2830/2830/2830
f 2705/2705/2705 2828/2828/2828 2829/2829/2829
f 2839/2839/2839 2827/2827/2827 2725/2725/2725
f 2725/2725/2725 2826/2826/2826 2839/2839/2839
f 2708/2708/2708 2725/2725/2725 2827/2827/2827
f 2705/2705/2705 2708/2708/2708 2827/2827/2827
f 2825/2825/2825 2727/2727/2727 2758/2758/2758
f 2823/2823/2823 2825/2825/2825 2758/2758/2758
f 2838/2838/2838 2823/2823/2823 2821/2821/2821
f 2823/2823/2823 2775/2775/2775 2821/2821/2821
f 2758/2758/2758 2776/2776/2776 2823/2823/2823
f 2821/2821/2821 2822/2822/2822 2838/2838/2838
f 2837/2837/2837 2820/2820/2820 2819/2819/2819
f 2836/2836/2836 2819/2819/2819 2813/2813/2813
f 2757/2757/2757 2820/2820/2820 2777/2777/2777
f 2777/2777/2777 2821/2821/2821 2775/2775/2775
f 2813/2813/2813 2757/2757/2757 2756/2756/2756
f 2836/2836/2836 2812/2812/2812 2817/2817/2817
f 2816/2816/2816 2817/2817/2817 2812/2812/2812
f 2815/2815/2815 2812/2812/2812 2814/2814/2814
f 2815/2815/2815 2810/2810/2810 2811/2811/2811
f 2754/2754/2754 2814/2814/2814 2756/2756/2756
f 2814/2814/2814 2813/2813/2813 2756/2756/2756
f 2810/2810/2810 2809/2809/2809 2811/2811/2811
f 2810/2810/2810 2752/2752/2752 2808/2808/2808
f 2808/2808/2808 2807/2807/2807 2809/2809/2809
f 2808/2808/2808 2750/2750/2750 2806/2806/2806
f 2806/2806/2806 2805/2805/2805 2807/2807/2807
f 2806/2806/2806 2748/2748/2748 2804/2804/2804
f 2804/2804/2804 2803/2803/2803 2805/2805/2805
f 2747/2747/2747 2804/2804/2804 2748/2748/2748
f 2801/2801/2801 2802/2802/2802 2798/2798/2798
f 2798/2798/2798 2747/2747/2747 2743/2743/2743
f 2797/2797/2797 2799/2799/2799 2796/2796/2796
f 2799/2799/2799 2801/2801/2801 2798/2798/2798
f 2796/2796/2796 2795/2795/2795 2797/2797/2797
f 2796/2796/2796 2741/2741/2741 2794/2794/2794
f 2793/2793/2793 2794/2794/2794 2790/2790/2790
f 2793/2793/2793 2791/2791/2791 2792/2792/2792
f 2733/2733/2733 2791/2791/2791 2790/2790/2790
f 2741/2741/2741 2733/2733/2733 2790/2790/2790
f 2787/2787/2787 2733/2733/2733 2724/2724/2724
f 2723/2723/2723 2787/2787/2787 2724/2724/2724
f 2744/2744/2744 2747/2747/2747 2746/2746/2746
f 2780/2780/2780 2778/2778/2778 2784/2784/2784
f 2763/2763/2763 2767/2767/2767 2762/2762/2762
f 2763/2763/2763 2784/2784/2784 2778/2778/2778
f 2785/2785/2785 2731/2731/2731 2732/2732/2732
f 2784/2784/2784 2782/2782/2782 2783/2783/2783
f 2732/2732/2732 2782/2782/2782 2785/2785/2785
f 2780/2780/2780 2783/2783/2783 2781/2781/2781
f 2782/2782/2782 2781/2781/2781 2783/2783/2783
f 2782/2782/2782 2738/2738/2738 2745/2745/2745
f 2781/2781/2781 2742/2742/2742 2744/2744/2744
f 2781/2781/2781 2746/2746/2746 2764/2764/2764
f 2780/2780/2780 2765/2765/2765 2779/2779/2779
f 2765/2765/2765 2771/2771/2771 2779/2779/2779
f 2771/2771/2771 2778/2778/2778 2779/2779/2779
f 2772/2772/2772 2775/2775/2775 2773/2773/2773
f 2772/2772/2772 2757/2757/2757 2777/2777/2777
f 2776/2776/2776 2760/2760/2760 2774/2774/2774
f 2776/2776/2776 2773/2773/2773 2775/2775/2775
f 2760/2760/2760 2768/2768/2768 2774/2774/2774
f 2772/2772/2772 2770/2770/2770 2769/2769/2769
f 2768/2768/2768 2773/2773/2773 2774/2774/2774
f 2755/2755/2755 2769/2769/2769 2753/2753/2753
f 2771/2771/2771 2768/2768/2768 2767/2767/2767
f 2770/2770/2770 2766/2766/2766 2769/2769/2769
f 2751/2751/2751 2769/2769/2769 2766/2766/2766
f 2767/2767/2767 2761/2761/2761 2762/2762/2762
f 2766/2766/2766 2749/2749/2749 2751/2751/2751
f 2746/2746/2746 2765/2765/2765 2764/2764/2764
f 2763/2763/2763 2730/2730/2730 2731/2731/2731
f 2729/2729/2729 2762/2762/2762 2761/2761/2761
f 2760/2760/2760 2729/2729/2729 2761/2761/2761
f 2760/2760/2760 2726/2726/2726 2728/2728/2728
f 2758/2758/2758 2726/2726/2726 2759/2759/2759
f 2755/2755/2755 2756/2756/2756 2757/2757/2757
f 2753/2753/2753 2754/2754/2754 2755/2755/2755
f 2751/2751/2751 2752/2752/2752 2753/2753/2753
f 2750/2750/2750 2749/2749/2749 2748/2748/2748
f 2746/2746/2746 2748/2748/2748 2749/2749/2749
f 2738/2738/2738 2742/2742/2742 2745/2745/2745
f 2739/2739/2739 2744/2744/2744 2742/2742/2742
f 2737/2737/2737 2739/2739/2739 2742/2742/2742
f 2735/2735/2735 2741/2741/2741 2740/2740/2740
f 2740/2740/2740 2736/2736/2736 2735/2735/2735
f 2738/2738/2738 2697/2697/2697 2689/2689/2689
f 2682/2682/2682 2738/2738/2738 2689/2689/2689
f 2736/2736/2736 2682/2682/2682 2681/2681/2681
f 2685/2685/2685 2736/2736/2736 2681/2681/2681
f 2734/2734/2734 2685/2685/2685 2687/2687/2687
f 2734/2734/2734 2724/2724/2724 2733/2733/2733
f 2731/2731/2731 2715/2715/2715 2732/2732/2732
f 2719/2719/2719 2730/2730/2730 2720/2720/2720
f 2720/2720/2720 2729/2729/2729 2721/2721/2721
f 2721/2721/2721 2728/2728/2728 2706/2706/2706
f 2726/2726/2726 2706/2706/2706 2728/2728/2728
f 2726/2726/2726 2725/2725/2725 2707/2707/2707
f 2723/2723/2723 2687/2687/2687 2688/2688/2688
f 2696/2696/2696 2717/2717/2717 2716/2716/2716
f 2697/2697/2697 2695/2695/2695 2691/2691/2691
f 2710/2710/2710 2721/2721/2721 2709/2709/2709
f 2719/2719/2719 2710/2710/2710 2713/2713/2713
f 2715/2715/2715 2713/2713/2713 2712/2712/2712
f 2718/2718/2718 2712/2712/2712 2711/2711/2711
f 2718/2718/2718 2696/2696/2696 2716/2716/2716
f 2715/2715/2715 2716/2716/2716 2717/2717/2717
f 2714/2714/2714 2710/2710/2710 2703/2703/2703
f 2714/2714/2714 2712/2712/2712 2713/2713/2713
f 2703/2703/2703 2709/2709/2709 2704/2704/2704
f 2706/2706/2706 2704/2704/2704 2709/2709/2709
f 2704/2704/2704 2702/2702/2702 2703/2703/2703
f 2701/2701/2701 2698/2698/2698 2700/2700/2700
f 2699/2699/2699 2696/2696/2696 2698/2698/2698
f 2692/2692/2692 2695/2695/2695 2694/2694/2694
f 2696/2696/2696 2694/2694/2694 2695/2695/2695
f 2689/2689/2689 2692/2692/2692 2690/2690/2690
f 2690/2690/2690 2682/2682/2682 2689/2689/2689
f 2687/2687/2687 2686/2686/2686 2688/2688/2688
f 2685/2685/2685 2684/2684/2684 2686/2686/2686
f 2681/2681/2681 2683/2683/2683 2684/2684/2684
f 2513/2513/2513 2512/2512/2512 2511/2511/2511
f 2514/2514/2514 2511/2511/2511 2515/2515/2515
f 2511/2511/2511 2514/2514/2514 2513/2513/2513
f 2087/2087/2087 2085/2085/2085 2084/2084/2084
f 2085/2085/2085 2087/2087/2087 2086/2086/2086
f 2553/2553/2553 2552/2552/2552 2551/2551/2551
f 2553/2553/2553 2555/2555/2555 2552/2552/2552
f 2555/2555/2555 2553/2553/2553 2554/2554/2554
f 2527/2527/2527 2528/2528/2528 2526/2526/2526
f 2535/2535/2535 2532/2532/2532 2533/2533/2533
f 2529/2529/2529 2532/2532/2532 2534/2534/2534
f 2533/2533/2533 2530/2530/2530 2535/2535/2535
f 2530/2530/2530 2533/2533/2533 2531/2531/2531
f 2532/2532/2532 2529/2529/2529 2527/2527/2527
f 2532/2532/2532 2535/2535/2535 2534/2534/2534
f 2528/2528/2528 2527/2527/2527 2529/2529/2529
f 2569/2569/2569 2571/2571/2571 2570/2570/2570
f 2574/2574/2574 2576/2576/2576 2575/2575/2575
f 2570/2570/2570 2574/2574/2574 2569/2569/2569
f 2576/2576/2576 2572/2572/2572 2575/2575/2575
f 2572/2572/2572 2576/2576/2576 2573/2573/2573
f 2574/2574/2574 2570/2570/2570 2577/2577/2577
f 2576/2576/2576 2574/2574/2574 2577/2577/2577
f 2571/2571/2571 2569/2569/2569 2568/2568/2568
f 824/824/824 826/826/826 827/827/827
f 827/827/827 829/829/829 824/824/824
f 828/828/828 831/831/831 829/829/829
f 832/832/832 827/827/827 826/826/826
f 828/828/828 832/832/832 833/833/833
f 834/834/834 833/833/833 832/832/832
f 830/830/830 828/828/828 833/833/833
f 835/835/835 830/830/830 833/833/833
f 835/835/835 837/837/837 838/838/838
f 836/836/836 835/835/835 838/838/838
f 839/839/839 832/832/832 826/826/826
f 837/837/837 834/834/834 839/839/839
f 841/841/841 839/839/839 840/840/840
f 840/840/840 838/838/838 841/841/841
f 841/841/841 838/838/838 837/837/837
f 838/838/838 840/840/840 836/836/836
f 839/839/839 841/841/841 837/837/837
f 832/832/832 839/839/839 834/834/834
f 837/837/837 835/835/835 834/834/834
f 830/830/830 835/835/835 836/836/836
f 833/833/833 834/834/834 835/835/835
f 832/832/832 828/828/828 827/827/827
f 831/831/831 828/828/828 830/830/830
f 829/829/829 827/827/827 828/828/828
f 826/826/826 824/824/824 825/825/825
f 2141/2141/2141 2140/2140/2140 2143/2143/2143
f 2140/2140/2140 2141/2141/2141 2142/2142/2142
f 1915/1915/1915 1909/1909/1909 1910/1910/1910
f 1904/1904/1904 1906/1906/1906 1903/1903/1903
f 1914/1914/1914 1912/1912/1912 1913/1913/1913
f 1910/1910/1910 1914/1914/1914 1915/1915/1915
f 1909/1909/1909 1900/1900/1900 1908/1908/1908
f 1907/1907/1907 1900/1900/1900 1902/1902/1902
f 1902/1902/1902 1906/1906/1906 1907/1907/1907
f 1906/1906/1906 1902/1902/1902 1903/1903/1903
f 1900/1900/1900 1907/1907/1907 1908/1908/1908
f 1900/1900/1900 1909/1909/1909 1901/1901/1901
f 1914/1914/1914 1910/1910/1910 1911/1911/1911
f 1912/1912/1912 1914/1914/1914 1911/1911/1911
f 1906/1906/1906 1904/1904/1904 1905/1905/1905
f 1909/1909/1909 1915/1915/1915 1901/1901/1901
f 1866/1866/1866 1863/1863/1863 1862/1862/1862
f 1868/1868/1868 1871/1871/1871 1872/1872/1872
f 1867/1867/1867 1872/1872/1872 1863/1863/1863
f 1866/1866/1866 1864/1864/1864 1865/1865/1865
f 1869/1869/1869 1870/1870/1870 1871/1871/1871
f 1864/1864/1864 1866/1866/1866 1862/1862/1862
f 1872/1872/1872 1867/1867/1867 1868/1868/1868
f 1871/1871/1871 1868/1868/1868 1869/1869/1869
f 1863/1863/1863 1866/1866/1866 1867/1867/1867
f 2159/2159/2159 2156/2156/2156 2158/2158/2158
f 2156/2156/2156 2159/2159/2159 2157/2157/2157
f 1810/1810/1810 1812/1812/1812 1813/1813/1813
f 1812/1812/1812 1810/1810/1810 1811/1811/1811
f 1899/1899/1899 1893/1893/1893 1894/1894/1894
f 1888/1888/1888 1890/1890/1890 1887/1887/1887
f 1895/1895/1895 1897/1897/1897 1898/1898/1898
f 1899/1899/1899 1895/1895/1895 1898/1898/1898
f 1885/1885/1885 1892/1892/1892 1893/1893/1893
f 1892/1892/1892 1886/1886/1886 1891/1891/1891
f 1886/1886/1886 1890/1890/1890 1891/1891/1891
f 1890/1890/1890 1886/1886/1886 1887/1887/1887
f 1886/1886/1886 1892/1892/1892 1884/1884/1884
f 1892/1892/1892 1885/1885/1885 1884/1884/1884
f 1895/1895/1895 1899/1899/1899 1894/1894/1894
f 1897/1897/1897 1895/1895/1895 1896/1896/1896
f 1890/1890/1890 1888/1888/1888 1889/1889/1889
f 1893/1893/1893 1899/1899/1899 1885/1885/1885
f 2076/2076/2076 2078/2078/2078 2079/2079/2079
f 2078/2078/2078 2076/2076/2076 2077/2077/2077
f 2163/2163/2163 2161/2161/2161 2160/2160/2160
f 2161/2161/2161 2163/2163/2163 2162/2162/2162
f 2226/2226/2226 2229/2229/2229 2227/2227/2227
f 2229/2229/2229 2226/2226/2226 2228/2228/2228
f 2133/2133/2133 2135/2135/2135 2132/2132/2132
f 2135/2135/2135 2133/2133/2133 2134/2134/2134
f 1547/1547/1547 1545/1545/1545 1546/1546/1546
f 1545/1545/1545 1547/1547/1547 1544/1544/1544
f 2139/2139/2139 2137/2137/2137 2136/2136/2136
f 2137/2137/2137 2139/2139/2139 2138/2138/2138
f 1502/1502/1502 1504/1504/1504 1505/1505/1505
f 1507/1507/1507 1504/1504/1504 1506/1506/1506
f 1507/1507/1507 1508/1508/1508 1509/1509/1509
f 1510/1510/1510 1509/1509/1509 1508/1508/1508
f 1512/1512/1512 1510/1510/1510 1513/1513/1513
f 1514/1514/1514 1513/1513/1513 1515/1515/1515
f 1513/1513/1513 1514/1514/1514 1512/1512/1512
f 1510/1510/1510 1512/1512/1512 1511/1511/1511
f 1509/1509/1509 1510/1510/1510 1511/1511/1511
f 1508/1508/1508 1507/1507/1507 1506/1506/1506
f 1504/1504/1504 1507/1507/1507 1505/1505/1505
f 1504/1504/1504 1502/1502/1502 1503/1503/1503
f 2260/2260/2260 2262/2262/2262 2261/2261/2261
f 2262/2262/2262 2260/2260/2260 2263/2263/2263
f 1531/1531/1531 1533/1533/1533 1530/1530/1530
f 1533/1533/1533 1534/1534/1534 1530/1530/1530
f 1536/1536/1536 1535/1535/1535 1537/1537/1537
f 1537/1537/1537 1539/1539/1539 1536/1536/1536
f 1540/1540/1540 1539/1539/1539 1538/1538/1538
f 1541/1541/1541 1542/1542/1542 1543/1543/1543
f 1542/1542/1542 1541/1541/1541 1540/1540/1540
f 1539/1539/1539 1540/1540/1540 1541/1541/1541
f 1539/1539/1539 1537/1537/1537 1538/1538/1538
f 1535/1535/1535 1536/1536/1536 1534/1534/1534
f 1534/1534/1534 1533/1533/1533 1535/1535/1535
f 1533/1533/1533 1531/1531/1531 1532/1532/1532
f 1726/1726/1726 1728/1728/1728 1729/1729/1729
f 1728/1728/1728 1726/1726/1726 1727/1727/1727
f 2256/2256/2256 2254/2254/2254 2255/2255/2255
f 2258/2258/2258 2256/2256/2256 2259/2259/2259
f 2256/2256/2256 2258/2258/2258 2257/2257/2257
f 2254/2254/2254 2256/2256/2256 2257/2257/2257
f 1632/1632/1632 1630/1630/1630 1631/1631/1631
f 1630/1630/1630 1632/1632/1632 1633/1633/1633
f 1603/1603/1603 1605/1605/1605 1602/1602/1602
f 1605/1605/1605 1603/1603/1603 1604/1604/1604
f 2101/2101/2101 2097/2097/2097 2100/2100/2100
f 2096/2096/2096 2098/2098/2098 2097/2097/2097
f 2103/2103/2103 2100/2100/2100 2102/2102/2102
f 2103/2103/2103 2105/2105/2105 2104/2104/2104
f 2105/2105/2105 2103/2103/2103 2102/2102/2102
f 2100/2100/2100 2103/2103/2103 2101/2101/2101
f 2098/2098/2098 2096/2096/2096 2099/2099/2099
f 2097/2097/2097 2101/2101/2101 2096/2096/2096
f 2214/2214/2214 2213/2213/2213 2212/2212/2212
f 2215/2215/2215 2216/2216/2216 2217/2217/2217
f 2216/2216/2216 2215/2215/2215 2214/2214/2214
f 2213/2213/2213 2214/2214/2214 2215/2215/2215
f 2147/2147/2147 2146/2146/2146 2144/2144/2144
f 2146/2146/2146 2147/2147/2147 2145/2145/2145
f 1499/1499/1499 1497/1497/1497 1498/1498/1498
f 1501/1501/1501 1499/1499/1499 1500/1500/1500
f 1499/1499/1499 1501/1501/1501 1496/1496/1496
f 1497/1497/1497 1499/1499/1499 1496/1496/1496
f 2354/2354/2354 2367/2367/2367 2366/2366/2366
f 2355/2355/2355 2364/2364/2364 2356/2356/2356
f 2365/2365/2365 2354/2354/2354 2366/2366/2366
f 2351/2351/2351 2368/2368/2368 2352/2352/2352
f 2353/2353/2353 2368/2368/2368 2367/2367/2367
f 2369/2369/2369 2351/2351/2351 2350/2350/2350
f 2357/2357/2357 2362/2362/2362 2358/2358/2358
f 2363/2363/2363 2356/2356/2356 2364/2364/2364
f 2358/2358/2358 2361/2361/2361 2359/2359/2359
f 2359/2359/2359 2361/2361/2361 2360/2360/2360
f 2361/2361/2361 2358/2358/2358 2362/2362/2362
f 2356/2356/2356 2363/2363/2363 2357/2357/2357
f 2362/2362/2362 2357/2357/2357 2363/2363/2363
f 2368/2368/2368 2353/2353/2353 2352/2352/2352
f 2368/2368/2368 2351/2351/2351 2369/2369/2369
f 2354/2354/2354 2365/2365/2365 2355/2355/2355
f 2364/2364/2364 2355/2355/2355 2365/2365/2365
f 2367/2367/2367 2354/2354/2354 2353/2353/2353
f 2298/2298/2298 2311/2311/2311 2297/2297/2297
f 2309/2309/2309 2300/2300/2300 2308/2308/2308
f 2310/2310/2310 2299/2299/2299 2309/2309/2309
f 2294/2294/2294 2312/2312/2312 2313/2313/2313
f 2296/2296/2296 2311/2311/2311 2312/2312/2312
f 2313/2313/2313 2295/2295/2295 2294/2294/2294
f 2307/2307/2307 2302/2302/2302 2306/2306/2306
f 2308/2308/2308 2301/2301/2301 2307/2307/2307
f 2306/2306/2306 2303/2303/2303 2305/2305/2305
f 2303/2303/2303 2304/2304/2304 2305/2305/2305
f 2303/2303/2303 2306/2306/2306 2302/2302/2302
f 2301/2301/2301 2308/2308/2308 2300/2300/2300
f 2302/2302/2302 2307/2307/2307 2301/2301/2301
f 2311/2311/2311 2296/2296/2296 2297/2297/2297
f 2312/2312/2312 2294/2294/2294 2296/2296/2296
f 2299/2299/2299 2310/2310/2310 2298/2298/2298
f 2300/2300/2300 2309/2309/2309 2299/2299/2299
f 2311/2311/2311 2298/2298/2298 2310/2310/2310
f 1058/1058/1058 1060/1060/1060 1057/1057/1057
f 1061/1061/1061 1059/1059/1059 1058/1058/1058
f 1063/1063/1063 1062/1062/1062 1061/1061/1061
f 1065/1065/1065 1060/1060/1060 1059/1059/1059
f 1067/1067/1067 1066/1066/1066 1065/1065/1065
f 1069/1069/1069 1068/1068/1068 1067/1067/1067
f 1071/1071/1071 1070/1070/1070 1069/1069/1069
f 1071/1071/1071 1074/1074/1074 1072/1072/1072
f 1074/1074/1074 1075/1075/1075 1076/1076/1076
f 1078/1078/1078 1075/1075/1075 1077/1077/1077
f 1080/1080/1080 1077/1077/1077 1079/1079/1079
f 1082/1082/1082 1079/1079/1079 1081/1081/1081
f 1081/1081/1081 1084/1084/1084 1082/1082/1082
f 1084/1084/1084 1085/1085/1085 1086/1086/1086
f 1089/1089/1089 1087/1087/1087 1088/1088/1088
f 1086/1086/1086 1087/1087/1087 1090/1090/1090
f 1091/1091/1091 1089/1089/1089 1088/1088/1088
f 1064/1064/1064 1093/1093/1093 1062/1062/1062
f 1094/1094/1094 1091/1091/1091 1093/1093/1093
f 1065/1065/1065 1062/1062/1062 1093/1093/1093
f 1067/1067/1067 1095/1095/1095 1096/1096/1096
f 1093/1093/1093 1098/1098/1098 1065/1065/1065
f 1098/1098/1098 1095/1095/1095 1065/1065/1065
f 1096/1096/1096 1069/1069/1069 1067/1067/1067
f 1069/1069/1069 1099/1099/1099 1071/1071/1071
f 1073/1073/1073 1099/1099/1099 1100/1100/1100
f 1101/1101/1101 1093/1093/1093 1091/1091/1091
f 1087/1087/1087 1101/1101/1101 1088/1088/1088
f 1101/1101/1101 1091/1091/1091 1088/1088/1088
f 1103/1103/1103 1087/1087/1087 1085/1085/1085
f 1081/1081/1081 1103/1103/1103 1083/1083/1083
f 1103/1103/1103 1085/1085/1085 1083/1083/1083
f 1105/1105/1105 1081/1081/1081 1079/1079/1079
f 1079/1079/1079 1077/1077/1077 1105/1105/1105
f 1075/1075/1075 1073/1073/1073 1100/1100/1100
f 1077/1077/1077 1100/1100/1100 1105/1105/1105
f 1097/1097/1097 1106/1106/1106 1098/1098/1098
f 1107/1107/1107 1096/1096/1096 1095/1095/1095
f 1098/1098/1098 1107/1107/1107 1095/1095/1095
f 1102/1102/1102 1106/1106/1106 1101/1101/1101
f 1103/1103/1103 1108/1108/1108 1102/1102/1102
f 1105/1105/1105 1108/1108/1108 1104/1104/1104
f 1105/1105/1105 1100/1100/1100 1109/1109/1109
f 1107/1107/1107 1100/1100/1100 1099/1099/1099
f 1099/1099/1099 1096/1096/1096 1107/1107/1107
f 1109/1109/1109 1106/1106/1106 1108/1108/1108
f 1106/1106/1106 1109/1109/1109 1107/1107/1107
f 1100/1100/1100 1107/1107/1107 1109/1109/1109
f 1108/1108/1108 1105/1105/1105 1109/1109/1109
f 1108/1108/1108 1103/1103/1103 1104/1104/1104
f 1106/1106/1106 1102/1102/1102 1108/1108/1108
f 1107/1107/1107 1098/1098/1098 1106/1106/1106
f 1106/1106/1106 1097/1097/1097 1101/1101/1101
f 1100/1100/1100 1077/1077/1077 1075/1075/1075
f 1081/1081/1081 1105/1105/1105 1104/1104/1104
f 1103/1103/1103 1081/1081/1081 1104/1104/1104
f 1087/1087/1087 1103/1103/1103 1102/1102/1102
f 1101/1101/1101 1087/1087/1087 1102/1102/1102
f 1093/1093/1093 1101/1101/1101 1097/1097/1097
f 1099/1099/1099 1073/1073/1073 1071/1071/1071
f 1099/1099/1099 1069/1069/1069 1096/1096/1096
f 1098/1098/1098 1093/1093/1093 1097/1097/1097
f 1095/1095/1095 1067/1067/1067 1065/1065/1065
f 1062/1062/1062 1065/1065/1065 1059/1059/1059
f 1091/1091/1091 1094/1094/1094 1092/1092/1092
f 1093/1093/1093 1064/1064/1064 1094/1094/1094
f 1089/1089/1089 1091/1091/1091 1092/1092/1092
f 1087/1087/1087 1086/1086/1086 1085/1085/1085
f 1087/1087/1087 1089/1089/1089 1090/1090/1090
f 1085/1085/1085 1084/1084/1084 1083/1083/1083
f 1084/1084/1084 1081/1081/1081 1083/1083/1083
f 1079/1079/1079 1082/1082/1082 1080/1080/1080
f 1077/1077/1077 1080/1080/1080 1078/1078/1078
f 1075/1075/1075 1078/1078/1078 1076/1076/1076
f 1075/1075/1075 1074/1074/1074 1073/1073/1073
f 1074/1074/1074 1071/1071/1071 1073/1073/1073
f 1070/1070/1070 1071/1071/1071 1072/1072/1072
f 1068/1068/1068 1069/1069/1069 1070/1070/1070
f 1066/1066/1066 1067/1067/1067 1068/1068/1068
f 1060/1060/1060 1065/1065/1065 1066/1066/1066
f 1062/1062/1062 1063/1063/1063 1064/1064/1064
f 1059/1059/1059 1061/1061/1061 1062/1062/1062
f 1060/1060/1060 1058/1058/1058 1059/1059/1059
f 1006/1006/1006 1004/1004/1004 1005/1005/1005
f 1010/1010/1010 1008/1008/1008 1009/1009/1009
f 1004/1004/1004 1009/1009/1009 1005/1005/1005
f 1013/1013/1013 1010/1010/1010 1012/1012/1012
f 1014/1014/1014 1007/1007/1007 1015/1015/1015
f 1016/1016/1016 1013/1013/1013 1012/1012/1012
f 1018/1018/1018 1017/1017/1017 1016/1016/1016
f 1018/1018/1018 1016/1016/1016 1020/1020/1020
f 1012/1012/1012 1020/1020/1020 1016/1016/1016
f 1019/1019/1019 1022/1022/1022 1023/1023/1023
f 1022/1022/1022 1020/1020/1020 1024/1024/1024
f 1025/1025/1025 1022/1022/1022 1026/1026/1026
f 1025/1025/1025 1028/1028/1028 1027/1027/1027
f 1028/1028/1028 1026/1026/1026 1029/1029/1029
f 1029/1029/1029 1022/1022/1022 1024/1024/1024
f 1028/1028/1028 1030/1030/1030 1027/1027/1027
f 1029/1029/1029 1031/1031/1031 1028/1028/1028
f 1034/1034/1034 1031/1031/1031 1033/1033/1033
f 1037/1037/1037 1035/1035/1035 1036/1036/1036
f 1040/1040/1040 1038/1038/1038 1039/1039/1039
f 1041/1041/1041 1033/1033/1033 1042/1042/1042
f 1043/1043/1043 1031/1031/1031 1032/1032/1032
f 1044/1044/1044 1042/1042/1042 1045/1045/1045
f 1045/1045/1045 1046/1046/1046 1044/1044/1044
f 1047/1047/1047 1039/1039/1039 1046/1046/1046
f 1047/1047/1047 1045/1045/1045 1048/1048/1048
f 1049/1049/1049 1036/1036/1036 1035/1035/1035
f 1050/1050/1050 1029/1029/1029 1024/1024/1024
f 1042/1042/1042 1033/1033/1033 1043/1043/1043
f 1043/1043/1043 1045/1045/1045 1042/1042/1042
f 1048/1048/1048 1043/1043/1043 1051/1051/1051
f 1052/1052/1052 1047/1047/1047 1048/1048/1048
f 1032/1032/1032 1051/1051/1051 1043/1043/1043
f 1035/1035/1035 1052/1052/1052 1049/1049/1049
f 1053/1053/1053 1048/1048/1048 1051/1051/1051
f 1049/1049/1049 1052/1052/1052 1053/1053/1053
f 1050/1050/1050 1053/1053/1053 1051/1051/1051
f 1055/1055/1055 1049/1049/1049 1053/1053/1053
f 1054/1054/1054 1024/1024/1024 1020/1020/1020
f 1012/1012/1012 1004/1004/1004 1014/1014/1014
f 1037/1037/1037 1014/1014/1014 1015/1015/1015
f 1014/1014/1014 1049/1049/1049 1055/1055/1055
f 1014/1014/1014 1021/1021/1021 1012/1012/1012
f 1014/1014/1014 1055/1055/1055 1056/1056/1056
f 1054/1054/1054 1021/1021/1021 1056/1056/1056
f 1055/1055/1055 1054/1054/1054 1056/1056/1056
f 1054/1054/1054 1055/1055/1055 1053/1053/1053
f 1021/1021/1021 1054/1054/1054 1020/1020/1020
f 1021/1021/1021 1014/1014/1014 1056/1056/1056
f 1049/1049/1049 1014/1014/1014 1036/1036/1036
f 1014/1014/1014 1037/1037/1037 1036/1036/1036
f 1004/1004/1004 1012/1012/1012 1010/1010/1010
f 1024/1024/1024 1054/1054/1054 1050/1050/1050
f 1053/1053/1053 1050/1050/1050 1054/1054/1054
f 1048/1048/1048 1053/1053/1053 1052/1052/1052
f 1052/1052/1052 1035/1035/1035 1040/1040/1040
f 1051/1051/1051 1032/1032/1032 1050/1050/1050
f 1047/1047/1047 1052/1052/1052 1040/1040/1040
f 1045/1045/1045 1043/1043/1043 1048/1048/1048
f 1029/1029/1029 1050/1050/1050 1032/1032/1032
f 1039/1039/1039 1047/1047/1047 1040/1040/1040
f 1046/1046/1046 1045/1045/1045 1047/1047/1047
f 1042/1042/1042 1044/1044/1044 1041/1041/1041
f 1031/1031/1031 1043/1043/1043 1033/1033/1033
f 1033/1033/1033 1041/1041/1041 1034/1034/1034
f 1038/1038/1038 1040/1040/1040 1035/1035/1035
f 1035/1035/1035 1037/1037/1037 1038/1038/1038
f 1031/1031/1031 1034/1034/1034 1030/1030/1030
f 1031/1031/1031 1029/1029/1029 1032/1032/1032
f 1030/1030/1030 1028/1028/1028 1031/1031/1031
f 1022/1022/1022 1029/1029/1029 1026/1026/1026
f 1028/1028/1028 1025/1025/1025 1026/1026/1026
f 1022/1022/1022 1025/1025/1025 1023/1023/1023
f 1020/1020/1020 1022/1022/1022 1018/1018/1018
f 1022/1022/1022 1019/1019/1019 1018/1018/1018
f 1020/1020/1020 1012/1012/1012 1021/1021/1021
f 1017/1017/1017 1018/1018/1018 1019/1019/1019
f 1013/1013/1013 1016/1016/1016 1017/1017/1017
f 1007/1007/1007 1014/1014/1014 1004/1004/1004
f 1010/1010/1010 1013/1013/1013 1011/1011/1011
f 1009/1009/1009 1004/1004/1004 1010/1010/1010
f 1008/1008/1008 1010/1010/1010 1011/1011/1011
f 1004/1004/1004 1006/1006/1006 1007/1007/1007
