# Lusion Astronaut Export: wearpack
g wearpack
v -0.216635 0.570216 0.054906
v -0.232568 0.583696 0.040061
v -0.181007 0.740077 0.127101
v -0.139233 0.728779 0.143470
v -0.135559 0.749237 0.140317
v -0.176543 0.756992 0.124727
v -0.190296 0.694949 0.127066
v -0.147372 0.688296 0.138828
v -0.194640 0.660428 0.121769
v -0.153124 0.653062 0.130839
v -0.199225 0.624849 0.115574
v -0.157983 0.617806 0.124639
v -0.200049 0.594692 0.103888
v -0.162361 0.586634 0.115043
v -0.222507 0.758612 0.088134
v -0.229890 0.744225 0.079796
v -0.212514 0.743620 0.103670
v -0.209612 0.759606 0.102052
v -0.236603 0.707328 0.074652
v -0.220927 0.703461 0.106321
v -0.238475 0.672267 0.070058
v -0.225374 0.667816 0.103245
v -0.241840 0.639711 0.066462
v -0.228980 0.632367 0.095922
v -0.229873 0.603138 0.084000
v -0.115230 0.647596 0.125648
v -0.111298 0.680562 0.133177
v -0.121600 0.614566 0.119472
v -0.104310 0.609122 0.106339
v -0.098369 0.645112 0.113100
v -0.126081 0.587844 0.110762
v -0.111161 0.580218 0.101479
v -0.100619 0.608064 0.099028
v -0.095107 0.645350 0.104827
v -0.124278 0.568185 0.102465
v -0.106662 0.577820 0.093974
v -0.161794 0.558378 0.080699
v -0.121669 0.562569 0.092362
v -0.163185 0.566522 0.099064
v -0.162550 0.562461 0.089964
v -0.120879 0.560646 0.081307
v -0.200426 0.572592 0.092173
v -0.196563 0.568056 0.082140
v -0.228636 0.581579 0.075361
v -0.223726 0.573824 0.063764
v -0.229752 0.746687 0.070672
v -0.235384 0.708969 0.065175
v -0.221803 0.764769 0.081219
v -0.205148 0.765330 0.096613
v -0.172010 0.762457 0.117907
v -0.100430 0.739062 0.138728
v -0.098902 0.745067 0.130018
v -0.132863 0.754551 0.131116
v -0.241771 0.608496 0.065092
v -0.238938 0.591451 0.065842
v -0.094008 0.674751 0.120670
v -0.091158 0.704951 0.127337
v -0.091725 0.675853 0.111453
v -0.088703 0.708213 0.118686
v -0.238629 0.673131 0.060882
v -0.242578 0.637054 0.057268
v -0.243763 0.605666 0.051351
v -0.239797 0.586267 0.052644
v -0.103589 0.717546 0.137653
v -0.091862 0.725539 0.132575
v -0.089802 0.728260 0.125229
v -0.089887 0.733467 0.116360
v -0.088514 0.711562 0.109557
v -0.090076 0.678013 0.102070
v -0.095365 0.646343 0.095905
v -0.098936 0.607480 0.090921
v -0.238406 0.602879 0.038336
v -0.241651 0.634289 0.048139
v -0.237238 0.673844 0.051924
v -0.233856 0.710611 0.055449
v -0.229838 0.749193 0.061608
v -0.130288 0.759260 0.121745
v -0.167443 0.767037 0.110726
v -0.201439 0.771919 0.090135
v -0.192545 0.564124 0.072013
v -0.098318 0.749712 0.120647
v -0.107452 0.578274 0.083900
v -0.218901 0.769716 0.071363
v -0.090437 0.528437 -0.071864
v -0.090385 0.502233 -0.076906
v -0.115934 0.509815 -0.099942
v -0.111933 0.536732 -0.098678
v -0.185763 0.522345 -0.114191
v -0.223039 0.522107 -0.094722
v -0.218540 0.549499 -0.088321
v -0.183051 0.549413 -0.115023
v -0.239522 0.543429 -0.049578
v -0.242321 0.513660 -0.055359
v -0.144161 0.545071 -0.118708
v -0.148265 0.517700 -0.116925
v -0.217613 0.572895 -0.083071
v -0.183016 0.575962 -0.109414
v -0.145723 0.570216 -0.106290
v -0.110319 0.562936 -0.089585
v -0.073284 0.520379 -0.043502
v -0.073507 0.493959 -0.046649
v -0.083741 0.551400 -0.066283
v -0.069404 0.512948 -0.009731
v -0.074452 0.487068 -0.012004
v -0.072168 0.544185 -0.036032
v -0.249309 0.562201 -0.013463
v -0.233513 0.565701 -0.046330
v -0.230147 0.590263 -0.042202
v -0.213304 0.595750 -0.075643
v -0.180716 0.595383 -0.092691
v -0.144401 0.592272 -0.098306
v -0.180750 0.741589 -0.089537
v -0.182999 0.693480 -0.093340
v -0.212823 0.698557 -0.062687
v -0.211278 0.746104 -0.058937
v -0.187704 0.642369 -0.096647
v -0.215914 0.644334 -0.069230
v -0.112002 0.583718 -0.076777
v -0.140298 0.733769 -0.111604
v -0.139851 0.684472 -0.110063
v -0.141362 0.633058 -0.107117
v -0.103726 0.627873 -0.092673
v -0.243935 0.584495 -0.006471
v -0.230800 0.697174 -0.028296
v -0.228739 0.745586 -0.023690
v -0.235298 0.643103 -0.033687
v -0.086024 0.576826 -0.057632
v -0.067910 0.569049 -0.029637
v -0.063566 0.610570 -0.035382
v -0.075293 0.621457 -0.070499
v -0.098764 0.674254 -0.102776
v -0.071825 0.665699 -0.073387
v -0.045795 0.657922 -0.038990
v -0.057728 0.715299 -0.085221
v -0.036850 0.707436 -0.041453
v -0.096463 0.724955 -0.112165
v -0.152351 0.490222 -0.115809
v -0.189678 0.494953 -0.117840
v -0.226044 0.493829 -0.100231
v -0.242252 0.488321 -0.060662
v -0.228550 0.461274 -0.107022
v -0.248244 0.458012 -0.066407
v -0.234783 0.420251 -0.113116
v -0.246132 0.417464 -0.070541
v -0.233822 0.376700 -0.108180
v -0.251919 0.378191 -0.072106
v -0.234526 0.336865 -0.107949
v -0.251215 0.338118 -0.072436
v -0.203963 0.373416 -0.127005
v -0.209372 0.335374 -0.131711
v -0.201319 0.419473 -0.134864
v -0.195069 0.459244 -0.128097
v -0.251661 0.483179 -0.024771
v -0.259576 0.454124 -0.030646
v -0.263319 0.413554 -0.035872
v -0.260435 0.374756 -0.040584
v -0.261156 0.338507 -0.045373
v -0.118303 0.483892 -0.104188
v -0.092978 0.475964 -0.079711
v -0.076907 0.467820 -0.048863
v -0.157279 0.452698 -0.126261
v -0.102816 0.436518 -0.085746
v -0.127764 0.445375 -0.110878
v -0.164524 0.413770 -0.133796
v -0.133739 0.407052 -0.117858
v -0.109719 0.400398 -0.093919
v -0.173023 0.369679 -0.131947
v -0.140075 0.365337 -0.125576
v -0.112758 0.360930 -0.101902
v -0.178174 0.332933 -0.137575
v -0.146221 0.330147 -0.130784
v -0.117376 0.326301 -0.109325
v -0.222575 0.786933 -0.019828
v -0.141259 0.772589 -0.110465
v -0.181042 0.780215 -0.088657
v -0.095759 0.763041 -0.105475
v -0.060647 0.755004 -0.077178
v -0.087037 0.801256 -0.112661
v -0.052268 0.789417 -0.089065
v -0.039872 0.749712 -0.040407
v -0.030480 0.778919 -0.046112
v -0.208599 0.785054 -0.056782
v -0.215536 0.826876 -0.016586
v -0.197302 0.823117 -0.054089
v -0.171959 0.819791 -0.087919
v -0.135027 0.811042 -0.114220
v -0.079259 0.461058 -0.014407
v -0.094661 0.357279 -0.069690
v -0.099983 0.323104 -0.077149
v -0.099073 0.351339 -0.041541
v -0.089355 0.391779 -0.062226
v -0.085131 0.429238 -0.053593
v -0.084685 0.423426 -0.022722
v -0.181814 0.295626 -0.133807
v -0.213269 0.298888 -0.125558
v -0.235573 0.302344 -0.106939
v -0.253635 0.303964 -0.072106
v -0.260143 0.300292 -0.044116
v -0.112448 0.286833 -0.082138
v -0.127403 0.290484 -0.109107
v -0.152265 0.294437 -0.129072
v -0.214506 0.265339 -0.118135
v -0.237805 0.266246 -0.103207
v -0.258271 0.264583 -0.073972
v -0.258477 0.262617 -0.044883
v -0.134306 0.255661 -0.108646
v -0.159013 0.258685 -0.121495
v -0.184029 0.261083 -0.123680
v -0.119780 0.252464 -0.083762
v -0.217424 0.195519 -0.109697
v -0.237616 0.196232 -0.096210
v -0.240329 0.232416 -0.104459
v -0.217081 0.231207 -0.120137
v -0.249618 0.195951 -0.074107
v -0.256348 0.231444 -0.074220
v -0.253567 0.196772 -0.049413
v -0.255971 0.229716 -0.047198
v -0.170946 0.190378 -0.109343
v -0.164370 0.224683 -0.118378
v -0.144625 0.222501 -0.103119
v -0.153742 0.188628 -0.099121
v -0.186794 0.227686 -0.124891
v -0.188888 0.191912 -0.113299
v -0.131112 0.218764 -0.082705
v -0.141191 0.187073 -0.081873
v -0.251215 0.538914 -0.020011
v -0.253618 0.511414 -0.022645
v -0.069198 0.538784 -0.005284
v -0.065043 0.562655 -0.001641
v -0.058123 0.607243 -0.000389
v -0.042791 0.650340 0.000337
v -0.028986 0.699205 0.002511
v -0.248570 0.636946 0.001241
v -0.248982 0.690650 0.010081
v -0.245789 0.741784 0.016523
v -0.023561 0.741805 0.003975
v -0.021844 0.769932 0.001908
v -0.236208 0.788704 0.018318
v -0.225992 0.828583 0.021348
v -0.104945 0.320123 -0.047245
v -0.088102 0.386032 -0.029093
v -0.108499 0.285127 -0.053304
v -0.118097 0.250627 -0.055577
v -0.125120 0.218029 -0.058985
v -0.134735 0.186489 -0.062079
v -0.264435 0.461145 0.021808
v -0.242218 0.459827 0.052237
v -0.215793 0.455139 0.068499
v -0.196495 0.440017 0.076926
v -0.189936 0.423210 0.075166
v -0.189129 0.401327 0.072533
v -0.189987 0.368448 0.067921
v -0.193387 0.338874 0.064071
v -0.196975 0.318179 0.059057
v -0.202624 0.309149 0.052857
v -0.216274 0.303511 0.046651
v -0.231658 0.303964 0.035065
v -0.249377 0.308177 0.017870
v -0.264573 0.314571 0.000030
v -0.272608 0.324119 -0.009128
v -0.271544 0.369895 -0.012093
v -0.270376 0.407311 -0.005320
v -0.267423 0.435654 -0.000035
v -0.268213 0.450797 0.007040
v -0.270599 0.341445 -0.014071
v -0.273724 0.370457 0.002806
v -0.271526 0.406058 0.008274
v -0.273879 0.344037 0.000497
v -0.273243 0.331724 -0.000141
v -0.271080 0.431635 0.013736
v -0.270582 0.442761 0.021194
v -0.267131 0.370133 0.023934
v -0.267285 0.404330 0.029331
v -0.251781 0.368362 0.041832
v -0.249686 0.401089 0.049402
v -0.268659 0.323709 0.011516
v -0.268230 0.340753 0.016210
v -0.256451 0.317574 0.026509
v -0.254151 0.339608 0.034162
v -0.267509 0.430447 0.035189
v -0.265929 0.449954 0.031628
v -0.245325 0.450322 0.057368
v -0.249034 0.427445 0.056294
v -0.207535 0.369658 0.068434
v -0.206264 0.402062 0.076831
v -0.205749 0.417896 0.078715
v -0.208719 0.433947 0.077003
v -0.240226 0.315414 0.040610
v -0.223142 0.443625 0.073194
v -0.229117 0.422930 0.071747
v -0.230113 0.399620 0.067253
v -0.226370 0.315306 0.052284
v -0.211312 0.343951 0.067921
v -0.230508 0.365748 0.060079
v -0.242080 0.339176 0.049231
v -0.211724 0.326150 0.063498
v -0.216051 0.317509 0.060167
v -0.226421 0.341423 0.061915
v -0.234010 0.463823 0.042488
v -0.255164 0.464903 0.011480
v -0.208462 0.459092 0.060516
v -0.186141 0.444770 0.068547
v -0.179771 0.428676 0.064189
v -0.180475 0.401543 0.059039
v -0.181900 0.367195 0.053447
v -0.184235 0.340537 0.049042
v -0.186227 0.315392 0.045180
v -0.189197 0.306708 0.039364
v -0.202487 0.302841 0.032821
v -0.217768 0.302949 0.026768
v -0.238852 0.308566 0.009514
v -0.252451 0.311482 -0.010268
v -0.259628 0.321246 -0.019090
v -0.261276 0.339500 -0.024836
v -0.261242 0.368491 -0.021352
v -0.261826 0.406620 -0.017000
v -0.260194 0.437879 -0.012807
v -0.259010 0.453087 -0.005089
v 0.237987 0.602987 0.038177
v 0.087820 0.711389 0.109959
v 0.234948 0.710633 0.055668
v 0.089674 0.728433 0.124308
v 0.088764 0.708213 0.118669
v 0.101126 0.742453 0.128188
v 0.089399 0.677840 0.102749
v 0.090567 0.675637 0.111777
v 0.100611 0.608064 0.099028
v 0.095203 0.645350 0.104804
v 0.094756 0.646235 0.096348
v 0.097658 0.607524 0.090431
v 0.106912 0.577950 0.093862
v 0.121833 0.563044 0.092255
v 0.162525 0.562417 0.089964
v 0.133182 0.752650 0.130101
v 0.171917 0.760967 0.117222
v 0.205742 0.767556 0.097777
v 0.221589 0.764596 0.081177
v 0.228784 0.746428 0.070737
v 0.235377 0.708969 0.065169
v 0.196539 0.568056 0.082146
v 0.223701 0.573824 0.063764
v 0.239721 0.586288 0.052638
v 0.243584 0.605666 0.051375
v 0.241798 0.634311 0.048151
v 0.242502 0.637054 0.057268
v 0.237815 0.673908 0.052178
v 0.238622 0.673131 0.060882
v 0.101350 0.716897 0.139691
v 0.100611 0.738824 0.138445
v 0.092078 0.725517 0.132463
v 0.091752 0.705059 0.127007
v 0.139432 0.731393 0.148743
v 0.135517 0.749323 0.140293
v 0.111239 0.680519 0.133284
v 0.094447 0.674924 0.120316
v 0.121387 0.614458 0.119619
v 0.115051 0.647532 0.125719
v 0.098551 0.645155 0.112994
v 0.104457 0.609187 0.106197
v 0.126143 0.587325 0.111754
v 0.111205 0.580240 0.101414
v 0.124408 0.568380 0.102294
v 0.161736 0.586656 0.114883
v 0.163161 0.566565 0.099034
v 0.199852 0.594735 0.103735
v 0.200333 0.572700 0.092102
v 0.228766 0.581471 0.075479
v 0.229470 0.603225 0.083900
v 0.238897 0.591451 0.065854
v 0.241815 0.608496 0.064998
v 0.228474 0.632431 0.095710
v 0.241747 0.639690 0.066486
v 0.238381 0.672267 0.070046
v 0.225126 0.667881 0.103020
v 0.236476 0.707328 0.074646
v 0.219993 0.703526 0.105790
v 0.230895 0.744462 0.079790
v 0.216610 0.739991 0.109333
v 0.223770 0.759584 0.088565
v 0.211064 0.762565 0.103664
v 0.183146 0.741892 0.131412
v 0.176416 0.758202 0.124934
v 0.190083 0.694949 0.126747
v 0.147519 0.688144 0.139153
v 0.194581 0.660407 0.122040
v 0.153357 0.653019 0.130727
v 0.199303 0.624806 0.115757
v 0.158078 0.617828 0.124591
v 0.215735 0.570756 0.054044
v 0.232990 0.583329 0.039984
v 0.120940 0.560776 0.081012
v 0.161770 0.558378 0.080640
v 0.104921 0.577258 0.082825
v 0.191920 0.564318 0.070667
v 0.130126 0.759800 0.121940
v 0.167487 0.767102 0.110815
v 0.201466 0.773518 0.090135
v 0.088901 0.733510 0.116578
v 0.098448 0.749582 0.120352
v 0.218053 0.769651 0.070672
v 0.229814 0.749258 0.061620
v 0.251860 0.511543 -0.022657
v 0.250692 0.539238 -0.019893
v 0.246554 0.532066 0.014575
v 0.249937 0.503442 0.012065
v 0.249044 0.562180 -0.013433
v 0.240493 0.552761 0.018118
v 0.231033 0.522842 0.045417
v 0.236510 0.495298 0.044560
v 0.220697 0.546561 0.046155
v 0.202394 0.515302 0.064968
v 0.205604 0.487932 0.063580
v 0.197569 0.538892 0.068110
v 0.167470 0.509275 0.075137
v 0.171471 0.481170 0.075875
v 0.164946 0.533427 0.078083
v 0.134504 0.477498 0.070295
v 0.131963 0.504652 0.070058
v 0.129491 0.528609 0.077670
v 0.103650 0.478664 0.049798
v 0.103393 0.505214 0.048954
v 0.099787 0.531418 0.053819
v 0.081604 0.481559 0.022387
v 0.083939 0.508713 0.020934
v 0.078359 0.533729 0.026940
v 0.073964 0.487219 -0.012471
v 0.071457 0.512645 -0.007812
v 0.070152 0.539216 -0.005627
v 0.253027 0.476590 0.009006
v 0.262350 0.454448 -0.004953
v 0.256822 0.465573 0.011776
v 0.260170 0.454534 -0.031089
v 0.233969 0.466394 0.043184
v 0.209107 0.459481 0.061892
v 0.174682 0.454901 0.070336
v 0.185310 0.445180 0.071139
v 0.139089 0.451294 0.064643
v 0.165479 0.418155 0.062311
v 0.140119 0.415995 0.048422
v 0.179455 0.428697 0.064171
v 0.105522 0.450235 0.048782
v 0.116201 0.415693 0.027300
v 0.086910 0.453735 0.018336
v 0.097933 0.418847 0.004134
v 0.075904 0.458660 -0.012860
v 0.243979 0.584517 -0.006471
v 0.240751 0.576913 0.027034
v 0.248598 0.636946 0.001235
v 0.215735 0.570756 0.054044
v 0.232990 0.583329 0.039984
v 0.124889 0.552307 0.080274
v 0.088764 0.552999 0.064141
v 0.120940 0.560776 0.081012
v 0.161770 0.558378 0.080640
v 0.068710 0.555742 0.034415
v 0.080042 0.595858 0.072438
v 0.056073 0.595275 0.040185
v 0.104921 0.577258 0.082825
v 0.063250 0.561769 -0.000643
v 0.056622 0.607135 -0.000306
v 0.191920 0.564318 0.070667
v 0.262625 0.338680 -0.045769
v 0.255431 0.295561 -0.014360
v 0.259569 0.320663 -0.020301
v 0.252753 0.311439 -0.010109
v 0.251946 0.259528 -0.017880
v 0.261286 0.339198 -0.027139
v 0.236939 0.293941 0.010683
v 0.238467 0.308609 0.009165
v 0.235480 0.256806 0.004069
v 0.217331 0.303295 0.026101
v 0.210051 0.290679 0.026550
v 0.211064 0.254300 0.019759
v 0.179558 0.287071 0.031215
v 0.202479 0.302819 0.032862
v 0.188915 0.306254 0.039559
v 0.183850 0.251211 0.023875
v 0.150421 0.283096 0.019854
v 0.169479 0.313815 0.040338
v 0.142866 0.313923 0.027967
v 0.153357 0.250455 0.018442
v 0.184262 0.315500 0.044732
v 0.122829 0.314269 0.008599
v 0.126692 0.282470 0.003290
v 0.133869 0.249094 -0.002816
v 0.107565 0.316472 -0.017773
v 0.111806 0.282880 -0.021854
v 0.121129 0.249439 -0.026277
v 0.108217 0.284630 -0.053694
v 0.118176 0.250606 -0.055583
v 0.025562 0.741935 0.003987
v 0.030129 0.744419 0.049249
v 0.027228 0.762825 0.051257
v 0.025888 0.769478 0.003030
v 0.047831 0.747660 0.094972
v 0.048467 0.762911 0.094411
v 0.085450 0.754767 0.118722
v 0.081347 0.775916 0.115663
v 0.130126 0.759800 0.121940
v 0.122125 0.799700 0.120068
v 0.167487 0.767102 0.110815
v 0.158199 0.816205 0.113082
v 0.201466 0.773518 0.090135
v 0.192555 0.825645 0.091748
v 0.228251 0.785939 0.059234
v 0.219134 0.828842 0.061980
v 0.225624 0.828259 0.021265
v 0.028996 0.699205 0.002511
v 0.034679 0.700264 0.048174
v 0.058648 0.704022 0.087768
v 0.088901 0.733510 0.116578
v 0.098448 0.749582 0.120352
v 0.218053 0.769651 0.070672
v 0.229814 0.749258 0.061620
v 0.246726 0.741805 0.016399
v 0.064829 0.649217 0.084419
v 0.249885 0.690910 0.010193
v 0.042904 0.645803 0.045222
v 0.041822 0.649929 0.000562
v 0.179506 0.401521 0.058797
v 0.164843 0.371256 0.053388
v 0.180640 0.367195 0.053447
v 0.166972 0.341056 0.042671
v 0.182803 0.340537 0.048387
v 0.260651 0.437987 -0.013161
v 0.262883 0.413511 -0.035807
v 0.261853 0.406684 -0.017360
v 0.258024 0.374907 -0.040466
v 0.261337 0.369053 -0.023602
v 0.097589 0.380653 -0.002001
v 0.100508 0.346953 -0.011544
v 0.113935 0.375404 0.022664
v 0.117695 0.343929 0.013712
v 0.141664 0.342114 0.030996
v 0.135775 0.373244 0.044938
v 0.251448 0.226951 -0.021027
v 0.247670 0.194958 -0.025066
v 0.237128 0.194007 -0.003182
v 0.237283 0.225374 0.001442
v 0.214584 0.192300 0.011746
v 0.213897 0.223019 0.018318
v 0.186649 0.220060 0.018838
v 0.189448 0.189427 0.012856
v 0.166972 0.187591 0.005138
v 0.161718 0.219520 0.009726
v 0.144583 0.217576 -0.009908
v 0.149081 0.185820 -0.012305
v 0.131362 0.217208 -0.031668
v 0.137870 0.184826 -0.035223
v 0.125112 0.218008 -0.058937
v 0.134745 0.186511 -0.062073
v 0.249525 0.482920 -0.024151
v 0.085416 0.423578 -0.022486
v 0.237987 0.602987 0.038177
v 0.258058 0.300443 -0.043944
v 0.258384 0.262660 -0.044883
v 0.101813 0.320620 -0.050422
v 0.236390 0.788726 0.018283
v 0.087820 0.711389 0.109959
v 0.234948 0.710633 0.055668
v 0.089399 0.677840 0.102749
v 0.094756 0.646235 0.096348
v 0.097658 0.607524 0.090431
v 0.241798 0.634311 0.048151
v 0.237815 0.673908 0.052178
v 0.090636 0.385816 -0.029158
v 0.095581 0.352354 -0.044417
v 0.253594 0.196815 -0.049413
v 0.255946 0.229716 -0.047198
v 0.215700 0.455658 0.068706
v 0.242210 0.459913 0.052261
v 0.264239 0.460864 0.021796
v 0.195629 0.440665 0.078745
v 0.189980 0.423232 0.075119
v 0.189345 0.401392 0.072190
v 0.190306 0.368470 0.067295
v 0.194410 0.339220 0.062571
v 0.197329 0.318416 0.058526
v 0.202737 0.308890 0.052821
v 0.216250 0.303640 0.046615
v 0.231702 0.304115 0.035148
v 0.269064 0.451251 0.006544
v 0.268532 0.436021 -0.000383
v 0.270472 0.407289 -0.005373
v 0.271141 0.369830 -0.011821
v 0.271966 0.341445 -0.015022
v 0.271914 0.324897 -0.009258
v 0.264583 0.314506 0.000019
v 0.249336 0.308306 0.017875
v 0.268394 0.451078 0.032437
v 0.246915 0.453368 0.060734
v 0.252134 0.426580 0.059252
v 0.269613 0.430231 0.036128
v 0.274026 0.444964 0.020320
v 0.273030 0.431225 0.013258
v 0.224182 0.444662 0.078786
v 0.231651 0.421677 0.075627
v 0.207922 0.418004 0.081733
v 0.205175 0.437814 0.082187
v 0.206171 0.401824 0.077321
v 0.231290 0.398692 0.070165
v 0.210910 0.368686 0.070407
v 0.229694 0.366007 0.059057
v 0.210669 0.343972 0.067135
v 0.226637 0.341380 0.062270
v 0.211923 0.326085 0.063704
v 0.215906 0.317574 0.059736
v 0.226500 0.315133 0.052385
v 0.242348 0.339112 0.049503
v 0.240528 0.314506 0.041000
v 0.256393 0.317703 0.026491
v 0.254641 0.339500 0.034427
v 0.268343 0.324119 0.011415
v 0.266591 0.340645 0.015460
v 0.273511 0.331767 -0.000224
v 0.273459 0.343994 -0.000182
v 0.273700 0.370457 0.002823
v 0.266952 0.370155 0.023834
v 0.274575 0.405540 0.009650
v 0.269819 0.404027 0.030400
v 0.253130 0.400441 0.052255
v 0.252598 0.368189 0.042683
v 0.262350 0.454448 -0.004953
v 0.256822 0.465573 0.011776
v 0.233969 0.466394 0.043184
v 0.209107 0.459481 0.061892
v 0.185310 0.445180 0.071139
v 0.179455 0.428697 0.064171
v 0.259569 0.320663 -0.020301
v 0.252753 0.311439 -0.010109
v 0.261286 0.339198 -0.027139
v 0.238467 0.308609 0.009165
v 0.217331 0.303295 0.026101
v 0.202479 0.302819 0.032862
v 0.188915 0.306254 0.039559
v 0.184262 0.315500 0.044732
v 0.179506 0.401521 0.058797
v 0.180640 0.367195 0.053447
v 0.182803 0.340537 0.048387
v 0.260651 0.437987 -0.013161
v 0.261853 0.406684 -0.017360
v 0.261337 0.369053 -0.023602
v -0.255833 1.423194 -0.137941
v -0.262632 1.408482 -0.132685
v -0.264916 1.440433 -0.114126
v -0.258786 1.451666 -0.119127
v -0.215776 1.277916 -0.087034
v -0.223073 1.271004 -0.087028
v -0.230868 1.294010 -0.115768
v -0.221047 1.307577 -0.116848
v -0.222009 1.274849 -0.059977
v -0.260297 1.461387 -0.058477
v -0.242922 1.477697 -0.089939
v -0.259559 1.470568 -0.089608
v -0.241634 1.458276 -0.116636
v -0.238698 1.433109 -0.137037
v -0.234388 1.402736 -0.150820
v -0.204513 1.334602 -0.147802
v -0.223417 1.368777 -0.154806
v -0.215690 1.332117 -0.142139
v -0.212205 1.306734 -0.117941
v -0.209664 1.284289 -0.086419
v -0.226799 1.328704 -0.137610
v -0.240552 1.356723 -0.153772
v -0.239968 1.318551 -0.136317
v -0.253601 1.390833 -0.150755
v -0.262323 1.376208 -0.142364
v -0.258975 1.347239 -0.150654
v -0.202590 1.286341 -0.087896
v -0.263388 1.458428 -0.086272
v -0.312030 1.421336 -0.054414
v -0.313249 1.411982 -0.077721
v -0.350078 1.376597 -0.074911
v -0.281468 1.450262 -0.056062
v -0.282876 1.446416 -0.086337
v -0.313043 1.393036 -0.104955
v -0.345683 1.359185 -0.104388
v -0.281914 1.422308 -0.112886
v -0.309042 1.360438 -0.128676
v -0.335449 1.333327 -0.124584
v -0.280025 1.390250 -0.129869
v -0.301522 1.332441 -0.136382
v -0.319945 1.309003 -0.132804
v -0.280935 1.356247 -0.138750
v -0.287718 1.309197 -0.137593
v -0.304424 1.287486 -0.131735
v -0.270531 1.329655 -0.143917
v -0.271544 1.282993 -0.129213
v -0.287666 1.266856 -0.122216
v -0.256142 1.299886 -0.140244
v -0.256554 1.269535 -0.111339
v -0.275664 1.253246 -0.104235
v -0.239900 1.277117 -0.117598
v -0.244827 1.252339 -0.089431
v -0.264092 1.240868 -0.080833
v -0.233324 1.262708 -0.088096
v -0.242269 1.257869 -0.056522
v -0.259302 1.243979 -0.053546
v -0.232294 1.266359 -0.058193
v -0.467331 1.229527 -0.047989
v -0.492295 1.203560 -0.042173
v -0.443430 1.256119 -0.054414
v -0.462643 1.217667 -0.066212
v -0.487728 1.191981 -0.061589
v -0.440460 1.244497 -0.074320
v -0.452341 1.199045 -0.084063
v -0.474645 1.172561 -0.074556
v -0.430038 1.225530 -0.093683
v -0.438056 1.179776 -0.089933
v -0.460583 1.154890 -0.078034
v -0.415529 1.205029 -0.102186
v -0.420852 1.161003 -0.087512
v -0.444323 1.138623 -0.074314
v -0.396694 1.184658 -0.099298
v -0.403236 1.145579 -0.074078
v -0.428578 1.125100 -0.061412
v -0.379009 1.168823 -0.083981
v -0.391784 1.139271 -0.052944
v -0.419358 1.119678 -0.043431
v -0.366922 1.161954 -0.063732
v -0.412370 1.117949 -0.025657
v -0.385122 1.137608 -0.035418
v -0.359264 1.159405 -0.045019
v -0.464824 1.068760 0.011882
v -0.544818 1.143203 -0.023312
v -0.527459 1.158065 -0.027983
v -0.520179 1.146162 -0.044305
v -0.537057 1.130630 -0.042639
v -0.507096 1.131472 -0.054072
v -0.523098 1.113974 -0.053280
v -0.468532 1.094122 -0.040549
v -0.484037 1.076904 -0.035252
v -0.496656 1.087317 -0.047895
v -0.479847 1.104793 -0.050859
v -0.459793 1.088008 -0.028225
v -0.475572 1.071417 -0.023289
v -0.452324 1.084962 -0.010209
v -0.468172 1.067443 -0.006211
v -0.509019 1.099782 -0.052271
v -0.493274 1.117323 -0.055507
v -0.476688 1.109330 -0.048320
v -0.491059 1.121470 -0.054420
v -0.460514 1.122788 -0.063006
v -0.476430 1.137305 -0.068781
v -0.464995 1.099954 -0.039037
v -0.446401 1.111663 -0.051143
v -0.457527 1.093171 -0.027221
v -0.438331 1.106370 -0.035329
v -0.450109 1.091724 -0.009494
v -0.429815 1.102979 -0.017691
v -0.490802 1.153788 -0.066041
v -0.514170 1.148668 -0.043673
v -0.504417 1.135015 -0.053056
v -0.501550 1.169774 -0.054184
v -0.520282 1.159037 -0.027759
v -0.508710 1.182822 -0.035654
v -0.312425 1.199002 -0.038158
v -0.425299 1.287918 -0.060219
v -0.413778 1.302047 -0.063165
v -0.418946 1.272386 -0.083136
v -0.404987 1.288134 -0.088451
v -0.406721 1.251734 -0.101767
v -0.390925 1.269621 -0.108120
v -0.391595 1.230564 -0.110518
v -0.374476 1.247738 -0.116057
v -0.372674 1.209868 -0.107559
v -0.355796 1.229419 -0.113470
v -0.355126 1.192781 -0.093139
v -0.337802 1.211704 -0.099700
v -0.341802 1.183816 -0.074999
v -0.326367 1.199931 -0.081855
v -0.332788 1.180424 -0.054851
v -0.317816 1.195524 -0.061725
v -0.378511 1.343912 -0.071486
v -0.395578 1.323563 -0.067069
v -0.373910 1.327235 -0.098731
v -0.387886 1.309931 -0.095123
v -0.360483 1.304163 -0.118484
v -0.375850 1.288221 -0.112951
v -0.343880 1.281740 -0.126887
v -0.359281 1.265279 -0.121926
v -0.324736 1.262319 -0.119730
v -0.339759 1.248796 -0.115886
v -0.308544 1.243244 -0.108404
v -0.322744 1.229354 -0.105829
v -0.293418 1.231104 -0.095236
v -0.308184 1.216889 -0.087305
v -0.282996 1.226394 -0.073440
v -0.299462 1.211748 -0.068061
v -0.278549 1.228576 -0.050647
v -0.293384 1.215118 -0.045385
v -0.559412 1.119721 -0.013486
v -0.562073 1.114190 -0.012719
v -0.558794 1.125553 -0.016758
v -0.551291 1.108703 -0.032772
v -0.555223 1.102957 -0.028515
v -0.549660 1.113218 -0.035736
v -0.538190 1.092199 -0.040549
v -0.542740 1.087014 -0.036599
v -0.536628 1.096304 -0.045137
v -0.527047 1.081268 -0.038140
v -0.531511 1.075997 -0.036061
v -0.524351 1.083234 -0.043578
v -0.516436 1.070143 -0.034750
v -0.520900 1.065628 -0.031438
v -0.514650 1.072800 -0.040319
v -0.505997 1.061761 -0.025037
v -0.512092 1.058650 -0.022657
v -0.501000 1.062128 -0.027269
v -0.498597 1.056706 -0.012352
v -0.504761 1.053898 -0.011484
v -0.493377 1.057592 -0.016025
v -0.494029 1.054265 0.000957
v -0.499919 1.052105 0.002859
v -0.488518 1.054697 -0.000501
v -0.491986 1.055734 0.016246
v -0.497034 1.053250 0.016659
v -0.485994 1.055777 0.016240
v -0.228224 1.494158 -0.059829
v -0.226439 1.485107 -0.090399
v -0.214763 1.280789 -0.060774
v -0.242132 1.483055 -0.060390
v -0.258082 1.475774 -0.061394
v -0.224361 1.468926 -0.118194
v -0.222215 1.446265 -0.140941
v -0.217373 1.414639 -0.157351
v -0.209595 1.378844 -0.162754
v -0.203414 1.303407 -0.120515
v -0.211295 1.283015 -0.061069
v -0.206590 1.280444 -0.060213
v -0.346438 1.382084 -0.051007
v -0.463519 1.232832 -0.026548
v -0.489153 1.206693 -0.019952
v -0.439893 1.260915 -0.033215
v -0.410876 1.121492 -0.006666
v -0.383267 1.141474 -0.015311
v -0.355933 1.161867 -0.023779
v -0.545848 1.149467 -0.003028
v -0.528867 1.163984 -0.009347
v -0.448856 1.087036 0.006922
v -0.505499 1.186105 -0.014254
v -0.521398 1.164719 -0.009512
v -0.447654 1.093927 0.006142
v -0.427823 1.106651 0.000137
v -0.417298 1.291699 -0.037266
v -0.408627 1.307685 -0.037673
v -0.329663 1.183254 -0.032506
v -0.376022 1.349702 -0.046714
v -0.392333 1.325183 -0.041600
v -0.560717 1.124387 0.003751
v -0.562554 1.119894 0.005469
v -0.560408 1.131580 0.003503
v 0.211253 1.282993 -0.061069
v 0.209862 1.291980 -0.031697
v 0.242159 1.484459 -0.060662
v 0.243618 1.483681 -0.029820
v 0.240253 1.466053 -0.004062
v 0.236939 1.441578 0.012909
v 0.233145 1.413019 0.024684
v 0.229505 1.382711 0.029113
v 0.217039 1.353893 0.022706
v 0.223547 1.354454 0.022410
v 0.219014 1.333565 0.009667
v 0.214739 1.311746 -0.008402
v 0.376323 1.349918 -0.047062
v 0.370211 1.351300 -0.023324
v 0.347822 1.382948 -0.025798
v 0.313465 1.416303 -0.029495
v 0.333966 1.371412 -0.005142
v 0.359737 1.346137 -0.000838
v 0.306751 1.402455 -0.003973
v 0.320590 1.356247 0.011079
v 0.345778 1.333608 0.017291
v 0.297549 1.387679 0.018082
v 0.306442 1.339937 0.024460
v 0.329450 1.317795 0.029219
v 0.288878 1.359661 0.027093
v 0.272172 1.339095 0.028174
v 0.291196 1.318378 0.033134
v 0.299660 1.281675 0.024796
v 0.279349 1.299605 0.027294
v 0.271365 1.281675 0.011864
v 0.289050 1.265106 0.012277
v 0.265183 1.264847 -0.006577
v 0.282473 1.249423 -0.005308
v 0.253611 1.300318 0.011929
v 0.247207 1.283814 -0.007203
v 0.261011 1.251885 -0.028113
v 0.279005 1.237714 -0.027115
v 0.242897 1.268454 -0.030676
v 0.259603 1.239939 -0.055512
v 0.278439 1.228468 -0.050735
v 0.216713 1.292088 -0.031668
v 0.224611 1.286147 -0.032790
v 0.228183 1.301226 -0.007445
v 0.220405 1.309348 -0.007180
v 0.214756 1.280811 -0.060774
v 0.233196 1.322007 0.010010
v 0.224937 1.331534 0.009425
v 0.239652 1.343848 0.024749
v 0.231273 1.351711 0.022576
v 0.246829 1.368129 0.031770
v 0.237866 1.377958 0.031634
v 0.252941 1.394289 0.026196
v 0.244975 1.407813 0.028947
v 0.255483 1.424231 0.011486
v 0.250709 1.435356 0.015944
v 0.258350 1.445725 -0.005698
v 0.255826 1.459508 -0.002810
v 0.262179 1.461409 -0.029938
v 0.259020 1.475731 -0.029034
v 0.262093 1.462208 -0.058559
v 0.258728 1.475969 -0.061034
v 0.282594 1.451839 -0.056203
v 0.281958 1.449009 -0.030564
v 0.233368 1.278348 -0.034189
v 0.274884 1.432008 -0.004469
v 0.270815 1.409282 0.012709
v 0.268806 1.382322 0.031233
v 0.242605 1.311962 0.011037
v 0.236510 1.293384 -0.007729
v 0.255345 1.353655 0.037823
v 0.247224 1.330864 0.029001
v 0.417891 1.200968 0.052509
v 0.404396 1.186278 0.047472
v 0.432005 1.162710 0.050022
v 0.444728 1.176017 0.055343
v 0.393957 1.222441 0.045198
v 0.380273 1.209868 0.038460
v 0.395245 1.171437 0.036234
v 0.423128 1.149705 0.039447
v 0.370142 1.195524 0.027985
v 0.388634 1.159059 0.021714
v 0.416518 1.138299 0.026396
v 0.362193 1.181828 0.014657
v 0.413050 1.129463 0.010665
v 0.384788 1.149467 0.003839
v 0.357952 1.170919 -0.003950
v 0.481214 1.205289 0.000904
v 0.488476 1.206131 -0.020383
v 0.463855 1.233199 -0.026525
v 0.459150 1.235208 -0.003790
v 0.439319 1.260137 -0.033050
v 0.436503 1.264112 -0.008420
v 0.452746 1.232745 0.014203
v 0.475788 1.203085 0.017716
v 0.429138 1.260721 0.010045
v 0.445002 1.227021 0.031191
v 0.469126 1.200277 0.033778
v 0.423094 1.251475 0.027241
v 0.434186 1.214729 0.041909
v 0.459391 1.191722 0.053235
v 0.411178 1.239810 0.041265
v 0.410766 1.121406 -0.006731
v 0.383621 1.141863 -0.015453
v 0.356939 1.163704 -0.024334
v 0.473024 1.128837 0.051109
v 0.475530 1.125921 0.056240
v 0.486365 1.136549 0.056790
v 0.483669 1.139919 0.052178
v 0.464198 1.157979 0.053725
v 0.452643 1.145881 0.050465
v 0.465263 1.114104 0.050885
v 0.463185 1.117949 0.045517
v 0.443320 1.133935 0.042240
v 0.455425 1.108509 0.034835
v 0.455236 1.101423 0.039441
v 0.435593 1.123004 0.031174
v 0.449587 1.098075 0.020308
v 0.450102 1.092545 0.023775
v 0.431095 1.113434 0.015773
v 0.419093 1.280919 -0.039451
v 0.420055 1.285088 -0.013427
v 0.405838 1.277852 0.001182
v 0.398781 1.268066 0.019428
v 0.386351 1.259878 0.031829
v 0.370692 1.243655 0.035177
v 0.359823 1.230240 0.031156
v 0.349642 1.214275 0.021466
v 0.340799 1.200385 0.007418
v 0.337348 1.188417 -0.010764
v 0.333588 1.179171 -0.029442
v 0.528928 1.164136 -0.009376
v 0.521322 1.164827 -0.009477
v 0.517030 1.164935 0.008534
v 0.525031 1.165043 0.012266
v 0.505732 1.186408 -0.014136
v 0.500633 1.186667 0.005386
v 0.511501 1.162191 0.024082
v 0.517699 1.162148 0.029656
v 0.495258 1.183816 0.021714
v 0.505698 1.157784 0.036772
v 0.510213 1.156337 0.042062
v 0.487498 1.179171 0.035331
v 0.496014 1.151001 0.046887
v 0.499826 1.148106 0.052184
v 0.476921 1.170184 0.048133
v 0.448746 1.086993 0.006922
v 0.447698 1.093906 0.006195
v 0.428142 1.106975 -0.000542
v 0.492151 1.111101 0.062051
v 0.504736 1.123048 0.061868
v 0.481093 1.097772 0.056790
v 0.471839 1.084681 0.045558
v 0.465932 1.074831 0.029874
v 0.542527 1.150396 0.016753
v 0.535573 1.147394 0.032833
v 0.527314 1.142382 0.046503
v 0.517013 1.133525 0.056689
v 0.464782 1.068825 0.011882
v 0.415728 1.304682 -0.039498
v 0.409598 1.298136 -0.015766
v 0.393905 1.329028 -0.017230
v 0.400481 1.331793 -0.043513
v 0.383930 1.314187 0.005876
v 0.358312 1.287983 0.036464
v 0.379311 1.295847 0.024448
v 0.384033 1.276901 0.009786
v 0.367498 1.276685 0.017775
v 0.337691 1.274222 0.041076
v 0.312366 1.298352 0.031209
v 0.345641 1.268454 0.025032
v 0.317328 1.203474 -0.015264
v 0.316796 1.194487 -0.036988
v 0.298424 1.211164 -0.042214
v 0.301429 1.218509 -0.017330
v 0.311576 1.241970 0.020196
v 0.320659 1.259468 0.035378
v 0.333468 1.252382 0.019092
v 0.325003 1.239226 0.011988
v 0.306923 1.224774 0.002268
v 0.321947 1.215075 0.003798
v 0.401820 1.290921 0.003632
v 0.263381 1.319221 0.034675
v 0.523073 1.108487 0.062890
v 0.533495 1.117107 0.057587
v 0.509836 1.096044 0.063421
v 0.499534 1.082932 0.057345
v 0.513802 1.092588 0.060415
v 0.519004 1.087706 0.058260
v 0.528207 1.098745 0.058691
v 0.524481 1.103324 0.059967
v 0.491275 1.070834 0.047548
v 0.503946 1.081354 0.054953
v 0.509750 1.077574 0.053424
v 0.486468 1.061977 0.032703
v 0.496563 1.070294 0.047017
v 0.502693 1.068112 0.046344
v 0.485987 1.055863 0.016222
v 0.492322 1.062085 0.033087
v 0.497611 1.059104 0.032738
v 0.491945 1.055993 0.015944
v 0.496924 1.053725 0.016547
v 0.557087 1.132509 0.020450
v 0.551060 1.129982 0.034415
v 0.556400 1.125683 0.019930
v 0.558701 1.120693 0.020296
v 0.542836 1.125640 0.047950
v 0.544913 1.120887 0.045907
v 0.551009 1.124603 0.033978
v 0.535504 1.112916 0.054203
v 0.554185 1.120066 0.033004
v 0.547952 1.115767 0.044253
v 0.539780 1.108531 0.053754
v 0.206669 1.280465 -0.060189
v 0.208008 1.289387 -0.030522
v 0.228097 1.493597 -0.030014
v 0.224611 1.476487 -0.000324
v 0.228457 1.494115 -0.059735
v 0.223564 1.450564 0.014852
v 0.224663 1.417080 0.027997
v 0.223478 1.383747 0.029839
v 0.212352 1.334710 0.011380
v 0.208523 1.310666 -0.007286
v 0.353882 1.383812 -0.051320
v 0.315972 1.417858 -0.054160
v 0.241695 1.257372 -0.056380
v 0.222019 1.274892 -0.059988
v 0.232235 1.266316 -0.058182
v 0.545875 1.149554 -0.003034
v 0.560383 1.131580 0.003503
v 0.560074 1.124300 0.003668
v 0.562049 1.119742 0.005321
v 0.202462 1.286385 -0.087866
v 0.209468 1.283360 -0.086697
v 0.211150 1.306173 -0.118230
v 0.215237 1.331901 -0.142553
v 0.223427 1.368777 -0.154753
v 0.234381 1.402714 -0.150914
v 0.238690 1.433088 -0.136919
v 0.241627 1.458276 -0.116630
v 0.242914 1.477697 -0.089939
v 0.378487 1.343912 -0.071486
v 0.356115 1.379319 -0.075625
v 0.353882 1.383812 -0.051320
v 0.313379 1.408590 -0.080420
v 0.315972 1.417858 -0.054160
v 0.347478 1.359056 -0.105292
v 0.373902 1.327127 -0.098619
v 0.314049 1.395283 -0.107837
v 0.241695 1.257372 -0.056380
v 0.281357 1.222873 -0.073399
v 0.262591 1.237844 -0.080886
v 0.245232 1.253117 -0.089342
v 0.294424 1.233134 -0.090695
v 0.276292 1.248343 -0.104087
v 0.256101 1.266532 -0.114386
v 0.308984 1.244994 -0.106922
v 0.291453 1.266251 -0.117704
v 0.270935 1.284721 -0.136069
v 0.324522 1.261693 -0.120450
v 0.303335 1.286147 -0.131859
v 0.286165 1.310428 -0.137988
v 0.343838 1.281740 -0.126899
v 0.321346 1.311184 -0.132703
v 0.299987 1.337626 -0.136736
v 0.360476 1.304163 -0.118478
v 0.334755 1.334213 -0.124596
v 0.309859 1.363851 -0.128971
v 0.222019 1.274892 -0.059988
v 0.263363 1.458471 -0.086236
v 0.259449 1.470568 -0.089567
v 0.258779 1.451752 -0.119139
v 0.264943 1.440476 -0.114185
v 0.256169 1.423431 -0.138402
v 0.262900 1.408547 -0.132880
v 0.253748 1.390919 -0.151174
v 0.262745 1.376294 -0.142576
v 0.259140 1.347239 -0.151151
v 0.240511 1.356658 -0.154575
v 0.224972 1.326457 -0.141803
v 0.239000 1.315073 -0.141077
v 0.220182 1.304531 -0.119169
v 0.230672 1.293924 -0.115956
v 0.214825 1.277052 -0.087146
v 0.221452 1.269470 -0.087039
v 0.282903 1.446460 -0.086360
v 0.284740 1.421530 -0.110382
v 0.281563 1.388954 -0.128800
v 0.276533 1.361194 -0.138874
v 0.268635 1.333867 -0.145240
v 0.252907 1.307274 -0.137657
v 0.237763 1.275821 -0.119990
v 0.231977 1.260699 -0.088238
v 0.232235 1.266316 -0.058182
v 0.466516 1.228965 -0.047747
v 0.492563 1.203906 -0.042285
v 0.443406 1.256119 -0.054420
v 0.412380 1.117971 -0.025651
v 0.384101 1.136204 -0.035553
v 0.359394 1.159685 -0.045001
v 0.462601 1.217667 -0.066195
v 0.487223 1.189627 -0.057857
v 0.440435 1.244476 -0.074320
v 0.452385 1.198959 -0.084034
v 0.473264 1.171545 -0.071438
v 0.430030 1.225530 -0.093689
v 0.438049 1.179776 -0.089939
v 0.460524 1.154911 -0.077857
v 0.415505 1.205029 -0.102180
v 0.420828 1.161003 -0.087518
v 0.444350 1.138493 -0.074550
v 0.396670 1.184658 -0.099304
v 0.403726 1.147286 -0.073098
v 0.428537 1.124927 -0.061536
v 0.378985 1.168845 -0.084004
v 0.392909 1.140178 -0.053174
v 0.419334 1.119699 -0.043431
v 0.366897 1.161975 -0.063732
v 0.428279 1.281913 -0.060331
v 0.338670 1.175585 -0.054337
v 0.424279 1.266121 -0.081353
v 0.411745 1.242899 -0.099706
v 0.397477 1.223435 -0.106928
v 0.378384 1.203171 -0.103485
v 0.361815 1.188460 -0.090494
v 0.348474 1.178631 -0.073570
v 0.527692 1.158497 -0.028225
v 0.520292 1.159361 -0.028272
v 0.508788 1.182865 -0.035672
v 0.449896 1.091702 -0.009559
v 0.452042 1.084789 -0.010292
v 0.429704 1.102914 -0.017655
v 0.520481 1.146378 -0.044978
v 0.514283 1.148690 -0.043732
v 0.501646 1.169774 -0.054266
v 0.504204 1.135253 -0.053209
v 0.507123 1.131688 -0.054839
v 0.490846 1.153702 -0.066153
v 0.491018 1.121406 -0.054207
v 0.493335 1.117085 -0.056162
v 0.476389 1.137305 -0.068716
v 0.476578 1.109135 -0.048822
v 0.479514 1.104836 -0.051503
v 0.460490 1.122767 -0.063035
v 0.468474 1.094078 -0.040596
v 0.464971 1.099998 -0.038996
v 0.446376 1.111663 -0.051149
v 0.459837 1.088073 -0.028255
v 0.457605 1.093150 -0.027168
v 0.438323 1.106349 -0.035305
v 0.545875 1.149554 -0.003034
v 0.544948 1.143332 -0.023395
v 0.468250 1.067313 -0.006052
v 0.537342 1.130781 -0.042994
v 0.523194 1.113974 -0.053806
v 0.509063 1.099717 -0.052548
v 0.496598 1.087166 -0.048096
v 0.483961 1.076818 -0.035359
v 0.475530 1.071374 -0.023318
v 0.400584 1.327365 -0.070062
v 0.413513 1.302003 -0.063219
v 0.391175 1.307123 -0.093535
v 0.407555 1.286061 -0.086915
v 0.377800 1.284764 -0.112850
v 0.395330 1.264912 -0.106296
v 0.361489 1.262298 -0.120669
v 0.379637 1.243395 -0.114409
v 0.342413 1.241322 -0.114197
v 0.360647 1.223024 -0.110506
v 0.326068 1.225681 -0.098873
v 0.343340 1.204748 -0.097291
v 0.309945 1.214426 -0.086620
v 0.330051 1.196151 -0.079794
v 0.301549 1.209285 -0.064984
v 0.320762 1.192521 -0.059463
v 0.488511 1.054718 -0.000495
v 0.493284 1.057397 -0.016132
v 0.493885 1.054697 0.000928
v 0.499671 1.052666 0.002906
v 0.550167 1.113456 -0.036333
v 0.537530 1.095699 -0.046602
v 0.559456 1.125856 -0.017012
v 0.560383 1.131580 0.003503
v 0.560332 1.120455 -0.014520
v 0.562667 1.114104 -0.012701
v 0.556709 1.102136 -0.028733
v 0.552228 1.108358 -0.033392
v 0.560074 1.124300 0.003668
v 0.562049 1.119742 0.005321
v 0.500942 1.061869 -0.027410
v 0.497920 1.056274 -0.012902
v 0.504650 1.054330 -0.011455
v 0.514609 1.072065 -0.041293
v 0.505869 1.061869 -0.024918
v 0.512119 1.058521 -0.022710
v 0.524756 1.082932 -0.044157
v 0.538423 1.092091 -0.041370
v 0.526851 1.080771 -0.038795
v 0.516618 1.069862 -0.034674
v 0.521254 1.064915 -0.031585
v 0.532139 1.075435 -0.036433
v 0.543317 1.086410 -0.036770
v 0.206669 1.280465 -0.060189
v 0.211253 1.282993 -0.061069
v 0.228457 1.494115 -0.059735
v 0.203510 1.303299 -0.120438
v 0.207356 1.334364 -0.147519
v 0.213485 1.378260 -0.162116
v 0.221469 1.413991 -0.157817
v 0.224285 1.446200 -0.140687
v 0.224388 1.468926 -0.118171
v 0.226431 1.485193 -0.090340
v 0.242159 1.484459 -0.060662
v 0.376323 1.349918 -0.047062
v 0.259603 1.239939 -0.055512
v 0.278439 1.228468 -0.050735
v 0.214756 1.280811 -0.060774
v 0.262093 1.462208 -0.058559
v 0.258728 1.475969 -0.061034
v 0.282594 1.451839 -0.056203
v 0.488476 1.206131 -0.020383
v 0.463855 1.233199 -0.026525
v 0.439319 1.260137 -0.033050
v 0.410766 1.121406 -0.006731
v 0.383621 1.141863 -0.015453
v 0.356939 1.163704 -0.024334
v 0.419093 1.280919 -0.039451
v 0.333588 1.179171 -0.029442
v 0.528928 1.164136 -0.009376
v 0.521322 1.164827 -0.009477
v 0.505732 1.186408 -0.014136
v 0.448746 1.086993 0.006922
v 0.447698 1.093906 0.006195
v 0.428142 1.106975 -0.000542
v 0.464782 1.068825 0.011882
v 0.415728 1.304682 -0.039498
v 0.400481 1.331793 -0.043513
v 0.316796 1.194487 -0.036988
v 0.298424 1.211164 -0.042214
v 0.485987 1.055863 0.016222
v 0.491945 1.055993 0.015944
v 0.496924 1.053725 0.016547
v -0.205388 0.192344 -0.081158
v -0.215433 0.193035 -0.074414
v -0.221442 0.193251 -0.063348
v -0.223485 0.193057 -0.050995
v -0.220498 0.192430 -0.038825
v -0.215227 0.191588 -0.027871
v -0.180200 0.187721 -0.023702
v -0.171255 0.187116 -0.032424
v -0.165589 0.187029 -0.043909
v -0.164061 0.187505 -0.057373
v -0.173521 0.189190 -0.075855
v -0.182106 0.190183 -0.080963
v -0.191069 0.191091 -0.082935
v -0.167237 0.188261 -0.067222
v -0.204032 0.190183 -0.020395
v -0.191464 0.188801 -0.019846
v -0.193215 0.190464 -0.052572
v -0.217424 0.195519 -0.109697
v -0.237616 0.196232 -0.096210
v -0.249618 0.195951 -0.074107
v -0.253567 0.196772 -0.049413
v -0.247643 0.194958 -0.025078
v -0.237101 0.193964 -0.003223
v -0.166945 0.187505 0.005209
v -0.149037 0.185841 -0.012264
v -0.137843 0.184718 -0.035193
v -0.134735 0.186489 -0.062079
v -0.170946 0.190378 -0.109343
v -0.153742 0.188628 -0.099121
v -0.188888 0.191912 -0.113299
v -0.141191 0.187073 -0.081873
v -0.214591 0.192300 0.011764
v -0.189472 0.189341 0.012927
v -0.530859 1.090341 0.036583
v -0.525897 1.085200 0.036140
v -0.521226 1.079907 0.033902
v -0.517638 1.075327 0.030217
v -0.536473 1.095288 0.033908
v -0.541058 1.098723 0.029396
v -0.544491 1.100754 0.023899
v -0.546655 1.101229 0.017391
v -0.548149 1.100775 0.009898
v -0.547805 1.098032 0.000757
v -0.544354 1.092458 -0.007162
v -0.537795 1.084725 -0.011254
v -0.532249 1.079151 -0.010988
v -0.526772 1.074204 -0.008739
v -0.522257 1.070791 -0.004363
v -0.518514 1.068479 0.001182
v -0.515921 1.067767 0.008339
v -0.514547 1.068242 0.015295
v -0.514942 1.070812 0.023420
v -0.529004 1.086129 0.013069
v -0.528369 1.098572 0.058963
v -0.519011 1.087684 0.058242
v -0.509963 1.077077 0.053855
v -0.502752 1.067918 0.046468
v -0.539615 1.108531 0.053642
v -0.548320 1.115703 0.044543
v -0.555017 1.119980 0.033406
v -0.559532 1.120822 0.020409
v -0.562554 1.119894 0.005469
v -0.562073 1.114190 -0.012719
v -0.555223 1.102957 -0.028515
v -0.542740 1.087014 -0.036599
v -0.531511 1.075997 -0.036061
v -0.520900 1.065628 -0.031438
v -0.512092 1.058650 -0.022657
v -0.504761 1.053898 -0.011484
v -0.499919 1.052105 0.002859
v -0.497034 1.053250 0.016659
v -0.497618 1.058542 0.032880
v 0.161684 1.460890 0.083870
v 0.189379 1.449743 0.073708
v 0.187044 1.451277 0.065665
v 0.159349 1.462424 0.075828
v 0.182975 1.446136 0.060238
v 0.155280 1.457283 0.070407
v 0.152550 1.449311 0.071682
v 0.180245 1.438164 0.061520
v 0.180897 1.433390 0.068541
v 0.153202 1.444537 0.078703
v 0.184451 1.435399 0.076016
v 0.156756 1.446546 0.086179
v 0.188229 1.442679 0.078314
v 0.160534 1.453826 0.088476
v 0.152241 1.457477 0.061915
v 0.179936 1.446330 0.051747
v 0.182975 1.446136 0.060238
v 0.155280 1.457283 0.070407
v 0.145957 1.430387 0.103682
v 0.150404 1.453977 0.091417
v 0.145957 1.456051 0.077694
v 0.150404 1.461862 0.083433
v 0.145957 1.448166 0.085677
v 0.150404 1.436198 0.109421
v 0.145957 1.427212 0.106900
v 0.150404 1.433023 0.112640
v 0.152756 1.427773 0.101089
v 0.157203 1.433585 0.106829
v 0.184760 1.415395 0.088872
v 0.189207 1.421206 0.094611
v 0.145957 1.427212 0.106900
v 0.151004 1.425268 0.104975
v 0.155451 1.431079 0.110715
v 0.150404 1.433023 0.112640
v 0.191560 1.430539 0.068275
v 0.196006 1.436350 0.074015
v 0.196006 1.418571 0.092019
v 0.191560 1.412760 0.086279
v 0.191560 1.438424 0.060291
v 0.196006 1.444235 0.066031
v 0.191560 1.409584 0.089498
v 0.196006 1.415395 0.095237
v 0.191560 1.438424 0.060291
v 0.182545 1.441902 0.063734
v 0.186975 1.447713 0.069474
v 0.196006 1.444235 0.066031
v 0.186512 1.411528 0.091423
v 0.191560 1.409584 0.089498
v 0.196006 1.415395 0.095237
v 0.190958 1.417339 0.097162
v 0.198307 1.409519 0.075562
v 0.200213 1.380248 0.085488
v 0.196487 1.378174 0.080079
v 0.194581 1.407424 0.070153
v 0.189636 1.377548 0.079565
v 0.187731 1.406819 0.069633
v 0.184829 1.378865 0.084331
v 0.182940 1.408115 0.074399
v 0.185687 1.381112 0.090791
v 0.183782 1.410362 0.080859
v 0.191560 1.382603 0.094080
v 0.189654 1.411874 0.084148
v 0.198015 1.382214 0.091718
v 0.196127 1.411485 0.081792
v 0.184829 1.378865 0.084331
v 0.182940 1.408115 0.074399
v 0.200265 1.406149 0.076495
v 0.201724 1.383683 0.084118
v 0.197174 1.381134 0.077522
v 0.195715 1.403600 0.069893
v 0.188829 1.380377 0.076890
v 0.187370 1.402844 0.069267
v 0.182957 1.381976 0.082707
v 0.181498 1.404443 0.075083
v 0.184005 1.384720 0.090590
v 0.182545 1.407186 0.082961
v 0.191165 1.386556 0.094600
v 0.189705 1.409022 0.086976
v 0.199045 1.386081 0.091724
v 0.197586 1.408547 0.084095
v 0.188829 1.380377 0.076890
v 0.187370 1.402844 0.069267
v 0.184280 1.404918 0.076778
v 0.182648 1.404464 0.075704
v 0.170990 1.408979 0.091251
v 0.172347 1.409541 0.092686
v 0.147828 1.412349 0.105618
v 0.146832 1.411723 0.104000
v 0.132032 1.413905 0.113260
v 0.133114 1.414510 0.114836
v 0.173806 1.387117 0.100298
v 0.185722 1.382495 0.084390
v 0.149288 1.389926 0.113230
v 0.134573 1.392086 0.122448
v 0.184280 1.404918 0.076778
v 0.172347 1.409541 0.092686
v 0.147828 1.412349 0.105618
v 0.133114 1.414510 0.114836
v 0.172450 1.386556 0.098863
v 0.184108 1.382041 0.083315
v 0.148275 1.389299 0.111612
v 0.133491 1.391481 0.120871
v 0.173806 1.387117 0.100298
v 0.185722 1.382495 0.084390
v 0.149288 1.389926 0.113230
v 0.134573 1.392086 0.122448
v -0.187051 1.451277 0.065665
v -0.189386 1.449743 0.073708
v -0.161691 1.460890 0.083870
v -0.159373 1.462424 0.075828
v -0.182999 1.446136 0.060238
v -0.155304 1.457283 0.070407
v -0.180904 1.433390 0.068541
v -0.180252 1.438164 0.061520
v -0.152557 1.449311 0.071682
v -0.153227 1.444537 0.078703
v -0.184459 1.435399 0.076016
v -0.156764 1.446546 0.086179
v -0.188236 1.442679 0.078314
v -0.160541 1.453826 0.088476
v -0.152265 1.457477 0.061915
v -0.179960 1.446330 0.051747
v -0.182999 1.446136 0.060238
v -0.155304 1.457283 0.070407
v -0.155459 1.431079 0.110927
v -0.151029 1.425268 0.105187
v -0.145981 1.427212 0.107112
v -0.150411 1.433023 0.112852
v -0.187000 1.447713 0.069686
v -0.182553 1.441902 0.063952
v -0.191584 1.438424 0.060504
v -0.196014 1.444235 0.066244
v -0.152780 1.427773 0.101302
v -0.157210 1.433585 0.107042
v -0.184785 1.415395 0.089084
v -0.189215 1.421206 0.094824
v -0.196014 1.415395 0.095450
v -0.191584 1.409584 0.089710
v -0.186536 1.411528 0.091635
v -0.190966 1.417339 0.097375
v 0.090464 1.219503 0.155422
v 0.089829 1.146422 0.142171
v 0.088919 1.147653 0.135457
v 0.089554 1.220756 0.148702
v 0.082995 1.148430 0.131990
v 0.083647 1.221534 0.145241
v 0.076539 1.148171 0.134394
v 0.077192 1.221274 0.147645
v 0.074410 1.147070 0.140848
v 0.075045 1.220151 0.154099
v 0.078188 1.145946 0.146499
v 0.078823 1.219028 0.159750
v 0.085055 1.145644 0.147090
v 0.085691 1.218747 0.160335
v 0.085055 1.145644 0.147090
v 0.085691 1.218747 0.160335
v 0.092026 1.215831 0.155386
v 0.091425 1.192457 0.151158
v 0.090309 1.193969 0.142962
v 0.090910 1.217343 0.147190
v 0.083098 1.194919 0.138734
v 0.083699 1.218293 0.142968
v 0.075217 1.194595 0.141663
v 0.075835 1.217969 0.145897
v 0.072607 1.193234 0.149540
v 0.073225 1.216608 0.153774
v 0.077226 1.191873 0.156437
v 0.077844 1.215247 0.160665
v 0.085605 1.191528 0.157158
v 0.086206 1.214902 0.161386
v 0.085605 1.191528 0.157158
v 0.086206 1.214902 0.161386
v 0.090120 1.216003 0.154784
v 0.089228 1.217192 0.148288
v 0.083527 1.217948 0.144946
v 0.077278 1.217688 0.147261
v 0.075217 1.216608 0.153502
v 0.078874 1.215528 0.158959
v 0.085502 1.215247 0.159532
v 0.092026 1.215831 0.155386
v 0.090910 1.217343 0.147190
v 0.083699 1.218293 0.142968
v 0.075835 1.217969 0.145897
v 0.073225 1.216608 0.153774
v 0.077844 1.215247 0.160665
v 0.086206 1.214902 0.161386
v 0.085502 1.215247 0.159532
v 0.086206 1.214902 0.161386
v 0.059473 1.192932 0.154288
v 0.077329 1.194228 0.144485
v 0.031657 1.193364 0.155805
v 0.014316 1.193407 0.158085
v 0.077947 1.217580 0.148713
v 0.060073 1.216263 0.158510
v 0.032275 1.216716 0.160033
v 0.014917 1.216760 0.162313
v 0.058906 1.193299 0.152345
v 0.076367 1.194574 0.142773
v 0.031486 1.193731 0.153845
v 0.014058 1.193774 0.156136
v 0.059473 1.192932 0.154288
v 0.077329 1.194228 0.144485
v 0.031657 1.193364 0.155805
v 0.014316 1.193407 0.158085
v 0.077947 1.217580 0.148713
v 0.076968 1.217904 0.146995
v 0.059524 1.216630 0.156573
v 0.060073 1.216263 0.158510
v 0.032275 1.216716 0.160033
v 0.032087 1.217062 0.158073
v 0.014659 1.217105 0.160358
v 0.014917 1.216760 0.162313
v 0.083132 1.140610 0.128737
v 0.090069 1.147761 0.134701
v 0.083132 1.148690 0.130638
v 0.090069 1.139703 0.132799
v 0.073037 1.138990 0.139135
v 0.075543 1.148366 0.133455
v 0.073037 1.147070 0.141037
v 0.075543 1.140308 0.131553
v 0.077484 1.137672 0.145767
v 0.073037 1.147070 0.141037
v 0.077484 1.145752 0.147668
v 0.073037 1.138990 0.139135
v 0.082772 1.134367 0.131996
v 0.090069 1.139703 0.132799
v 0.083132 1.140610 0.128737
v 0.086738 1.133827 0.134323
v 0.079527 1.132682 0.141757
v 0.073037 1.138990 0.139135
v 0.077484 1.137672 0.145767
v 0.076986 1.133438 0.137954
v 0.084145 1.132488 0.142153
v 0.077484 1.137672 0.145767
v 0.085536 1.137348 0.146458
v 0.079527 1.132682 0.141757
v 0.000477 0.907497 0.161244
v 0.001524 0.907367 0.163134
v 0.001524 0.947764 0.166576
v 0.000460 0.947937 0.164840
v 0.003636 0.907346 0.163305
v 0.003636 0.947764 0.166411
v 0.004684 0.907475 0.161581
v 0.004701 0.947959 0.164504
v 0.003636 0.907627 0.159691
v 0.003636 0.948132 0.162767
v 0.001524 0.907648 0.159520
v 0.001524 0.948110 0.162939
v 0.001524 0.907367 0.163134
v 0.001524 0.947764 0.166576
v -0.037520 0.944632 0.159496
v -0.039769 0.945042 0.153296
v -0.041503 0.944934 0.154294
v -0.038807 0.944459 0.161238
v -0.037520 0.910176 0.155882
v -0.039769 0.910586 0.149682
v -0.041503 0.910478 0.150680
v -0.038807 0.910003 0.157624
v -0.005155 0.943638 0.169045
v -0.005704 0.943854 0.166877
v -0.005704 0.909420 0.163263
v -0.005155 0.909182 0.165431
v 0.001988 0.944286 0.162815
v 0.002005 0.944567 0.160152
v 0.002005 0.910111 0.156538
v 0.001988 0.909830 0.159201
v 0.009594 0.943854 0.166960
v 0.009028 0.943617 0.169139
v 0.009594 0.909398 0.163346
v 0.009028 0.909182 0.165519
v 0.043522 0.944459 0.161126
v 0.042045 0.944632 0.159425
v 0.042045 0.910197 0.155811
v 0.043522 0.910003 0.157512
v 0.045496 0.944977 0.153774
v 0.043642 0.945064 0.153048
v 0.043642 0.910608 0.149434
v 0.045496 0.910543 0.150160
v 0.117077 0.815837 0.138350
v 0.150060 0.835582 0.133573
v 0.141767 0.848781 0.133537
v 0.173514 0.850985 0.136301
v 0.165891 0.864637 0.136336
v 0.187714 0.857487 0.126936
v 0.180657 0.871421 0.126310
v 0.192676 0.859258 0.107118
v 0.186443 0.873624 0.108140
v 0.198702 0.878982 0.095787
v 0.204196 0.864378 0.094121
v 0.208901 0.883583 0.080215
v 0.116768 0.815643 0.135374
v 0.206789 0.882697 0.078278
v 0.109059 0.829209 0.138273
v 0.215752 0.869736 0.080953
v 0.108750 0.829015 0.135297
v 0.213863 0.868699 0.078869
v 0.109059 0.829209 0.138273
v 0.215752 0.869736 0.080953
v 0.141733 0.848760 0.130538
v 0.150026 0.835560 0.130573
v 0.108750 0.829015 0.135297
v 0.172930 0.850661 0.133378
v 0.165307 0.864313 0.133413
v 0.178596 0.870297 0.124438
v 0.185602 0.856407 0.125093
v 0.184056 0.872652 0.106587
v 0.190255 0.858373 0.105583
v 0.196522 0.878334 0.093838
v 0.202067 0.863665 0.092137
v 0.213863 0.868699 0.078869
v 0.117077 0.815837 0.138350
v 0.150060 0.835582 0.133573
v 0.141767 0.848781 0.133537
v 0.173514 0.850985 0.136301
v 0.165891 0.864637 0.136336
v 0.187714 0.857487 0.126936
v 0.180657 0.871421 0.126310
v 0.192676 0.859258 0.107118
v 0.186443 0.873624 0.108140
v 0.198702 0.878982 0.095787
v 0.204196 0.864378 0.094121
v 0.208901 0.883583 0.080215
v 0.116768 0.815643 0.135374
v 0.206789 0.882697 0.078278
v 0.177206 1.438359 0.053028
v 0.189379 1.449743 0.073708
v 0.187044 1.451277 0.065665
v 0.182975 1.446136 0.060238
v 0.180245 1.438164 0.061520
v 0.180897 1.433390 0.068541
v 0.184451 1.435399 0.076016
v 0.188229 1.442679 0.078314
v 0.179936 1.446330 0.051747
v 0.161684 1.460890 0.083870
v 0.159349 1.462424 0.075828
v 0.155280 1.457283 0.070407
v 0.152550 1.449311 0.071682
v 0.153202 1.444537 0.078703
v 0.156756 1.446546 0.086179
v 0.160534 1.453826 0.088476
v 0.152241 1.457477 0.061915
v 0.149511 1.449506 0.063191
v 0.154988 1.444688 0.082235
v 0.159418 1.450499 0.087974
v 0.186975 1.439849 0.077457
v 0.182545 1.434038 0.071718
v 0.152756 1.427773 0.101089
v 0.157203 1.433585 0.106829
v 0.151004 1.425268 0.104975
v 0.155451 1.431079 0.110715
v 0.159418 1.450499 0.087974
v 0.150404 1.436198 0.109421
v 0.186975 1.439849 0.077457
v 0.157203 1.433585 0.106829
v 0.150404 1.453977 0.091417
v 0.155451 1.431079 0.110715
v 0.150404 1.433023 0.112640
v 0.196006 1.436350 0.074015
v 0.196006 1.418571 0.092019
v 0.186975 1.447713 0.069474
v 0.196006 1.444235 0.066031
v 0.150404 1.461862 0.083433
v 0.189207 1.421206 0.094611
v 0.196006 1.415395 0.095237
v 0.190958 1.417339 0.097162
v 0.159418 1.458363 0.079991
v 0.182545 1.441902 0.063734
v 0.186975 1.447713 0.069474
v 0.186975 1.439849 0.077457
v 0.182545 1.434038 0.071718
v 0.159418 1.458363 0.079991
v 0.145957 1.456051 0.077694
v 0.150404 1.461862 0.083433
v 0.154988 1.452552 0.074251
v 0.145957 1.448166 0.085677
v 0.154988 1.444688 0.082235
v 0.191560 1.412760 0.086279
v 0.154988 1.452552 0.074251
v 0.182545 1.434038 0.071718
v 0.152756 1.427773 0.101089
v 0.145957 1.430387 0.103682
v 0.145957 1.427212 0.106900
v 0.151004 1.425268 0.104975
v 0.191560 1.430539 0.068275
v 0.191560 1.438424 0.060291
v 0.182545 1.441902 0.063734
v 0.145957 1.456051 0.077694
v 0.184760 1.415395 0.088872
v 0.186512 1.411528 0.091423
v 0.191560 1.409584 0.089498
v 0.184760 1.415395 0.088872
v 0.189207 1.421206 0.094611
v 0.186512 1.411528 0.091423
v 0.190958 1.417339 0.097162
v 0.198307 1.409519 0.075562
v 0.194581 1.407424 0.070153
v 0.187731 1.406819 0.069633
v 0.182940 1.408115 0.074399
v 0.183782 1.410362 0.080859
v 0.189654 1.411874 0.084148
v 0.196127 1.411485 0.081792
v 0.200213 1.380248 0.085488
v 0.196487 1.378174 0.080079
v 0.189636 1.377548 0.079565
v 0.184829 1.378865 0.084331
v 0.185687 1.381112 0.090791
v 0.191560 1.382603 0.094080
v 0.198015 1.382214 0.091718
v 0.196127 1.381630 0.079170
v 0.199732 1.383639 0.084396
v 0.189516 1.381025 0.078674
v 0.184863 1.382300 0.083280
v 0.185687 1.384460 0.089521
v 0.191371 1.385908 0.092698
v 0.197603 1.385540 0.090419
v 0.201724 1.383683 0.084118
v 0.197174 1.381134 0.077522
v 0.188829 1.380377 0.076890
v 0.182957 1.381976 0.082707
v 0.184005 1.384720 0.090590
v 0.191165 1.386556 0.094600
v 0.199045 1.386081 0.091724
v 0.189516 1.381025 0.078674
v 0.188829 1.380377 0.076890
v 0.198273 1.406106 0.076772
v 0.194667 1.404097 0.071546
v 0.188057 1.403514 0.071044
v 0.183404 1.404767 0.075650
v 0.184228 1.406927 0.081892
v 0.189911 1.408374 0.085069
v 0.196144 1.408007 0.082790
v 0.200265 1.406149 0.076495
v 0.195715 1.403600 0.069893
v 0.187370 1.402844 0.069267
v 0.181498 1.404443 0.075083
v 0.182545 1.407186 0.082961
v 0.189705 1.409022 0.086976
v 0.197586 1.408547 0.084095
v 0.188057 1.403514 0.071044
v 0.187370 1.402844 0.069267
v 0.184280 1.404918 0.076778
v 0.182648 1.404464 0.075704
v 0.185722 1.382495 0.084390
v 0.184108 1.382041 0.083315
v 0.182648 1.404464 0.075704
v 0.170990 1.408979 0.091251
v 0.172450 1.386556 0.098863
v 0.184108 1.382041 0.083315
v 0.146832 1.411723 0.104000
v 0.148275 1.389299 0.111612
v 0.132032 1.413905 0.113260
v 0.133491 1.391481 0.120871
v 0.132032 1.413905 0.113260
v 0.133114 1.414510 0.114836
v 0.134573 1.392086 0.122448
v 0.133491 1.391481 0.120871
v -0.161691 1.460890 0.083870
v -0.159373 1.462424 0.075828
v -0.155304 1.457283 0.070407
v -0.152557 1.449311 0.071682
v -0.153227 1.444537 0.078703
v -0.156764 1.446546 0.086179
v -0.160541 1.453826 0.088476
v -0.152265 1.457477 0.061915
v -0.149535 1.449506 0.063191
v -0.177230 1.438359 0.053028
v -0.187051 1.451277 0.065665
v -0.189386 1.449743 0.073708
v -0.182999 1.446136 0.060238
v -0.180904 1.433390 0.068541
v -0.180252 1.438164 0.061520
v -0.184459 1.435399 0.076016
v -0.188236 1.442679 0.078314
v -0.179960 1.446330 0.051747
v -0.150411 1.436198 0.109640
v -0.159442 1.450499 0.088187
v -0.187000 1.439849 0.077670
v -0.157210 1.433585 0.107042
v -0.150411 1.453977 0.091629
v -0.155459 1.431079 0.110927
v -0.150411 1.433023 0.112852
v -0.196014 1.436350 0.074227
v -0.196014 1.418571 0.092232
v -0.187000 1.447713 0.069686
v -0.196014 1.444235 0.066244
v -0.150411 1.461862 0.083652
v -0.189215 1.421206 0.094824
v -0.196014 1.415395 0.095450
v -0.190966 1.417339 0.097375
v -0.159442 1.458363 0.080203
v -0.152780 1.427773 0.101302
v -0.157210 1.433585 0.107042
v -0.155459 1.431079 0.110927
v -0.151029 1.425268 0.105187
v -0.145981 1.430387 0.103900
v -0.150411 1.453977 0.091629
v -0.145981 1.456051 0.077912
v -0.150411 1.461862 0.083652
v -0.145981 1.448166 0.085890
v -0.150411 1.436198 0.109640
v -0.145981 1.427212 0.107112
v -0.150411 1.433023 0.112852
v -0.159442 1.458363 0.080203
v -0.145981 1.456051 0.077912
v -0.150411 1.461862 0.083652
v -0.154995 1.452552 0.074463
v -0.187000 1.447713 0.069686
v -0.182553 1.441902 0.063952
v -0.187000 1.439849 0.077670
v -0.182553 1.434038 0.071930
v -0.154995 1.444688 0.082447
v -0.159442 1.450499 0.088187
v -0.187000 1.439849 0.077670
v -0.182553 1.434038 0.071930
v -0.184785 1.415395 0.089084
v -0.189215 1.421206 0.094824
v -0.186536 1.411528 0.091635
v -0.190966 1.417339 0.097375
v -0.196014 1.436350 0.074227
v -0.191584 1.430539 0.068488
v -0.196014 1.418571 0.092232
v -0.191584 1.412760 0.086492
v -0.191584 1.438424 0.060504
v -0.196014 1.444235 0.066244
v -0.196014 1.415395 0.095450
v -0.191584 1.409584 0.089710
v -0.145981 1.448166 0.085890
v -0.154995 1.444688 0.082447
v -0.191584 1.412760 0.086492
v -0.154995 1.452552 0.074463
v -0.182553 1.434038 0.071930
v -0.145981 1.430387 0.103900
v -0.152780 1.427773 0.101302
v -0.151029 1.425268 0.105187
v -0.145981 1.427212 0.107112
v -0.191584 1.430539 0.068488
v -0.182553 1.441902 0.063952
v -0.191584 1.438424 0.060504
v -0.145981 1.456051 0.077912
v -0.184785 1.415395 0.089084
v -0.191584 1.409584 0.089710
v -0.186536 1.411528 0.091635
v 0.090464 1.219503 0.155422
v 0.089554 1.220756 0.148702
v 0.083647 1.221534 0.145241
v 0.077192 1.221274 0.147645
v 0.075045 1.220151 0.154099
v 0.078823 1.219028 0.159750
v 0.085691 1.218747 0.160335
v 0.090069 1.147761 0.134701
v 0.091134 1.146314 0.142590
v 0.083132 1.148690 0.130638
v 0.075543 1.148366 0.133455
v 0.073037 1.147070 0.141037
v 0.077484 1.145752 0.147668
v 0.085536 1.145406 0.148359
v 0.089829 1.146422 0.142171
v 0.088919 1.147653 0.135457
v 0.082995 1.148430 0.131990
v 0.076539 1.148171 0.134394
v 0.074410 1.147070 0.140848
v 0.078188 1.145946 0.146499
v 0.085055 1.145644 0.147090
v 0.085536 1.145406 0.148359
v 0.085055 1.145644 0.147090
v 0.088627 1.193817 0.144054
v 0.089502 1.192608 0.150550
v 0.082909 1.194574 0.140712
v 0.076677 1.194314 0.143033
v 0.074599 1.193234 0.149269
v 0.078256 1.192154 0.154731
v 0.084901 1.191873 0.155298
v 0.091425 1.192457 0.151158
v 0.090309 1.193969 0.142962
v 0.083098 1.194919 0.138734
v 0.075217 1.194595 0.141663
v 0.072607 1.193234 0.149540
v 0.077226 1.191873 0.156437
v 0.085605 1.191528 0.157158
v 0.084901 1.191873 0.155298
v 0.085605 1.191528 0.157158
v 0.077947 1.217580 0.148713
v 0.076968 1.217904 0.146995
v 0.077329 1.194228 0.144485
v 0.076367 1.194574 0.142773
v 0.076968 1.217904 0.146995
v 0.059524 1.216630 0.156573
v 0.058906 1.193299 0.152345
v 0.076367 1.194574 0.142773
v 0.032087 1.217062 0.158073
v 0.031486 1.193731 0.153845
v 0.014659 1.217105 0.160358
v 0.014058 1.193774 0.156136
v 0.014659 1.217105 0.160358
v 0.014917 1.216760 0.162313
v 0.014316 1.193407 0.158085
v 0.014058 1.193774 0.156136
v 0.091134 1.138234 0.140689
v 0.090069 1.139703 0.132799
v 0.090069 1.147761 0.134701
v 0.091134 1.146314 0.142590
v 0.075543 1.140308 0.131553
v 0.083132 1.148690 0.130638
v 0.075543 1.148366 0.133455
v 0.083132 1.140610 0.128737
v 0.087356 1.133006 0.138846
v 0.086738 1.133827 0.134323
v 0.091134 1.138234 0.140689
v 0.090069 1.139703 0.132799
v 0.085536 1.137348 0.146458
v 0.077484 1.145752 0.147668
v 0.085536 1.145406 0.148359
v 0.077484 1.137672 0.145767
v 0.091134 1.146314 0.142590
v 0.085536 1.145406 0.148359
v 0.091134 1.138234 0.140689
v 0.085536 1.137348 0.146458
v 0.091134 1.138234 0.140689
v 0.085536 1.137348 0.146458
v 0.087356 1.133006 0.138846
v 0.084145 1.132488 0.142153
v 0.076986 1.133438 0.137954
v 0.075543 1.140308 0.131553
v 0.073037 1.138990 0.139135
v 0.078428 1.134173 0.133608
v 0.087356 1.133006 0.138846
v 0.086738 1.133827 0.134323
v 0.082772 1.134367 0.131996
v 0.078428 1.134173 0.133608
v 0.076986 1.133438 0.137954
v 0.079527 1.132682 0.141757
v 0.084145 1.132488 0.142153
v -0.207672 0.486895 0.066663
v -0.171581 0.481105 0.078249
v -0.167787 0.508238 0.076430
v -0.203757 0.514438 0.069149
v -0.251215 0.538914 -0.020011
v -0.253618 0.511414 -0.022645
v -0.069198 0.538784 -0.005284
v -0.231486 0.522842 0.045883
v -0.236088 0.495255 0.044147
v -0.248914 0.531461 0.014994
v -0.252399 0.504026 0.012407
v -0.242080 0.553344 0.019186
v -0.078676 0.533794 0.026798
v -0.085269 0.508843 0.020515
v -0.084015 0.481473 0.020863
v -0.103366 0.505430 0.048847
v -0.104568 0.478556 0.048889
v -0.097167 0.529798 0.056488
v -0.129601 0.528696 0.077221
v -0.131988 0.504847 0.069952
v -0.134855 0.477519 0.069456
v -0.165349 0.532887 0.080918
v -0.198211 0.538784 0.069480
v -0.220961 0.546453 0.046291
v -0.192545 0.564124 0.072013
v -0.239299 0.577237 0.026579
v -0.124931 0.552307 0.079973
v -0.065043 0.562655 -0.001641
v -0.068460 0.555677 0.034504
v -0.058123 0.607243 -0.000389
v -0.056046 0.595189 0.040297
v -0.042791 0.650340 0.000337
v -0.042670 0.645717 0.045287
v -0.028986 0.699205 0.002511
v -0.034360 0.700242 0.048251
v -0.098318 0.749712 0.120647
v -0.058621 0.703936 0.087797
v -0.064785 0.649195 0.084490
v -0.107452 0.578274 0.083900
v -0.079998 0.595837 0.072485
v -0.088806 0.553020 0.064147
v -0.248570 0.636946 0.001241
v -0.248982 0.690650 0.010081
v -0.245789 0.741784 0.016523
v -0.218901 0.769716 0.071363
v -0.254271 0.476504 0.009402
v -0.023561 0.741805 0.003975
v -0.027630 0.743814 0.049467
v -0.021844 0.769932 0.001908
v -0.026222 0.763084 0.051646
v -0.047856 0.747660 0.094978
v -0.049899 0.762911 0.093271
v -0.085578 0.754832 0.118273
v -0.083294 0.776456 0.115356
v -0.236208 0.788704 0.018318
v -0.228190 0.785939 0.059205
v -0.121978 0.800024 0.120824
v -0.157914 0.816442 0.113637
v -0.192889 0.825990 0.092155
v -0.219639 0.829252 0.061260
v -0.225992 0.828583 0.021348
v -0.090317 0.455917 0.017037
v -0.108723 0.452115 0.046226
v -0.138701 0.451553 0.067183
v -0.104945 0.320123 -0.047245
v -0.100327 0.346910 -0.011449
v -0.107795 0.316580 -0.017886
v -0.122819 0.314312 0.008610
v -0.117582 0.343951 0.013825
v -0.141689 0.342071 0.030937
v -0.142822 0.313815 0.028026
v -0.116981 0.377607 0.020680
v -0.137808 0.374367 0.041767
v -0.099451 0.381258 -0.002704
v -0.088102 0.386032 -0.029093
v -0.096996 0.418674 0.004790
v -0.116003 0.415693 0.027459
v -0.140109 0.415974 0.048440
v -0.174706 0.454815 0.070519
v -0.165486 0.418004 0.062553
v -0.164713 0.371299 0.052296
v -0.166928 0.341034 0.042842
v -0.169435 0.313642 0.040622
v -0.150428 0.283139 0.019877
v -0.179565 0.287071 0.031221
v -0.126648 0.282448 0.003319
v -0.111710 0.282837 -0.021806
v -0.108499 0.285127 -0.053304
v -0.252004 0.259441 -0.017980
v -0.255421 0.295604 -0.014531
v -0.235418 0.256676 0.004182
v -0.237479 0.293444 0.011167
v -0.210230 0.290484 0.027028
v -0.211123 0.254257 0.019800
v -0.183858 0.251211 0.023928
v -0.153347 0.250433 0.018466
v -0.133842 0.249050 -0.002775
v -0.121119 0.249439 -0.026277
v -0.118097 0.250627 -0.055577
v -0.247643 0.194958 -0.025078
v -0.251472 0.226951 -0.021027
v -0.237101 0.193964 -0.003223
v -0.237307 0.225374 0.001442
v -0.166945 0.187505 0.005209
v -0.149037 0.185841 -0.012264
v -0.144607 0.217576 -0.009908
v -0.161726 0.219520 0.009726
v -0.131387 0.217208 -0.031668
v -0.125120 0.218029 -0.058985
v -0.137843 0.184718 -0.035193
v -0.134735 0.186489 -0.062079
v -0.213905 0.223019 0.018324
v -0.186588 0.220125 0.018844
v -0.214591 0.192300 0.011764
v -0.189472 0.189341 0.012927
v -0.234010 0.463823 0.042488
v -0.255164 0.464903 0.011480
v -0.208462 0.459092 0.060516
v -0.186141 0.444770 0.068547
v -0.179771 0.428676 0.064189
v -0.180475 0.401543 0.059039
v -0.181900 0.367195 0.053447
v -0.184235 0.340537 0.049042
v -0.186227 0.315392 0.045180
v -0.189197 0.306708 0.039364
v -0.202487 0.302841 0.032821
v -0.217768 0.302949 0.026768
v -0.238852 0.308566 0.009514
v -0.252451 0.311482 -0.010268
v -0.259628 0.321246 -0.019090
v -0.261276 0.339500 -0.024836
v -0.261242 0.368491 -0.021352
v -0.261826 0.406620 -0.017000
v -0.260194 0.437879 -0.012807
v -0.259010 0.453087 -0.005089
v -0.069404 0.512948 -0.009731
v -0.074452 0.487068 -0.012004
v -0.249309 0.562201 -0.013463
v -0.216635 0.570216 0.054906
v -0.232568 0.583696 0.040061
v -0.161794 0.558378 0.080699
v -0.120879 0.560646 0.081307
v -0.243935 0.584495 -0.006471
v -0.089887 0.733467 0.116360
v -0.088514 0.711562 0.109557
v -0.090076 0.678013 0.102070
v -0.095365 0.646343 0.095905
v -0.098936 0.607480 0.090921
v -0.238406 0.602879 0.038336
v -0.241651 0.634289 0.048139
v -0.237238 0.673844 0.051924
v -0.233856 0.710611 0.055449
v -0.229838 0.749193 0.061608
v -0.251661 0.483179 -0.024771
v -0.259576 0.454124 -0.030646
v -0.263319 0.413554 -0.035872
v -0.260435 0.374756 -0.040584
v -0.261156 0.338507 -0.045373
v -0.130288 0.759260 0.121745
v -0.167443 0.767037 0.110726
v -0.201439 0.771919 0.090135
v -0.079259 0.461058 -0.014407
v -0.099073 0.351339 -0.041541
v -0.084685 0.423426 -0.022722
v -0.260143 0.300292 -0.044116
v -0.258477 0.262617 -0.044883
v -0.253567 0.196772 -0.049413
v -0.255971 0.229716 -0.047198
v -0.214763 1.280789 -0.060774
v -0.223743 1.285196 -0.031875
v -0.216514 1.291591 -0.031272
v -0.228207 1.301204 -0.007422
v -0.220464 1.309262 -0.007262
v -0.242132 1.483055 -0.060390
v -0.243729 1.483832 -0.029796
v -0.259250 1.475904 -0.028969
v -0.258082 1.475774 -0.061394
v -0.262272 1.461430 -0.029938
v -0.225031 1.331469 0.009366
v -0.233186 1.321986 0.010034
v -0.231280 1.351689 0.022605
v -0.239625 1.343826 0.024796
v -0.237942 1.377958 0.031534
v -0.246888 1.368064 0.031847
v -0.244999 1.407769 0.028906
v -0.252932 1.394117 0.026207
v -0.250803 1.435378 0.016009
v -0.255610 1.424274 0.011545
v -0.233238 1.413062 0.024607
v -0.236998 1.441664 0.013051
v -0.211295 1.283015 -0.061069
v -0.209990 1.291937 -0.031668
v -0.206590 1.280444 -0.060213
v -0.207981 1.289366 -0.030587
v -0.240398 1.466421 -0.003589
v -0.256159 1.459702 -0.002556
v -0.229512 1.382711 0.029125
v -0.223554 1.354454 0.022416
v -0.219021 1.333586 0.009662
v -0.214746 1.311746 -0.008408
v -0.258598 1.445747 -0.005585
v -0.346438 1.382084 -0.051007
v -0.274875 1.431964 -0.004528
v -0.281897 1.449117 -0.030575
v -0.309317 1.421120 -0.029772
v -0.304218 1.405458 -0.003672
v -0.343313 1.381803 -0.026542
v -0.335226 1.371542 -0.004894
v -0.322126 1.356723 0.013777
v -0.297796 1.383099 0.014840
v -0.270822 1.409303 0.012750
v -0.269312 1.381198 0.029898
v -0.307325 1.340175 0.027318
v -0.286395 1.362339 0.025074
v -0.260297 1.351711 0.031935
v -0.291873 1.318724 0.032048
v -0.274136 1.338404 0.031174
v -0.249532 1.331534 0.027022
v -0.280609 1.299541 0.028227
v -0.262323 1.318184 0.030164
v -0.242613 1.311940 0.011055
v -0.270616 1.281157 0.011894
v -0.253532 1.300232 0.011870
v -0.236500 1.293254 -0.007658
v -0.264178 1.265214 -0.006318
v -0.246905 1.283447 -0.006902
v -0.232826 1.277420 -0.033304
v -0.242492 1.268217 -0.030688
v -0.260469 1.252728 -0.029831
v -0.481513 1.205677 0.000957
v -0.459158 1.235187 -0.003672
v -0.463519 1.232832 -0.026548
v -0.489153 1.206693 -0.019952
v -0.436494 1.263939 -0.008550
v -0.439893 1.260915 -0.033215
v -0.475778 1.203128 0.017675
v -0.452616 1.232637 0.014132
v -0.429248 1.260786 0.010110
v -0.469271 1.200255 0.033719
v -0.444615 1.226524 0.030512
v -0.423084 1.251432 0.027194
v -0.459432 1.191722 0.053270
v -0.434227 1.216112 0.043716
v -0.411323 1.239918 0.041590
v -0.444769 1.175995 0.055355
v -0.417847 1.201054 0.052774
v -0.393810 1.222506 0.045665
v -0.404420 1.186278 0.047477
v -0.380108 1.209825 0.038756
v -0.395269 1.171437 0.036228
v -0.370132 1.195503 0.028044
v -0.362217 1.181828 0.014651
v -0.388641 1.159081 0.021714
v -0.384607 1.149208 0.003898
v -0.357822 1.170724 -0.003885
v -0.410876 1.121492 -0.006666
v -0.383267 1.141474 -0.015311
v -0.412628 1.128967 0.010831
v -0.355933 1.161867 -0.023779
v -0.545848 1.149467 -0.003028
v -0.542568 1.150396 0.016753
v -0.525279 1.165713 0.012419
v -0.528867 1.163984 -0.009347
v -0.535598 1.147394 0.032839
v -0.517913 1.162710 0.029792
v -0.527390 1.142403 0.046521
v -0.510341 1.156640 0.042328
v -0.517089 1.133525 0.056713
v -0.499867 1.148020 0.052255
v -0.504761 1.123048 0.061874
v -0.486406 1.136506 0.056719
v -0.449800 1.092501 0.023845
v -0.465923 1.074809 0.029886
v -0.448856 1.087036 0.006922
v -0.475520 1.125942 0.056282
v -0.492158 1.111101 0.062057
v -0.481101 1.097772 0.056790
v -0.465064 1.114212 0.051015
v -0.455501 1.101380 0.039264
v -0.471846 1.084660 0.045570
v -0.432029 1.162710 0.050028
v -0.423204 1.149683 0.039470
v -0.416559 1.138320 0.026432
v -0.505499 1.186105 -0.014254
v -0.500674 1.186602 0.005363
v -0.517260 1.165021 0.008652
v -0.521398 1.164719 -0.009512
v -0.495283 1.183816 0.021720
v -0.511629 1.162321 0.024028
v -0.487522 1.179171 0.035331
v -0.505550 1.157936 0.036742
v -0.476946 1.170184 0.048127
v -0.496210 1.150483 0.046733
v -0.473203 1.128837 0.051109
v -0.483642 1.139962 0.052213
v -0.464206 1.157979 0.053754
v -0.452685 1.145838 0.050477
v -0.463158 1.117971 0.045517
v -0.455621 1.108423 0.034805
v -0.443327 1.133935 0.042246
v -0.435618 1.123004 0.031174
v -0.449388 1.098075 0.020344
v -0.430622 1.113089 0.015820
v -0.447654 1.093927 0.006142
v -0.427823 1.106651 0.000137
v -0.413915 1.292801 -0.013415
v -0.417298 1.291699 -0.037266
v -0.406069 1.309651 -0.014484
v -0.408627 1.307685 -0.037673
v -0.335467 1.204338 0.008020
v -0.331724 1.193321 -0.012099
v -0.311480 1.205872 -0.017567
v -0.320065 1.216608 0.006638
v -0.329663 1.183254 -0.032506
v -0.396093 1.275519 0.014273
v -0.383199 1.259381 0.028581
v -0.373103 1.263615 0.015992
v -0.383903 1.284160 0.005481
v -0.393621 1.254542 0.040817
v -0.406326 1.270787 0.026331
v -0.375901 1.238557 0.043279
v -0.354456 1.227323 0.036589
v -0.358543 1.251496 0.020692
v -0.367248 1.244713 0.031876
v -0.346249 1.235251 0.027589
v -0.338574 1.242575 0.018123
v -0.330796 1.224990 0.025304
v -0.320100 1.229138 0.020438
v -0.406584 1.289733 0.005563
v -0.399373 1.306626 -0.000731
v -0.392007 1.322202 -0.017289
v -0.376022 1.349702 -0.046714
v -0.370407 1.351452 -0.023224
v -0.392333 1.325183 -0.041600
v -0.359745 1.346159 -0.000790
v -0.380520 1.316671 0.000337
v -0.345854 1.333651 0.017238
v -0.369635 1.302457 0.014362
v -0.329148 1.317341 0.027329
v -0.355830 1.287681 0.022198
v -0.312528 1.298460 0.029786
v -0.340721 1.271479 0.025487
v -0.326487 1.259209 0.023621
v -0.299685 1.281654 0.024790
v -0.288473 1.264631 0.013110
v -0.314691 1.241775 0.016848
v -0.278412 1.237303 -0.026938
v -0.295272 1.221339 -0.024121
v -0.281742 1.248667 -0.004623
v -0.304355 1.231622 0.012272
v -0.528369 1.098572 0.058963
v -0.519011 1.087684 0.058242
v -0.513792 1.092523 0.060380
v -0.524523 1.103281 0.059813
v -0.509809 1.096066 0.063592
v -0.523098 1.108509 0.062907
v -0.509963 1.077077 0.053855
v -0.504211 1.080728 0.055361
v -0.499438 1.082500 0.057994
v -0.502752 1.067918 0.046468
v -0.496605 1.070208 0.047052
v -0.491265 1.070812 0.047548
v -0.535563 1.112938 0.054203
v -0.539615 1.108531 0.053642
v -0.533554 1.117128 0.057664
v -0.545642 1.120628 0.045546
v -0.548320 1.115703 0.044543
v -0.543084 1.125661 0.048151
v -0.552252 1.124797 0.033955
v -0.555017 1.119980 0.033406
v -0.551480 1.130176 0.034604
v -0.557626 1.125489 0.020001
v -0.559532 1.120822 0.020409
v -0.557180 1.132531 0.020468
v -0.560717 1.124387 0.003751
v -0.562554 1.119894 0.005469
v -0.560408 1.131580 0.003503
v -0.497618 1.058542 0.032880
v -0.492622 1.061588 0.033140
v -0.486337 1.061199 0.033146
v -0.217356 1.353698 0.022777
v -0.229031 1.493359 -0.030103
v -0.228224 1.494158 -0.059829
v -0.212462 1.334731 0.011356
v -0.224258 1.450413 0.014923
v -0.224704 1.416951 0.028138
v -0.222009 1.274849 -0.059977
v -0.260297 1.461387 -0.058477
v -0.226250 1.476099 -0.000643
v -0.223503 1.383747 0.029851
v -0.208513 1.310666 -0.007380
v -0.312030 1.421336 -0.054414
v -0.281468 1.450262 -0.056062
v -0.242269 1.257869 -0.056522
v -0.259302 1.243979 -0.053546
v -0.232294 1.266359 -0.058193
v -0.464824 1.068760 0.011882
v -0.312425 1.199002 -0.038158
v -0.278549 1.228576 -0.050647
v -0.293384 1.215118 -0.045385
v -0.491986 1.055734 0.016246
v -0.497034 1.053250 0.016659
v -0.485994 1.055777 0.016240
v 0.240150 0.542932 -0.049625
v 0.241318 0.513941 -0.055442
v 0.235325 0.566155 -0.046366
v 0.073517 0.493937 -0.046643
v 0.076608 0.521221 -0.042138
v 0.069671 0.544077 -0.036758
v 0.087408 0.503356 -0.078725
v 0.091013 0.528696 -0.071220
v 0.084042 0.551443 -0.066088
v 0.114999 0.510139 -0.101418
v 0.113111 0.537790 -0.096476
v 0.109093 0.566587 -0.091988
v 0.147124 0.517916 -0.119936
v 0.145235 0.545848 -0.114740
v 0.145991 0.569287 -0.105699
v 0.182751 0.549845 -0.114167
v 0.186649 0.521437 -0.116529
v 0.182803 0.573694 -0.107300
v 0.219838 0.550622 -0.090281
v 0.225659 0.521977 -0.096092
v 0.217675 0.572895 -0.083124
v 0.249525 0.482920 -0.024151
v 0.237918 0.487003 -0.061028
v 0.250881 0.458444 -0.065693
v 0.085416 0.423578 -0.022486
v 0.072659 0.466070 -0.050245
v 0.084489 0.429194 -0.053847
v 0.091769 0.475726 -0.080993
v 0.102500 0.436431 -0.085953
v 0.118124 0.483784 -0.104530
v 0.128564 0.445159 -0.109744
v 0.152309 0.490308 -0.115059
v 0.156293 0.453584 -0.127406
v 0.189877 0.494715 -0.117415
v 0.196230 0.458876 -0.130566
v 0.224697 0.493592 -0.099824
v 0.229178 0.461145 -0.107754
v 0.230758 0.590263 -0.042238
v 0.235257 0.642455 -0.029530
v 0.066564 0.568704 -0.029955
v 0.063421 0.610570 -0.035382
v 0.084609 0.580758 -0.059983
v 0.076385 0.621976 -0.069561
v 0.112973 0.583977 -0.075908
v 0.103238 0.627765 -0.093423
v 0.143862 0.590782 -0.101873
v 0.141166 0.632950 -0.108681
v 0.181549 0.595059 -0.094250
v 0.187387 0.642369 -0.096198
v 0.213279 0.595772 -0.075660
v 0.215769 0.644334 -0.069135
v 0.253165 0.304072 -0.071698
v 0.251001 0.338010 -0.072064
v 0.258058 0.300443 -0.043944
v 0.258195 0.264648 -0.073948
v 0.258384 0.262660 -0.044883
v 0.235463 0.302279 -0.106869
v 0.237403 0.337427 -0.110459
v 0.237729 0.266311 -0.103202
v 0.101813 0.320620 -0.050422
v 0.099718 0.323061 -0.077225
v 0.112476 0.286877 -0.082121
v 0.119773 0.252464 -0.083739
v 0.117163 0.326323 -0.109449
v 0.127430 0.290549 -0.109071
v 0.134315 0.255682 -0.108611
v 0.146197 0.330168 -0.130814
v 0.152275 0.294524 -0.129030
v 0.159006 0.258685 -0.121454
v 0.178150 0.332933 -0.137587
v 0.181807 0.295647 -0.133719
v 0.184074 0.261170 -0.123509
v 0.209382 0.335418 -0.131859
v 0.213176 0.298931 -0.125534
v 0.214481 0.265339 -0.118130
v 0.032602 0.779221 -0.045143
v 0.236390 0.788726 0.018283
v 0.220954 0.786566 -0.019580
v 0.215340 0.826034 -0.015866
v 0.209485 0.785248 -0.057396
v 0.197105 0.822405 -0.053954
v 0.181034 0.780215 -0.088663
v 0.171110 0.819315 -0.088014
v 0.141252 0.772589 -0.110518
v 0.133938 0.810739 -0.113778
v 0.095735 0.763019 -0.105499
v 0.086480 0.800867 -0.110654
v 0.061069 0.755307 -0.076771
v 0.051798 0.788942 -0.087388
v 0.040912 0.749777 -0.039935
v 0.036757 0.707457 -0.041441
v 0.225727 0.746709 -0.023188
v 0.209914 0.746709 -0.057975
v 0.180725 0.741589 -0.089543
v 0.140239 0.733769 -0.111486
v 0.096628 0.725085 -0.111492
v 0.057361 0.715213 -0.085528
v 0.231153 0.697045 -0.028367
v 0.212644 0.698643 -0.062469
v 0.182975 0.693480 -0.093334
v 0.139827 0.684472 -0.109827
v 0.097641 0.673584 -0.104512
v 0.071938 0.665764 -0.073233
v 0.045805 0.657922 -0.039002
v 0.164466 0.413835 -0.133943
v 0.201329 0.419473 -0.135012
v 0.132358 0.406814 -0.119458
v 0.203870 0.373438 -0.126922
v 0.172913 0.369614 -0.131847
v 0.140067 0.365337 -0.125540
v 0.234965 0.420359 -0.113276
v 0.233711 0.376700 -0.108073
v 0.246486 0.417443 -0.070529
v 0.252272 0.378147 -0.072023
v 0.109934 0.400463 -0.093683
v 0.113025 0.360952 -0.101737
v 0.094825 0.357387 -0.069625
v 0.089932 0.391843 -0.062043
v 0.090636 0.385816 -0.029158
v 0.095581 0.352354 -0.044417
v 0.217348 0.195541 -0.109756
v 0.188864 0.191976 -0.113252
v 0.186786 0.227707 -0.124844
v 0.217057 0.231207 -0.120143
v 0.164380 0.224704 -0.118324
v 0.170956 0.190529 -0.109284
v 0.240219 0.232503 -0.104589
v 0.237626 0.196254 -0.096086
v 0.256307 0.231444 -0.074208
v 0.249610 0.195951 -0.074119
v 0.253594 0.196815 -0.049413
v 0.255946 0.229716 -0.047198
v 0.131105 0.218764 -0.082705
v 0.141183 0.187202 -0.081796
v 0.153769 0.188736 -0.099062
v 0.144600 0.222501 -0.103119
v 0.251860 0.511543 -0.022657
v 0.250692 0.539238 -0.019893
v 0.249044 0.562180 -0.013433
v 0.073964 0.487219 -0.012471
v 0.071457 0.512645 -0.007812
v 0.070152 0.539216 -0.005627
v 0.260170 0.454534 -0.031089
v 0.075904 0.458660 -0.012860
v 0.243979 0.584517 -0.006471
v 0.248598 0.636946 0.001235
v 0.063250 0.561769 -0.000643
v 0.056622 0.607135 -0.000306
v 0.262625 0.338680 -0.045769
v 0.108217 0.284630 -0.053694
v 0.118176 0.250606 -0.055583
v 0.025562 0.741935 0.003987
v 0.025888 0.769478 0.003030
v 0.225624 0.828259 0.021265
v 0.028996 0.699205 0.002511
v 0.246726 0.741805 0.016399
v 0.249885 0.690910 0.010193
v 0.041822 0.649929 0.000562
v 0.262883 0.413511 -0.035807
v 0.258024 0.374907 -0.040466
v 0.125112 0.218008 -0.058937
v 0.134745 0.186511 -0.062073
v -0.194451 1.054092 0.004512
v -0.187824 1.051413 -0.044133
v -0.205285 0.999070 0.005286
v -0.209406 0.947397 0.056955
v -0.199705 1.003132 0.053294
v -0.212771 0.948261 0.003821
v -0.189129 1.057743 0.047926
v -0.179119 0.946835 0.109209
v -0.173453 1.005983 0.104768
v -0.164233 1.065088 0.094517
v -0.133825 0.947289 0.136543
v -0.129344 1.005421 0.133650
v -0.121875 1.069322 0.121208
v -0.084307 0.946814 0.149794
v -0.082590 1.008964 0.148418
v -0.080908 1.073038 0.135398
v -0.208788 0.851784 -0.054633
v -0.203998 0.825710 -0.059339
v -0.222936 0.829101 -0.019521
v -0.224310 0.852302 -0.010959
v -0.225168 0.832514 0.064012
v -0.234062 0.832126 0.020562
v -0.231521 0.849472 0.023668
v -0.223262 0.854139 0.063764
v -0.197731 0.828993 0.098910
v -0.191756 0.851503 0.106250
v -0.225838 0.877556 0.005286
v -0.212325 0.879673 -0.049690
v -0.220086 0.877577 0.059730
v -0.216291 0.912725 0.058856
v -0.220601 0.913135 0.004377
v -0.185849 0.876865 0.106935
v -0.182381 0.911796 0.107945
v -0.135593 0.911493 0.137523
v -0.084754 0.910327 0.148454
v -0.210110 0.914453 -0.049129
v -0.160575 0.819337 0.122814
v -0.145105 0.846815 0.129504
v -0.119368 0.802271 0.133703
v -0.108208 0.829080 0.136951
v -0.136761 0.875633 0.136443
v -0.096515 0.846059 0.140004
v -0.075722 0.777493 0.127615
v -0.065455 0.804842 0.127886
v -0.038636 0.762609 0.102276
v -0.030858 0.783088 0.101266
v -0.050294 0.818948 0.127337
v -0.063635 0.847161 0.139732
v -0.084874 0.874035 0.144545
v -0.076650 1.190664 0.128831
v -0.076495 1.141258 0.132067
v -0.036781 1.144283 0.140860
v -0.039288 1.195762 0.141450
v -0.105872 1.183448 0.113708
v -0.117411 1.133914 0.112929
v -0.183892 1.109762 0.044785
v -0.154326 1.123588 0.084974
v -0.190863 1.106543 0.000408
v -0.190846 1.144521 -0.001162
v -0.181591 1.151174 0.042458
v -0.179187 1.103476 -0.038701
v -0.192442 1.157093 -0.001782
v -0.182432 1.165064 0.042499
v -0.199946 1.193839 -0.048946
v -0.092892 1.314187 0.145507
v -0.093785 1.268109 0.147639
v -0.043993 1.268584 0.155433
v -0.045212 1.316326 0.150455
v -0.043890 1.227194 0.156797
v -0.090471 1.221361 0.145525
v -0.198418 1.172777 -0.003377
v -0.192391 1.181677 0.043409
v -0.207123 1.225833 0.044613
v -0.211072 1.207622 -0.001995
v -0.212274 1.271090 0.042919
v -0.213784 1.253268 -0.006896
v -0.209492 1.313150 0.035059
v -0.220051 1.376791 0.037557
v -0.217356 1.353698 0.022777
v -0.122665 1.214794 0.129044
v -0.111144 1.199586 0.118308
v -0.080856 1.206542 0.136366
v -0.155098 1.164654 0.075491
v -0.159700 1.181288 0.072326
v -0.174843 1.195805 0.077068
v -0.190537 1.237930 0.078975
v -0.138341 1.191290 0.095043
v -0.150634 1.204943 0.104573
v -0.129326 1.260591 0.131488
v -0.133224 1.307425 0.130892
v -0.163820 1.250287 0.107414
v -0.192185 1.284030 0.078473
v -0.196220 1.329590 0.074658
v -0.167546 1.295717 0.106693
v -0.093493 1.361086 0.139761
v -0.134460 1.356269 0.127077
v -0.130786 1.403190 0.108347
v -0.090969 1.404680 0.125152
v -0.172852 1.343394 0.101438
v -0.170877 1.396817 0.088175
v -0.196134 1.386297 0.065328
v -0.132383 1.173576 0.094228
v -0.044439 1.431360 0.119094
v -0.088308 1.435550 0.108630
v -0.043924 1.401937 0.132793
v -0.041949 1.464001 0.106168
v -0.086711 1.467911 0.091712
v -0.042550 1.489168 0.100286
v -0.085664 1.495044 0.077274
v -0.197937 1.427838 0.051924
v -0.223743 1.418679 0.034847
v -0.126304 1.439785 0.089964
v -0.121188 1.471238 0.067224
v -0.113719 1.495562 0.041868
v -0.166190 1.435205 0.070643
v -0.201199 1.453524 0.039872
v -0.225735 1.455317 0.020663
v -0.129241 1.533367 -0.038766
v -0.114801 1.540020 -0.080231
v -0.153570 1.530839 -0.030233
v -0.227864 1.502454 -0.060744
v -0.142873 1.497809 0.035124
v -0.163992 1.466637 0.053690
v -0.207140 1.502367 -0.001647
v -0.206796 1.514573 -0.026696
v -0.228516 1.500855 -0.028662
v -0.227761 1.489449 -0.003442
v -0.129206 1.518072 0.000095
v -0.152093 1.518850 0.002906
v -0.179376 1.513860 0.001843
v -0.180561 1.526044 -0.029442
v -0.202452 1.482385 0.021495
v -0.176303 1.490961 0.029709
v -0.229031 1.493359 -0.030103
v -0.228224 1.494158 -0.059829
v -0.212462 1.334731 0.011356
v -0.224258 1.450413 0.014923
v -0.224704 1.416951 0.028138
v -0.207827 1.285088 -0.013658
v -0.226250 1.476099 -0.000643
v -0.223503 1.383747 0.029851
v -0.208513 1.310666 -0.007380
v -0.204221 1.268865 -0.057036
v -0.207226 1.240090 -0.055524
v -0.204770 1.215658 -0.052076
v 0.030747 0.783045 0.101325
v 0.041238 0.761680 0.101320
v 0.078033 0.776715 0.126168
v 0.065465 0.804820 0.127875
v 0.122262 0.802552 0.132599
v 0.108286 0.829015 0.137252
v 0.145047 0.846837 0.129410
v 0.160980 0.818127 0.120647
v 0.191731 0.851503 0.106262
v 0.197895 0.828691 0.098249
v 0.223100 0.854139 0.063699
v 0.225195 0.832579 0.063970
v 0.231496 0.849472 0.023668
v 0.234158 0.832255 0.021218
v 0.224285 0.852281 -0.010971
v 0.222568 0.829555 -0.019007
v 0.208661 0.851806 -0.054591
v 0.204111 0.825429 -0.058979
v 0.181584 1.151174 0.042458
v 0.190821 1.144521 -0.001162
v 0.192538 1.157093 -0.001800
v 0.182459 1.165129 0.042417
v 0.198410 1.172777 -0.003377
v 0.192384 1.181655 0.043415
v 0.181395 1.156575 -0.038228
v 0.181017 1.141928 -0.038996
v 0.188074 1.169796 -0.039964
v 0.155125 1.164524 0.075408
v 0.159916 1.181266 0.072261
v 0.174836 1.195956 0.076991
v 0.138299 1.191290 0.095078
v 0.132289 1.173576 0.094180
v 0.150575 1.205008 0.104502
v 0.076625 1.190664 0.128831
v 0.105814 1.183448 0.113643
v 0.111136 1.199586 0.118314
v 0.080883 1.206520 0.136455
v 0.122537 1.214794 0.129044
v 0.090447 1.221382 0.145489
v 0.209399 0.947397 0.056961
v 0.212644 0.948326 0.003816
v 0.205261 0.999070 0.005286
v 0.199595 1.003110 0.053276
v 0.220611 0.913070 0.004453
v 0.216267 0.912703 0.058874
v 0.204935 0.948866 -0.047564
v 0.197329 1.000323 -0.046200
v 0.209416 0.914453 -0.048893
v 0.179111 0.946814 0.109203
v 0.173463 1.005983 0.104821
v 0.182356 0.911796 0.107945
v 0.133835 0.947289 0.136579
v 0.129285 1.005400 0.133638
v 0.135586 0.911493 0.137523
v 0.084283 0.946814 0.149782
v 0.082549 1.008964 0.148471
v 0.084746 0.910327 0.148442
v 0.036225 0.945345 0.156975
v 0.036619 1.010628 0.153101
v 0.036190 0.909744 0.152575
v 0.225813 0.877556 0.005280
v 0.220044 0.877577 0.059724
v 0.212301 0.879673 -0.049690
v 0.185842 0.876865 0.106953
v 0.136668 0.875698 0.136372
v 0.084815 0.874056 0.144533
v 0.096508 0.846059 0.140004
v 0.035040 0.872782 0.147367
v 0.063576 0.847161 0.139708
v 0.034147 0.839535 0.135917
v 0.189104 1.057721 0.047926
v 0.194495 1.054092 0.004518
v 0.190890 1.106543 0.000408
v 0.183867 1.109784 0.044785
v 0.187817 1.051413 -0.044133
v 0.179214 1.103476 -0.038719
v 0.164225 1.065109 0.094511
v 0.154301 1.123588 0.084974
v 0.121850 1.069387 0.121279
v 0.117386 1.133914 0.112923
v 0.080883 1.073059 0.135274
v 0.076488 1.141258 0.132067
v 0.037924 1.075479 0.145513
v 0.050321 0.819013 0.127225
v 0.129285 1.260591 0.131453
v 0.093743 1.268109 0.147550
v 0.163744 1.250287 0.107337
v 0.207167 1.225833 0.044631
v 0.190461 1.237952 0.078922
v 0.210961 1.207622 -0.001989
v 0.204832 1.215636 -0.052099
v 0.142780 1.497809 0.035112
v 0.152103 1.518915 0.002971
v 0.129130 1.518094 0.000089
v 0.113695 1.495584 0.041891
v 0.121181 1.471303 0.067289
v 0.085639 1.495044 0.077274
v 0.086704 1.467911 0.091718
v 0.213743 1.253246 -0.006926
v 0.207270 1.240090 -0.055548
v 0.207871 1.285045 -0.013569
v 0.208008 1.289387 -0.030522
v 0.130779 1.403211 0.108376
v 0.126297 1.439849 0.089970
v 0.088249 1.435637 0.108654
v 0.090962 1.404659 0.125129
v 0.093451 1.361173 0.139637
v 0.134419 1.356226 0.127054
v 0.092902 1.314144 0.145507
v 0.133199 1.307425 0.130880
v 0.180588 1.526065 -0.029389
v 0.153546 1.530926 -0.030215
v 0.179300 1.513773 0.001772
v 0.194702 1.521399 -0.056197
v 0.228097 1.500531 -0.028727
v 0.206755 1.514508 -0.026708
v 0.206806 1.501892 -0.001995
v 0.226414 1.488866 -0.003849
v 0.228011 1.502562 -0.060756
v 0.228097 1.493597 -0.030014
v 0.224611 1.476487 -0.000324
v 0.228457 1.494115 -0.059735
v 0.202153 1.482104 0.021111
v 0.224749 1.455122 0.020480
v 0.223564 1.450564 0.014852
v 0.176244 1.490918 0.029662
v 0.164036 1.466593 0.053613
v 0.166148 1.435183 0.070649
v 0.170870 1.396817 0.088175
v 0.201123 1.453480 0.039801
v 0.223701 1.418657 0.034823
v 0.197912 1.427838 0.051906
v 0.195989 1.386253 0.065275
v 0.219958 1.376791 0.037569
v 0.196092 1.329525 0.074593
v 0.209519 1.313150 0.035071
v 0.172827 1.343394 0.101438
v 0.192092 1.284052 0.078414
v 0.212318 1.271090 0.042931
v 0.167470 1.295739 0.106611
v 0.224663 1.417080 0.027997
v 0.223478 1.383747 0.029839
v 0.212352 1.334710 0.011380
v 0.208523 1.310666 -0.007286
v -0.034154 0.839535 0.135923
v -0.035047 0.872782 0.147397
v -0.036197 0.909744 0.152575
v -0.036232 0.945323 0.157045
v -0.000004 0.908059 0.151737
v 0.000031 0.872285 0.146275
v -0.036695 1.010584 0.153125
v 0.000031 0.943962 0.155794
v -0.037932 1.075500 0.145578
v -0.000021 1.011060 0.155292
v -0.000004 1.077466 0.148424
v 0.036791 1.144305 0.140759
v -0.000021 1.143937 0.142318
v 0.039315 1.195697 0.141444
v 0.040448 1.212569 0.146995
v -0.040473 1.212569 0.147013
v -0.000021 1.194876 0.141108
v -0.000021 1.211683 0.147426
v 0.043865 1.227194 0.156797
v -0.000021 1.225789 0.156614
v 0.043985 1.268584 0.155404
v 0.000031 1.269945 0.156544
v 0.045204 1.316347 0.150485
v 0.043934 1.360546 0.143157
v -0.000004 1.316045 0.151554
v -0.043958 1.360525 0.143163
v -0.000021 1.357111 0.142318
v 0.043917 1.401937 0.132823
v -0.000004 1.401764 0.132858
v 0.044415 1.431360 0.119117
v -0.000004 1.428011 0.120104
v 0.041942 1.464023 0.106203
v -0.000004 1.461020 0.109492
v 0.042526 1.489168 0.100280
v -0.026995 0.814088 0.119761
v 0.026850 0.814174 0.119678
v -0.000004 0.836403 0.132740
v -0.000004 0.814606 0.116543
v -0.020882 0.795725 0.102365
v 0.015329 0.780712 0.055231
v 0.021750 0.766130 0.053241
v 0.020840 0.795725 0.102377
v -0.019612 0.765136 0.053129
v -0.013842 0.779999 0.055313
v -0.000004 0.789309 0.053276
v 0.000117 0.799354 0.097942
v -0.044851 1.518980 0.103014
v -0.084530 1.523494 0.081089
v -0.085114 1.509259 0.079205
v -0.043546 1.504203 0.101060
v -0.112019 1.532654 0.049160
v -0.111195 1.514378 0.044602
v -0.128605 1.544082 0.005989
v -0.128571 1.531228 0.003154
v -0.129103 1.553738 -0.032896
v -0.128777 1.543607 -0.035666
v -0.117136 1.564259 -0.075241
v -0.115797 1.552248 -0.077668
v -0.000004 1.487613 0.107018
v -0.000004 1.502302 0.108122
v -0.000004 1.516474 0.111287
v 0.043539 1.504203 0.101066
v 0.044861 1.519001 0.103085
v 0.128546 1.531228 0.003125
v 0.112596 1.514205 0.045399
v 0.085090 1.509302 0.079211
v 0.112081 1.532697 0.049219
v 0.128667 1.544168 0.006036
v 0.084523 1.523559 0.081154
v 0.129216 1.533280 -0.038783
v 0.128855 1.543628 -0.035707
v 0.129165 1.553803 -0.032896
v -0.021844 0.769932 0.001908
v -0.026222 0.763084 0.051646
v -0.049899 0.762911 0.093271
v -0.083294 0.776456 0.115356
v -0.121978 0.800024 0.120824
v -0.157914 0.816442 0.113637
v -0.192889 0.825990 0.092155
v -0.219639 0.829252 0.061260
v -0.215536 0.826876 -0.016586
v -0.197302 0.823117 -0.054089
v -0.225992 0.828583 0.021348
v -0.197353 1.000323 -0.046200
v -0.204959 0.948866 -0.047564
v -0.180922 1.141993 -0.039014
v -0.181351 1.156575 -0.038240
v -0.188013 1.169817 -0.040053
v -0.154892 1.529435 -0.067777
v -0.194743 1.521442 -0.056209
v -0.206590 1.280444 -0.060213
v -0.207981 1.289366 -0.030587
v 0.027228 0.762825 0.051257
v 0.025888 0.769478 0.003030
v 0.020892 0.771833 0.002056
v 0.048467 0.762911 0.094411
v 0.081347 0.775916 0.115663
v 0.122125 0.799700 0.120068
v 0.158199 0.816205 0.113082
v 0.192555 0.825645 0.091748
v 0.219134 0.828842 0.061980
v 0.225624 0.828259 0.021265
v 0.215340 0.826034 -0.015866
v 0.197105 0.822405 -0.053954
v 0.200110 1.194012 -0.048822
v 0.114708 1.539696 -0.080225
v 0.154868 1.529522 -0.067783
v 0.204299 1.268843 -0.057060
v 0.206669 1.280465 -0.060189
v 0.217039 1.353893 0.022706
v 0.012324 0.788100 0.002623
v -0.010271 0.786134 0.002564
v -0.016864 0.771487 0.000851
v -0.000055 0.790713 0.002487
v 0.117129 1.565058 -0.075035
v 0.116201 1.552334 -0.077916
v -0.197353 1.000323 -0.046200
v -0.046379 0.997688 -0.159943
v -0.092617 0.996543 -0.146125
v -0.087570 1.046207 -0.135396
v -0.044868 1.048367 -0.151647
v -0.046482 0.946274 -0.165104
v -0.096463 0.946835 -0.154014
v -0.138993 0.995484 -0.122352
v -0.130889 1.042448 -0.112348
v -0.143938 0.947311 -0.127855
v -0.168783 1.045343 -0.078601
v -0.178174 0.996932 -0.084099
v -0.182175 0.949147 -0.088622
v -0.184922 0.848781 -0.097834
v -0.177505 0.823225 -0.093163
v -0.141637 0.844612 -0.127560
v -0.136538 0.814649 -0.123804
v -0.083998 0.801407 -0.122381
v -0.043941 0.786782 -0.095495
v -0.094540 0.837418 -0.142671
v -0.032678 0.800694 -0.104406
v -0.043254 0.835280 -0.144454
v -0.045504 0.911450 -0.167596
v -0.097837 0.911126 -0.158319
v -0.097270 0.876087 -0.157008
v -0.044336 0.875072 -0.161278
v -0.145071 0.912703 -0.129786
v -0.144762 0.876886 -0.129662
v -0.183257 0.914215 -0.091108
v -0.183858 0.879133 -0.093133
v -0.204959 0.948866 -0.047564
v -0.180922 1.141993 -0.039014
v -0.160764 1.096412 -0.074639
v -0.159511 1.133568 -0.074663
v -0.125618 1.093344 -0.106686
v -0.127335 1.131624 -0.110488
v -0.085355 1.098572 -0.131516
v -0.085149 1.137111 -0.127418
v -0.128004 1.144305 -0.111959
v -0.085149 1.150245 -0.131256
v -0.159494 1.145989 -0.074958
v -0.181351 1.156575 -0.038240
v -0.170036 1.159059 -0.087813
v -0.139250 1.159448 -0.129148
v -0.091141 1.163812 -0.149391
v -0.156008 1.191960 -0.151670
v -0.105581 1.195092 -0.175090
v -0.049247 1.239464 -0.210963
v -0.097648 1.239939 -0.197800
v -0.101494 1.281826 -0.204178
v -0.052183 1.288091 -0.214937
v -0.134460 1.237260 -0.182512
v -0.140985 1.275670 -0.183221
v -0.182484 1.175563 -0.100296
v -0.194468 1.198160 -0.112053
v -0.188013 1.169817 -0.040053
v -0.195087 1.183621 -0.075194
v -0.169761 1.235597 -0.156158
v -0.199207 1.213238 -0.104991
v -0.177625 1.252123 -0.148210
v -0.202264 1.188892 -0.048875
v -0.198847 1.475450 -0.136589
v -0.194434 1.445423 -0.155319
v -0.223348 1.450910 -0.148216
v -0.227744 1.475861 -0.125375
v -0.193455 1.414553 -0.167596
v -0.217201 1.417771 -0.163657
v -0.191395 1.373702 -0.174470
v -0.209509 1.380421 -0.169226
v -0.163391 1.437819 -0.164915
v -0.164885 1.406236 -0.171842
v -0.127936 1.430906 -0.170484
v -0.125961 1.467846 -0.156648
v -0.088479 1.462057 -0.163728
v -0.090076 1.424555 -0.177422
v -0.162653 1.473787 -0.147295
v -0.133584 1.393145 -0.177209
v -0.102370 1.384806 -0.185677
v -0.122527 1.497420 -0.132567
v -0.162395 1.499559 -0.121749
v -0.088085 1.495368 -0.143610
v -0.229220 1.492733 -0.094923
v -0.201972 1.500488 -0.107205
v -0.198984 1.510511 -0.089791
v -0.158395 1.517381 -0.099540
v -0.154892 1.529435 -0.067777
v -0.118424 1.522782 -0.110860
v -0.094729 1.532978 -0.112254
v -0.194743 1.521442 -0.056209
v -0.226439 1.485107 -0.090399
v -0.150548 1.291829 -0.172627
v -0.149673 1.354411 -0.176353
v -0.110251 1.337885 -0.184733
v -0.106611 1.314554 -0.196572
v -0.058759 1.340024 -0.204119
v -0.131129 1.315202 -0.179512
v -0.152368 1.323714 -0.179849
v -0.184665 1.333305 -0.164655
v -0.204856 1.330627 -0.153087
v -0.180784 1.292196 -0.162370
v -0.224361 1.468926 -0.118194
v -0.222215 1.446265 -0.140941
v -0.217373 1.414639 -0.157351
v -0.209595 1.378844 -0.162754
v -0.203414 1.303407 -0.120515
v -0.201766 1.296430 -0.131050
v -0.174500 1.255687 -0.145517
v -0.188305 1.217559 -0.099174
v -0.196598 1.231060 -0.091403
v -0.191824 1.252706 -0.120515
v -0.201302 1.256098 -0.091285
v 0.020892 0.771833 0.002056
v 0.024532 0.779610 -0.048763
v 0.184898 0.848824 -0.097822
v 0.176124 0.822340 -0.093246
v 0.141613 0.844612 -0.127513
v 0.135947 0.814606 -0.123964
v 0.094293 0.837613 -0.141909
v 0.083630 0.801731 -0.122523
v 0.042526 1.137521 -0.138437
v 0.043092 1.150504 -0.137740
v 0.085107 1.150353 -0.131132
v 0.085141 1.137111 -0.127418
v 0.044037 1.165626 -0.155373
v 0.091116 1.163876 -0.149338
v 0.127980 1.144305 -0.111959
v 0.127310 1.131624 -0.110488
v 0.139175 1.159577 -0.129148
v 0.159555 1.145968 -0.074999
v 0.159486 1.133374 -0.074657
v 0.169977 1.159102 -0.087795
v 0.096336 0.946771 -0.153696
v 0.092799 0.996629 -0.146645
v 0.139003 0.995484 -0.122399
v 0.142694 0.946922 -0.126284
v 0.145081 0.912617 -0.129727
v 0.096662 0.909852 -0.154339
v 0.182116 0.949233 -0.088587
v 0.178150 0.996932 -0.084099
v 0.184400 0.914453 -0.092171
v 0.097263 0.876022 -0.156093
v 0.143896 0.877102 -0.128652
v 0.183661 0.879025 -0.092885
v 0.087528 1.046207 -0.135396
v 0.085347 1.098593 -0.131516
v 0.125559 1.093322 -0.106709
v 0.130882 1.042448 -0.112348
v 0.168758 1.045343 -0.078601
v 0.160757 1.096412 -0.074639
v 0.041152 1.098766 -0.136683
v 0.200110 1.194012 -0.048822
v 0.195028 1.183664 -0.075182
v 0.182563 1.175585 -0.100243
v 0.202205 1.188914 -0.048911
v 0.156001 1.191960 -0.151688
v 0.105556 1.195114 -0.175054
v 0.046217 1.197468 -0.189964
v 0.102363 1.384784 -0.185512
v 0.110175 1.337842 -0.184626
v 0.065636 1.377764 -0.184632
v 0.090069 1.424533 -0.177328
v 0.045084 1.415719 -0.175013
v 0.131105 1.315202 -0.179512
v 0.106621 1.314576 -0.196619
v 0.149631 1.354411 -0.176306
v 0.133543 1.393188 -0.177139
v 0.152361 1.323714 -0.179849
v 0.150507 1.291872 -0.172539
v 0.174458 1.255687 -0.145464
v 0.177618 1.252145 -0.148216
v 0.180777 1.292217 -0.162406
v 0.141029 1.275735 -0.183398
v 0.170269 1.235446 -0.156613
v 0.184812 1.333176 -0.165216
v 0.188246 1.217602 -0.099174
v 0.199166 1.213346 -0.104861
v 0.191817 1.252706 -0.120521
v 0.196573 1.231060 -0.091403
v 0.201690 1.296343 -0.130973
v 0.097555 1.240090 -0.197848
v 0.134539 1.237152 -0.182359
v 0.101487 1.281805 -0.204201
v 0.194375 1.198203 -0.112030
v 0.042303 1.455101 -0.164762
v 0.088438 1.461992 -0.163669
v 0.042474 1.493705 -0.151334
v 0.087991 1.495325 -0.143622
v 0.094636 1.532848 -0.112154
v 0.114708 1.539696 -0.080225
v 0.118399 1.522803 -0.110878
v 0.122503 1.497420 -0.132567
v 0.158405 1.517403 -0.099517
v 0.154868 1.529522 -0.067783
v 0.204299 1.268843 -0.057060
v 0.201346 1.256098 -0.091297
v 0.206669 1.280465 -0.060189
v 0.203510 1.303299 -0.120438
v 0.207356 1.334364 -0.147519
v 0.205124 1.330108 -0.154068
v 0.213485 1.378260 -0.162116
v 0.209502 1.380399 -0.169858
v 0.221469 1.413991 -0.157817
v 0.217057 1.418096 -0.164537
v 0.224285 1.446200 -0.140687
v 0.223409 1.451342 -0.148895
v 0.227736 1.475882 -0.125387
v 0.224388 1.468926 -0.118171
v 0.229230 1.492754 -0.094893
v 0.226431 1.485193 -0.090340
v 0.198960 1.510533 -0.089797
v 0.201999 1.500488 -0.107176
v 0.198977 1.475472 -0.136524
v 0.194495 1.445401 -0.155142
v 0.193414 1.414531 -0.167537
v 0.191456 1.373724 -0.174576
v 0.162388 1.499559 -0.121761
v 0.162560 1.473722 -0.147283
v 0.163401 1.437797 -0.164850
v 0.164964 1.406214 -0.171753
v 0.127894 1.430906 -0.170454
v 0.125902 1.467825 -0.156613
v 0.012324 0.788100 0.002623
v 0.013715 0.791362 -0.053617
v -0.024402 0.779135 -0.049365
v -0.013619 0.791275 -0.053629
v -0.010271 0.786134 0.002564
v -0.016864 0.771487 0.000851
v 0.051729 1.530667 -0.130802
v -0.051736 1.530775 -0.130666
v -0.042705 1.493618 -0.151399
v -0.043220 1.454777 -0.164909
v -0.000038 1.490054 -0.152101
v -0.000004 1.529003 -0.136246
v -0.043392 1.415438 -0.175036
v -0.000313 1.450175 -0.165978
v -0.065661 1.377699 -0.184786
v -0.000021 1.410729 -0.175007
v -0.000004 1.378131 -0.185884
v 0.058751 1.340024 -0.204166
v 0.000305 1.342119 -0.206941
v 0.052175 1.288113 -0.215031
v -0.000089 1.289755 -0.217848
v 0.049188 1.239399 -0.210951
v -0.001566 1.239550 -0.213407
v -0.046242 1.197447 -0.190018
v -0.043975 1.165561 -0.155479
v -0.000690 1.199456 -0.192610
v -0.043083 1.150483 -0.137876
v -0.000004 1.167894 -0.154085
v -0.042567 1.137543 -0.138443
v 0.000014 1.150742 -0.137929
v -0.041177 1.098766 -0.136683
v -0.000141 1.137608 -0.136612
v 0.044895 1.048432 -0.151576
v -0.000587 1.097880 -0.142080
v 0.000271 1.049793 -0.157038
v 0.046647 0.997796 -0.161337
v 0.000580 0.998012 -0.167761
v 0.046509 0.946274 -0.165334
v 0.000082 0.945626 -0.170076
v 0.045187 0.911493 -0.165275
v 0.000340 0.909398 -0.166143
v 0.044329 0.875331 -0.159264
v 0.000031 0.873948 -0.157333
v 0.043247 0.835301 -0.144419
v 0.000237 0.833206 -0.138650
v -0.000296 0.807563 -0.109862
v 0.032653 0.800694 -0.104418
v -0.000004 0.792377 -0.055323
v -0.000055 0.790713 0.002487
v 0.044638 0.787862 -0.097852
v -0.089321 1.572856 -0.106195
v -0.091261 1.552096 -0.107589
v -0.047615 1.579208 -0.130695
v -0.050019 1.555466 -0.132243
v -0.000004 1.581001 -0.139949
v -0.000261 1.554343 -0.139470
v 0.047539 1.579229 -0.130613
v 0.049617 1.554969 -0.130749
v 0.089314 1.572813 -0.106219
v 0.092438 1.553522 -0.110134
v 0.117129 1.565058 -0.075035
v 0.116201 1.552334 -0.077916
v -0.021844 0.769932 0.001908
v -0.087037 0.801256 -0.112661
v -0.052268 0.789417 -0.089065
v -0.030480 0.778919 -0.046112
v -0.197302 0.823117 -0.054089
v -0.171959 0.819791 -0.087919
v -0.135027 0.811042 -0.114220
v -0.187824 1.051413 -0.044133
v -0.208788 0.851784 -0.054633
v -0.203998 0.825710 -0.059339
v -0.212325 0.879673 -0.049690
v -0.210110 0.914453 -0.049129
v -0.179187 1.103476 -0.038701
v -0.199946 1.193839 -0.048946
v -0.114801 1.540020 -0.080231
v -0.227864 1.502454 -0.060744
v -0.228224 1.494158 -0.059829
v -0.204513 1.334602 -0.147802
v -0.206590 1.280444 -0.060213
v -0.204221 1.268865 -0.057036
v -0.207226 1.240090 -0.055524
v -0.204770 1.215658 -0.052076
v -0.202590 1.286341 -0.087896
v 0.025888 0.769478 0.003030
v 0.032602 0.779221 -0.045143
v 0.197105 0.822405 -0.053954
v 0.208661 0.851806 -0.054591
v 0.204111 0.825429 -0.058979
v 0.171110 0.819315 -0.088014
v 0.133938 0.810739 -0.113778
v 0.086480 0.800867 -0.110654
v 0.051798 0.788942 -0.087388
v 0.181395 1.156575 -0.038228
v 0.181017 1.141928 -0.038996
v 0.188074 1.169796 -0.039964
v 0.204935 0.948866 -0.047564
v 0.197329 1.000323 -0.046200
v 0.209416 0.914453 -0.048893
v 0.212301 0.879673 -0.049690
v 0.187817 1.051413 -0.044133
v 0.179214 1.103476 -0.038719
v 0.204832 1.215636 -0.052099
v 0.207270 1.240090 -0.055548
v 0.202462 1.286385 -0.087866
v 0.194702 1.521399 -0.056197
v 0.228011 1.502562 -0.060756
v 0.228457 1.494115 -0.059735
v -0.117136 1.564259 -0.075241
v -0.115797 1.552248 -0.077668
v 0.205347 0.192344 -0.081193
v 0.191062 0.191091 -0.082912
v 0.182099 0.190183 -0.080934
v 0.215443 0.193035 -0.074350
v 0.221401 0.193251 -0.063343
v 0.223461 0.193057 -0.051001
v 0.220456 0.192430 -0.038831
v 0.215219 0.191588 -0.027877
v 0.204008 0.190183 -0.020425
v 0.191456 0.188801 -0.019876
v 0.180227 0.187721 -0.023732
v 0.171265 0.187116 -0.032447
v 0.165616 0.187029 -0.043927
v 0.164071 0.187505 -0.057367
v 0.167247 0.188261 -0.067187
v 0.173531 0.189190 -0.075826
v 0.193208 0.190464 -0.052572
v 0.217348 0.195541 -0.109756
v 0.188864 0.191976 -0.113252
v 0.170956 0.190529 -0.109284
v 0.237626 0.196254 -0.096086
v 0.249610 0.195951 -0.074119
v 0.253594 0.196815 -0.049413
v 0.247670 0.194958 -0.025066
v 0.237128 0.194007 -0.003182
v 0.214584 0.192300 0.011746
v 0.189448 0.189427 0.012856
v 0.166972 0.187591 0.005138
v 0.149081 0.185820 -0.012305
v 0.137870 0.184826 -0.035223
v 0.134745 0.186511 -0.062073
v 0.141183 0.187202 -0.081796
v 0.153769 0.188736 -0.099062
v 0.525941 1.085135 0.036069
v 0.530937 1.090276 0.036435
v 0.521357 1.079907 0.033695
v 0.517751 1.075327 0.030140
v 0.515141 1.070877 0.023320
v 0.514695 1.068285 0.015212
v 0.516051 1.067788 0.008351
v 0.548073 1.098075 0.000828
v 0.544639 1.092437 -0.007363
v 0.548124 1.100559 0.009904
v 0.546527 1.100927 0.017403
v 0.544450 1.100538 0.023716
v 0.541153 1.098637 0.029148
v 0.536569 1.095288 0.033878
v 0.518644 1.068501 0.001217
v 0.522266 1.070640 -0.004381
v 0.526765 1.073967 -0.008863
v 0.532414 1.079021 -0.011248
v 0.537908 1.084530 -0.011425
v 0.531057 1.084206 0.013488
v 0.519004 1.087706 0.058260
v 0.528207 1.098745 0.058691
v 0.509750 1.077574 0.053424
v 0.502693 1.068112 0.046344
v 0.497611 1.059104 0.032738
v 0.496924 1.053725 0.016547
v 0.499671 1.052666 0.002906
v 0.562667 1.114104 -0.012701
v 0.556709 1.102136 -0.028733
v 0.562049 1.119742 0.005321
v 0.558701 1.120693 0.020296
v 0.554185 1.120066 0.033004
v 0.547952 1.115767 0.044253
v 0.539780 1.108531 0.053754
v 0.504650 1.054330 -0.011455
v 0.512119 1.058521 -0.022710
v 0.521254 1.064915 -0.031585
v 0.532139 1.075435 -0.036433
v 0.543317 1.086410 -0.036770
v 0.107393 1.582772 -0.068911
v 0.115446 1.583938 -0.073411
v 0.102122 1.588648 -0.091858
v 0.094997 1.587136 -0.086071
v 0.116528 1.577911 -0.049926
v 0.125267 1.578732 -0.053003
v 0.131276 1.573180 -0.031255
v 0.122125 1.572748 -0.029696
v 0.133320 1.567456 -0.008821
v 0.124014 1.567434 -0.008827
v 0.079698 1.590916 -0.100875
v 0.085691 1.592731 -0.107778
v 0.133526 1.558836 -0.011024
v 0.131276 1.561753 0.013612
v 0.131482 1.553090 0.011445
v 0.115635 1.575341 -0.075714
v 0.102277 1.580050 -0.094190
v 0.066649 1.596014 -0.120698
v 0.061996 1.593984 -0.112898
v -0.062021 1.593984 -0.112898
v -0.066674 1.596014 -0.120698
v -0.085698 1.592731 -0.107778
v -0.079723 1.590916 -0.100875
v -0.102301 1.580050 -0.094190
v -0.102147 1.588648 -0.091858
v -0.085835 1.584133 -0.110134
v -0.131301 1.573180 -0.031255
v -0.125291 1.578732 -0.053003
v -0.125480 1.570135 -0.055276
v -0.131507 1.564561 -0.033493
v -0.042430 1.596252 -0.121743
v -0.045607 1.598434 -0.130205
v -0.079706 1.573396 -0.105321
v -0.062004 1.576464 -0.117338
v -0.021552 1.597635 -0.127170
v -0.023166 1.599924 -0.136040
v -0.115470 1.583938 -0.073411
v -0.107401 1.582772 -0.068911
v -0.095004 1.587136 -0.086071
v -0.116552 1.556935 0.032272
v -0.122132 1.562098 0.012035
v -0.131301 1.561753 0.013612
v -0.125291 1.556201 0.035360
v -0.124021 1.567434 -0.008827
v -0.133327 1.567456 -0.008821
v -0.122132 1.572748 -0.029696
v -0.133550 1.558836 -0.011024
v -0.131507 1.553090 0.011445
v -0.000004 1.534512 0.120357
v -0.000004 1.525806 0.118356
v 0.023176 1.526325 0.116395
v 0.023141 1.535009 0.118403
v 0.045582 1.536499 0.112569
v 0.045668 1.527815 0.110555
v -0.045607 1.536499 0.112569
v -0.042430 1.538616 0.104083
v -0.062021 1.540885 0.095237
v -0.066674 1.538919 0.103056
v -0.079723 1.543952 0.083221
v -0.085698 1.542202 0.090135
v -0.023166 1.535009 0.118403
v -0.021552 1.537234 0.109510
v 0.066752 1.530234 0.101030
v 0.066649 1.538919 0.103056
v 0.079698 1.543952 0.083221
v 0.061996 1.540885 0.095237
v 0.085691 1.542202 0.090135
v 0.042406 1.538616 0.104083
v 0.021527 1.537234 0.109510
v 0.115635 1.542332 0.053666
v 0.115446 1.550973 0.055768
v 0.102122 1.546285 0.074215
v 0.102277 1.537601 0.072143
v -0.042413 1.578711 -0.126178
v -0.021535 1.580093 -0.131605
v -0.000004 1.598088 -0.128989
v -0.000004 1.580568 -0.133424
v 0.021527 1.580093 -0.131605
v 0.042389 1.578711 -0.126178
v 0.042406 1.596252 -0.121743
v 0.021527 1.597635 -0.127170
v 0.023141 1.599924 -0.136040
v 0.045582 1.598434 -0.130205
v -0.000004 1.600443 -0.138000
v -0.116552 1.577911 -0.049926
v -0.094987 1.569616 -0.090518
v -0.123987 1.549914 -0.013303
v -0.122098 1.555229 -0.034160
v -0.122098 1.544579 0.007559
v -0.134889 1.549871 -0.013309
v -0.132829 1.555661 -0.036002
v -0.116518 1.560392 -0.054390
v -0.132863 1.564410 -0.033782
v -0.134924 1.558620 -0.011077
v -0.115642 1.575341 -0.075714
v -0.125480 1.547538 0.033229
v -0.115642 1.542332 0.053666
v -0.115470 1.550973 0.055768
v -0.116518 1.539416 0.027784
v -0.107401 1.552096 0.051251
v -0.107366 1.534577 0.046763
v -0.102147 1.546285 0.074215
v -0.095004 1.547711 0.068411
v -0.042413 1.521097 0.099578
v -0.062004 1.523365 0.090732
v -0.079706 1.526433 0.078721
v -0.094987 1.530213 0.063917
v -0.000004 1.536758 0.111335
v 0.042389 1.521097 0.099578
v 0.061979 1.523365 0.090732
v 0.021527 1.519714 0.105004
v -0.021535 1.519714 0.105004
v 0.085828 1.533540 0.088086
v 0.107393 1.552096 0.051251
v 0.094997 1.547711 0.068411
v 0.125267 1.556201 0.035360
v 0.116528 1.556935 0.032272
v 0.122125 1.562098 0.012035
v 0.116493 1.539416 0.027784
v 0.122091 1.544579 0.007559
v 0.107359 1.534577 0.046763
v 0.094962 1.530213 0.063917
v 0.079681 1.526433 0.078721
v 0.103307 1.528442 0.070696
v 0.086687 1.524315 0.086799
v 0.116820 1.541943 0.054280
v 0.126778 1.547214 0.033630
v 0.125473 1.547538 0.033229
v -0.023200 1.526325 0.116395
v -0.045675 1.527815 0.110555
v -0.102301 1.537601 0.072143
v -0.085835 1.533540 0.088086
v -0.066777 1.530234 0.101030
v -0.067464 1.529716 0.102134
v -0.046156 1.527275 0.111760
v -0.103366 1.537169 0.072952
v -0.086728 1.533064 0.089061
v -0.126785 1.547214 0.033630
v -0.132863 1.552831 0.011622
v -0.116844 1.541943 0.054280
v -0.126785 1.570026 -0.055790
v -0.066777 1.587438 -0.123072
v -0.067464 1.587503 -0.124288
v -0.045675 1.589858 -0.132603
v -0.046156 1.589966 -0.133914
v -0.023200 1.591348 -0.138443
v -0.086728 1.584176 -0.111215
v -0.103366 1.580050 -0.095112
v -0.116844 1.575297 -0.076440
v 0.023416 1.591478 -0.139819
v 0.023176 1.591348 -0.138443
v 0.045668 1.589858 -0.132603
v 0.046131 1.589966 -0.133914
v -0.000004 1.591845 -0.140403
v 0.067456 1.587503 -0.124288
v 0.066752 1.587438 -0.123072
v 0.085828 1.584133 -0.110134
v 0.086704 1.584176 -0.111215
v 0.086687 1.575427 -0.113417
v 0.067422 1.578754 -0.126491
v 0.125473 1.570135 -0.055276
v 0.131482 1.564561 -0.033493
v 0.134899 1.558620 -0.011077
v 0.132856 1.564410 -0.033782
v 0.132856 1.552831 0.011622
v 0.126778 1.570026 -0.055790
v 0.116820 1.575297 -0.076440
v 0.107359 1.565231 -0.073363
v 0.116493 1.560392 -0.054390
v 0.122091 1.555229 -0.034160
v 0.123962 1.549914 -0.013303
v 0.061979 1.576464 -0.117338
v 0.079681 1.573396 -0.105321
v 0.094962 1.569616 -0.090518
v 0.116785 1.566548 -0.078648
v 0.126726 1.561277 -0.058010
v -0.046139 1.581217 -0.136110
v -0.023423 1.582707 -0.142015
v -0.000004 1.583226 -0.143994
v 0.023416 1.582707 -0.142015
v 0.046114 1.581217 -0.136110
v -0.067447 1.578754 -0.126491
v -0.116810 1.566548 -0.078648
v -0.107366 1.565231 -0.073363
v -0.126751 1.561277 -0.058010
v 0.086704 1.533064 0.089061
v 0.103341 1.537169 0.072952
v 0.067456 1.529716 0.102134
v 0.116785 1.533194 0.052030
v -0.023440 1.525763 0.117665
v -0.000004 1.525266 0.119643
v 0.023416 1.525763 0.117665
v 0.046131 1.527275 0.111760
v 0.023416 1.517035 0.115391
v -0.000004 1.516517 0.117370
v -0.116810 1.533194 0.052030
v -0.126751 1.538465 0.031386
v -0.103331 1.528442 0.070696
v -0.000004 1.591975 -0.141803
v -0.023440 1.591478 -0.139819
v 0.103341 1.580050 -0.095112
v 0.103307 1.571301 -0.097314
v -0.086694 1.575427 -0.113417
v -0.103331 1.571301 -0.097314
v -0.132829 1.544082 0.009384
v -0.086694 1.524315 0.086799
v -0.067447 1.520989 0.099867
v -0.046139 1.518526 0.109492
v -0.023423 1.517035 0.115391
v 0.046114 1.518526 0.109492
v 0.067422 1.520989 0.099867
v 0.126726 1.538465 0.031386
v 0.132805 1.544082 0.009384
v 0.134865 1.549871 -0.013309
v 0.132805 1.555661 -0.036002
v -0.000004 1.519260 0.106823
v 0.107393 1.582772 -0.068911
v 0.094997 1.587136 -0.086071
v 0.116528 1.577911 -0.049926
v 0.122125 1.572748 -0.029696
v 0.124014 1.567434 -0.008827
v 0.079698 1.590916 -0.100875
v 0.061996 1.593984 -0.112898
v -0.062021 1.593984 -0.112898
v -0.079723 1.590916 -0.100875
v -0.042430 1.596252 -0.121743
v -0.021552 1.597635 -0.127170
v -0.107401 1.582772 -0.068911
v -0.095004 1.587136 -0.086071
v -0.116552 1.556935 0.032272
v -0.122132 1.562098 0.012035
v -0.124021 1.567434 -0.008827
v -0.122132 1.572748 -0.029696
v -0.042430 1.538616 0.104083
v -0.062021 1.540885 0.095237
v -0.079723 1.543952 0.083221
v -0.021552 1.537234 0.109510
v 0.079698 1.543952 0.083221
v 0.061996 1.540885 0.095237
v 0.042406 1.538616 0.104083
v 0.021527 1.537234 0.109510
v -0.000004 1.598088 -0.128989
v -0.000004 1.598088 -0.128989
v -0.000004 1.598088 -0.128989
v -0.000004 1.580568 -0.133424
v 0.042406 1.596252 -0.121743
v 0.021527 1.597635 -0.127170
v -0.000004 1.600443 -0.138000
v -0.116552 1.577911 -0.049926
v -0.107401 1.552096 0.051251
v -0.095004 1.547711 0.068411
v -0.000004 1.536758 0.111335
v 0.107393 1.552096 0.051251
v 0.094997 1.547711 0.068411
v 0.116528 1.556935 0.032272
v 0.122125 1.562098 0.012035
v -0.000004 1.591845 -0.140403
v -0.000004 1.583226 -0.143994
v -0.000004 1.591975 -0.141803
v -0.008812 0.950140 0.164970
v -0.007713 0.948888 0.166783
v 0.011689 0.948888 0.166783
v 0.012788 0.950140 0.164970
v -0.005515 0.946684 0.166606
v 0.009474 0.946684 0.166606
v -0.004416 0.945755 0.164616
v 0.008375 0.945755 0.164616
v -0.005515 0.947008 0.162809
v 0.009474 0.947008 0.162809
v -0.007713 0.949190 0.162986
v 0.011689 0.949190 0.162986
v -0.008812 0.905294 0.161356
v -0.007713 0.906244 0.163346
v -0.005515 0.908448 0.163523
v -0.004416 0.909679 0.161710
v -0.005515 0.908750 0.159720
v -0.007713 0.906547 0.159543
v 0.012788 0.905294 0.161356
v 0.011689 0.906244 0.163346
v 0.009474 0.908448 0.163523
v 0.008375 0.909679 0.161710
v 0.009474 0.908750 0.159720
v 0.011689 0.906547 0.159543
v -0.008812 0.950140 0.164970
v 0.012788 0.950140 0.164970
v -0.008812 0.905294 0.161356
v 0.012788 0.905294 0.161356
v 0.012788 0.905294 0.161356
v 0.012788 0.905294 0.161356
v 0.011689 0.906244 0.163346
v 0.009474 0.908448 0.163523
v 0.008375 0.909679 0.161710
v 0.009474 0.908750 0.159720
v 0.011689 0.906547 0.159543
v -0.039769 0.945042 0.153296
v -0.041503 0.944934 0.154294
v -0.038807 0.944459 0.161238
v -0.039769 0.910586 0.149682
v -0.041503 0.910478 0.150680
v -0.038807 0.910003 0.157624
v -0.005155 0.943638 0.169045
v -0.005155 0.909182 0.165431
v 0.001988 0.944286 0.162815
v 0.001988 0.909830 0.159201
v 0.009028 0.943617 0.169139
v 0.009028 0.909182 0.165519
v 0.043522 0.944459 0.161126
v 0.043522 0.910003 0.157512
v 0.045496 0.944977 0.153774
v 0.043642 0.945064 0.153048
v 0.043642 0.910608 0.149434
v 0.045496 0.910543 0.150160
vt 0.924000 0.761200
vt 0.939500 0.766700
vt 0.901400 0.860600
vt 0.878600 0.856900
vt 0.878100 0.867500
vt 0.900500 0.869700
vt 0.903000 0.837400
vt 0.879900 0.836500
vt 0.903400 0.820000
vt 0.881100 0.818500
vt 0.904100 0.801900
vt 0.882300 0.800600
vt 0.904500 0.785700
vt 0.884300 0.784200
vt 0.931000 0.867900
vt 0.936800 0.860100
vt 0.921700 0.860600
vt 0.921400 0.869000
vt 0.940500 0.839900
vt 0.922200 0.839400
vt 0.941100 0.820300
vt 0.922300 0.821100
vt 0.939400 0.802300
vt 0.922400 0.802700
vt 0.923100 0.786700
vt 0.860600 0.816700
vt 0.860800 0.834200
vt 0.863400 0.799200
vt 0.852700 0.794700
vt 0.849600 0.814800
vt 0.866000 0.784700
vt 0.857800 0.779500
vt 0.848800 0.792800
vt 0.845100 0.813900
vt 0.865100 0.774200
vt 0.854300 0.776500
vt 0.885400 0.760600
vt 0.862900 0.768600
vt 0.885200 0.771000
vt 0.885300 0.765800
vt 0.860800 0.763100
vt 0.905200 0.772900
vt 0.905200 0.767100
vt 0.922500 0.775000
vt 0.923700 0.767500
vt 0.941400 0.862000
vt 0.945400 0.840700
vt 0.933600 0.871700
vt 0.921500 0.873800
vt 0.900000 0.874800
vt 0.860700 0.864100
vt 0.858600 0.869000
vt 0.877200 0.872800
vt 0.934600 0.786100
vt 0.930600 0.778000
vt 0.849600 0.831600
vt 0.851500 0.848100
vt 0.844700 0.831600
vt 0.846900 0.850100
vt 0.945800 0.820000
vt 0.943600 0.799500
vt 0.940600 0.781900
vt 0.935100 0.772700
vt 0.860200 0.853500
vt 0.854700 0.858600
vt 0.851400 0.860900
vt 0.848100 0.865000
vt 0.842300 0.852100
vt 0.839700 0.832200
vt 0.840400 0.813200
vt 0.844900 0.790800
vt 0.946300 0.777200
vt 0.947700 0.796500
vt 0.950500 0.819700
vt 0.950500 0.841500
vt 0.946000 0.863900
vt 0.876300 0.878200
vt 0.899400 0.879600
vt 0.922500 0.878800
vt 0.905200 0.761300
vt 0.856400 0.874000
vt 0.850500 0.773200
vt 0.937100 0.876300
vt 0.719100 0.409100
vt 0.718500 0.395100
vt 0.700600 0.397500
vt 0.701100 0.411600
vt 0.661600 0.400700
vt 0.639600 0.400000
vt 0.639700 0.414700
vt 0.662400 0.414600
vt 0.616500 0.413100
vt 0.616500 0.397400
vt 0.681900 0.414000
vt 0.681300 0.399900
vt 0.639000 0.427200
vt 0.661600 0.428300
vt 0.681400 0.428400
vt 0.702600 0.425800
vt 0.736600 0.406000
vt 0.736500 0.392100
vt 0.721800 0.421700
vt 0.754400 0.402900
vt 0.754400 0.389000
vt 0.739000 0.418800
vt 0.598600 0.424000
vt 0.617800 0.425100
vt 0.617900 0.437800
vt 0.638700 0.440100
vt 0.659800 0.441100
vt 0.681700 0.440800
vt 0.651200 0.517300
vt 0.653700 0.492200
vt 0.631300 0.493400
vt 0.628800 0.518000
vt 0.655000 0.465500
vt 0.634500 0.465100
vt 0.704500 0.438300
vt 0.675100 0.515900
vt 0.678000 0.490300
vt 0.680200 0.463200
vt 0.701700 0.462800
vt 0.597600 0.435700
vt 0.611300 0.492200
vt 0.608600 0.517000
vt 0.613400 0.464500
vt 0.723100 0.435600
vt 0.741600 0.432100
vt 0.740100 0.454200
vt 0.720800 0.460400
vt 0.699900 0.487500
vt 0.720600 0.483400
vt 0.742900 0.480300
vt 0.720800 0.510700
vt 0.744600 0.506300
vt 0.697400 0.513900
vt 0.680800 0.385700
vt 0.660800 0.386300
vt 0.639600 0.385200
vt 0.617200 0.384100
vt 0.640000 0.368300
vt 0.616800 0.367700
vt 0.639100 0.347300
vt 0.617400 0.346300
vt 0.637900 0.325100
vt 0.617100 0.325300
vt 0.637900 0.304600
vt 0.617800 0.304100
vt 0.656400 0.324300
vt 0.655200 0.305000
vt 0.658500 0.347400
vt 0.660000 0.367600
vt 0.597800 0.383000
vt 0.597500 0.366700
vt 0.597600 0.344500
vt 0.600200 0.323300
vt 0.603000 0.303600
vt 0.699800 0.383900
vt 0.718200 0.381300
vt 0.736200 0.378200
vt 0.679300 0.365700
vt 0.715200 0.360100
vt 0.696600 0.363400
vt 0.676500 0.345600
vt 0.693900 0.343300
vt 0.711400 0.340900
vt 0.672800 0.323300
vt 0.690000 0.321800
vt 0.708400 0.320300
vt 0.670800 0.304700
vt 0.686900 0.304000
vt 0.704600 0.302400
vt 0.607100 0.538600
vt 0.672800 0.536100
vt 0.649100 0.537300
vt 0.697600 0.534100
vt 0.722200 0.531400
vt 0.698300 0.554600
vt 0.720200 0.550700
vt 0.744700 0.528200
vt 0.744900 0.544400
vt 0.627400 0.538000
vt 0.606400 0.559600
vt 0.628000 0.558500
vt 0.649900 0.558300
vt 0.673500 0.556500
vt 0.754100 0.374800
vt 0.727300 0.318600
vt 0.722600 0.300500
vt 0.741600 0.314100
vt 0.730900 0.337100
vt 0.734400 0.357400
vt 0.750600 0.354400
vt 0.670000 0.286000
vt 0.653500 0.286300
vt 0.638600 0.286700
vt 0.618500 0.285800
vt 0.603800 0.282800
vt 0.716600 0.280900
vt 0.701000 0.283700
vt 0.685000 0.285900
vt 0.653400 0.268900
vt 0.638900 0.267900
vt 0.620700 0.265100
vt 0.606000 0.262500
vt 0.697600 0.265900
vt 0.683100 0.267300
vt 0.669900 0.267800
vt 0.712000 0.262900
vt 0.654200 0.232600
vt 0.641000 0.231500
vt 0.640400 0.250600
vt 0.654400 0.251300
vt 0.627500 0.229500
vt 0.623300 0.248100
vt 0.614500 0.227900
vt 0.609700 0.244900
vt 0.680100 0.231100
vt 0.681800 0.249700
vt 0.694600 0.248100
vt 0.690900 0.230000
vt 0.669900 0.250900
vt 0.670000 0.231600
vt 0.707100 0.244800
vt 0.702200 0.228100
vt 0.599800 0.412000
vt 0.598600 0.397800
vt 0.755200 0.416300
vt 0.756300 0.428500
vt 0.758500 0.451200
vt 0.762700 0.474600
vt 0.767200 0.501000
vt 0.594100 0.461600
vt 0.589300 0.488500
vt 0.586000 0.514500
vt 0.769300 0.523000
vt 0.769700 0.537600
vt 0.586200 0.539100
vt 0.586000 0.560400
vt 0.737500 0.296500
vt 0.748000 0.334000
vt 0.731400 0.277800
vt 0.725900 0.258900
vt 0.719500 0.241900
vt 0.712800 0.225700
vt 0.832300 0.518600
vt 0.813400 0.520300
vt 0.797200 0.520000
vt 0.785200 0.513500
vt 0.780000 0.505500
vt 0.777800 0.493600
vt 0.778100 0.475300
vt 0.780700 0.459200
vt 0.784800 0.448500
vt 0.788700 0.443400
vt 0.796500 0.440900
vt 0.806300 0.439700
vt 0.819700 0.439400
vt 0.832200 0.441900
vt 0.838900 0.446100
vt 0.847600 0.468900
vt 0.847200 0.490100
vt 0.845200 0.506300
vt 0.840300 0.514000
vt 0.844700 0.453400
vt 0.840000 0.470800
vt 0.840100 0.489900
vt 0.837800 0.457200
vt 0.836100 0.451100
vt 0.837800 0.503500
vt 0.834100 0.509100
vt 0.828400 0.472700
vt 0.828600 0.490000
vt 0.815800 0.473300
vt 0.814300 0.489800
vt 0.829200 0.448800
vt 0.829100 0.457500
vt 0.819500 0.446900
vt 0.817600 0.458700
vt 0.827000 0.503100
vt 0.828400 0.512500
vt 0.812200 0.514700
vt 0.812900 0.503000
vt 0.787500 0.476200
vt 0.786900 0.493300
vt 0.787600 0.501400
vt 0.790500 0.509300
vt 0.808700 0.447000
vt 0.798600 0.512900
vt 0.800100 0.502300
vt 0.800300 0.490700
vt 0.799900 0.448200
vt 0.789600 0.463100
vt 0.800700 0.473600
vt 0.807800 0.459700
vt 0.791100 0.454200
vt 0.793800 0.450100
vt 0.797800 0.461800
vt 0.814300 0.526600
vt 0.835900 0.524700
vt 0.795400 0.525600
vt 0.780100 0.518600
vt 0.772900 0.510100
vt 0.769700 0.493500
vt 0.769700 0.472900
vt 0.772100 0.456500
vt 0.778700 0.441600
vt 0.782400 0.435400
vt 0.791800 0.432300
vt 0.802000 0.432500
vt 0.819300 0.432800
vt 0.834800 0.433900
vt 0.843000 0.439600
vt 0.851300 0.449200
vt 0.854600 0.466800
vt 0.854700 0.489500
vt 0.852400 0.508800
vt 0.846800 0.518100
vt 0.946800 0.983000
vt 0.842100 0.908500
vt 0.950600 0.918500
vt 0.850600 0.899200
vt 0.846500 0.910500
vt 0.858200 0.891400
vt 0.839700 0.928500
vt 0.844500 0.929100
vt 0.848800 0.968100
vt 0.844900 0.946900
vt 0.840500 0.947600
vt 0.844500 0.970100
vt 0.854500 0.984500
vt 0.863300 0.992100
vt 0.885800 0.994800
vt 0.876600 0.887300
vt 0.899400 0.884700
vt 0.921100 0.885300
vt 0.933400 0.888000
vt 0.941600 0.897700
vt 0.945600 0.919300
vt 0.905700 0.993300
vt 0.924100 0.992700
vt 0.935500 0.987600
vt 0.940900 0.978300
vt 0.947900 0.963600
vt 0.943900 0.960700
vt 0.950600 0.940300
vt 0.946000 0.940100
vt 0.859000 0.907000
vt 0.860200 0.896400
vt 0.854200 0.901600
vt 0.851000 0.912500
vt 0.878300 0.902600
vt 0.877600 0.892600
vt 0.860400 0.926500
vt 0.849300 0.929100
vt 0.863300 0.961600
vt 0.860300 0.944100
vt 0.849500 0.946000
vt 0.852700 0.966200
vt 0.866200 0.976200
vt 0.857900 0.981500
vt 0.865400 0.986600
vt 0.884300 0.976500
vt 0.885600 0.989600
vt 0.904700 0.974700
vt 0.905600 0.987500
vt 0.922900 0.985300
vt 0.923300 0.973600
vt 0.930900 0.982300
vt 0.935000 0.974200
vt 0.922600 0.957700
vt 0.939700 0.957900
vt 0.941300 0.939800
vt 0.922500 0.939200
vt 0.940700 0.920200
vt 0.922300 0.920900
vt 0.937000 0.899700
vt 0.920900 0.902000
vt 0.930900 0.891800
vt 0.921100 0.890000
vt 0.901200 0.899300
vt 0.900100 0.889500
vt 0.902900 0.923200
vt 0.879700 0.924300
vt 0.903500 0.940600
vt 0.881100 0.942200
vt 0.904200 0.958600
vt 0.882500 0.960100
vt 0.924400 0.999600
vt 0.939800 0.993600
vt 0.861300 0.997800
vt 0.885900 1.000000
vt 0.850100 0.988200
vt 0.905800 0.999700
vt 0.875600 0.881800
vt 0.898900 0.879600
vt 0.922200 0.880000
vt 0.847700 0.895400
vt 0.855800 0.886200
vt 0.937200 0.882900
vt 0.946200 0.895500
vt 0.441900 0.385800
vt 0.441300 0.371300
vt 0.423300 0.373000
vt 0.423700 0.388300
vt 0.439100 0.359400
vt 0.421400 0.361600
vt 0.405200 0.375900
vt 0.405600 0.390300
vt 0.402900 0.362500
vt 0.386900 0.377800
vt 0.386900 0.391700
vt 0.385700 0.365800
vt 0.367600 0.378900
vt 0.368300 0.393100
vt 0.367500 0.366700
vt 0.349700 0.393600
vt 0.348400 0.379500
vt 0.349000 0.366100
vt 0.331100 0.393900
vt 0.329500 0.380100
vt 0.328800 0.366000
vt 0.313400 0.395000
vt 0.311200 0.380900
vt 0.310300 0.367000
vt 0.295000 0.396300
vt 0.294700 0.382400
vt 0.292600 0.368900
vt 0.424100 0.402500
vt 0.429900 0.415800
vt 0.422500 0.408400
vt 0.443100 0.417700
vt 0.403300 0.405100
vt 0.387300 0.406000
vt 0.369100 0.406900
vt 0.374100 0.412200
vt 0.350900 0.407700
vt 0.363600 0.426100
vt 0.348500 0.427800
vt 0.370800 0.421100
vt 0.332600 0.408400
vt 0.331700 0.430000
vt 0.315200 0.409900
vt 0.315900 0.430700
vt 0.298300 0.411300
vt 0.437200 0.347600
vt 0.418900 0.348200
vt 0.440300 0.320700
vt 0.398900 0.348900
vt 0.411600 0.343600
vt 0.348500 0.353100
vt 0.327700 0.352300
vt 0.347300 0.348100
vt 0.367800 0.354400
vt 0.309100 0.354000
vt 0.324900 0.329700
vt 0.304500 0.332800
vt 0.339700 0.338200
vt 0.290600 0.356500
vt 0.282800 0.333700
vt 0.384000 0.353300
vt 0.438100 0.478700
vt 0.417400 0.498100
vt 0.423400 0.485500
vt 0.416200 0.489200
vt 0.414900 0.516900
vt 0.428700 0.476600
vt 0.401300 0.497300
vt 0.403500 0.490300
vt 0.400300 0.516400
vt 0.389600 0.490800
vt 0.385100 0.496600
vt 0.384700 0.515700
vt 0.368700 0.496500
vt 0.381500 0.488900
vt 0.374100 0.485700
vt 0.370100 0.515900
vt 0.352200 0.499100
vt 0.364200 0.481300
vt 0.349300 0.482300
vt 0.354100 0.515900
vt 0.371900 0.480200
vt 0.335000 0.483900
vt 0.337100 0.500600
vt 0.339500 0.518400
vt 0.319200 0.485700
vt 0.322200 0.503200
vt 0.326000 0.520900
vt 0.306100 0.506900
vt 0.311300 0.524800
vt 0.266000 0.262500
vt 0.288700 0.255900
vt 0.287600 0.246300
vt 0.262400 0.248600
vt 0.313300 0.250000
vt 0.312400 0.242200
vt 0.335800 0.244800
vt 0.332800 0.233900
vt 0.358300 0.239400
vt 0.354800 0.219300
vt 0.378000 0.237000
vt 0.376400 0.211800
vt 0.398300 0.238700
vt 0.399900 0.211100
vt 0.419900 0.238200
vt 0.421700 0.215100
vt 0.443100 0.220500
vt 0.270100 0.284500
vt 0.293300 0.278500
vt 0.317000 0.272900
vt 0.337300 0.255600
vt 0.342900 0.247100
vt 0.410400 0.245400
vt 0.416000 0.257600
vt 0.439900 0.266000
vt 0.320800 0.300900
vt 0.439500 0.291700
vt 0.298600 0.306400
vt 0.276000 0.310700
vt 0.371100 0.435300
vt 0.363000 0.450800
vt 0.371000 0.453100
vt 0.362800 0.467300
vt 0.371700 0.467200
vt 0.432400 0.424800
vt 0.441100 0.439500
vt 0.431000 0.441200
vt 0.439500 0.459700
vt 0.430100 0.461000
vt 0.316800 0.451000
vt 0.317000 0.469300
vt 0.332100 0.451000
vt 0.332800 0.468100
vt 0.348200 0.467600
vt 0.347800 0.450000
vt 0.413400 0.533700
vt 0.411600 0.550500
vt 0.398900 0.548900
vt 0.399600 0.532600
vt 0.384500 0.548000
vt 0.384600 0.531900
vt 0.370400 0.532400
vt 0.371100 0.548600
vt 0.358700 0.549700
vt 0.356400 0.532800
vt 0.342800 0.535800
vt 0.345900 0.552200
vt 0.329600 0.538300
vt 0.333000 0.555200
vt 0.315500 0.541700
vt 0.319300 0.558300
vt 0.441700 0.400900
vt 0.300300 0.431400
vt 0.415600 0.333700
vt 0.433000 0.498200
vt 0.429500 0.517700
vt 0.302000 0.488200
vt 0.441100 0.241600
vt 0.335900 0.267500
vt 0.416600 0.277900
vt 0.335500 0.285300
vt 0.337100 0.302100
vt 0.337300 0.322300
vt 0.417900 0.316900
vt 0.415700 0.297100
vt 0.302200 0.451700
vt 0.299800 0.471100
vt 0.424600 0.551900
vt 0.427200 0.534900
vt 0.268200 0.512500
vt 0.251400 0.512100
vt 0.232100 0.509600
vt 0.281200 0.505400
vt 0.286600 0.496900
vt 0.288800 0.484800
vt 0.288600 0.466500
vt 0.286000 0.450300
vt 0.282300 0.439400
vt 0.278500 0.434300
vt 0.270800 0.431700
vt 0.260900 0.430300
vt 0.223500 0.504600
vt 0.218900 0.496300
vt 0.217500 0.479600
vt 0.218500 0.458200
vt 0.221900 0.442900
vt 0.227800 0.435900
vt 0.234800 0.431800
vt 0.247500 0.429800
vt 0.236100 0.503400
vt 0.253100 0.506500
vt 0.252300 0.493000
vt 0.237900 0.493200
vt 0.229600 0.500300
vt 0.226400 0.493200
vt 0.267300 0.504200
vt 0.265400 0.492400
vt 0.277700 0.492600
vt 0.276900 0.502500
vt 0.279600 0.484300
vt 0.266000 0.481100
vt 0.277600 0.466800
vt 0.265800 0.464300
vt 0.277600 0.453900
vt 0.269000 0.452500
vt 0.276000 0.445000
vt 0.273300 0.440800
vt 0.267200 0.438900
vt 0.258900 0.450200
vt 0.258400 0.437300
vt 0.247500 0.437200
vt 0.249000 0.448900
vt 0.237600 0.438900
vt 0.237600 0.447300
vt 0.230700 0.440800
vt 0.228600 0.446800
vt 0.226000 0.460500
vt 0.237700 0.462700
vt 0.225600 0.479500
vt 0.236700 0.480000
vt 0.251200 0.479900
vt 0.250400 0.463600
vt 0.217600 0.508200
vt 0.228500 0.515200
vt 0.250600 0.518800
vt 0.269700 0.517400
vt 0.286100 0.510200
vt 0.293900 0.501500
vt 0.223700 0.428900
vt 0.232600 0.424200
vt 0.214700 0.438100
vt 0.248000 0.422700
vt 0.265300 0.422700
vt 0.275600 0.423200
vt 0.285100 0.426500
vt 0.289600 0.432800
vt 0.297200 0.484900
vt 0.297200 0.464300
vt 0.295100 0.447900
vt 0.211400 0.498200
vt 0.209900 0.478600
vt 0.210800 0.455800
vt 0.494100 0.471700
vt 0.494600 0.463000
vt 0.478300 0.473300
vt 0.479100 0.480200
vt 0.572100 0.418900
vt 0.570300 0.414000
vt 0.554000 0.425600
vt 0.555100 0.434200
vt 0.583600 0.409500
vt 0.447300 0.481700
vt 0.464500 0.495600
vt 0.462900 0.486300
vt 0.480600 0.489500
vt 0.495800 0.481800
vt 0.510900 0.472400
vt 0.547400 0.456100
vt 0.527700 0.463100
vt 0.544600 0.450100
vt 0.558600 0.437300
vt 0.574200 0.423000
vt 0.542000 0.444100
vt 0.525100 0.452400
vt 0.539500 0.435700
vt 0.508300 0.461100
vt 0.507800 0.451400
vt 0.520800 0.442300
vt 0.575700 0.426600
vt 0.462000 0.479800
vt 0.446600 0.447300
vt 0.459300 0.444200
vt 0.459100 0.417800
vt 0.446100 0.469100
vt 0.461700 0.468000
vt 0.475600 0.438400
vt 0.476500 0.414300
vt 0.478600 0.460600
vt 0.494200 0.428600
vt 0.493300 0.409200
vt 0.494300 0.449900
vt 0.507700 0.420900
vt 0.508200 0.405400
vt 0.507400 0.437200
vt 0.520900 0.416500
vt 0.521400 0.401900
vt 0.521200 0.430800
vt 0.536100 0.410200
vt 0.535200 0.397800
vt 0.536300 0.423100
vt 0.549400 0.406500
vt 0.547700 0.393200
vt 0.552400 0.416000
vt 0.563500 0.400700
vt 0.561900 0.388300
vt 0.567200 0.407900
vt 0.579700 0.396000
vt 0.576000 0.384800
vt 0.581800 0.402700
vt 0.462100 0.318800
vt 0.462800 0.299800
vt 0.461600 0.337900
vt 0.473600 0.317800
vt 0.474400 0.299200
vt 0.473600 0.336400
vt 0.487800 0.315900
vt 0.487800 0.297500
vt 0.488400 0.334300
vt 0.500300 0.313600
vt 0.499300 0.295400
vt 0.501600 0.331800
vt 0.513100 0.311100
vt 0.511000 0.293400
vt 0.515400 0.329100
vt 0.526400 0.308100
vt 0.523200 0.290400
vt 0.529300 0.325800
vt 0.538500 0.304800
vt 0.533400 0.287100
vt 0.541500 0.323000
vt 0.543000 0.284300
vt 0.547800 0.302200
vt 0.551700 0.320400
vt 0.540300 0.240300
vt 0.462700 0.256300
vt 0.463600 0.268100
vt 0.475000 0.268300
vt 0.474800 0.256400
vt 0.487000 0.268000
vt 0.486700 0.255900
vt 0.517400 0.261600
vt 0.515200 0.249600
vt 0.505300 0.252400
vt 0.507900 0.264500
vt 0.525600 0.259200
vt 0.522700 0.247300
vt 0.535400 0.255700
vt 0.531700 0.243900
vt 0.496500 0.254500
vt 0.497800 0.266600
vt 0.508800 0.267400
vt 0.497500 0.269100
vt 0.510000 0.280500
vt 0.498500 0.282400
vt 0.518600 0.265100
vt 0.521000 0.277900
vt 0.526800 0.261900
vt 0.530100 0.274500
vt 0.537100 0.259100
vt 0.540100 0.271800
vt 0.487200 0.284000
vt 0.475500 0.271600
vt 0.486600 0.270300
vt 0.475500 0.285300
vt 0.464200 0.271800
vt 0.463400 0.285800
vt 0.568400 0.348300
vt 0.460000 0.357100
vt 0.459800 0.366700
vt 0.474400 0.355200
vt 0.475300 0.366400
vt 0.489700 0.352800
vt 0.490900 0.365400
vt 0.503500 0.350000
vt 0.505300 0.362600
vt 0.517600 0.347200
vt 0.518600 0.360600
vt 0.531700 0.343600
vt 0.533000 0.357200
vt 0.543800 0.341100
vt 0.544800 0.353300
vt 0.554900 0.338700
vt 0.556000 0.350400
vt 0.459700 0.395400
vt 0.459400 0.381400
vt 0.476000 0.392400
vt 0.475900 0.380900
vt 0.492700 0.389300
vt 0.491300 0.377800
vt 0.507400 0.386500
vt 0.506300 0.374800
vt 0.521800 0.384000
vt 0.519800 0.373500
vt 0.535500 0.379900
vt 0.533600 0.369600
vt 0.547500 0.377800
vt 0.547100 0.366400
vt 0.560100 0.375300
vt 0.558100 0.363500
vt 0.571900 0.372500
vt 0.570200 0.361900
vt 0.462700 0.240800
vt 0.463600 0.237700
vt 0.462700 0.244200
vt 0.475000 0.242100
vt 0.474500 0.237900
vt 0.474900 0.244900
vt 0.486600 0.240600
vt 0.486000 0.236600
vt 0.486400 0.243900
vt 0.494600 0.238800
vt 0.494300 0.235100
vt 0.495100 0.242100
vt 0.502800 0.237300
vt 0.502400 0.233600
vt 0.502100 0.240400
vt 0.511100 0.235000
vt 0.509700 0.231500
vt 0.512500 0.237500
vt 0.518800 0.232200
vt 0.516900 0.229200
vt 0.519400 0.235500
vt 0.525600 0.229200
vt 0.524300 0.226100
vt 0.526900 0.231900
vt 0.532800 0.225400
vt 0.531100 0.223000
vt 0.534700 0.227900
vt 0.449700 0.507900
vt 0.466100 0.504800
vt 0.585200 0.414100
vt 0.449200 0.498700
vt 0.448800 0.489400
vt 0.482300 0.499800
vt 0.497500 0.492800
vt 0.513700 0.483300
vt 0.529600 0.472800
vt 0.562400 0.440500
vt 0.585900 0.416100
vt 0.587800 0.418100
vt 0.446500 0.420000
vt 0.450700 0.319100
vt 0.451300 0.299500
vt 0.450200 0.338600
vt 0.552400 0.280900
vt 0.557800 0.299000
vt 0.562400 0.317400
vt 0.451900 0.255700
vt 0.453600 0.267900
vt 0.544200 0.253100
vt 0.452100 0.285300
vt 0.453900 0.271600
vt 0.545300 0.256600
vt 0.549100 0.268800
vt 0.447500 0.358500
vt 0.446100 0.368100
vt 0.566200 0.335700
vt 0.446600 0.396800
vt 0.446100 0.380900
vt 0.453400 0.239300
vt 0.453600 0.236600
vt 0.451900 0.242800
vt 0.805800 0.542800
vt 0.820400 0.536000
vt 0.944000 0.471000
vt 0.928100 0.473500
vt 0.912700 0.479400
vt 0.899400 0.488000
vt 0.886200 0.497800
vt 0.873900 0.508700
vt 0.858200 0.514900
vt 0.860600 0.517300
vt 0.849100 0.523700
vt 0.835800 0.530600
vt 0.942800 0.573000
vt 0.930300 0.570600
vt 0.931700 0.550400
vt 0.932100 0.525400
vt 0.917400 0.550200
vt 0.917200 0.569100
vt 0.917200 0.528800
vt 0.903900 0.551500
vt 0.903600 0.569200
vt 0.903300 0.531200
vt 0.890400 0.552800
vt 0.890200 0.569400
vt 0.889900 0.538900
vt 0.876700 0.541200
vt 0.875900 0.555600
vt 0.864600 0.572200
vt 0.863900 0.558200
vt 0.851500 0.562400
vt 0.852500 0.575100
vt 0.838900 0.566800
vt 0.840300 0.578900
vt 0.850800 0.548900
vt 0.838100 0.553100
vt 0.826300 0.570500
vt 0.827700 0.582300
vt 0.824300 0.557800
vt 0.811600 0.574900
vt 0.815100 0.585700
vt 0.822000 0.539200
vt 0.822200 0.544500
vt 0.837000 0.539500
vt 0.837000 0.533600
vt 0.806500 0.544800
vt 0.850100 0.533300
vt 0.850200 0.526700
vt 0.863100 0.527200
vt 0.862400 0.521200
vt 0.875500 0.520500
vt 0.875500 0.513600
vt 0.887700 0.512600
vt 0.888500 0.504400
vt 0.902000 0.502300
vt 0.901600 0.495600
vt 0.914600 0.495100
vt 0.914900 0.487800
vt 0.929200 0.489800
vt 0.929300 0.482400
vt 0.944200 0.488300
vt 0.945200 0.480900
vt 0.944400 0.500200
vt 0.931100 0.501800
vt 0.822200 0.550700
vt 0.915300 0.506200
vt 0.902300 0.513500
vt 0.888700 0.523200
vt 0.850300 0.540500
vt 0.837200 0.545500
vt 0.874000 0.529500
vt 0.862600 0.535100
vt 0.880600 0.650600
vt 0.870300 0.650700
vt 0.871300 0.669200
vt 0.881000 0.669000
vt 0.879400 0.634000
vt 0.869400 0.633000
vt 0.860100 0.652000
vt 0.861700 0.670200
vt 0.859000 0.633600
vt 0.850100 0.653100
vt 0.852200 0.671300
vt 0.848500 0.634800
vt 0.842800 0.672500
vt 0.839700 0.654300
vt 0.837300 0.636100
vt 0.920900 0.669300
vt 0.932400 0.670800
vt 0.934200 0.651100
vt 0.922300 0.649500
vt 0.935900 0.631800
vt 0.923000 0.629700
vt 0.912500 0.649000
vt 0.911800 0.668900
vt 0.912700 0.629400
vt 0.902600 0.649400
vt 0.903000 0.668200
vt 0.902800 0.632300
vt 0.892700 0.650700
vt 0.891600 0.668700
vt 0.891900 0.633500
vt 0.832900 0.673700
vt 0.829100 0.655800
vt 0.826200 0.637500
vt 0.873800 0.696400
vt 0.874200 0.699500
vt 0.882100 0.699600
vt 0.882700 0.696400
vt 0.881800 0.682700
vt 0.872700 0.682800
vt 0.865700 0.700000
vt 0.865000 0.696500
vt 0.863400 0.683400
vt 0.856000 0.696500
vt 0.855700 0.700700
vt 0.854200 0.684000
vt 0.845700 0.697800
vt 0.846200 0.701100
vt 0.844400 0.685200
vt 0.938300 0.616800
vt 0.924400 0.615100
vt 0.912500 0.613200
vt 0.901000 0.616900
vt 0.890700 0.617000
vt 0.878700 0.617300
vt 0.869300 0.617800
vt 0.858200 0.619000
vt 0.846700 0.619500
vt 0.835400 0.621800
vt 0.824500 0.623100
vt 0.929200 0.703100
vt 0.928400 0.699000
vt 0.918700 0.698000
vt 0.917800 0.702500
vt 0.930100 0.684800
vt 0.919700 0.683700
vt 0.909600 0.697500
vt 0.908200 0.701400
vt 0.910600 0.683400
vt 0.901400 0.697500
vt 0.900200 0.700900
vt 0.902000 0.682800
vt 0.892600 0.696800
vt 0.891600 0.700300
vt 0.891900 0.682700
vt 0.836900 0.701500
vt 0.837800 0.697800
vt 0.835200 0.685600
vt 0.875000 0.711300
vt 0.883400 0.711500
vt 0.866200 0.712000
vt 0.856700 0.712900
vt 0.847000 0.713800
vt 0.917000 0.714500
vt 0.908100 0.713400
vt 0.899900 0.712500
vt 0.891600 0.712100
vt 0.837500 0.715000
vt 0.938500 0.604900
vt 0.925200 0.606000
vt 0.928200 0.587900
vt 0.941900 0.589000
vt 0.913700 0.589900
vt 0.889700 0.590600
vt 0.901700 0.594800
vt 0.900700 0.607200
vt 0.891800 0.602500
vt 0.877800 0.589000
vt 0.876400 0.570400
vt 0.878700 0.598100
vt 0.833700 0.608800
vt 0.821800 0.611500
vt 0.819400 0.599000
vt 0.832900 0.597600
vt 0.855600 0.592400
vt 0.867200 0.588600
vt 0.867100 0.599500
vt 0.857800 0.600500
vt 0.843800 0.597300
vt 0.845700 0.606800
vt 0.913400 0.605800
vt 0.866100 0.545100
vt 0.884500 0.723500
vt 0.891500 0.724100
vt 0.875600 0.723200
vt 0.866900 0.724000
vt 0.875500 0.726300
vt 0.875400 0.730200
vt 0.883100 0.729500
vt 0.883400 0.726400
vt 0.858200 0.725000
vt 0.867300 0.726800
vt 0.867500 0.730400
vt 0.849300 0.726200
vt 0.859200 0.727500
vt 0.860000 0.730800
vt 0.840500 0.728500
vt 0.850600 0.728900
vt 0.851000 0.732100
vt 0.841500 0.731500
vt 0.842300 0.734300
vt 0.915000 0.726400
vt 0.907400 0.725400
vt 0.914200 0.729800
vt 0.913600 0.732600
vt 0.899300 0.724200
vt 0.899300 0.727100
vt 0.906500 0.728100
vt 0.891600 0.727000
vt 0.906600 0.731000
vt 0.899400 0.730300
vt 0.891600 0.730100
vt 0.804700 0.540300
vt 0.819600 0.534500
vt 0.926900 0.464100
vt 0.909600 0.470000
vt 0.942400 0.462400
vt 0.897200 0.479800
vt 0.883800 0.493300
vt 0.871900 0.506200
vt 0.847800 0.520400
vt 0.834100 0.527700
vt 0.945200 0.551800
vt 0.945000 0.525000
vt 0.810600 0.562300
vt 0.807600 0.549400
vt 0.809200 0.555900
vt 0.927200 0.715600
vt 0.923500 0.728300
vt 0.922600 0.732100
vt 0.921400 0.734600
vt 0.764600 0.369400
vt 0.766100 0.365600
vt 0.781700 0.380000
vt 0.796700 0.392300
vt 0.813600 0.405600
vt 0.830600 0.415000
vt 0.846000 0.424200
vt 0.861400 0.431500
vt 0.877600 0.437300
vt 0.881500 0.336800
vt 0.883100 0.358300
vt 0.895700 0.359500
vt 0.880700 0.384800
vt 0.895200 0.386300
vt 0.864600 0.355600
vt 0.864900 0.334000
vt 0.865300 0.380800
vt 0.760000 0.338900
vt 0.779900 0.317600
vt 0.777800 0.330600
vt 0.776700 0.343400
vt 0.792200 0.320000
vt 0.792400 0.334200
vt 0.791200 0.349200
vt 0.805100 0.322600
vt 0.806000 0.338000
vt 0.805900 0.354900
vt 0.818600 0.326100
vt 0.818700 0.343900
vt 0.819900 0.359800
vt 0.833300 0.328500
vt 0.834000 0.347800
vt 0.834400 0.365600
vt 0.848000 0.331100
vt 0.847700 0.351600
vt 0.848000 0.371600
vt 0.756100 0.352400
vt 0.879700 0.421500
vt 0.878900 0.428100
vt 0.862600 0.422200
vt 0.863400 0.415300
vt 0.847500 0.414000
vt 0.847000 0.405100
vt 0.833100 0.403500
vt 0.833700 0.393700
vt 0.820600 0.384900
vt 0.816100 0.395000
vt 0.798800 0.386800
vt 0.801400 0.377600
vt 0.785000 0.376600
vt 0.785800 0.368900
vt 0.767800 0.361700
vt 0.769500 0.356800
vt 0.880000 0.409800
vt 0.864300 0.401100
vt 0.847400 0.391000
vt 0.833900 0.382900
vt 0.820400 0.375800
vt 0.804800 0.369600
vt 0.788100 0.359300
vt 0.772800 0.350500
vt 0.758100 0.345600
vt 0.877100 0.259400
vt 0.875800 0.240400
vt 0.878400 0.278600
vt 0.795700 0.227100
vt 0.791500 0.245100
vt 0.788000 0.263300
vt 0.865700 0.258800
vt 0.864700 0.238900
vt 0.866300 0.277400
vt 0.851500 0.257300
vt 0.851100 0.238400
vt 0.851400 0.275800
vt 0.839100 0.255300
vt 0.839800 0.237100
vt 0.838100 0.273600
vt 0.826200 0.253100
vt 0.827900 0.235400
vt 0.824300 0.271200
vt 0.813100 0.250600
vt 0.815600 0.232700
vt 0.810500 0.268100
vt 0.801400 0.247300
vt 0.805300 0.229600
vt 0.798200 0.265600
vt 0.879700 0.294600
vt 0.786500 0.277800
vt 0.866200 0.292000
vt 0.849700 0.289100
vt 0.836800 0.286800
vt 0.822500 0.284400
vt 0.809400 0.281800
vt 0.797500 0.279500
vt 0.874500 0.208700
vt 0.873800 0.212500
vt 0.875100 0.226400
vt 0.800600 0.201900
vt 0.802200 0.198400
vt 0.798100 0.214600
vt 0.863000 0.209000
vt 0.862700 0.212500
vt 0.862900 0.226200
vt 0.851500 0.211700
vt 0.851000 0.209200
vt 0.851400 0.225200
vt 0.840500 0.210600
vt 0.840200 0.208000
vt 0.840100 0.224000
vt 0.829200 0.209300
vt 0.830000 0.206500
vt 0.828600 0.222400
vt 0.820400 0.203800
vt 0.819300 0.207200
vt 0.817500 0.220200
vt 0.812100 0.201500
vt 0.811000 0.204300
vt 0.808200 0.217000
vt 0.886000 0.195900
vt 0.875200 0.196700
vt 0.805500 0.186300
vt 0.863000 0.197200
vt 0.850900 0.197000
vt 0.841100 0.195900
vt 0.832200 0.194100
vt 0.822200 0.191600
vt 0.814600 0.189600
vt 0.881400 0.322600
vt 0.881000 0.307700
vt 0.865300 0.320100
vt 0.865900 0.305800
vt 0.848900 0.317500
vt 0.849900 0.303500
vt 0.834200 0.314700
vt 0.835800 0.301000
vt 0.819400 0.311700
vt 0.821500 0.298400
vt 0.805500 0.308600
vt 0.807400 0.294800
vt 0.793500 0.307300
vt 0.795500 0.292900
vt 0.781500 0.304300
vt 0.784000 0.290700
vt 0.809800 0.174300
vt 0.817500 0.177600
vt 0.811000 0.171700
vt 0.812100 0.168600
vt 0.862600 0.185600
vt 0.850900 0.184800
vt 0.874900 0.184600
vt 0.885800 0.182900
vt 0.874600 0.181500
vt 0.873900 0.177900
vt 0.862800 0.177900
vt 0.862300 0.182500
vt 0.884100 0.179400
vt 0.883800 0.176700
vt 0.824400 0.179300
vt 0.817900 0.174700
vt 0.819700 0.171400
vt 0.834900 0.182000
vt 0.825700 0.176800
vt 0.827000 0.173100
vt 0.842100 0.183200
vt 0.850600 0.181600
vt 0.842200 0.180000
vt 0.834200 0.178400
vt 0.834400 0.174600
vt 0.842800 0.176000
vt 0.851100 0.177200
vt 0.752200 0.361200
vt 0.754000 0.359100
vt 0.892800 0.449100
vt 0.778400 0.382900
vt 0.795000 0.397000
vt 0.812900 0.413800
vt 0.828900 0.424400
vt 0.845000 0.434400
vt 0.860000 0.441900
vt 0.876300 0.446600
vt 0.892800 0.440400
vt 0.894700 0.338200
vt 0.765100 0.326800
vt 0.767900 0.315200
vt 0.754700 0.357100
vt 0.894400 0.423000
vt 0.893400 0.430600
vt 0.895700 0.411000
vt 0.887200 0.239700
vt 0.888400 0.259200
vt 0.889900 0.278200
vt 0.786200 0.224000
vt 0.781200 0.242100
vt 0.777400 0.260700
vt 0.891500 0.293400
vt 0.773600 0.275400
vt 0.884600 0.208200
vt 0.884300 0.212000
vt 0.886400 0.225600
vt 0.793300 0.196000
vt 0.792400 0.199600
vt 0.789400 0.212000
vt 0.796700 0.183200
vt 0.893200 0.305700
vt 0.895000 0.322100
vt 0.772500 0.288000
vt 0.769900 0.300900
vt 0.801900 0.170600
vt 0.803900 0.168100
vt 0.805400 0.165600
vt 0.204700 0.951800
vt 0.209300 0.956100
vt 0.211400 0.962200
vt 0.211400 0.968700
vt 0.208800 0.974700
vt 0.205200 0.979800
vt 0.186900 0.979000
vt 0.183000 0.973800
vt 0.181100 0.967500
vt 0.181500 0.960500
vt 0.187900 0.951800
vt 0.192700 0.950000
vt 0.197500 0.949700
vt 0.184000 0.955700
vt 0.198800 0.982700
vt 0.192300 0.981900
vt 0.196000 0.965400
vt 0.213300 0.938200
vt 0.222500 0.946800
vt 0.226700 0.959100
vt 0.226700 0.972000
vt 0.221600 0.983900
vt 0.214400 0.994200
vt 0.177700 0.992700
vt 0.170000 0.982300
vt 0.166200 0.969600
vt 0.166900 0.955600
vt 0.189400 0.934500
vt 0.179800 0.938300
vt 0.199000 0.934000
vt 0.171900 0.946100
vt 0.201600 1.000000
vt 0.188600 0.998500
vt 0.020900 0.961600
vt 0.024600 0.961500
vt 0.028400 0.962300
vt 0.031500 0.963900
vt 0.017200 0.963400
vt 0.014500 0.966000
vt 0.012800 0.969100
vt 0.012200 0.972600
vt 0.012200 0.976500
vt 0.013800 0.981200
vt 0.017400 0.985000
vt 0.022800 0.986700
vt 0.026900 0.986200
vt 0.030600 0.984600
vt 0.033200 0.982100
vt 0.035200 0.979000
vt 0.036000 0.975100
vt 0.036000 0.971400
vt 0.034500 0.967200
vt 0.024300 0.973400
vt 0.017600 0.949700
vt 0.025000 0.949400
vt 0.032500 0.951100
vt 0.038800 0.954400
vt 0.010100 0.953200
vt 0.004800 0.958500
vt 0.001300 0.964700
vt 0.000000 0.971700
vt 0.000000 0.979600
vt 0.003200 0.989000
vt 0.010600 0.996700
vt 0.021400 1.000000
vt 0.029500 0.999000
vt 0.037000 0.995800
vt 0.042300 0.990700
vt 0.046100 0.984400
vt 0.047800 0.976700
vt 0.047800 0.969400
vt 0.044800 0.961100
vt 0.559100 0.103400
vt 0.595500 0.103400
vt 0.595500 0.093600
vt 0.559100 0.093600
vt 0.595500 0.083700
vt 0.559100 0.083700
vt 0.559100 0.142800
vt 0.595500 0.142800
vt 0.595500 0.133000
vt 0.559100 0.133000
vt 0.595500 0.123100
vt 0.559100 0.123100
vt 0.595500 0.113300
vt 0.559100 0.113300
vt 0.559100 0.073300
vt 0.595500 0.073300
vt 0.595500 0.083700
vt 0.559100 0.083700
vt 0.742000 0.063700
vt 0.731200 0.092900
vt 0.742000 0.105900
vt 0.731200 0.105900
vt 0.742000 0.092900
vt 0.731200 0.063700
vt 0.742000 0.058500
vt 0.731200 0.058500
vt 0.742000 0.046100
vt 0.731200 0.046100
vt 0.742000 0.004000
vt 0.731200 0.004000
vt 0.742000 0.058500
vt 0.742000 0.051800
vt 0.731200 0.051800
vt 0.731200 0.058500
vt 0.742000 0.204800
vt 0.731200 0.204800
vt 0.731200 0.234100
vt 0.742000 0.234100
vt 0.742000 0.191800
vt 0.731200 0.191800
vt 0.742000 0.239300
vt 0.731200 0.239300
vt 0.742000 0.191800
vt 0.742000 0.180000
vt 0.731200 0.180000
vt 0.731200 0.191800
vt 0.742000 0.245900
vt 0.742000 0.239300
vt 0.731200 0.239300
vt 0.731200 0.245900
vt 0.500800 0.028300
vt 0.536500 0.028300
vt 0.536500 0.020400
vt 0.500800 0.020400
vt 0.536500 0.012400
vt 0.500800 0.012400
vt 0.536500 0.004400
vt 0.500800 0.004400
vt 0.536500 0.052300
vt 0.500800 0.052300
vt 0.536500 0.044300
vt 0.500800 0.044300
vt 0.536500 0.036300
vt 0.500800 0.036300
vt 0.536500 0.060200
vt 0.500800 0.060200
vt 0.521800 0.087700
vt 0.548900 0.087400
vt 0.549200 0.078000
vt 0.521500 0.078000
vt 0.551300 0.069100
vt 0.519800 0.067900
vt 0.549400 0.125900
vt 0.521700 0.125900
vt 0.549200 0.116100
vt 0.522100 0.116400
vt 0.549100 0.106500
vt 0.522000 0.106900
vt 0.548900 0.096900
vt 0.521900 0.097400
vt 0.551100 0.136000
vt 0.519600 0.134800
vt 0.375600 0.039400
vt 0.373300 0.039600
vt 0.374000 0.063200
vt 0.376300 0.063100
vt 0.375300 0.094600
vt 0.373000 0.094500
vt 0.373100 0.114900
vt 0.375400 0.114900
vt 0.338600 0.062800
vt 0.338600 0.039200
vt 0.338600 0.095000
vt 0.338600 0.115300
vt 0.311200 0.039200
vt 0.311200 0.062800
vt 0.311200 0.095000
vt 0.311200 0.115200
vt 0.345700 0.062400
vt 0.346700 0.039900
vt 0.346000 0.094600
vt 0.345700 0.114900
vt 0.343400 0.062300
vt 0.344500 0.039600
vt 0.343600 0.094600
vt 0.343400 0.114800
vt 0.301700 0.101400
vt 0.301700 0.091600
vt 0.265200 0.091600
vt 0.265200 0.101400
vt 0.301700 0.111300
vt 0.265200 0.111300
vt 0.301700 0.062100
vt 0.301700 0.052200
vt 0.265200 0.052200
vt 0.265200 0.062100
vt 0.301700 0.071900
vt 0.265200 0.071900
vt 0.301700 0.081800
vt 0.265200 0.081800
vt 0.265200 0.121700
vt 0.301700 0.121700
vt 0.301700 0.111300
vt 0.265200 0.111300
vt 0.742500 0.245900
vt 0.753300 0.245900
vt 0.753300 0.239300
vt 0.742500 0.239300
vt 0.742500 0.117800
vt 0.753300 0.117800
vt 0.753300 0.105900
vt 0.742500 0.105900
vt 0.753300 0.004000
vt 0.742500 0.004000
vt 0.753300 0.046100
vt 0.742500 0.046100
vt 0.742500 0.058500
vt 0.753300 0.058500
vt 0.753300 0.051800
vt 0.742600 0.051800
vt 0.272600 0.131800
vt 0.273600 0.218700
vt 0.281700 0.218100
vt 0.280500 0.131700
vt 0.289900 0.217600
vt 0.288500 0.131500
vt 0.298000 0.217400
vt 0.296500 0.131300
vt 0.306200 0.217500
vt 0.304500 0.131100
vt 0.314300 0.217600
vt 0.312500 0.131100
vt 0.322300 0.217100
vt 0.320400 0.131000
vt 0.265500 0.218400
vt 0.264600 0.131700
vt 0.564300 0.063200
vt 0.592100 0.063200
vt 0.591800 0.053500
vt 0.564700 0.053800
vt 0.591700 0.043800
vt 0.564600 0.044200
vt 0.591600 0.034200
vt 0.564500 0.034700
vt 0.591500 0.024700
vt 0.564400 0.025000
vt 0.591900 0.015300
vt 0.564200 0.015300
vt 0.594000 0.006400
vt 0.562400 0.005200
vt 0.593800 0.073300
vt 0.562300 0.072100
vt 0.562300 0.062500
vt 0.562700 0.053500
vt 0.562600 0.044100
vt 0.562400 0.034600
vt 0.562400 0.025100
vt 0.562100 0.015800
vt 0.560500 0.007200
vt 0.564300 0.063200
vt 0.564700 0.053800
vt 0.564600 0.044200
vt 0.564500 0.034700
vt 0.564400 0.025000
vt 0.564200 0.015300
vt 0.562400 0.005200
vt 0.560500 0.070200
vt 0.562300 0.072100
vt 0.632800 0.031700
vt 0.632800 0.008100
vt 0.632800 0.063900
vt 0.632800 0.084200
vt 0.605400 0.008100
vt 0.605400 0.031700
vt 0.605400 0.063900
vt 0.605400 0.084200
vt 0.641000 0.099100
vt 0.642000 0.076600
vt 0.641200 0.131300
vt 0.641000 0.151600
vt 0.638700 0.099000
vt 0.639700 0.076400
vt 0.638900 0.131400
vt 0.638700 0.151600
vt 0.670800 0.076100
vt 0.668500 0.076300
vt 0.669200 0.099900
vt 0.671500 0.099900
vt 0.670600 0.131300
vt 0.668300 0.131200
vt 0.668300 0.151700
vt 0.670700 0.151700
vt 0.290500 0.228000
vt 0.281800 0.219500
vt 0.290000 0.219000
vt 0.282900 0.228700
vt 0.305600 0.227900
vt 0.298100 0.218700
vt 0.306200 0.218700
vt 0.298000 0.227800
vt 0.313600 0.228600
vt 0.306200 0.218700
vt 0.314500 0.219100
vt 0.305600 0.227900
vt 0.290800 0.235600
vt 0.282900 0.228700
vt 0.290500 0.228000
vt 0.283800 0.236300
vt 0.311600 0.236200
vt 0.305600 0.227900
vt 0.313600 0.228600
vt 0.305000 0.235500
vt 0.317400 0.237900
vt 0.313600 0.228600
vt 0.322700 0.230200
vt 0.311600 0.236200
vt 0.549700 0.050500
vt 0.552200 0.050500
vt 0.552200 0.003600
vt 0.549900 0.003600
vt 0.540100 0.050500
vt 0.540000 0.003600
vt 0.542500 0.050500
vt 0.542500 0.003600
vt 0.545000 0.050500
vt 0.544900 0.003500
vt 0.547400 0.050500
vt 0.547400 0.003500
vt 0.537700 0.050500
vt 0.537600 0.003600
vt 0.555600 0.172200
vt 0.556600 0.167100
vt 0.554600 0.166400
vt 0.553300 0.171600
vt 0.596800 0.172700
vt 0.596000 0.167400
vt 0.598000 0.166800
vt 0.599200 0.172100
vt 0.553200 0.211600
vt 0.555600 0.210700
vt 0.596500 0.210700
vt 0.598800 0.211600
vt 0.557000 0.222500
vt 0.559300 0.222700
vt 0.593200 0.221100
vt 0.595500 0.221200
vt 0.556000 0.233000
vt 0.553700 0.232100
vt 0.596800 0.232900
vt 0.599200 0.232100
vt 0.553100 0.272300
vt 0.555400 0.271600
vt 0.596900 0.272400
vt 0.599200 0.273100
vt 0.554500 0.277400
vt 0.556400 0.276700
vt 0.595800 0.277300
vt 0.597600 0.278100
vt 0.699000 0.211300
vt 0.697800 0.166500
vt 0.679800 0.167400
vt 0.695600 0.134000
vt 0.677500 0.133900
vt 0.697100 0.113000
vt 0.679100 0.111900
vt 0.698400 0.089300
vt 0.680300 0.089800
vt 0.680600 0.068700
vt 0.698800 0.068400
vt 0.681100 0.046500
vt 0.699100 0.214800
vt 0.680900 0.043100
vt 0.681000 0.211800
vt 0.698900 0.047200
vt 0.681100 0.215300
vt 0.699100 0.043800
vt 0.726600 0.203000
vt 0.701300 0.040800
vt 0.724300 0.157800
vt 0.706500 0.156900
vt 0.723100 0.203000
vt 0.707600 0.125200
vt 0.726300 0.124900
vt 0.725600 0.105600
vt 0.706400 0.106000
vt 0.724100 0.083400
vt 0.707100 0.083700
vt 0.724600 0.062000
vt 0.706100 0.061800
vt 0.704800 0.040600
vt 0.701300 0.202000
vt 0.703100 0.156900
vt 0.727700 0.158100
vt 0.704400 0.125100
vt 0.729600 0.124900
vt 0.703200 0.105900
vt 0.728900 0.105400
vt 0.703800 0.083600
vt 0.727400 0.083100
vt 0.728200 0.062000
vt 0.702600 0.062000
vt 0.726500 0.039600
vt 0.704800 0.202200
vt 0.723000 0.039600
vt 0.638200 0.068500
vt 0.657200 0.044400
vt 0.657200 0.054300
vt 0.649500 0.060400
vt 0.639900 0.058200
vt 0.635700 0.049400
vt 0.639900 0.040500
vt 0.649500 0.038300
vt 0.647800 0.070700
vt 0.657400 0.029200
vt 0.657400 0.019300
vt 0.649700 0.013200
vt 0.640100 0.015400
vt 0.635900 0.024200
vt 0.640100 0.033100
vt 0.649700 0.035300
vt 0.648000 0.002900
vt 0.638400 0.005100
vt 0.742000 0.130700
vt 0.731200 0.130700
vt 0.731200 0.167000
vt 0.742000 0.167000
vt 0.742000 0.046100
vt 0.731200 0.046100
vt 0.742000 0.051800
vt 0.731200 0.051800
vt 0.385000 0.178100
vt 0.414300 0.190000
vt 0.385000 0.141900
vt 0.414300 0.181100
vt 0.385000 0.190000
vt 0.419500 0.183400
vt 0.419500 0.190000
vt 0.385000 0.130000
vt 0.414300 0.130000
vt 0.372100 0.141900
vt 0.372100 0.130000
vt 0.372100 0.190000
vt 0.414300 0.138900
vt 0.419500 0.130000
vt 0.419500 0.136600
vt 0.372100 0.178100
vt 0.742000 0.180000
vt 0.731200 0.180000
vt 0.731200 0.167000
vt 0.742000 0.167000
vt 0.731200 0.117800
vt 0.742000 0.105900
vt 0.731200 0.105900
vt 0.742000 0.117800
vt 0.484400 0.062200
vt 0.484400 0.050400
vt 0.455100 0.002200
vt 0.497300 0.050400
vt 0.484400 0.014100
vt 0.455100 0.053300
vt 0.455100 0.062200
vt 0.449900 0.062200
vt 0.449900 0.055600
vt 0.484400 0.002200
vt 0.497300 0.002200
vt 0.497300 0.014100
vt 0.497300 0.062200
vt 0.455100 0.011200
vt 0.449900 0.008900
vt 0.449900 0.002200
vt 0.742000 0.251600
vt 0.731200 0.251600
vt 0.742000 0.245900
vt 0.731200 0.245900
vt 0.703900 0.015900
vt 0.710100 0.020900
vt 0.717900 0.019100
vt 0.721300 0.012000
vt 0.717900 0.004800
vt 0.710100 0.003000
vt 0.703900 0.008000
vt 0.657900 0.015100
vt 0.657900 0.007200
vt 0.664100 0.002200
vt 0.671900 0.004000
vt 0.675300 0.011100
vt 0.671900 0.018300
vt 0.664100 0.020100
vt 0.551200 0.078700
vt 0.550900 0.087700
vt 0.553100 0.071000
vt 0.551500 0.125400
vt 0.551200 0.116000
vt 0.551100 0.106600
vt 0.551000 0.097100
vt 0.548900 0.087400
vt 0.549200 0.078000
vt 0.551300 0.069100
vt 0.549400 0.125900
vt 0.549200 0.116100
vt 0.549100 0.106500
vt 0.548900 0.096900
vt 0.553100 0.134000
vt 0.551100 0.136000
vt 0.519700 0.087800
vt 0.519400 0.078400
vt 0.517800 0.069900
vt 0.519700 0.125200
vt 0.520000 0.116100
vt 0.519900 0.106800
vt 0.519800 0.097300
vt 0.521800 0.087700
vt 0.521500 0.078000
vt 0.519800 0.067900
vt 0.521700 0.125900
vt 0.522100 0.116400
vt 0.522000 0.106900
vt 0.521900 0.097400
vt 0.517800 0.132800
vt 0.519600 0.134800
vt 0.311200 0.039200
vt 0.311200 0.036900
vt 0.338600 0.039200
vt 0.338600 0.036900
vt 0.373300 0.039600
vt 0.374000 0.063200
vt 0.345700 0.062400
vt 0.346700 0.039900
vt 0.373000 0.094500
vt 0.346000 0.094600
vt 0.373100 0.114900
vt 0.345700 0.114900
vt 0.311200 0.117600
vt 0.311200 0.115200
vt 0.338600 0.115300
vt 0.338600 0.117600
vt 0.699400 0.009800
vt 0.699400 0.019600
vt 0.691700 0.025800
vt 0.682100 0.023600
vt 0.677800 0.014700
vt 0.682100 0.005800
vt 0.691700 0.003700
vt 0.689900 0.036000
vt 0.680300 0.033900
vt 0.677000 0.053200
vt 0.658000 0.039000
vt 0.658000 0.029200
vt 0.665700 0.045200
vt 0.679500 0.034100
vt 0.675300 0.043000
vt 0.675300 0.025200
vt 0.665700 0.023000
vt 0.667400 0.055400
vt 0.368000 0.151100
vt 0.338700 0.163000
vt 0.338700 0.199300
vt 0.368000 0.160100
vt 0.338700 0.151100
vt 0.373200 0.157800
vt 0.373200 0.151100
vt 0.338700 0.211100
vt 0.368000 0.211100
vt 0.325700 0.199300
vt 0.325700 0.211100
vt 0.325700 0.151100
vt 0.368000 0.202200
vt 0.373200 0.211100
vt 0.373200 0.204500
vt 0.325700 0.163000
vt 0.753300 0.251600
vt 0.742600 0.251600
vt 0.742500 0.245900
vt 0.753300 0.245900
vt 0.753300 0.234100
vt 0.742500 0.204800
vt 0.753300 0.191800
vt 0.742500 0.191800
vt 0.753300 0.204800
vt 0.742500 0.234100
vt 0.753300 0.239300
vt 0.742500 0.239300
vt 0.742500 0.180000
vt 0.753300 0.191800
vt 0.742500 0.191800
vt 0.753300 0.180000
vt 0.742500 0.117800
vt 0.753300 0.117800
vt 0.742500 0.130700
vt 0.753300 0.130700
vt 0.753300 0.167000
vt 0.742500 0.167000
vt 0.742500 0.130700
vt 0.753300 0.130700
vt 0.753300 0.046100
vt 0.742500 0.046100
vt 0.753300 0.051800
vt 0.742600 0.051800
vt 0.742500 0.092900
vt 0.753300 0.092900
vt 0.742500 0.063700
vt 0.753300 0.063700
vt 0.753300 0.105900
vt 0.742500 0.105900
vt 0.742500 0.058500
vt 0.753300 0.058500
vt 0.453300 0.108500
vt 0.453300 0.120300
vt 0.424000 0.168500
vt 0.466200 0.120300
vt 0.453300 0.156600
vt 0.424000 0.108500
vt 0.424000 0.117400
vt 0.418800 0.115100
vt 0.418800 0.108500
vt 0.453300 0.168500
vt 0.466200 0.156600
vt 0.466200 0.168500
vt 0.466200 0.108500
vt 0.424000 0.159500
vt 0.418800 0.168500
vt 0.418800 0.161800
vt 0.708000 0.038300
vt 0.714300 0.033300
vt 0.714300 0.025300
vt 0.708000 0.020400
vt 0.700300 0.022100
vt 0.696800 0.029300
vt 0.700300 0.036500
vt 0.281800 0.219500
vt 0.273600 0.220100
vt 0.290000 0.219000
vt 0.298100 0.218700
vt 0.306200 0.218700
vt 0.314500 0.219100
vt 0.323100 0.218700
vt 0.273600 0.218700
vt 0.281700 0.218100
vt 0.289900 0.217600
vt 0.298000 0.217400
vt 0.306200 0.217500
vt 0.314300 0.217600
vt 0.322300 0.217100
vt 0.264600 0.220100
vt 0.265500 0.218400
vt 0.593900 0.053400
vt 0.594200 0.062700
vt 0.593800 0.043900
vt 0.593700 0.034400
vt 0.593600 0.025000
vt 0.593900 0.016000
vt 0.595800 0.008300
vt 0.592100 0.063200
vt 0.591800 0.053500
vt 0.591700 0.043800
vt 0.591600 0.034200
vt 0.591500 0.024700
vt 0.591900 0.015300
vt 0.594000 0.006400
vt 0.595800 0.071300
vt 0.593800 0.073300
vt 0.605400 0.008100
vt 0.605400 0.005800
vt 0.632800 0.008100
vt 0.632800 0.005800
vt 0.668500 0.076300
vt 0.669200 0.099900
vt 0.641000 0.099100
vt 0.642000 0.076600
vt 0.668300 0.131200
vt 0.641200 0.131300
vt 0.668300 0.151700
vt 0.641000 0.151600
vt 0.605400 0.086500
vt 0.605400 0.084200
vt 0.632800 0.084200
vt 0.632800 0.086500
vt 0.274900 0.229700
vt 0.282900 0.228700
vt 0.281800 0.219500
vt 0.273600 0.220100
vt 0.298000 0.227800
vt 0.290000 0.219000
vt 0.298100 0.218700
vt 0.290500 0.228000
vt 0.277300 0.237200
vt 0.283800 0.236300
vt 0.274900 0.229700
vt 0.282900 0.228700
vt 0.322700 0.230200
vt 0.314500 0.219100
vt 0.323100 0.218700
vt 0.313600 0.228600
vt 0.273600 0.220100
vt 0.264600 0.220100
vt 0.274900 0.229700
vt 0.266400 0.231200
vt 0.274900 0.229700
vt 0.266400 0.231200
vt 0.277300 0.237200
vt 0.271600 0.238900
vt 0.305000 0.235500
vt 0.298000 0.227800
vt 0.305600 0.227900
vt 0.298000 0.234900
vt 0.718700 0.023200
vt 0.723900 0.022000
vt 0.728100 0.025400
vt 0.728100 0.030700
vt 0.723900 0.034100
vt 0.718700 0.032900
vt 0.716400 0.028000
vt 0.781800 0.760500
vt 0.762800 0.760300
vt 0.762500 0.774200
vt 0.781700 0.774700
vt 0.837900 0.779100
vt 0.837300 0.764100
vt 0.687600 0.786100
vt 0.800700 0.776400
vt 0.800300 0.762400
vt 0.819400 0.778000
vt 0.819000 0.763400
vt 0.817900 0.790300
vt 0.705300 0.787100
vt 0.706200 0.773400
vt 0.707800 0.759200
vt 0.724200 0.773800
vt 0.725500 0.759800
vt 0.724000 0.787600
vt 0.744300 0.787200
vt 0.743200 0.774100
vt 0.744000 0.759800
vt 0.763100 0.787300
vt 0.781500 0.787100
vt 0.799200 0.789300
vt 0.780800 0.799700
vt 0.815800 0.803700
vt 0.743800 0.799900
vt 0.685400 0.798600
vt 0.704500 0.800100
vt 0.678800 0.821200
vt 0.700800 0.821300
vt 0.672700 0.844400
vt 0.695900 0.847700
vt 0.667700 0.870700
vt 0.691000 0.875600
vt 0.739300 0.905800
vt 0.714800 0.880200
vt 0.718400 0.852300
vt 0.737100 0.814600
vt 0.721400 0.823700
vt 0.723200 0.800900
vt 0.837600 0.832200
vt 0.837200 0.861900
vt 0.837100 0.888700
vt 0.807800 0.907500
vt 0.817900 0.748900
vt 0.664000 0.892900
vt 0.686900 0.898100
vt 0.660400 0.907100
vt 0.686300 0.908100
vt 0.711400 0.903200
vt 0.710700 0.911000
vt 0.732800 0.908300
vt 0.731000 0.919400
vt 0.837900 0.913500
vt 0.816500 0.915100
vt 0.751900 0.932100
vt 0.772800 0.939100
vt 0.795200 0.939500
vt 0.816600 0.938000
vt 0.837600 0.935100
vt 0.709400 0.745300
vt 0.726900 0.745900
vt 0.745000 0.746300
vt 0.695000 0.666500
vt 0.708700 0.685200
vt 0.710300 0.668500
vt 0.726100 0.669900
vt 0.724400 0.686000
vt 0.739600 0.686100
vt 0.740300 0.671100
vt 0.724500 0.704100
vt 0.739800 0.703900
vt 0.709200 0.704000
vt 0.694100 0.704200
vt 0.709100 0.724200
vt 0.724700 0.724300
vt 0.741600 0.725800
vt 0.763200 0.746100
vt 0.757000 0.726900
vt 0.754600 0.702400
vt 0.753900 0.686000
vt 0.755000 0.671900
vt 0.743100 0.654300
vt 0.759900 0.656600
vt 0.728000 0.653000
vt 0.713100 0.650800
vt 0.697100 0.647600
vt 0.805800 0.635600
vt 0.808300 0.654000
vt 0.791200 0.636200
vt 0.792400 0.654900
vt 0.776100 0.656300
vt 0.775700 0.637100
vt 0.761100 0.637100
vt 0.745000 0.637300
vt 0.730400 0.635100
vt 0.716800 0.632800
vt 0.702000 0.629100
vt 0.802700 0.602300
vt 0.804400 0.619000
vt 0.790000 0.603800
vt 0.790600 0.620200
vt 0.749500 0.603400
vt 0.736600 0.601200
vt 0.733600 0.617600
vt 0.747200 0.620300
vt 0.720400 0.615200
vt 0.706100 0.612000
vt 0.723700 0.598200
vt 0.710000 0.595300
vt 0.775600 0.621000
vt 0.761200 0.620600
vt 0.775600 0.604900
vt 0.762100 0.604300
vt 0.797600 0.747400
vt 0.815700 0.743000
vt 0.781400 0.745700
vt 0.768400 0.740300
vt 0.764800 0.731900
vt 0.764100 0.717600
vt 0.763400 0.699600
vt 0.763400 0.685700
vt 0.763400 0.673100
vt 0.765400 0.668000
vt 0.772600 0.664000
vt 0.780700 0.662000
vt 0.794700 0.662000
vt 0.807000 0.662500
vt 0.813400 0.667200
vt 0.818600 0.675700
vt 0.820300 0.690600
vt 0.823100 0.710100
vt 0.824300 0.726200
vt 0.822500 0.734900
vt 0.688200 0.772600
vt 0.690000 0.758800
vt 0.836000 0.791700
vt 0.796100 0.802100
vt 0.808200 0.808700
vt 0.763700 0.800700
vt 0.742400 0.804500
vt 0.834000 0.804100
vt 0.735300 0.896900
vt 0.733600 0.885200
vt 0.733500 0.867400
vt 0.735400 0.850500
vt 0.734500 0.830300
vt 0.813400 0.818400
vt 0.814400 0.835400
vt 0.813500 0.855900
vt 0.814000 0.875300
vt 0.813300 0.895700
vt 0.835800 0.749000
vt 0.835300 0.732600
vt 0.833400 0.711300
vt 0.830800 0.691400
vt 0.828800 0.672900
vt 0.755000 0.911200
vt 0.774600 0.913400
vt 0.794900 0.910600
vt 0.692200 0.744900
vt 0.693200 0.683700
vt 0.693200 0.724200
vt 0.823800 0.653900
vt 0.820400 0.634800
vt 0.815800 0.600900
vt 0.818200 0.617900
vt 0.124500 0.187100
vt 0.140400 0.188500
vt 0.139900 0.193500
vt 0.154800 0.194300
vt 0.154400 0.200200
vt 0.258100 0.267900
vt 0.242400 0.265300
vt 0.243800 0.256500
vt 0.259800 0.258700
vt 0.244100 0.248900
vt 0.167200 0.207900
vt 0.167500 0.201400
vt 0.178900 0.214400
vt 0.180000 0.208400
vt 0.191400 0.222900
vt 0.191700 0.215900
vt 0.203900 0.232700
vt 0.203400 0.224400
vt 0.216600 0.242100
vt 0.217300 0.235400
vt 0.201400 0.239300
vt 0.214100 0.249700
vt 0.123700 0.189000
vt 0.138100 0.196500
vt 0.122500 0.191500
vt 0.137100 0.197900
vt 0.227000 0.258900
vt 0.229700 0.250600
vt 0.189500 0.227700
vt 0.176900 0.218200
vt 0.165800 0.210900
vt 0.152900 0.203100
vt 0.229600 0.243100
vt 0.260400 0.190200
vt 0.230500 0.232200
vt 0.246200 0.237100
vt 0.247600 0.217100
vt 0.232600 0.212000
vt 0.247600 0.190400
vt 0.234600 0.188400
vt 0.220600 0.186600
vt 0.219100 0.205000
vt 0.217800 0.224400
vt 0.204800 0.213700
vt 0.207200 0.184800
vt 0.206500 0.200500
vt 0.191700 0.204900
vt 0.193800 0.181300
vt 0.193200 0.194900
vt 0.180500 0.200100
vt 0.183000 0.177200
vt 0.182000 0.190600
vt 0.168200 0.194200
vt 0.170100 0.172400
vt 0.169000 0.185900
vt 0.155400 0.188300
vt 0.158200 0.167600
vt 0.156600 0.180800
vt 0.140800 0.182100
vt 0.142900 0.175300
vt 0.145000 0.163100
vt 0.248800 0.072900
vt 0.248300 0.092500
vt 0.260400 0.092100
vt 0.260300 0.072600
vt 0.247500 0.111800
vt 0.260400 0.111600
vt 0.239700 0.072500
vt 0.238500 0.092100
vt 0.237200 0.111200
vt 0.230800 0.072200
vt 0.228700 0.090900
vt 0.227300 0.107900
vt 0.219300 0.070800
vt 0.218600 0.089000
vt 0.216400 0.105600
vt 0.208700 0.069300
vt 0.206400 0.087700
vt 0.203600 0.104200
vt 0.196100 0.086500
vt 0.193300 0.104300
vt 0.186100 0.084200
vt 0.182900 0.102600
vt 0.172400 0.100200
vt 0.176200 0.082000
vt 0.165900 0.079700
vt 0.161400 0.097500
vt 0.161300 0.059500
vt 0.155600 0.077000
vt 0.171000 0.061900
vt 0.150400 0.094700
vt 0.259800 0.027700
vt 0.249600 0.027700
vt 0.249000 0.039800
vt 0.260400 0.040400
vt 0.240600 0.027900
vt 0.239400 0.039800
vt 0.232400 0.028000
vt 0.231300 0.039500
vt 0.224100 0.027500
vt 0.222700 0.039200
vt 0.215800 0.027200
vt 0.213200 0.039000
vt 0.177600 0.033700
vt 0.179900 0.021100
vt 0.168400 0.032200
vt 0.205400 0.038200
vt 0.207400 0.026600
vt 0.198700 0.025000
vt 0.196900 0.036900
vt 0.187000 0.035000
vt 0.189400 0.023000
vt 0.199100 0.068200
vt 0.189700 0.066200
vt 0.180300 0.064100
vt 0.259500 0.058500
vt 0.249000 0.058600
vt 0.249400 0.044400
vt 0.259300 0.044300
vt 0.239900 0.058000
vt 0.240300 0.044000
vt 0.231200 0.057700
vt 0.232200 0.043200
vt 0.221100 0.056900
vt 0.223300 0.042700
vt 0.204700 0.041300
vt 0.213400 0.042300
vt 0.211100 0.055800
vt 0.202000 0.054800
vt 0.195800 0.040300
vt 0.186800 0.039200
vt 0.192800 0.053200
vt 0.183700 0.051600
vt 0.176800 0.037000
vt 0.174000 0.049400
vt 0.168900 0.036000
vt 0.165200 0.048000
vt 0.246500 0.131100
vt 0.259000 0.131300
vt 0.245900 0.140600
vt 0.258000 0.140500
vt 0.168600 0.118500
vt 0.157000 0.115500
vt 0.153200 0.127500
vt 0.167400 0.128800
vt 0.145600 0.112200
vt 0.224200 0.129300
vt 0.212100 0.124800
vt 0.210400 0.133100
vt 0.222800 0.137800
vt 0.213600 0.116800
vt 0.225300 0.120900
vt 0.202000 0.116300
vt 0.190100 0.120100
vt 0.199800 0.132400
vt 0.200800 0.124200
vt 0.189100 0.127700
vt 0.188400 0.135000
vt 0.179200 0.128100
vt 0.176000 0.133900
vt 0.235800 0.130600
vt 0.237900 0.140500
vt 0.245400 0.150300
vt 0.259900 0.167700
vt 0.247600 0.169300
vt 0.258200 0.152700
vt 0.234600 0.170000
vt 0.233700 0.151200
vt 0.221300 0.169700
vt 0.221500 0.149900
vt 0.208200 0.168700
vt 0.210100 0.148400
vt 0.195400 0.166500
vt 0.198400 0.146500
vt 0.188500 0.145900
vt 0.184300 0.163600
vt 0.172600 0.159800
vt 0.177400 0.141600
vt 0.147800 0.151100
vt 0.149600 0.139000
vt 0.160500 0.154900
vt 0.169500 0.140200
vt 0.217500 0.009200
vt 0.209900 0.007800
vt 0.209600 0.011700
vt 0.217400 0.012400
vt 0.209400 0.014800
vt 0.218100 0.015500
vt 0.202100 0.006500
vt 0.201400 0.010100
vt 0.200800 0.013000
vt 0.194700 0.005500
vt 0.193500 0.008700
vt 0.192200 0.011200
vt 0.225600 0.012700
vt 0.226000 0.009600
vt 0.225200 0.015600
vt 0.233600 0.013100
vt 0.233700 0.010200
vt 0.233000 0.016200
vt 0.240900 0.013000
vt 0.241000 0.010100
vt 0.241200 0.015800
vt 0.248700 0.012000
vt 0.248400 0.009400
vt 0.248900 0.015600
vt 0.257200 0.010900
vt 0.256200 0.008400
vt 0.257600 0.014800
vt 0.185800 0.003100
vt 0.185200 0.006100
vt 0.183500 0.008900
vt 0.174400 0.220200
vt 0.241100 0.274200
vt 0.256400 0.277000
vt 0.164400 0.214200
vt 0.211800 0.257500
vt 0.198700 0.243700
vt 0.125900 0.182600
vt 0.259100 0.251200
vt 0.224200 0.267500
vt 0.187500 0.230100
vt 0.151000 0.205800
vt 0.260400 0.217100
vt 0.259300 0.238800
vt 0.129700 0.169800
vt 0.132600 0.159000
vt 0.127900 0.176200
vt 0.170500 0.018700
vt 0.142500 0.124200
vt 0.135300 0.146800
vt 0.138400 0.136800
vt 0.176500 0.002800
vt 0.177600 0.000000
vt 0.175200 0.005700
vt 0.031600 0.355300
vt 0.032300 0.370500
vt 0.032500 0.343000
vt 0.153100 0.373900
vt 0.152900 0.359400
vt 0.155100 0.346800
vt 0.135000 0.370800
vt 0.135400 0.356900
vt 0.137800 0.344400
vt 0.116600 0.369100
vt 0.117200 0.354700
vt 0.117800 0.340000
vt 0.097600 0.367000
vt 0.097600 0.352200
vt 0.096700 0.338900
vt 0.078200 0.352300
vt 0.077500 0.367200
vt 0.076700 0.339600
vt 0.055400 0.352700
vt 0.055000 0.368000
vt 0.054200 0.340600
vt 0.013900 0.385800
vt 0.034000 0.384700
vt 0.032500 0.401100
vt 0.168200 0.411200
vt 0.153000 0.388500
vt 0.151700 0.408500
vt 0.134400 0.385200
vt 0.132200 0.406400
vt 0.116000 0.383000
vt 0.113500 0.403600
vt 0.097000 0.381400
vt 0.096400 0.401200
vt 0.076800 0.381200
vt 0.076300 0.400500
vt 0.055900 0.382600
vt 0.056400 0.400000
vt 0.032700 0.330400
vt 0.026000 0.303900
vt 0.157700 0.333900
vt 0.155400 0.311900
vt 0.138100 0.328500
vt 0.136000 0.306000
vt 0.119800 0.328300
vt 0.116900 0.303900
vt 0.096800 0.327100
vt 0.095000 0.304300
vt 0.074400 0.326900
vt 0.069500 0.302300
vt 0.053500 0.327800
vt 0.049000 0.302800
vt 0.037100 0.483400
vt 0.035700 0.465200
vt 0.022800 0.486900
vt 0.040300 0.504100
vt 0.025700 0.507200
vt 0.057500 0.481900
vt 0.056200 0.463700
vt 0.058400 0.500600
vt 0.154700 0.468400
vt 0.141300 0.465700
vt 0.135800 0.485300
vt 0.131700 0.503400
vt 0.123100 0.464200
vt 0.120100 0.482900
vt 0.117200 0.500900
vt 0.105400 0.463100
vt 0.104000 0.481200
vt 0.102700 0.499900
vt 0.089300 0.462900
vt 0.089000 0.481600
vt 0.089400 0.499800
vt 0.073600 0.463000
vt 0.072500 0.481800
vt 0.072900 0.499300
vt 0.158200 0.221700
vt 0.000100 0.229100
vt 0.021300 0.229500
vt 0.019900 0.208800
vt 0.041500 0.229900
vt 0.041800 0.209700
vt 0.063000 0.230400
vt 0.064100 0.209600
vt 0.086600 0.231400
vt 0.087700 0.211100
vt 0.111300 0.233100
vt 0.112300 0.212900
vt 0.136000 0.235000
vt 0.134300 0.216100
vt 0.158500 0.237800
vt 0.158900 0.259700
vt 0.023100 0.250200
vt 0.042800 0.249500
vt 0.065200 0.250400
vt 0.089100 0.251600
vt 0.111500 0.253200
vt 0.134900 0.256000
vt 0.025500 0.275900
vt 0.045600 0.274500
vt 0.067900 0.275500
vt 0.092200 0.277200
vt 0.114500 0.279700
vt 0.135400 0.283100
vt 0.157700 0.285800
vt 0.093700 0.421700
vt 0.075500 0.420400
vt 0.111400 0.423900
vt 0.074200 0.443700
vt 0.090600 0.444300
vt 0.108000 0.445200
vt 0.056100 0.421100
vt 0.055600 0.443400
vt 0.034200 0.422800
vt 0.034500 0.443800
vt 0.129100 0.425600
vt 0.126500 0.446300
vt 0.145400 0.447400
vt 0.148700 0.428800
vt 0.165700 0.431800
vt 0.158300 0.450400
vt 0.075000 0.535500
vt 0.090800 0.535900
vt 0.090000 0.516700
vt 0.074500 0.516700
vt 0.102000 0.517500
vt 0.100900 0.536100
vt 0.060600 0.518000
vt 0.061700 0.537100
vt 0.043500 0.521100
vt 0.048400 0.539500
vt 0.035400 0.541600
vt 0.030000 0.524800
vt 0.127400 0.521600
vt 0.123100 0.538400
vt 0.111700 0.536800
vt 0.114800 0.518700
vt 0.014500 0.370700
vt 0.015200 0.356300
vt 0.013800 0.344400
vt 0.170700 0.376200
vt 0.171300 0.362800
vt 0.171300 0.349200
vt 0.014000 0.402300
vt 0.172200 0.391400
vt 0.012500 0.332600
vt 0.008700 0.306700
vt 0.173100 0.337400
vt 0.174100 0.314300
vt 0.020900 0.466000
vt 0.150400 0.488200
vt 0.145700 0.507100
vt 0.182800 0.242500
vt 0.183100 0.228200
vt 0.000000 0.207900
vt 0.181500 0.264600
vt 0.000000 0.253800
vt 0.003400 0.279700
vt 0.177900 0.291200
vt 0.014600 0.424900
vt 0.018000 0.446000
vt 0.139900 0.524100
vt 0.133700 0.540500
vt 0.343400 0.677600
vt 0.368900 0.676900
vt 0.345200 0.648700
vt 0.320600 0.621000
vt 0.320300 0.650200
vt 0.348000 0.622200
vt 0.320300 0.679200
vt 0.289700 0.621200
vt 0.290600 0.651600
vt 0.292100 0.682800
vt 0.263000 0.622400
vt 0.263700 0.652500
vt 0.265500 0.686400
vt 0.237200 0.623100
vt 0.239000 0.655700
vt 0.242500 0.689600
vt 0.381100 0.571800
vt 0.384100 0.557900
vt 0.361500 0.559900
vt 0.357300 0.571900
vt 0.319600 0.562100
vt 0.341000 0.561400
vt 0.339800 0.570400
vt 0.319600 0.573200
vt 0.297900 0.561000
vt 0.293500 0.572600
vt 0.348800 0.585100
vt 0.377700 0.586600
vt 0.321000 0.585200
vt 0.320800 0.603100
vt 0.348700 0.603600
vt 0.291400 0.585600
vt 0.290500 0.603400
vt 0.262500 0.604000
vt 0.236300 0.604000
vt 0.376700 0.605200
vt 0.276000 0.556800
vt 0.267300 0.570900
vt 0.255000 0.548700
vt 0.248000 0.562100
vt 0.262400 0.585800
vt 0.241600 0.570500
vt 0.234900 0.535600
vt 0.226500 0.547800
vt 0.217500 0.522900
vt 0.208900 0.529300
vt 0.217500 0.553600
vt 0.224500 0.570100
vt 0.235600 0.584900
vt 0.245000 0.750800
vt 0.243100 0.725200
vt 0.221000 0.728000
vt 0.223700 0.754700
vt 0.262900 0.746100
vt 0.267700 0.720100
vt 0.320400 0.706600
vt 0.293000 0.714000
vt 0.344500 0.704900
vt 0.345800 0.724600
vt 0.321200 0.728600
vt 0.365900 0.703000
vt 0.346700 0.731100
vt 0.321500 0.736000
vt 0.374200 0.749500
vt 0.251500 0.817400
vt 0.251000 0.793700
vt 0.226300 0.794700
vt 0.228100 0.819800
vt 0.225600 0.773200
vt 0.249400 0.769600
vt 0.348600 0.739800
vt 0.324000 0.746100
vt 0.328200 0.770000
vt 0.350700 0.759000
vt 0.331500 0.793400
vt 0.355600 0.782500
vt 0.336100 0.815300
vt 0.336500 0.849100
vt 0.343600 0.836500
vt 0.267400 0.765800
vt 0.264500 0.755100
vt 0.246000 0.760000
vt 0.297500 0.735500
vt 0.300400 0.744200
vt 0.304600 0.754400
vt 0.309700 0.777000
vt 0.283500 0.749600
vt 0.286000 0.760000
vt 0.270100 0.789300
vt 0.272400 0.813200
vt 0.290800 0.783700
vt 0.311500 0.800600
vt 0.314700 0.824000
vt 0.293000 0.806900
vt 0.253300 0.841600
vt 0.274100 0.838000
vt 0.277100 0.863600
vt 0.255100 0.865500
vt 0.296800 0.831200
vt 0.299700 0.859000
vt 0.317300 0.853500
vt 0.281000 0.740400
vt 0.233200 0.882800
vt 0.257100 0.883700
vt 0.231000 0.865900
vt 0.234100 0.901300
vt 0.260200 0.902800
vt 0.235600 0.914800
vt 0.263200 0.919100
vt 0.321400 0.875200
vt 0.337600 0.870400
vt 0.279500 0.884900
vt 0.283300 0.905200
vt 0.288100 0.924200
vt 0.302400 0.880300
vt 0.326100 0.888500
vt 0.342000 0.888800
vt 0.326700 0.960700
vt 0.340200 0.979800
vt 0.331800 0.948400
vt 0.371800 0.925500
vt 0.303400 0.920000
vt 0.306200 0.898200
vt 0.341100 0.916000
vt 0.350000 0.926400
vt 0.358800 0.916400
vt 0.349600 0.907300
vt 0.309900 0.942700
vt 0.318600 0.935000
vt 0.329600 0.926100
vt 0.341500 0.938000
vt 0.332100 0.904100
vt 0.319100 0.911100
vt 0.361000 0.913300
vt 0.373600 0.921400
vt 0.348900 0.825900
vt 0.345500 0.886800
vt 0.341100 0.869700
vt 0.360400 0.799000
vt 0.350100 0.900700
vt 0.340700 0.852700
vt 0.358000 0.812700
vt 0.382100 0.788900
vt 0.380000 0.773800
vt 0.376900 0.761100
vt 0.169500 0.531800
vt 0.159000 0.526500
vt 0.143700 0.541100
vt 0.154600 0.552300
vt 0.125200 0.556900
vt 0.135100 0.569100
vt 0.117000 0.580000
vt 0.106100 0.566300
vt 0.091400 0.584500
vt 0.085400 0.573300
vt 0.065600 0.588000
vt 0.064300 0.576900
vt 0.045200 0.587400
vt 0.043400 0.578700
vt 0.028000 0.590800
vt 0.022800 0.579400
vt 0.004400 0.593200
vt 0.000000 0.579600
vt 0.081400 0.742300
vt 0.056500 0.741100
vt 0.056400 0.747700
vt 0.081900 0.749800
vt 0.055500 0.756500
vt 0.080600 0.760000
vt 0.035900 0.747400
vt 0.035600 0.740300
vt 0.035500 0.754700
vt 0.105700 0.746500
vt 0.103700 0.755500
vt 0.100800 0.766100
vt 0.121300 0.759000
vt 0.122700 0.749500
vt 0.119900 0.769500
vt 0.159700 0.755700
vt 0.141300 0.753200
vt 0.140800 0.762200
vt 0.159700 0.765000
vt 0.139100 0.773100
vt 0.157400 0.774900
vt 0.069900 0.635500
vt 0.042800 0.639800
vt 0.048600 0.665700
vt 0.073500 0.664400
vt 0.040100 0.621300
vt 0.067700 0.617700
vt 0.016300 0.644000
vt 0.022100 0.670500
vt 0.012500 0.626000
vt 0.100600 0.632300
vt 0.103200 0.662500
vt 0.097800 0.614700
vt 0.127300 0.630500
vt 0.130000 0.660300
vt 0.125700 0.612200
vt 0.153000 0.628200
vt 0.155000 0.660600
vt 0.151700 0.609100
vt 0.177100 0.625500
vt 0.178400 0.660200
vt 0.176000 0.606400
vt 0.037900 0.603000
vt 0.065500 0.600000
vt 0.009300 0.607700
vt 0.094800 0.597200
vt 0.123700 0.594100
vt 0.150200 0.590100
vt 0.142500 0.576600
vt 0.175200 0.586300
vt 0.159300 0.574100
vt 0.174000 0.567300
vt 0.076800 0.693200
vt 0.053600 0.694200
vt 0.055600 0.721400
vt 0.079800 0.720400
vt 0.028200 0.696300
vt 0.034100 0.721800
vt 0.105200 0.693600
vt 0.107800 0.724600
vt 0.132100 0.694100
vt 0.133700 0.727900
vt 0.155200 0.694700
vt 0.158700 0.730100
vt 0.178800 0.694500
vt 0.164200 0.556900
vt 0.139000 0.796800
vt 0.158500 0.799000
vt 0.117900 0.793600
vt 0.079200 0.784200
vt 0.098300 0.789100
vt 0.055600 0.775800
vt 0.029700 0.780800
vt 0.120700 0.930500
vt 0.107300 0.947000
vt 0.116800 0.953800
vt 0.136400 0.932800
vt 0.139000 0.913500
vt 0.160600 0.924900
vt 0.161600 0.908400
vt 0.053300 0.799700
vt 0.028000 0.793800
vt 0.050400 0.816600
vt 0.041800 0.819300
vt 0.140500 0.871500
vt 0.140500 0.892900
vt 0.162600 0.889100
vt 0.162500 0.870800
vt 0.161600 0.846900
vt 0.140500 0.845600
vt 0.160700 0.822600
vt 0.139500 0.820800
vt 0.084900 0.952500
vt 0.095700 0.961800
vt 0.095300 0.939400
vt 0.069200 0.957100
vt 0.065400 0.933200
vt 0.075100 0.942000
vt 0.082700 0.930700
vt 0.073600 0.923100
vt 0.053400 0.943600
vt 0.063100 0.930500
vt 0.072800 0.916800
vt 0.051200 0.939700
vt 0.090300 0.917900
vt 0.079100 0.903900
vt 0.075500 0.902500
vt 0.104100 0.923400
vt 0.115300 0.909100
vt 0.117200 0.890900
vt 0.117400 0.869400
vt 0.094500 0.901800
vt 0.081200 0.885000
vt 0.097700 0.888000
vt 0.099300 0.865900
vt 0.079800 0.863700
vt 0.098600 0.836300
vt 0.076400 0.830100
vt 0.117200 0.841400
vt 0.099200 0.812700
vt 0.078500 0.807800
vt 0.118300 0.816900
vt 0.077500 0.884800
vt 0.076000 0.867800
vt 0.064800 0.842000
vt 0.054400 0.829900
vt 0.209100 0.565100
vt 0.210300 0.584200
vt 0.211900 0.604200
vt 0.213000 0.623400
vt 0.193800 0.604100
vt 0.192700 0.584300
vt 0.215600 0.657900
vt 0.195000 0.623600
vt 0.219100 0.692100
vt 0.197000 0.659200
vt 0.199000 0.694300
vt 0.180900 0.730300
vt 0.201000 0.728900
vt 0.181300 0.757100
vt 0.181900 0.766300
vt 0.224100 0.763900
vt 0.202400 0.755100
vt 0.203000 0.764400
vt 0.181500 0.775700
vt 0.203400 0.773300
vt 0.183200 0.797200
vt 0.204700 0.796500
vt 0.184100 0.822300
vt 0.185900 0.845900
vt 0.206200 0.821000
vt 0.229000 0.843400
vt 0.207400 0.843300
vt 0.186500 0.868400
vt 0.208800 0.867500
vt 0.186200 0.885500
vt 0.209600 0.882900
vt 0.187400 0.904000
vt 0.210700 0.900900
vt 0.187500 0.917500
vt 0.204900 0.548300
vt 0.176100 0.550100
vt 0.191300 0.563000
vt 0.190300 0.547400
vt 0.201400 0.534000
vt 0.178300 0.507900
vt 0.169900 0.506000
vt 0.177600 0.535500
vt 0.204300 0.503400
vt 0.196400 0.506700
vt 0.187600 0.507000
vt 0.189300 0.533300
vt 0.236400 0.930400
vt 0.260000 0.933700
vt 0.261600 0.926400
vt 0.236000 0.922700
vt 0.280600 0.942400
vt 0.284400 0.933400
vt 0.302600 0.954400
vt 0.306100 0.948700
vt 0.318100 0.967500
vt 0.322200 0.964100
vt 0.329700 0.986800
vt 0.335000 0.983200
vt 0.211500 0.914800
vt 0.211900 0.922500
vt 0.212300 0.930100
vt 0.187900 0.925400
vt 0.188500 0.933100
vt 0.121200 0.959200
vt 0.141100 0.941500
vt 0.163000 0.932000
vt 0.146000 0.950100
vt 0.125500 0.964600
vt 0.165400 0.939000
vt 0.102200 0.973500
vt 0.107000 0.976400
vt 0.111600 0.979300
vt 0.202100 0.477900
vt 0.207800 0.501900
vt 0.223200 0.518200
vt 0.240200 0.530600
vt 0.259400 0.543400
vt 0.277800 0.552000
vt 0.298900 0.556600
vt 0.319700 0.558600
vt 0.361000 0.555600
vt 0.382800 0.553400
vt 0.340500 0.557100
vt 0.372100 0.650600
vt 0.374800 0.623600
vt 0.366500 0.721500
vt 0.367000 0.728600
vt 0.368200 0.735800
vt 0.348100 0.959500
vt 0.357700 0.940700
vt 0.384100 0.795000
vt 0.369200 0.800700
vt 0.166500 0.504900
vt 0.167400 0.480800
vt 0.170300 0.480300
vt 0.155000 0.523500
vt 0.140100 0.536900
vt 0.121500 0.551600
vt 0.104300 0.562400
vt 0.084200 0.568900
vt 0.064200 0.573200
vt 0.043000 0.574000
vt 0.022900 0.574900
vt 0.000800 0.574900
vt 0.031200 0.769100
vt 0.090900 0.994000
vt 0.080800 0.974700
vt 0.027600 0.809000
vt 0.026300 0.815300
vt 0.071300 0.852100
vt 0.179600 0.480200
vt 0.191300 0.479500
vt 0.199400 0.477700
vt 0.185800 0.480000
vt 0.102600 1.000000
vt 0.096600 0.997000
vt 0.395200 0.673400
vt 0.497400 0.668000
vt 0.472300 0.668800
vt 0.474200 0.695200
vt 0.499000 0.694300
vt 0.496500 0.641300
vt 0.470900 0.642900
vt 0.445300 0.669000
vt 0.447500 0.694200
vt 0.443400 0.643900
vt 0.420400 0.696100
vt 0.417000 0.670400
vt 0.415500 0.645200
vt 0.417400 0.592800
vt 0.418900 0.578900
vt 0.443700 0.590900
vt 0.444400 0.575300
vt 0.469800 0.564600
vt 0.488600 0.547100
vt 0.468600 0.586100
vt 0.496700 0.553800
vt 0.494300 0.582000
vt 0.496400 0.623400
vt 0.470300 0.624600
vt 0.469900 0.607000
vt 0.495700 0.604400
vt 0.442800 0.626000
vt 0.442800 0.607600
vt 0.415300 0.626900
vt 0.415700 0.608500
vt 0.391200 0.645700
vt 0.400700 0.745700
vt 0.423200 0.722900
vt 0.423300 0.741900
vt 0.449500 0.721200
vt 0.450500 0.741800
vt 0.476300 0.722700
vt 0.477000 0.743100
vt 0.450700 0.748700
vt 0.478300 0.750300
vt 0.423000 0.748300
vt 0.399200 0.752800
vt 0.424600 0.759000
vt 0.451300 0.762200
vt 0.478900 0.762300
vt 0.450400 0.784200
vt 0.476800 0.785000
vt 0.508100 0.808800
vt 0.484200 0.810300
vt 0.483800 0.832200
vt 0.508300 0.833700
vt 0.465100 0.809700
vt 0.461900 0.829900
vt 0.424700 0.771300
vt 0.424500 0.785400
vt 0.397100 0.760100
vt 0.410300 0.773500
vt 0.444000 0.808000
vt 0.418900 0.792000
vt 0.437300 0.816100
vt 0.397200 0.773600
vt 0.435700 0.938300
vt 0.438400 0.920600
vt 0.423400 0.923900
vt 0.420100 0.940100
vt 0.438500 0.903900
vt 0.426300 0.906100
vt 0.438000 0.882900
vt 0.428700 0.887100
vt 0.454600 0.915700
vt 0.452900 0.899100
vt 0.472700 0.911700
vt 0.474100 0.932300
vt 0.493600 0.928400
vt 0.492000 0.907600
vt 0.454900 0.936100
vt 0.468600 0.891800
vt 0.484600 0.886700
vt 0.475000 0.952300
vt 0.453300 0.954600
vt 0.493900 0.948900
vt 0.415700 0.956700
vt 0.431600 0.957200
vt 0.430800 0.967300
vt 0.453000 0.969200
vt 0.449600 0.986300
vt 0.475600 0.969900
vt 0.488800 0.975000
vt 0.427200 0.985100
vt 0.411000 0.955800
vt 0.454700 0.838600
vt 0.458700 0.872000
vt 0.478600 0.862400
vt 0.481100 0.849300
vt 0.506300 0.860900
vt 0.466200 0.850700
vt 0.455900 0.856000
vt 0.437500 0.861200
vt 0.425200 0.860700
vt 0.438400 0.839800
vt 0.414800 0.939300
vt 0.419100 0.923000
vt 0.422900 0.904900
vt 0.425500 0.886000
vt 0.412500 0.842200
vt 0.418900 0.840100
vt 0.436000 0.818700
vt 0.414300 0.796500
vt 0.407600 0.802200
vt 0.420200 0.816100
vt 0.404100 0.814500
vt 0.526400 0.494400
vt 0.527700 0.520800
vt 0.615000 0.579700
vt 0.611200 0.565600
vt 0.588700 0.581300
vt 0.585800 0.566000
vt 0.563500 0.579900
vt 0.559500 0.559000
vt 0.550900 0.738000
vt 0.551600 0.744700
vt 0.576000 0.743500
vt 0.576200 0.736200
vt 0.551800 0.756800
vt 0.577100 0.755500
vt 0.603000 0.738100
vt 0.602200 0.731200
vt 0.604300 0.751600
vt 0.630300 0.733800
vt 0.629000 0.727500
vt 0.630200 0.744500
vt 0.568600 0.636200
vt 0.570600 0.662100
vt 0.597300 0.658700
vt 0.595800 0.633500
vt 0.594000 0.615900
vt 0.566800 0.617600
vt 0.623700 0.631300
vt 0.625500 0.656200
vt 0.621400 0.613200
vt 0.565000 0.600600
vt 0.591700 0.597800
vt 0.618700 0.595000
vt 0.572300 0.688500
vt 0.574000 0.715900
vt 0.600300 0.710800
vt 0.598600 0.683800
vt 0.625700 0.682000
vt 0.626600 0.708800
vt 0.548900 0.718100
vt 0.661500 0.756900
vt 0.646500 0.756700
vt 0.631900 0.756600
vt 0.659500 0.754900
vt 0.608400 0.773100
vt 0.582400 0.777600
vt 0.552700 0.781500
vt 0.589500 0.879400
vt 0.591900 0.854400
vt 0.570600 0.878200
vt 0.585000 0.901100
vt 0.561600 0.899800
vt 0.602500 0.841200
vt 0.587600 0.841800
vt 0.613100 0.861200
vt 0.606000 0.882200
vt 0.613600 0.844900
vt 0.612200 0.827600
vt 0.627800 0.805100
vt 0.626100 0.802800
vt 0.628500 0.826400
vt 0.603800 0.819900
vt 0.618300 0.795700
vt 0.632500 0.847400
vt 0.646000 0.779900
vt 0.640800 0.776200
vt 0.643100 0.800200
vt 0.653400 0.784600
vt 0.648000 0.823700
vt 0.578800 0.803700
vt 0.597700 0.800300
vt 0.582500 0.825200
vt 0.634200 0.770500
vt 0.562000 0.921300
vt 0.586300 0.922000
vt 0.564100 0.942800
vt 0.588800 0.942300
vt 0.597300 0.967500
vt 0.615600 0.977800
vt 0.609800 0.960600
vt 0.608000 0.943100
vt 0.632000 0.956900
vt 0.637600 0.973500
vt 0.677700 0.794000
vt 0.658800 0.796200
vt 0.679000 0.800300
vt 0.654600 0.824800
vt 0.648600 0.845900
vt 0.644500 0.845000
vt 0.649100 0.870100
vt 0.644900 0.871900
vt 0.654200 0.888600
vt 0.650000 0.890600
vt 0.660200 0.906600
vt 0.655400 0.907900
vt 0.660800 0.923700
vt 0.666000 0.922300
vt 0.667400 0.939700
vt 0.671900 0.938200
vt 0.653800 0.952100
vt 0.651700 0.942100
vt 0.645200 0.923900
vt 0.640100 0.906700
vt 0.637600 0.890000
vt 0.635200 0.869100
vt 0.629800 0.942400
vt 0.625700 0.924300
vt 0.623300 0.904000
vt 0.622700 0.887300
vt 0.604800 0.902500
vt 0.606100 0.923100
vt 0.517100 0.495500
vt 0.519900 0.524900
vt 0.497100 0.522900
vt 0.505400 0.525900
vt 0.505100 0.496300
vt 0.496900 0.496600
vt 0.571400 0.964400
vt 0.514000 0.968400
vt 0.518300 0.945900
vt 0.517100 0.924200
vt 0.541100 0.942700
vt 0.542600 0.964500
vt 0.515900 0.902800
vt 0.539500 0.920600
vt 0.503100 0.882800
vt 0.538200 0.899500
vt 0.536900 0.881500
vt 0.564300 0.856900
vt 0.535500 0.860300
vt 0.558300 0.830300
vt 0.533400 0.833000
vt 0.554900 0.805500
vt 0.530800 0.807100
vt 0.506800 0.784700
vt 0.504200 0.760100
vt 0.529500 0.783900
vt 0.502600 0.748100
vt 0.528000 0.758300
vt 0.502400 0.741400
vt 0.527100 0.746200
vt 0.501400 0.721500
vt 0.526500 0.739500
vt 0.547700 0.691100
vt 0.524800 0.719100
vt 0.523500 0.693400
vt 0.545700 0.664700
vt 0.521800 0.666300
vt 0.543000 0.638200
vt 0.519800 0.639600
vt 0.540800 0.620400
vt 0.518700 0.620700
vt 0.539100 0.601400
vt 0.517400 0.601400
vt 0.537700 0.579300
vt 0.515900 0.577400
vt 0.514300 0.556500
vt 0.531700 0.551600
vt 0.512700 0.526400
vt 0.510700 0.496100
vt 0.539400 0.545200
vt 0.495500 0.995600
vt 0.491900 0.985200
vt 0.520000 0.993000
vt 0.517000 0.981000
vt 0.544400 0.991200
vt 0.543400 0.977600
vt 0.568800 0.989600
vt 0.570100 0.977100
vt 0.593400 0.988800
vt 0.595100 0.978500
vt 0.614800 0.990800
vt 0.615100 0.984200
vt 0.494200 0.496300
vt 0.466900 0.560300
vt 0.483500 0.544600
vt 0.493700 0.521600
vt 0.397200 0.574400
vt 0.419100 0.574500
vt 0.442800 0.570500
vt 0.400000 0.700200
vt 0.392600 0.592800
vt 0.397000 0.579000
vt 0.389000 0.607900
vt 0.389600 0.626800
vt 0.401700 0.726800
vt 0.395500 0.775900
vt 0.472200 0.987700
vt 0.409900 0.974000
vt 0.406100 0.971800
vt 0.422000 0.862000
vt 0.384800 0.821700
vt 0.385100 0.815300
vt 0.388400 0.800200
vt 0.391800 0.787300
vt 0.398200 0.829000
vt 0.529200 0.493700
vt 0.531900 0.518900
vt 0.632600 0.558500
vt 0.639600 0.576400
vt 0.633600 0.563100
vt 0.610600 0.561600
vt 0.586600 0.560600
vt 0.561800 0.553200
vt 0.543300 0.540000
vt 0.654400 0.734800
vt 0.652000 0.728000
vt 0.657800 0.741700
vt 0.647800 0.628400
vt 0.647600 0.656300
vt 0.646900 0.609600
vt 0.645100 0.590800
vt 0.646400 0.683300
vt 0.648300 0.709700
vt 0.666800 0.767400
vt 0.672100 0.779700
vt 0.666900 0.809600
vt 0.659600 0.969300
vt 0.675300 0.956000
vt 0.679000 0.953400
vt 0.474400 1.000000
vt 0.473500 0.993700
vt 0.704300 0.951800
vt 0.711500 0.949700
vt 0.716200 0.950000
vt 0.699700 0.956100
vt 0.697600 0.962300
vt 0.697600 0.968700
vt 0.700200 0.974700
vt 0.703800 0.979800
vt 0.710200 0.982700
vt 0.716700 0.981900
vt 0.722100 0.979000
vt 0.725900 0.973800
vt 0.727900 0.967500
vt 0.727500 0.960500
vt 0.725000 0.955700
vt 0.721100 0.951900
vt 0.712900 0.965400
vt 0.695600 0.938200
vt 0.710000 0.934100
vt 0.719500 0.934600
vt 0.686500 0.946900
vt 0.682200 0.959100
vt 0.682200 0.972100
vt 0.687400 0.984000
vt 0.694600 0.994300
vt 0.707400 1.000000
vt 0.720400 0.998400
vt 0.731300 0.992600
vt 0.739000 0.982200
vt 0.742800 0.969600
vt 0.742000 0.955600
vt 0.737100 0.946100
vt 0.729200 0.938300
vt 0.250700 0.961400
vt 0.254400 0.961600
vt 0.247000 0.962200
vt 0.243800 0.963700
vt 0.240800 0.967000
vt 0.239300 0.971200
vt 0.239200 0.974800
vt 0.261400 0.981200
vt 0.257600 0.985100
vt 0.262800 0.976500
vt 0.262800 0.972600
vt 0.262300 0.969200
vt 0.260700 0.966100
vt 0.258100 0.963300
vt 0.240000 0.978600
vt 0.241800 0.981800
vt 0.244300 0.984400
vt 0.248100 0.986100
vt 0.252100 0.986600
vt 0.250900 0.973300
vt 0.250400 0.949300
vt 0.257900 0.949700
vt 0.243100 0.951000
vt 0.236600 0.954100
vt 0.230700 0.960700
vt 0.227600 0.969000
vt 0.227400 0.976200
vt 0.271900 0.989100
vt 0.264400 0.996900
vt 0.274800 0.979800
vt 0.274800 0.971800
vt 0.273700 0.964900
vt 0.270500 0.958700
vt 0.265300 0.953200
vt 0.229000 0.983900
vt 0.232600 0.990300
vt 0.237800 0.995600
vt 0.245300 0.998900
vt 0.253300 1.000000
vt 0.951400 0.122600
vt 0.956000 0.121500
vt 0.953200 0.110400
vt 0.948500 0.111600
vt 0.954000 0.133600
vt 0.958600 0.132600
vt 0.960900 0.143800
vt 0.956200 0.144700
vt 0.963000 0.155000
vt 0.958200 0.155800
vt 0.945700 0.100600
vt 0.950300 0.099300
vt 0.967500 0.154200
vt 0.964900 0.166300
vt 0.969400 0.165600
vt 0.960500 0.120400
vt 0.957700 0.109200
vt 0.947100 0.088300
vt 0.942600 0.089700
vt 0.942600 0.424900
vt 0.947100 0.426300
vt 0.950300 0.415300
vt 0.945700 0.414000
vt 0.957800 0.405400
vt 0.953300 0.404300
vt 0.954800 0.416500
vt 0.961100 0.370900
vt 0.958700 0.382000
vt 0.963200 0.383000
vt 0.965600 0.371800
vt 0.939200 0.435700
vt 0.943800 0.437200
vt 0.965400 0.419500
vt 0.962100 0.430800
vt 0.963800 0.455800
vt 0.940100 0.448200
vt 0.956100 0.393200
vt 0.951400 0.392000
vt 0.948600 0.403000
vt 0.991500 0.340500
vt 0.960200 0.347600
vt 0.965000 0.348400
vt 0.966700 0.337100
vt 0.958400 0.358800
vt 0.963100 0.359600
vt 0.985500 0.375700
vt 0.967700 0.360400
vt 0.969600 0.349100
vt 0.972000 0.257300
vt 0.976700 0.257300
vt 0.976600 0.245800
vt 0.972000 0.245900
vt 0.971600 0.234500
vt 0.976200 0.234300
vt 0.971600 0.280200
vt 0.966800 0.280000
vt 0.966300 0.291300
vt 0.971100 0.291600
vt 0.965600 0.302600
vt 0.970300 0.303000
vt 0.971900 0.268700
vt 0.967100 0.268700
vt 0.975700 0.222800
vt 0.971100 0.223100
vt 0.965500 0.212000
vt 0.966200 0.223300
vt 0.970300 0.211700
vt 0.966900 0.234600
vt 0.967100 0.246000
vt 0.972600 0.188400
vt 0.968000 0.188900
vt 0.969200 0.200300
vt 0.973800 0.199800
vt 0.958500 0.441900
vt 0.954900 0.453000
vt 0.960200 0.466600
vt 0.951200 0.050800
vt 0.954800 0.061600
vt 0.958600 0.072600
vt 0.939100 0.078900
vt 0.935500 0.068100
vt 0.940000 0.066400
vt 0.943700 0.077400
vt 0.935800 0.055400
vt 0.954000 0.381000
vt 0.968400 0.408200
vt 0.978600 0.362400
vt 0.976300 0.373900
vt 0.980400 0.350800
vt 0.973000 0.361400
vt 0.970900 0.372800
vt 0.973900 0.385400
vt 0.966300 0.371900
vt 0.968400 0.360600
vt 0.960600 0.394300
vt 0.971300 0.337700
vt 0.972700 0.326300
vt 0.968100 0.325700
vt 0.982200 0.339200
vt 0.963400 0.325200
vt 0.983700 0.327600
vt 0.969300 0.314400
vt 0.964500 0.313900
vt 0.987200 0.280800
vt 0.986700 0.292500
vt 0.985800 0.304200
vt 0.984900 0.315900
vt 0.967300 0.257300
vt 0.987200 0.233900
vt 0.986700 0.222100
vt 0.987600 0.245600
vt 0.987600 0.269000
vt 0.974900 0.211300
vt 0.963300 0.189500
vt 0.964400 0.200800
vt 0.966600 0.177600
vt 0.961800 0.178300
vt 0.960200 0.167000
vt 0.982000 0.175400
vt 0.980400 0.163800
vt 0.983500 0.187100
vt 0.984800 0.198700
vt 0.985800 0.210400
vt 0.979200 0.199300
vt 0.980300 0.210900
vt 0.973300 0.188300
vt 0.971900 0.176800
vt 0.971100 0.176900
vt 0.976500 0.268800
vt 0.976300 0.280300
vt 0.973900 0.314800
vt 0.975000 0.303300
vt 0.975700 0.291800
vt 0.976400 0.291900
vt 0.977000 0.280400
vt 0.974700 0.314900
vt 0.975700 0.303400
vt 0.972000 0.337800
vt 0.970300 0.349200
vt 0.973400 0.326300
vt 0.963900 0.383200
vt 0.951600 0.427600
vt 0.952200 0.427800
vt 0.948100 0.438700
vt 0.948800 0.438900
vt 0.944400 0.449700
vt 0.955500 0.416700
vt 0.958500 0.405600
vt 0.961300 0.394400
vt 0.945000 0.064700
vt 0.944400 0.064900
vt 0.948000 0.076000
vt 0.948700 0.075700
vt 0.940300 0.053700
vt 0.952200 0.086800
vt 0.951500 0.087000
vt 0.954800 0.098100
vt 0.955500 0.097900
vt 0.960000 0.096600
vt 0.956700 0.085400
vt 0.963100 0.131600
vt 0.965500 0.142900
vt 0.968300 0.154100
vt 0.966200 0.142700
vt 0.970100 0.165400
vt 0.963800 0.131400
vt 0.961200 0.120200
vt 0.971200 0.117800
vt 0.973800 0.129200
vt 0.976100 0.140800
vt 0.978400 0.152300
vt 0.962000 0.083800
vt 0.965300 0.095100
vt 0.968400 0.106400
vt 0.965800 0.119100
vt 0.968300 0.130400
vt 0.953300 0.440300
vt 0.949500 0.451400
vt 0.945600 0.051900
vt 0.949500 0.063200
vt 0.953100 0.074300
vt 0.956700 0.429200
vt 0.965800 0.395500
vt 0.971400 0.396800
vt 0.968500 0.384200
vt 0.975600 0.211200
vt 0.974500 0.199800
vt 0.976400 0.222700
vt 0.978000 0.187700
vt 0.977300 0.268800
vt 0.977400 0.257300
vt 0.977300 0.245800
vt 0.977000 0.234300
vt 0.981900 0.245700
vt 0.982100 0.257300
vt 0.978000 0.326900
vt 0.976600 0.338400
vt 0.979300 0.315300
vt 0.941000 0.053400
vt 0.945100 0.449900
vt 0.958400 0.109000
vt 0.962900 0.107800
vt 0.959900 0.418000
vt 0.963100 0.406800
vt 0.975000 0.349900
vt 0.980300 0.303800
vt 0.981000 0.292200
vt 0.981700 0.280500
vt 0.981900 0.268900
vt 0.981700 0.234100
vt 0.981000 0.222500
vt 0.976500 0.176200
vt 0.974700 0.164700
vt 0.972900 0.153300
vt 0.970700 0.141800
vt 0.987600 0.257300
vt 0.980400 0.115700
vt 0.977500 0.104100
vt 0.983000 0.127300
vt 0.985300 0.138900
vt 0.987600 0.150600
vt 0.974300 0.092600
vt 0.971000 0.081200
vt 0.971000 0.433500
vt 0.974500 0.422100
vt 0.967400 0.444700
vt 0.935600 0.446500
vt 0.980500 0.399000
vt 0.977500 0.410600
vt 0.962000 0.336400
vt 0.989600 0.352300
vt 0.987800 0.364000
vt 0.956400 0.369900
vt 0.996500 0.281100
vt 0.996100 0.293000
vt 0.995200 0.304900
vt 0.996900 0.269200
vt 0.995200 0.209700
vt 0.996000 0.221600
vt 0.996600 0.233500
vt 0.997000 0.245400
vt 0.960100 0.048000
vt 0.931500 0.457000
vt 0.931500 0.057600
vt 0.951200 0.463800
vt 0.967500 0.069900
vt 0.963800 0.058800
vt 0.935900 0.459200
vt 0.983100 0.387400
vt 0.993000 0.328600
vt 0.994200 0.316800
vt 0.997000 0.257300
vt 0.992800 0.186000
vt 0.994100 0.197800
vt 0.991300 0.174200
vt 0.989600 0.162400
vt 0.940300 0.460900
vt 0.945600 0.462700
vt 0.941000 0.461200
vt 0.607900 0.156400
vt 0.610600 0.156600
vt 0.610200 0.141900
vt 0.607400 0.142100
vt 0.613200 0.157200
vt 0.612700 0.141400
vt 0.615900 0.157500
vt 0.615600 0.141100
vt 0.618700 0.157300
vt 0.618500 0.141400
vt 0.621200 0.156900
vt 0.621100 0.142200
vt 0.607000 0.201200
vt 0.609900 0.201000
vt 0.612600 0.200500
vt 0.615500 0.200300
vt 0.618400 0.200500
vt 0.621000 0.201100
vt 0.609300 0.222800
vt 0.611900 0.221100
vt 0.614300 0.218000
vt 0.616500 0.216500
vt 0.618800 0.217500
vt 0.621200 0.219700
vt 0.624000 0.156800
vt 0.623900 0.142400
vt 0.623700 0.201300
vt 0.623900 0.091200
vt 0.607400 0.091500
vt 0.624000 0.221200
vt 0.610200 0.092900
vt 0.612900 0.095400
vt 0.615600 0.096500
vt 0.618300 0.095200
vt 0.621000 0.092600
vt 0.474000 0.185700
vt 0.474000 0.183400
vt 0.474000 0.177200
vt 0.514000 0.185700
vt 0.514000 0.183400
vt 0.514000 0.177200
vt 0.474000 0.137200
vt 0.514000 0.137200
vt 0.474000 0.126300
vt 0.514000 0.126300
vt 0.474000 0.115300
vt 0.514000 0.115300
vt 0.474000 0.074300
vt 0.514000 0.074300
vt 0.474000 0.068100
vt 0.474000 0.065800
vt 0.514000 0.065800
vt 0.514000 0.068100
vn -2.421337 -2.103783 -0.147927
vn -2.728080 -1.890951 -0.562999
vn -1.871628 -0.674102 0.773630
vn -1.234157 -0.931967 0.985987
vn -1.017679 0.113455 0.672455
vn -1.627198 0.145491 0.527283
vn -1.810231 -0.994529 0.828916
vn -1.198697 -1.250762 0.972562
vn -1.780509 -1.194365 0.829770
vn -1.147553 -1.346932 0.961639
vn -1.834704 -1.406472 0.768077
vn -1.148713 -1.455252 0.938389
vn -1.866624 -1.717651 0.646765
vn -1.285301 -1.849726 0.780525
vn -2.552127 -0.188657 -0.020512
vn -2.871381 -0.565722 -0.431191
vn -2.360306 -0.626773 0.422386
vn -2.106538 0.058328 0.300220
vn -2.957802 -0.767130 -0.653190
vn -2.465035 -0.799166 0.349343
vn -2.955727 -0.890743 -0.591679
vn -2.520757 -1.034122 0.298389
vn -2.944131 -0.902953 -0.537309
vn -2.527165 -1.211834 0.271479
vn -2.455759 -1.483541 0.277520
vn -0.325645 -1.479612 0.816833
vn -0.377949 -1.417171 0.851189
vn -0.359151 -1.542235 0.810792
vn 0.411979 -1.515517 0.313218
vn 0.541304 -1.466012 0.180250
vn -0.476087 -1.642153 0.814820
vn 0.193182 -1.751259 0.410121
vn 0.836512 -1.396559 -0.323609
vn 0.940387 -1.334722 -0.665394
vn -0.486157 -2.299025 0.416772
vn 0.677037 -1.965723 -0.527118
vn -1.289878 -2.082445 0.646337
vn -0.227446 -2.702142 -0.328491
vn -1.302084 -2.538030 0.222356
vn -1.260095 -2.805566 -0.216271
vn -0.236845 -2.198442 0.394011
vn -1.781302 -2.378572 0.202157
vn -1.604983 -2.804962 -0.436317
vn -2.335710 -2.141804 -0.064326
vn -2.061985 -2.656142 -0.725013
vn -2.926859 -0.457402 -0.899170
vn -2.967750 -0.706079 -1.224723
vn -2.471566 0.272187 -0.492702
vn -1.760734 0.539240 0.049968
vn -1.268517 0.697791 0.049297
vn -0.040263 -0.272798 0.604598
vn 0.219730 0.319638 -0.097705
vn -0.742306 0.716288 0.021776
vn -2.895733 -1.153866 -0.385486
vn -2.748281 -1.677454 -0.319643
vn 0.599162 -1.430832 0.115262
vn 0.603617 -1.305768 0.151387
vn 0.941669 -1.282859 -0.624815
vn 0.979753 -1.076857 -0.731237
vn -2.986181 -0.788467 -1.129345
vn -2.994848 -0.848007 -1.046172
vn -2.979224 -1.152416 -1.232168
vn -2.697198 -2.033060 -1.135570
vn -0.369649 -1.273671 0.876208
vn 0.580913 -0.910569 0.223271
vn 0.912496 -0.602413 -0.555798
vn 0.589580 -0.942606 0.213507
vn 0.727327 -1.232507 -0.022587
vn 0.620400 -1.320940 0.123195
vn 0.633339 -1.391179 0.080418
vn 0.599955 -1.510138 0.078954
vn -2.977881 -1.260675 -1.105120
vn -2.998388 -0.912141 -1.036348
vn -2.991552 -0.831203 -0.897522
vn -2.981909 -0.808354 -0.796409
vn -2.913554 -0.648111 -0.524738
vn -0.897020 0.116356 0.667451
vn -1.549383 0.064674 0.612470
vn -2.105195 -0.086502 0.405178
vn -1.878830 -2.145732 0.370640
vn -0.220549 -0.202620 0.668427
vn 0.479540 -1.926735 -0.039429
vn -2.598022 -0.342916 0.018054
vn 0.577190 -0.934204 -2.228354
vn 0.576763 -0.876235 -2.225242
vn 0.151619 -0.947985 -2.634334
vn 0.296263 -0.815185 -2.513266
vn -1.558904 -0.809865 -2.911985
vn -2.421520 -0.545170 -2.336241
vn -2.486213 -0.571827 -2.272900
vn -1.612184 -0.724454 -2.885806
vn -2.796984 -0.518453 -1.743960
vn -2.856002 -0.790099 -1.719063
vn -0.482679 -0.627498 -2.898377
vn -0.601507 -1.119593 -2.954761
vn -2.512395 -0.451297 -2.194975
vn -1.539252 -0.175238 -2.747530
vn -0.436295 -0.310819 -2.796592
vn 0.212529 -0.397983 -2.478301
vn 0.907430 -0.951794 -1.600070
vn 0.924397 -1.095898 -1.532641
vn 0.644203 -0.780126 -2.119857
vn 0.956134 -1.191283 -0.638361
vn 0.946368 -1.310302 -0.675402
vn 0.931477 -0.979236 -1.518605
vn -2.953773 -0.596973 -1.181580
vn -2.795214 -0.550429 -1.767210
vn -2.824204 -0.767069 -1.790337
vn -2.465340 -0.672591 -2.324647
vn -1.685849 -0.499352 -2.814715
vn -0.551400 -0.838094 -2.943167
vn -2.188808 -0.883126 -2.604738
vn -2.100251 -0.822075 -2.661855
vn -2.604309 -0.788528 -2.177644
vn -2.628843 -0.835857 -2.150551
vn -1.955485 -0.979236 -2.756500
vn -2.598816 -0.843473 -2.192839
vn 0.176093 -0.880829 -2.613953
vn -1.418044 -0.918185 -2.954273
vn -1.221950 -1.081451 -2.984784
vn -0.927719 -1.285881 -2.975265
vn -0.046061 -1.508687 -2.677171
vn -2.989111 -0.824372 -1.133739
vn -2.795581 -0.785445 -1.857766
vn -2.822373 -0.745792 -1.788384
vn -2.813829 -0.904464 -1.838362
vn 0.570782 -1.043249 -2.236104
vn 0.873497 -1.216428 -1.659811
vn 0.821315 -1.533893 -1.616119
vn 0.431387 -1.514067 -2.291878
vn -0.148593 -1.409494 -2.758514
vn 0.451710 -1.423216 -2.303167
vn 0.793546 -1.476650 -1.734563
vn 0.512863 -1.125698 -2.299933
vn 0.848047 -1.189771 -1.735905
vn -0.361776 -0.950282 -2.894716
vn -0.544503 -0.783148 -2.936638
vn -1.397049 -0.544384 -2.909849
vn -2.435862 -0.563304 -2.326721
vn -2.871076 -0.645028 -1.619353
vn -2.472237 -0.598605 -2.297309
vn -2.862227 -0.770212 -1.696912
vn -2.602783 -0.861003 -2.189483
vn -2.847701 -0.815970 -1.746340
vn -2.530888 -1.015021 -2.286142
vn -2.841598 -0.873939 -1.771847
vn -2.573854 -0.922054 -2.232015
vn -2.841293 -0.928884 -1.778316
vn -1.719477 -0.956327 -2.865486
vn -1.902510 -0.892254 -2.782007
vn -1.534003 -0.922054 -2.925959
vn -1.437147 -0.481822 -2.885501
vn -2.966407 -0.722943 -1.254868
vn -2.953285 -0.654336 -1.275249
vn -2.969153 -0.882341 -1.334319
vn -2.979224 -0.984616 -1.286783
vn -2.975013 -0.986127 -1.314425
vn 0.065870 -0.893765 -2.689498
vn 0.582317 -1.102789 -2.217004
vn 0.922322 -1.274457 -1.468750
vn -0.417863 -0.631367 -2.880253
vn 0.575848 -1.073049 -2.227866
vn 0.164985 -0.885423 -2.622252
vn -0.576545 -0.899145 -2.952381
vn 0.184210 -0.854112 -2.606020
vn 0.566815 -0.942606 -2.241901
vn -0.957319 -0.883126 -2.996561
vn -0.076088 -0.890743 -2.770901
vn 0.570599 -0.915888 -2.235920
vn -0.979412 -0.933478 -2.998819
vn -0.188264 -1.034122 -2.826737
vn 0.498094 -1.170670 -2.311344
vn -2.826401 -0.597879 -1.717355
vn -1.487314 -1.003596 -2.939201
vn -2.243186 -0.773235 -2.551954
vn -0.338706 -1.140931 -2.880497
vn 0.499803 -1.203493 -2.304326
vn -1.045753 -2.605609 -2.168979
vn -0.708067 -2.765249 -1.860512
vn 0.826808 -1.201982 -1.783930
vn -0.095618 -2.640789 -1.660238
vn -2.662593 -0.593165 -2.040284
vn -2.592163 -2.065580 -1.542343
vn -2.512884 -2.003079 -1.819323
vn -2.246848 -2.048353 -2.144998
vn -1.727716 -2.243958 -2.371512
vn 0.929585 -1.404900 -0.684189
vn 0.947894 -1.186689 -1.405104
vn 0.926716 -1.304197 -1.429696
vn 0.942340 -1.452955 -0.914425
vn 0.905661 -1.172181 -1.576699
vn 0.921468 -1.184392 -1.517080
vn 0.947894 -1.280562 -0.656424
vn -1.109043 -1.342338 -2.964159
vn -1.952128 -1.237464 -2.739963
vn -2.539310 -1.028017 -2.275707
vn -2.859236 -0.870916 -1.727789
vn -2.998510 -1.034847 -1.056546
vn 0.832850 -1.454890 -1.646691
vn 0.429861 -1.370627 -2.343380
vn -0.230009 -1.358357 -2.806966
vn -1.795766 -1.076857 -2.832046
vn -2.422130 -0.890380 -2.402633
vn -2.902385 -0.928522 -1.614227
vn -2.984411 -1.126847 -0.795798
vn 0.302733 -1.434640 -2.448583
vn -0.396380 -1.386585 -2.863289
vn -1.080053 -1.261461 -2.978560
vn 0.832301 -1.460632 -1.644067
vn -1.611818 -2.413934 -2.256668
vn -2.087252 -2.373616 -1.940940
vn -2.451792 -1.136337 -2.366691
vn -1.735467 -1.161906 -2.850841
vn -2.339860 -2.397673 -1.453129
vn -2.923868 -1.189348 -1.505852
vn -2.497015 -2.308757 -0.942740
vn -2.985937 -1.129083 -0.813129
vn -0.624637 -2.517297 -2.227316
vn -0.200531 -1.399883 -2.784998
vn 0.332211 -1.531113 -2.387255
vn -0.220671 -2.503152 -2.040772
vn -0.907700 -1.253059 -2.979170
vn -1.077001 -2.516451 -2.282175
vn 0.722933 -1.562122 -1.834395
vn 0.055068 -2.557252 -1.640772
vn -2.959327 -0.722883 -1.304357
vn -2.979468 -0.927373 -1.279704
vn 0.971574 -1.250762 -0.795371
vn 0.954425 -1.401878 -1.074120
vn 0.930195 -1.442256 -1.252915
vn 0.896567 -1.594158 -1.174136
vn 0.967912 -1.327106 -1.096516
vn -2.990942 -1.032611 -1.183106
vn -2.993810 -0.878532 -1.115737
vn -2.983496 -0.733521 -1.055326
vn 0.983659 -1.142442 -1.199521
vn 0.454029 -2.308273 -1.362145
vn -2.956947 -0.585548 -1.107133
vn -2.746206 -1.958771 -1.005715
vn 0.962420 -1.301900 -0.781214
vn 0.951861 -1.340827 -0.748994
vn 0.949664 -1.429683 -0.998819
vn 0.937824 -1.477738 -0.970627
vn 0.932453 -1.498774 -1.020116
vn 0.247316 -2.534585 -1.197507
vn -2.357498 0.464528 -0.755768
vn -1.755303 0.568798 0.009816
vn -1.109043 0.427656 0.413172
vn -0.549874 -0.348296 0.842585
vn 0.016069 -1.018103 0.722737
vn 0.139840 -1.235529 0.624430
vn 0.050552 -1.256927 0.680205
vn 0.099315 -1.440745 0.607527
vn -0.123449 -1.874872 0.561700
vn -0.562813 -2.528056 0.193736
vn -1.236476 -2.769963 -0.131451
vn -1.696408 -2.788279 -0.490871
vn -1.775077 -2.817353 -0.806599
vn -2.220605 -2.567528 -1.042511
vn -2.730216 -1.792423 -1.593114
vn -2.756948 -0.886149 -1.950093
vn -2.861067 -0.773235 -1.701062
vn -2.827866 -0.648171 -1.738529
vn -2.745413 -0.207214 -1.591466
vn -2.740530 -1.064647 -1.981336
vn -2.993322 -0.954091 -0.839185
vn -2.995336 -0.950282 -0.867805
vn -2.994970 -1.048629 -0.873785
vn -2.967567 -1.278265 -0.795005
vn -2.998204 -0.913652 -1.045928
vn -2.966346 -0.700820 -0.768644
vn -2.757436 -1.121890 -0.054929
vn -2.802965 -1.147822 -0.149696
vn -2.441843 -1.178287 0.372775
vn -2.425975 -1.265329 0.374240
vn -2.716850 -1.748357 -0.315676
vn -2.757070 -1.166862 -0.061946
vn -2.387159 -1.962398 0.057779
vn -2.522588 -1.289629 0.260678
vn -2.777515 -0.984616 -0.082816
vn -2.668575 -0.327684 -0.113388
vn -2.211389 -0.311726 0.442890
vn -2.387709 -1.053162 0.438984
vn -1.274620 -1.195876 0.970121
vn -1.105991 -1.356845 0.962493
vn -1.044960 -1.030314 0.999411
vn -1.208218 -0.718289 0.971768
vn -2.228234 -1.966388 0.235720
vn -1.610231 -0.410918 0.816833
vn -1.933209 -1.057031 0.767832
vn -2.019934 -1.326320 0.686307
vn -2.023230 -1.970377 0.407375
vn -1.241786 -1.233232 0.969999
vn -2.034521 -1.146250 0.704308
vn -2.369704 -1.341673 0.413111
vn -1.151032 -1.525491 0.919717
vn -1.471507 -1.927581 0.699488
vn -1.971292 -1.262247 0.726398
vn -2.116974 0.174385 0.188244
vn -2.667720 0.078940 -0.700970
vn -1.446240 -0.201048 0.785956
vn -0.682617 -0.684741 0.952302
vn -0.317223 -1.269863 0.858389
vn -0.051676 -1.312599 0.730365
vn 0.117564 -1.388096 0.608992
vn 0.219120 -1.345361 0.544125
vn -0.126500 -1.847006 0.578969
vn -0.786370 -2.248733 0.534789
vn -1.195280 -2.463983 0.331158
vn -1.705684 -2.553202 0.019640
vn -2.205408 -2.438717 -0.343808
vn -2.601379 -1.991231 -0.351191
vn -2.852401 -1.621601 -1.401565
vn -2.899334 -1.132529 -1.608003
vn -2.817735 -0.915163 -1.830795
vn -2.905559 -0.873213 -1.596653
vn -2.940652 -0.697737 -1.389239
vn -2.867964 -0.385591 -1.390398
vn 0.982560 -1.228699 -1.097553
vn -2.699273 -1.244717 0.022386
vn 0.967607 -0.811376 -0.685104
vn -2.846786 -0.504731 -0.399765
vn -2.956947 -1.098195 -0.603213
vn -2.159391 0.339343 -0.048277
vn -2.650692 -1.316407 0.079564
vn -2.914103 -1.302685 -0.515463
vn -2.780872 -1.406412 -0.193449
vn -2.918742 -1.368330 -0.586615
vn -2.601928 -1.407923 0.120205
vn -2.533207 -1.504879 0.174087
vn -2.591980 -1.961854 -0.286264
vn -1.723322 -2.706978 -0.287301
vn -0.740231 -2.807803 -0.221458
vn -1.303000 0.715743 0.010182
vn -0.914170 0.750138 -0.006538
vn -0.320824 0.689026 -0.139139
vn 0.485216 0.329793 -0.737583
vn 0.912252 -0.397922 -0.990154
vn 0.978776 -0.721372 -1.124647
vn -0.409868 -2.819408 -0.468232
vn 0.026505 -2.683585 -0.761016
vn 0.714633 -2.006826 -1.115310
vn 0.976457 -1.158460 -1.250718
vn 0.999344 -0.935775 -1.017065
vn 0.995926 -0.857195 -1.019017
vn 0.989151 -0.854112 -0.836927
vn 0.990250 -0.796144 -1.060573
vn -1.877792 -1.261521 0.775887
vn -2.125640 0.036929 0.300769
vn -2.668025 -0.744220 0.077550
vn -2.638486 -1.343849 0.089266
vn -0.844411 -0.774806 0.983363
vn -1.135835 0.447965 0.390228
vn -1.659117 -1.467463 0.825681
vn -2.504339 -1.436998 0.237977
vn -1.661803 -1.517814 0.810609
vn -1.690976 -1.473568 0.812196
vn -2.530217 -1.479673 0.188855
vn -2.416698 -1.501796 0.313584
vn -1.530830 -1.681141 0.798160
vn -2.228234 -1.785713 0.359961
vn -1.516854 -2.339584 0.376864
vn -0.703978 -1.855831 0.775765
vn -0.699462 -2.528540 0.234682
vn -0.133214 -1.717771 0.646643
vn -0.223967 -2.370231 0.215155
vn 0.343685 -2.132918 -0.064692
vn 0.448536 -1.464440 0.292958
vn 0.751801 -1.669656 -0.320741
vn 0.895285 -1.155438 -0.384448
vn 0.527023 -1.213406 0.271479
vn 0.940021 -0.902167 -0.520284
vn 0.952350 -0.892254 -0.575387
vn 0.523239 -1.023423 0.295887
vn 0.955035 -0.794633 -0.622496
vn 0.497300 -0.915163 0.324568
vn 0.928547 -0.529152 -0.727454
vn 0.448414 -0.692418 0.348488
vn 0.610574 -0.001152 -0.335997
vn 0.051101 0.283914 0.135399
vn -0.186372 -0.545895 0.774179
vn -0.663880 0.504181 0.293813
vn -0.157382 -1.093601 0.810914
vn -0.785394 -1.357631 0.953401
vn -0.214507 -1.177561 0.829465
vn -0.848561 -1.346932 0.961334
vn -0.151218 -1.417111 0.758801
vn -0.840383 -1.451444 0.938450
vn 0.361933 -2.158003 -0.124250
vn 0.711398 -1.868102 -0.461946
vn -1.732782 -2.185385 0.421410
vn -0.636844 -2.148755 0.585010
vn -2.351578 -1.885571 0.166581
vn -0.129979 -2.198986 0.329449
vn -1.034645 -0.109411 0.798832
vn -0.461318 -0.071270 0.696620
vn 0.126108 -0.011851 0.337260
vn -2.459054 -0.931967 0.367344
vn -1.598696 -0.484845 0.842279
vn 0.623391 -0.410133 0.018054
vn 0.878441 -0.634389 -0.408369
vn 0.984757 -0.974642 -1.245715
vn 0.977861 -0.806843 -1.237721
vn 0.880089 -0.750386 -0.358636
vn 0.941425 -0.826669 -0.545547
vn 0.966204 -0.631306 -1.098773
vn 0.830653 -0.835071 -0.207972
vn 0.435049 -0.646599 0.352089
vn 0.518600 -0.935775 0.301013
vn 0.431570 -0.871702 0.392546
vn -0.116857 -0.944117 0.794438
vn -0.126378 -0.985341 0.799564
vn -0.026897 -1.025720 0.747207
vn -0.784112 -1.105811 0.985010
vn -0.824149 -1.117296 0.988183
vn -0.682251 -1.161543 0.967009
vn -1.659850 -1.220297 0.873584
vn -1.752861 -1.293498 0.827207
vn -1.653991 -1.429321 0.837215
vn -2.390821 -1.091365 0.433614
vn -2.424938 -1.166862 0.391814
vn -2.278951 -1.763408 0.325727
vn -2.796252 -1.104300 -0.128399
vn -2.770436 -1.220297 -0.099780
vn -2.708062 -1.709188 -0.253861
vn -2.977393 -1.102789 -0.724403
vn -2.976172 -1.168373 -0.753388
vn -2.963172 -1.353823 -0.905394
vn 0.896140 -0.513859 -0.570810
vn 0.854333 -0.355126 -1.407362
vn 0.550886 0.246195 -0.713541
vn 0.935932 -0.564997 -1.276531
vn 0.175910 0.033786 0.258115
vn -0.576240 -0.037843 0.710838
vn -0.998088 -1.259950 0.981288
vn -1.544379 -0.668723 0.898969
vn -1.581913 -1.557528 0.825865
vn -1.378374 -1.437723 0.911112
vn -1.998390 -1.508748 0.651951
vn -1.740411 -1.331700 0.825437
vn -2.336015 -1.598752 0.355750
vn -2.458810 -1.539212 0.250731
vn -2.715935 -1.616947 -0.190459
vn -2.708306 -1.504153 -0.099109
vn -2.924845 -1.419408 -0.675585
vn 0.990189 -0.838094 -1.133373
vn 0.864159 -1.159971 -0.296821
vn 0.986161 -1.044035 -1.226737
vn 0.361933 -2.158003 -0.124250
vn 0.711398 -1.868102 -0.461946
vn -1.457165 -1.386585 0.905315
vn -2.206141 -1.836972 0.348427
vn -1.732782 -2.185385 0.421410
vn -0.636844 -2.148755 0.585010
vn -2.736808 -1.758150 -0.379994
vn -2.354996 -1.599478 0.336406
vn -2.834213 -1.534679 -0.423319
vn -2.351578 -1.885571 0.166581
vn -2.933145 -1.491883 -1.067347
vn -2.934793 -1.424727 -1.248705
vn -0.129979 -2.198986 0.329449
vn 0.976884 -0.998277 -1.302465
vn 0.841029 -1.144013 -0.234761
vn 0.852991 -1.650494 -1.348903
vn 0.604105 -2.045815 -0.452793
vn 0.822170 -1.161120 -0.194425
vn 0.925313 -1.143228 -1.516958
vn 0.368463 -1.179858 0.445758
vn 0.118113 -2.476919 -0.278148
vn 0.371759 -1.138634 0.447588
vn -0.263393 -2.545526 0.009572
vn -0.270290 -1.439234 0.805971
vn -0.280177 -1.160032 0.858084
vn -1.150239 -1.620815 0.890304
vn -0.750911 -2.494448 0.287222
vn -1.226589 -2.248068 0.533508
vn -1.108310 -1.323298 0.968412
vn -1.936871 -1.478887 0.696620
vn -1.612245 -1.520897 0.827085
vn -2.112702 -1.430107 0.601242
vn -1.931683 -1.407560 0.718649
vn -1.831592 -1.785653 0.633035
vn -2.502569 -1.422853 0.245178
vn -2.433238 -1.447273 0.316086
vn -2.515569 -1.592587 0.154621
vn -2.851668 -1.408709 -0.374563
vn -2.858443 -1.423276 -0.405379
vn -2.812547 -1.620453 -0.443396
vn -2.938943 -1.473930 -1.014807
vn -2.936074 -1.484690 -0.973678
vn -2.989416 -1.043249 -1.195920
vn -2.904033 -1.311813 -0.482999
vn -2.619750 -2.113091 -0.681870
vn -2.610290 -2.114663 -1.357385
vn -2.506720 -1.230935 0.292165
vn -1.820667 -2.486530 0.034041
vn -1.644653 -1.012784 0.893477
vn -0.866931 -2.233199 0.556452
vn -1.034645 -0.109411 0.798832
vn -0.270900 -2.134127 0.465041
vn -0.461318 -0.071270 0.696620
vn -0.051798 -2.244018 0.230350
vn 0.126108 -0.011851 0.337260
vn 0.186773 -2.141924 0.118557
vn 0.782988 -0.758002 -0.122053
vn 0.582805 -1.969531 -0.276378
vn 0.766814 -1.920751 -1.022984
vn -2.972815 -1.307279 -1.056912
vn -2.878644 -1.259950 -0.371634
vn -2.434703 -1.357571 0.342752
vn -2.459054 -0.931967 0.367344
vn -1.598696 -0.484845 0.842279
vn 0.623391 -0.410133 0.018054
vn 0.878441 -0.634389 -0.408369
vn 0.975786 -0.692357 -1.106523
vn -2.334245 -1.438448 0.419213
vn 0.993729 -0.902953 -1.135936
vn -2.874250 -1.456824 -0.486477
vn -2.915385 -1.542295 -1.138743
vn -1.863694 -1.302685 0.775887
vn -1.410049 -1.472056 0.896040
vn -1.988076 -1.423276 0.682829
vn -1.721674 -1.391904 0.820495
vn -2.119232 -1.342338 0.618633
vn 0.934833 -0.835797 -1.483945
vn 0.977311 -0.986127 -1.299902
vn 0.896933 -0.904464 -1.628323
vn 0.973833 -0.912080 -1.313876
vn 0.826137 -0.820564 -1.798758
vn -2.819444 -1.214917 -0.202053
vn -2.829087 -1.458275 -0.344418
vn -2.531559 -1.322512 0.241212
vn -2.437388 -1.499560 0.291860
vn -2.034521 -1.504093 0.631082
vn -2.020911 -1.446850 0.656711
vn 0.868859 -1.144376 -0.305608
vn 0.353755 -2.402025 -0.604616
vn 0.154000 -2.320544 -0.060726
vn 0.441945 -1.133677 0.378206
vn -0.427445 -2.363461 0.330304
vn -0.328636 -1.228638 0.868397
vn -1.288719 -1.356060 0.944125
vn -1.055640 -2.456609 0.352394
vn -1.644592 -2.454191 0.193065
vn -2.024267 -1.514792 0.634072
vn -2.536442 -1.525128 0.160723
vn -2.010902 -2.481875 -0.142984
vn -2.810411 -1.494905 -0.320558
vn -2.186794 -2.552900 -0.640009
vn -2.932657 -1.498048 -1.018224
vn -2.246055 -2.535612 -1.197690
vn 0.943073 -0.609908 -1.290749
vn -2.908611 -1.457549 -0.635188
vn 0.982560 -1.228699 -1.097553
vn 0.997146 -1.067670 -1.066676
vn 0.988236 -1.087919 -0.809406
vn -2.955177 -1.359868 -0.810200
vn 0.953021 -0.577872 -1.144174
vn -2.699273 -1.244717 0.022386
vn 0.967607 -0.811376 -0.685104
vn -2.650692 -1.316407 0.079564
vn -2.601928 -1.407923 0.120205
vn -2.533207 -1.504879 0.174087
vn 0.999344 -0.935775 -1.017065
vn 0.989151 -0.854112 -0.836927
vn -2.964027 -1.263758 -0.746554
vn -2.961341 -1.360654 -0.894105
vn 0.499376 -2.306157 -0.943350
vn 0.986344 -1.125698 -0.813983
vn -0.996562 0.584333 0.241761
vn -0.334006 0.709094 -0.168613
vn 0.282287 0.530838 -0.751374
vn -1.696469 -0.295707 0.744400
vn -2.150541 -1.137908 0.629068
vn -2.172940 -1.232447 0.601181
vn -2.072604 -1.340041 0.650426
vn -2.042516 -1.411005 0.652867
vn -1.839221 -1.808502 0.617657
vn -1.405838 -2.501279 0.238344
vn -0.759333 -2.773227 -0.139383
vn -0.351889 -2.813727 -0.518575
vn 0.744782 -0.176628 -1.551130
vn 0.815395 -0.716778 -1.795158
vn 0.808926 -0.799166 -1.832503
vn 0.812954 -0.848007 -1.833053
vn 0.794828 -1.080665 -1.876561
vn 0.725496 -1.821558 -1.565959
vn 0.284301 -2.516814 -1.021519
vn -0.215728 -2.807138 -0.753815
vn 0.606424 -0.127787 -0.170932
vn 0.121958 0.062982 0.283195
vn 0.440175 -1.030314 0.387420
vn 0.800565 -0.976214 -0.128949
vn 0.956866 -0.577207 -0.925409
vn 0.992142 -0.926587 -1.167545
vn -0.461379 -0.220935 0.768992
vn -0.065774 -1.182155 0.757642
vn -1.049171 -1.286667 0.976772
vn -1.218166 -0.503946 0.929724
vn -1.040749 -1.414088 0.953157
vn -0.063028 -1.442317 0.706871
vn -0.669617 -1.372864 0.934179
vn 0.073927 -1.269923 0.663180
vn -0.865345 -1.248525 0.978237
vn -0.071938 -1.183666 0.760754
vn -0.885180 -1.548340 0.915628
vn -0.561287 -1.954661 0.693080
vn -0.036906 -1.991534 0.434591
vn 0.345088 -1.323298 0.441059
vn 0.202031 -2.018734 0.218633
vn 0.445485 -1.940517 -0.001962
vn 0.577862 -1.309576 0.185437
vn 0.717623 -1.668084 -0.237019
vn 0.764068 -1.145525 -0.071100
vn 0.956195 -1.285881 -0.712991
vn 0.981217 -0.989935 -0.725989
vn 0.995255 -1.037144 -0.872564
vn 0.776213 -1.241634 -0.117171
vn 0.999954 -0.969323 -1.012122
vn 0.821682 -1.195876 -0.201748
vn 0.428884 -1.362890 0.347512
vn 0.428396 -1.280562 0.368504
vn 0.854333 -0.355126 -1.407362
vn 0.550886 0.246195 -0.713541
vn 0.175910 0.033786 0.258115
vn -0.576240 -0.037843 0.710838
vn -1.544379 -0.668723 0.898969
vn -1.740411 -1.331700 0.825437
vn 0.852991 -1.650494 -1.348903
vn 0.604105 -2.045815 -0.452793
vn 0.925313 -1.143228 -1.516958
vn 0.118113 -2.476919 -0.278148
vn -0.263393 -2.545526 0.009572
vn -0.750911 -2.494448 0.287222
vn -1.226589 -2.248068 0.533508
vn -1.831592 -1.785653 0.633035
vn -1.863694 -1.302685 0.775887
vn -1.988076 -1.423276 0.682829
vn -2.119232 -1.342338 0.618633
vn 0.934833 -0.835797 -1.483945
vn 0.896933 -0.904464 -1.628323
vn 0.826137 -0.820564 -1.798758
vn -2.108002 -0.288091 -2.512290
vn -2.359756 -0.446642 -2.364250
vn -2.500983 -0.111044 -1.992076
vn -2.169339 0.157762 -2.152564
vn 0.356074 -2.325742 -1.599704
vn 0.335384 -2.398097 -1.464845
vn 0.278137 -1.795445 -2.306279
vn -0.560860 -2.313411 -2.427530
vn 0.280639 -2.470874 -0.614136
vn -2.652767 0.142227 -1.018529
vn -1.794668 0.714051 -1.696546
vn -2.418590 0.318852 -1.538560
vn -1.703426 0.391811 -2.269544
vn -1.731806 -0.095086 -2.635005
vn -1.611147 -0.578113 -2.860177
vn -2.713372 -1.615436 -1.815234
vn -1.388749 -1.304257 -2.935051
vn -1.388261 -2.100700 -2.612549
vn -1.555669 -2.500251 -2.179231
vn -0.154147 -2.644960 -1.724189
vn -0.894701 -2.128263 -2.636348
vn -1.043800 -1.380480 -2.959338
vn -0.303186 -1.716079 -2.725257
vn -1.944255 -0.645028 -2.729773
vn -2.220727 -0.620728 -2.541641
vn -1.417250 -1.282799 -2.932549
vn -2.302204 -2.310812 -1.736454
vn -2.614012 0.148695 -1.334563
vn -2.478462 0.358867 -1.105974
vn -2.431102 0.260823 -1.634243
vn -2.420116 0.328040 -1.511771
vn -2.182400 0.628398 -1.051603
vn -2.260764 0.441014 -1.616241
vn -2.197413 0.099250 -2.179841
vn -2.226342 0.013779 -2.224632
vn -2.202845 -0.034941 -2.285166
vn -1.828174 -0.333789 -2.699994
vn -1.890914 -0.486477 -2.719704
vn -1.918805 -0.324480 -2.649101
vn -1.523323 -0.840391 -2.924555
vn -1.463390 -0.992958 -2.945120
vn -1.696408 -0.645149 -2.843518
vn -1.275414 -1.356120 -2.945181
vn -1.097630 -1.563572 -2.911191
vn -1.273461 -1.240123 -2.964097
vn -0.837270 -2.050771 -2.683335
vn -0.701720 -2.085346 -2.641962
vn -0.583746 -1.673585 -2.830093
vn -0.489697 -2.419313 -2.295295
vn -0.340537 -2.312625 -2.340940
vn -0.051249 -2.192337 -2.279856
vn 0.064223 -2.526364 -1.697950
vn 0.017350 -2.623501 -1.525196
vn 0.221134 -2.485925 -1.502007
vn 0.275879 -2.484898 -0.654959
vn 0.280090 -2.496685 -0.730078
vn 0.304503 -2.450020 -0.614441
vn -2.488105 0.260098 -1.487545
vn -2.516668 0.223770 -1.490901
vn -2.616332 0.110553 -1.435310
vn -2.322893 -0.112555 -2.220543
vn -2.341264 -0.287970 -2.309757
vn -2.420360 -0.147795 -2.132488
vn -2.040685 -0.677064 -2.679673
vn -1.962809 -0.916674 -2.751252
vn -2.095613 -0.570316 -2.620848
vn -1.593448 -1.322451 -2.879216
vn -1.527839 -1.456703 -2.869757
vn -1.575321 -1.197448 -2.903075
vn -1.037331 -1.874509 -2.789879
vn -1.056434 -2.009184 -2.715799
vn -0.936690 -1.810919 -2.819414
vn -0.402789 -2.350646 -2.331847
vn -0.501110 -2.465192 -2.247149
vn -0.343710 -2.271945 -2.381580
vn -0.027507 -2.562934 -1.748171
vn -0.123937 -2.629063 -1.724494
vn -0.012616 -2.504905 -1.842877
vn 0.146737 -2.607785 -1.217950
vn 0.158760 -2.601015 -1.204098
vn 0.185186 -2.561000 -1.327850
vn 0.311826 -2.477161 -0.778468
vn -2.454843 0.108679 -1.830123
vn -1.795522 0.585904 -1.949910
vn -1.672849 0.097980 -2.541275
vn -2.167996 -0.344488 -2.491908
vn -1.257043 -0.526069 -2.929437
vn -1.612612 -0.982319 -2.903442
vn 0.065016 -1.757364 -2.505272
vn -0.312035 -2.262152 -2.375234
vn -0.719297 -1.903765 -2.753083
vn -0.204986 -1.288964 -2.809223
vn 0.387810 -1.952727 -2.064937
vn -0.031902 -2.417983 -2.002450
vn 0.642006 -1.989418 -1.540390
vn 0.193365 -2.522012 -1.457583
vn -1.128145 -1.522348 -2.921382
vn -0.702452 -1.026505 -2.976851
vn -0.475782 -1.710216 -2.787683
vn -1.081578 -1.366759 -2.960863
vn -1.122714 -2.221895 -2.565440
vn -1.585025 -1.708463 -2.769437
vn -0.156406 -2.045512 -2.469635
vn -0.629093 -2.556043 -2.178743
vn 0.293090 -2.111338 -2.027469
vn -0.226591 -2.631238 -1.828903
vn 0.533675 -2.213795 -1.366782
vn 0.086865 -2.643086 -1.255234
vn -2.083468 -1.076857 -2.678087
vn -2.049901 -0.139937 -2.477934
vn -1.682004 -0.786956 -2.869330
vn -2.480110 -0.594736 -2.287118
vn -2.091219 0.444762 -1.876134
vn -2.720390 -0.080881 -1.473693
vn 0.374322 -2.425600 -0.819292
vn -2.630735 0.113515 -1.369040
vn -2.582276 0.156130 -1.443243
vn -2.409802 -0.250312 -2.213770
vn -2.366165 -0.235805 -2.254166
vn -2.054478 -0.608397 -2.657034
vn -2.027929 -0.637351 -2.679796
vn -1.507333 -1.116510 -2.929559
vn -1.436414 -1.172967 -2.942191
vn -0.865711 -1.702660 -2.861031
vn -0.827627 -1.581827 -2.900269
vn -0.355978 -2.145189 -2.495021
vn -0.378926 -2.077972 -2.554212
vn -0.030559 -2.426507 -1.988842
vn -0.038188 -2.361345 -2.084586
vn 0.221622 -2.522979 -1.371725
vn 0.245119 -2.482601 -1.450383
vn -2.532414 0.200014 -1.499811
vn -2.530827 0.234166 -1.415478
vn -2.318377 -0.114005 -2.226401
vn -2.357803 -0.193553 -2.237202
vn -1.945232 -0.593225 -2.718240
vn -2.012122 -0.611299 -2.683823
vn -1.401260 -1.212620 -2.945486
vn -1.385270 -1.243206 -2.944876
vn -0.942000 -1.789521 -2.829117
vn -0.801750 -1.596878 -2.892885
vn -0.594244 -1.972311 -2.690169
vn -0.463637 -1.935923 -2.674609
vn -0.197419 -2.322538 -2.249956
vn -0.108862 -2.383106 -2.116561
vn 0.134958 -2.565654 -1.457278
vn 0.198247 -2.509258 -1.486630
vn 0.310239 -2.480969 -0.795371
vn 0.353328 -2.442827 -0.800436
vn -2.896465 -0.660381 -1.546066
vn -2.958351 -1.179072 -1.355310
vn -2.815843 -0.483333 -1.671954
vn -2.594299 -1.073775 -2.203762
vn -2.770436 -1.550032 -1.737736
vn -2.499274 -0.828181 -2.314029
vn -2.110138 -1.762018 -2.469879
vn -2.353470 -2.036687 -2.028811
vn -2.046056 -1.548400 -2.607912
vn -1.729303 -2.035055 -2.536699
vn -2.008460 -2.245530 -2.178987
vn -1.708736 -2.032093 -2.548354
vn -1.364641 -2.408916 -2.354548
vn -1.760673 -2.586085 -1.923609
vn -1.375261 -2.312625 -2.446386
vn -0.963422 -2.683343 -2.053220
vn -1.554388 -2.800368 -1.626127
vn -0.815299 -2.636800 -2.110093
vn -0.698668 -2.860452 -1.621855
vn -1.323506 -2.924948 -1.356348
vn -0.574287 -2.790394 -1.744509
vn -0.636050 -2.943203 -1.167728
vn -1.327168 -2.956138 -0.946218
vn -0.432328 -2.888197 -1.225333
vn -0.553780 -2.901434 -0.648064
vn -1.145722 -2.938911 -0.604311
vn -0.410845 -2.865710 -0.665882
vn -2.809191 -0.150575 -1.179872
vn -2.861311 -0.309187 -1.283060
vn 0.198064 -2.547218 -0.652763
vn -1.989419 0.739620 -1.224784
vn -2.542606 0.285364 -1.096516
vn -2.883221 -0.547286 -1.512259
vn -2.822862 -0.718349 -1.778438
vn -2.703728 -0.947200 -2.046386
vn -2.708123 -1.304257 -1.989269
vn -2.650143 -1.917789 -1.635585
vn -0.932845 -2.961699 -0.711039
vn -2.631162 -2.140655 -1.029696
vn -2.467904 0.374281 -0.970810
vn -2.483955 0.350707 -0.869269
vn -2.434153 0.384678 -0.734166
vn -2.597412 0.216939 -0.919368
vn 0.302366 -2.436419 -0.559399
vn 0.249819 -2.483870 -0.566355
vn 0.301634 -2.453949 -0.619628
vn -2.463876 0.369506 -1.159124
vn -1.809987 0.819349 -1.303869
vn 0.807034 -1.836911 -0.917599
vn -2.592713 0.215307 -0.840589
vn -1.968058 0.755457 -1.193907
vn 0.699192 -2.011239 -0.760467
vn 0.251711 -2.471841 -0.531756
vn -2.644711 0.132979 -0.781214
vn -2.611815 0.193969 -0.877873
vn 0.313108 -2.449597 -0.643121
vn -2.570619 0.251938 -0.921626
vn -2.531132 0.296063 -0.867316
vn -2.957374 -0.573399 -0.985028
vn -2.985998 -1.116510 -0.804586
vn -2.866377 -0.265061 -0.998026
vn -1.041115 -2.954506 -0.661184
vn 0.002093 -2.509620 -0.182404
vn -0.004193 0.736658 -1.219658
vn -0.029155 0.678811 -0.458041
vn -0.214690 0.264208 0.351662
vn -0.527720 -0.065225 0.713096
vn -0.742916 -0.477228 0.918069
vn -1.192594 -1.011212 0.990929
vn 0.434926 -1.743582 0.168229
vn -1.108676 -1.728470 0.853447
vn -1.045326 -2.128203 0.640052
vn -1.130465 -2.381957 0.424522
vn 0.474780 0.364368 -0.913022
vn 0.348994 0.344602 -0.354914
vn 0.356989 0.228182 -0.169101
vn 0.313108 0.383892 -0.362969
vn 0.097607 -0.022066 0.368015
vn 0.021012 0.243233 0.205453
vn 0.099682 0.199772 0.179335
vn -0.148593 -0.205642 0.634316
vn -0.319359 0.035660 0.580739
vn -0.075844 -0.135585 0.558160
vn -0.549813 -0.370298 0.850029
vn -0.751216 -0.345818 0.879564
vn -0.335837 -0.834286 0.880968
vn -0.435746 -0.883126 0.916543
vn -0.924850 -0.886149 0.996665
vn -1.804372 -1.468974 0.766063
vn -1.508187 -1.831713 0.739030
vn -1.959391 -1.969894 0.452043
vn -2.097932 -1.801732 0.458328
vn -2.162930 -2.126873 0.158405
vn -2.245689 -2.103964 0.092806
vn -2.057529 -2.011964 0.351112
vn -2.186611 -2.128445 0.132470
vn -2.238914 -2.322297 -0.178987
vn -2.269918 -2.338073 -0.255936
vn -2.369155 -2.190826 -0.181977
vn -2.278768 -2.485381 -0.667957
vn -2.209558 -2.527875 -0.608827
vn -1.578739 -2.640970 -0.041138
vn -2.095125 -2.437870 -0.171176
vn -2.099336 -2.137331 0.208992
vn -1.960124 -2.123005 0.334697
vn -2.178493 -2.543470 -0.577156
vn -2.128753 -1.826333 0.420312
vn -1.697018 -1.953875 0.604476
vn -2.142668 -1.386404 0.591662
vn -1.597720 -1.625046 0.798038
vn -1.482127 -0.880044 0.938694
vn -1.225063 -1.014295 0.987512
vn -0.478590 -0.431531 0.850578
vn -0.536935 -0.465079 0.875659
vn 0.283935 -0.321458 0.383515
vn -0.010358 -0.226919 0.564995
vn 0.544355 -0.209329 0.007924
vn 0.308592 -0.016263 0.162981
vn 0.654822 0.044848 -0.548476
vn 0.482897 0.270253 -0.521626
vn 0.595805 0.221170 -1.037080
vn 0.526168 0.303922 -1.111466
vn 0.200749 0.615161 -1.037751
vn 0.193792 0.482843 -0.348567
vn -2.296589 -2.276962 -0.195646
vn -0.018048 0.167252 0.308397
vn -0.296350 0.032215 0.572867
vn -0.681824 -0.349021 0.870167
vn -2.130218 -1.947770 0.339579
vn -2.123809 -2.188891 0.133874
vn -1.293723 -0.996040 0.978725
vn -2.185146 -1.542235 0.511540
vn -1.157135 -0.614563 0.959747
vn -1.760063 -1.395833 0.803897
vn -1.602114 -1.572942 0.814331
vn -1.080053 -1.084474 0.996299
vn -1.398209 -0.724454 0.943149
vn -1.915632 -1.252334 0.758130
vn -2.014441 -1.809046 0.513614
vn -1.895369 -1.874630 0.551143
vn -2.096284 -1.604797 0.553645
vn -2.162076 -2.124516 0.161578
vn -2.139067 -2.104568 0.203073
vn -2.240745 -1.968141 0.221685
vn -2.249168 -2.277204 -0.124128
vn -2.250510 -2.318307 -0.190215
vn -2.315448 -2.270252 -0.215661
vn 0.383782 0.361104 -0.473968
vn 0.431875 0.381716 -0.707866
vn 0.498155 0.337409 -0.899597
vn 0.498826 0.268379 -0.568674
vn 0.528976 0.303438 -0.927789
vn 0.418387 0.348350 -0.537553
vn 0.350764 0.231144 -0.163365
vn 0.333981 0.306642 -0.254410
vn 0.060133 0.446515 -0.088430
vn 0.047256 0.066548 0.342081
vn 0.210637 0.219176 0.043134
vn -0.157870 0.293102 0.288992
vn -0.469008 -0.072841 0.699915
vn -0.252591 -0.230304 0.695582
vn -0.656068 -0.184607 0.801273
vn -2.295491 -2.431886 -0.525776
vn -2.271322 -2.448086 -0.510337
vn -2.282613 -2.461626 -0.586370
vn -1.923444 -0.657177 0.744156
vn -2.004615 -0.446763 0.644324
vn -1.573002 -0.129238 0.715475
vn -1.365252 -0.266935 0.831479
vn -0.841298 -0.953305 0.993919
vn -1.489817 -1.475139 0.876208
vn -2.339738 -0.851090 0.479442
vn -2.341447 -1.018829 0.483408
vn -1.845690 -1.744005 0.645666
vn -2.604309 -1.291986 0.154133
vn -2.668208 -1.192794 0.083652
vn -2.083163 -2.025807 0.319869
vn -2.772145 -1.618458 -0.323853
vn -2.820848 -1.545197 -0.391893
vn -2.270834 -2.242447 -0.104723
vn 0.659094 0.107531 -0.761931
vn 0.475390 0.229512 -0.406904
vn -0.024334 -0.039414 0.468824
vn -0.560555 0.557253 0.197154
vn -0.999247 0.153954 0.645239
vn -1.495920 -0.596247 0.898786
vn -1.867417 -1.162268 0.793645
vn -2.051426 -1.545378 0.606368
vn -2.165921 -2.007794 0.262203
vn -2.227013 -2.262697 -0.072808
vn -2.268576 -2.466703 -0.561840
vn -0.189790 0.825816 -1.261946
vn -0.034831 0.760534 -1.159795
vn -0.188508 0.808468 -0.640131
vn -0.382648 0.893396 -0.691146
vn 0.550947 0.266384 -0.821733
vn 0.398552 0.351372 -0.488369
vn -0.384357 0.787614 -0.304448
vn -0.613957 0.836576 -0.266615
vn 0.279419 0.272731 -0.113937
vn -0.604070 0.647197 0.088107
vn -0.771112 0.627733 0.162554
vn 0.118357 0.094837 0.259701
vn -0.858143 0.258224 0.561639
vn -1.077001 0.282644 0.546444
vn -0.185151 -0.373442 0.721883
vn -2.813463 -1.819926 -0.889406
vn -2.722343 -1.967778 -0.744235
vn -2.252891 -2.461021 -0.501733
vn -1.411941 -0.994529 0.957489
vn -0.979412 -0.545956 0.951814
vn -1.796438 -1.481184 0.766307
vn -2.084994 -1.913134 0.400052
vn -2.275167 -2.265900 -0.145120
vn 0.317868 0.440107 -0.514120
vn 0.145150 0.357477 -0.056393
vn -0.132420 0.188167 0.369297
vn -0.517100 -0.133953 0.745315
vn -2.309222 -2.477644 -0.766569
vn 0.879417 -0.327563 -0.806966
vn 0.603678 -0.016445 -0.297797
vn 0.394097 0.197415 -0.186431
vn 0.493577 0.340371 -0.873846
vn 0.205327 0.023813 0.238099
vn -0.195710 -1.191343 0.819762
vn 0.136728 -0.855623 0.640967
vn -0.156894 -0.443620 0.731707
vn -0.244779 -1.070752 0.850334
vn -0.639834 -1.585091 0.873584
vn -1.300192 -0.986853 0.977749
vn -0.452895 -1.740741 0.768931
vn -2.270651 -2.298723 -0.189422
vn -2.388075 -2.404685 -0.766630
vn -2.360794 -2.425418 -0.735265
vn -2.370620 -2.267834 -0.312198
vn -1.419692 -2.213977 0.520449
vn -1.196073 -1.890346 0.772348
vn -1.038857 -1.851902 0.801761
vn -1.272362 -1.900985 0.756726
vn -2.036047 -2.138418 0.262752
vn -2.004371 -1.957623 0.429709
vn 0.325803 -0.547467 0.432821
vn -1.434827 -1.517814 0.878100
vn -0.343161 -1.096684 0.886093
vn 0.087231 -0.811376 0.670197
vn -0.867298 -1.496416 0.929053
vn -1.157929 -1.962036 0.737688
vn -0.616947 -1.742252 0.810975
vn -0.168368 -2.090122 0.444171
vn 0.078077 -1.676547 0.535948
vn -0.197296 -1.357631 0.793706
vn -1.503610 -2.332996 0.388214
vn -0.858143 -2.091452 0.659640
vn -0.398700 -2.316131 0.365392
vn -1.583011 -2.674942 -0.105089
vn -1.152558 -2.428985 0.374484
vn -0.559029 -2.546311 0.168351
vn -1.544745 -2.869821 -0.617370
vn -1.388322 -2.714171 -0.074944
vn -0.842092 -2.796197 -0.168735
vn -1.392106 -2.909474 -0.627988
vn -0.845876 -2.937037 -0.598148
vn 0.811489 -0.379728 -0.404952
vn 0.647315 -0.359720 -0.052549
vn 0.892234 -0.660321 -0.438514
vn 0.921224 -1.079880 -0.452122
vn 0.308409 -0.371931 0.383820
vn 0.502366 -0.693868 0.288382
vn 0.752350 -0.614563 -0.109055
vn 0.116160 -0.948711 0.659640
vn 0.827357 -1.002085 -0.186920
vn 0.713656 -1.250822 -0.003548
vn 0.333615 -1.363736 0.441608
vn 0.630776 -2.141501 -1.017553
vn 0.905722 -1.557467 -0.801840
vn 0.811245 -0.184063 -0.717080
vn 0.910116 -0.611540 -0.538224
vn 0.776885 -0.080699 -1.164128
vn 0.786833 -0.590142 -0.191985
vn 0.647742 -0.736665 0.106719
vn 0.285827 -1.197388 0.517337
vn 0.467578 -1.939005 -0.033327
vn 0.612650 -1.887384 -0.236104
vn 0.465381 0.374704 -0.915524
vn 0.428213 0.408554 -1.146188
vn -2.348343 -2.407284 -0.605104
vn -2.283711 -2.434123 -0.501184
vn -2.346818 -2.376819 -0.504174
vn 0.453419 0.383409 -1.135142
vn 0.894919 -0.347631 -0.931390
vn 0.960284 -0.606886 -0.875982
vn 0.979386 -1.069241 -0.725928
vn 0.207158 -2.374764 -1.779292
vn -2.044225 -2.566017 -1.636805
vn -0.792168 -2.536882 -2.242389
vn -0.849293 -2.030703 -2.697004
vn -0.578071 -1.313384 -2.926569
vn -0.313500 -0.620728 -2.842602
vn -0.227385 -0.083419 -2.609620
vn -0.287867 0.395498 -2.260635
vn -0.195893 0.696219 -1.728217
vn 0.415702 0.288508 -1.613556
vn 0.447377 0.274242 -1.567301
vn 0.465381 0.374704 -0.915524
vn 0.333187 0.361587 -1.641748
vn 0.428213 0.408554 -1.146188
vn 0.256837 -0.129661 -2.299872
vn 0.258546 -0.129540 -2.298102
vn 0.109691 0.179341 -2.189361
vn -2.348343 -2.407284 -0.605104
vn -2.042089 -2.602285 -1.542221
vn -2.050206 -2.577804 -1.596348
vn -2.022192 -2.580222 -1.637110
vn -1.630127 -2.292980 -2.373953
vn -1.450390 -2.370593 -2.368461
vn -1.446912 -2.460477 -2.272229
vn -1.418288 -2.134912 -2.580635
vn -1.142610 -2.158789 -2.611695
vn -1.119784 -1.847610 -2.799399
vn -1.154084 -1.830685 -2.804830
vn -0.844777 -1.645780 -2.880436
vn -0.750118 -1.243146 -2.966844
vn -0.580390 -1.206515 -2.942313
vn -0.510204 -0.962432 -2.938529
vn -0.464796 -0.818993 -2.919552
vn -0.048746 -0.581015 -2.712137
vn -0.093482 -0.526009 -2.722511
vn -0.206573 -0.352104 -2.723365
vn -2.283711 -2.434123 -0.501184
vn 0.597453 0.154135 -1.391008
vn 0.410941 0.318791 -1.558575
vn 0.161262 0.170214 -2.148415
vn 0.510666 -0.116423 -1.982191
vn 0.097118 -0.272496 -2.512961
vn 0.397148 -0.458853 -2.330871
vn -0.071450 -0.638923 -2.737034
vn 0.258912 -0.635779 -2.514182
vn -0.433976 -1.206515 -2.904784
vn -0.975201 -1.291986 -2.975509
vn -1.458569 -1.920872 -2.705852
vn -1.402786 -1.954238 -2.701275
vn -1.671446 -2.338194 -2.308964
vn -2.190700 -1.880856 -2.332763
vn -2.435862 -2.269829 -1.532702
vn -2.430125 -2.330820 -1.374044
vn 0.262269 0.419556 -1.660787
vn 0.208378 0.007915 -2.247027
vn -0.133946 -0.303203 -2.668873
vn -0.261868 -0.593225 -2.816851
vn -0.568550 -1.276754 -2.930352
vn -1.306296 -1.694862 -2.843640
vn -2.086031 -2.006464 -2.331725
vn -2.132354 -2.586206 -1.386798
vn -2.346818 -2.376819 -0.504174
vn 0.491319 0.252603 -1.496943
vn 0.522018 0.188046 -1.556561
vn 0.623635 0.113334 -1.399734
vn -2.133574 -2.619331 -1.199704
vn -2.178249 -2.583305 -1.230337
vn -2.180874 -2.574600 -1.273297
vn 0.359187 -0.147372 -2.204983
vn 0.292418 -0.355126 -2.390368
vn 0.427725 -0.162725 -2.134258
vn 0.108653 -0.739626 -2.646172
vn -0.014264 -0.786956 -2.728613
vn 0.063307 -0.536829 -2.633419
vn -0.362264 -1.327045 -2.863838
vn -0.413225 -1.345421 -2.877019
vn -0.468947 -1.163840 -2.919368
vn -0.989360 -1.911623 -2.771268
vn -0.958784 -1.998606 -2.722450
vn -1.107517 -1.766552 -2.836866
vn -1.611696 -2.361345 -2.314090
vn -1.536200 -2.442162 -2.258743
vn -1.656493 -2.272428 -2.380970
vn -1.933026 -2.511131 -1.892061
vn -1.872117 -2.625919 -1.736210
vn -1.943767 -2.541717 -1.825425
vn 0.631081 0.151355 -1.225333
vn -2.186916 -2.538937 -1.415112
vn 0.425039 -0.269413 -2.207423
vn 0.027116 -0.654155 -2.683701
vn -0.527720 -1.160757 -2.934929
vn -1.158600 -1.705259 -2.858163
vn -1.621583 -2.130863 -2.515402
vn -1.940044 -2.408010 -2.042542
vn -0.189606 0.594246 -1.923121
vn 0.091748 0.445971 -1.873571
vn 0.691685 -0.052471 -1.519887
vn -2.545597 -2.199832 -1.363121
vn -2.643857 -1.983555 -1.545516
vn -2.090364 -2.643811 -1.234731
vn -0.380390 0.125725 -2.543899
vn -0.034099 -0.080458 -2.499902
vn 0.395195 -0.489499 -2.344601
vn -0.410235 -0.716778 -2.891908
vn -0.834463 -0.457402 -2.921931
vn 0.038406 -0.991446 -2.708842
vn -1.026650 -1.237101 -2.983258
vn -1.364641 -0.939583 -2.965562
vn -0.412554 -1.710034 -2.768034
vn -1.571415 -1.671953 -2.788354
vn -1.832324 -1.278265 -2.794151
vn -0.871875 -2.216274 -2.569468
vn -2.090120 -1.763408 -2.484097
vn -1.871445 -2.053673 -2.447240
vn -1.375261 -2.561181 -2.170383
vn -2.389784 -1.937253 -2.076287
vn -2.296040 -2.097557 -2.038636
vn -1.772025 -2.630271 -1.831954
vn 0.453419 0.383409 -1.135142
vn 0.450245 0.123912 -1.817919
vn -2.184841 -2.532590 -1.443731
vn 0.172675 -0.335300 -2.484281
vn -0.406451 -0.960921 -2.909300
vn -0.897020 -1.530146 -2.920711
vn -1.301352 -1.893247 -2.755158
vn -1.714717 -2.257679 -2.365715
vn -1.974954 -2.414961 -2.000070
vn 0.513291 0.125665 -1.691725
vn 0.735078 -0.135343 -1.518850
vn 0.342769 -0.312391 -2.320985
vn 0.379205 -0.224441 -2.232931
vn 0.003924 -0.635961 -2.694014
vn 0.043594 -0.635961 -2.669849
vn -0.601812 -1.246228 -2.941885
vn -0.531504 -1.198959 -2.932000
vn -1.280785 -1.766733 -2.818377
vn -1.196867 -1.653879 -2.873663
vn -1.638611 -1.986335 -2.607973
vn -1.721674 -2.025928 -2.546523
vn -1.799855 -2.254717 -2.320497
vn -1.966044 -2.343634 -2.102953
vn -2.151884 -2.578167 -1.361535
vn -2.245933 -2.484716 -1.440985
vn -1.526985 -2.904275 -1.183655
vn -1.486033 -2.772442 -1.750856
vn -1.296714 -2.959584 -1.090108
vn -0.674256 -2.955232 -0.913998
vn 0.473071 -0.738176 -2.329834
vn 0.073194 -1.624502 -2.560925
vn 0.803006 -0.405478 -1.643579
vn 0.894919 -0.347631 -0.931390
vn 0.919515 -0.658809 -1.457705
vn 0.972734 -1.261461 -1.176332
vn 0.773772 -1.594098 -1.693312
vn 0.569317 -1.011212 -2.239094
vn 0.960284 -0.606886 -0.875982
vn 0.979386 -1.069241 -0.725928
vn -1.146455 -2.665693 -2.071771
vn -1.205167 -2.885114 -1.585181
vn -0.569038 -2.913524 -1.300085
vn -0.604131 -2.344601 -2.410749
vn -0.960370 -2.709033 -2.010444
vn -0.516917 -2.821585 -1.623380
vn -0.294397 -2.053249 -2.535295
vn 0.159126 -1.904068 -2.344723
vn -0.243314 -2.080631 -2.490993
vn -0.620914 -2.466643 -2.286935
vn -0.318688 -2.619572 -1.926966
vn 0.010942 -2.265598 -2.155005
vn 0.344295 -2.088490 -1.985730
vn 0.630776 -2.141501 -1.017553
vn -1.041115 -2.954506 -0.661184
vn 0.776885 -0.080699 -1.164128
vn 0.641456 -1.954238 -1.602816
vn 0.537154 -1.725267 -2.042358
vn 0.428213 -1.337744 -2.354120
vn 0.455555 -0.773295 -2.354975
vn 0.739900 -0.584037 -1.901153
vn 0.887656 -0.513919 -1.464296
vn 0.859155 -0.312088 -1.303564
vn -0.004193 0.736658 -1.219658
vn 0.474780 0.364368 -0.913022
vn -2.278768 -2.485381 -0.667957
vn -2.209558 -2.527875 -0.608827
vn -2.178493 -2.543470 -0.577156
vn 0.595805 0.221170 -1.037080
vn 0.526168 0.303922 -1.111466
vn 0.200749 0.615161 -1.037751
vn 0.431875 0.381716 -0.707866
vn 0.498155 0.337409 -0.899597
vn 0.528976 0.303438 -0.927789
vn -2.295491 -2.431886 -0.525776
vn -2.271322 -2.448086 -0.510337
vn -2.282613 -2.461626 -0.586370
vn 0.659094 0.107531 -0.761931
vn -2.268576 -2.466703 -0.561840
vn -0.189790 0.825816 -1.261946
vn -0.034831 0.760534 -1.159795
vn 0.550947 0.266384 -0.821733
vn -2.813463 -1.819926 -0.889406
vn -2.722343 -1.967778 -0.744235
vn -2.252891 -2.461021 -0.501733
vn -2.309222 -2.477644 -0.766569
vn 0.879417 -0.327563 -0.806966
vn 0.493577 0.340371 -0.873846
vn -2.388075 -2.404685 -0.766630
vn -2.360794 -2.425418 -0.735265
vn -1.544745 -2.869821 -0.617370
vn -1.392106 -2.909474 -0.627988
vn -0.845876 -2.937037 -0.598148
vn -1.203641 -2.971613 -1.084189
vn -1.179229 -2.973970 -1.084128
vn -1.170867 -2.975663 -1.057339
vn -1.202909 -2.973003 -1.043304
vn -1.203641 -2.972459 -1.060696
vn -1.207425 -2.972459 -1.044708
vn -1.180022 -2.975602 -1.012732
vn -1.173919 -2.975784 -1.042328
vn -1.176177 -2.974333 -1.081748
vn -1.152558 -2.975179 -1.104937
vn -1.176238 -2.974514 -1.076317
vn -1.186125 -2.973849 -1.071252
vn -1.182280 -2.974393 -1.063991
vn -1.161713 -2.975421 -1.085348
vn -1.213589 -2.972278 -1.014929
vn -1.202115 -2.973547 -1.010352
vn -1.196805 -2.972761 -1.071741
vn -1.611818 -2.413934 -2.256668
vn -2.087252 -2.373616 -1.940940
vn -2.339860 -2.397673 -1.453129
vn -2.497015 -2.308757 -0.942740
vn -2.354080 -2.401603 -0.604433
vn -2.152860 -2.323989 -0.064326
vn -0.353781 -2.454795 0.191478
vn 0.013872 -2.478128 -0.139933
vn 0.184881 -2.554351 -0.639765
vn 0.247316 -2.534585 -1.197507
vn -0.624637 -2.517297 -2.227316
vn -0.220671 -2.503152 -2.040772
vn -1.077001 -2.516451 -2.282175
vn 0.055068 -2.557252 -1.640772
vn -1.575199 -2.361164 0.331524
vn -0.948896 -2.455944 0.353248
vn -2.405469 -2.346596 -0.590581
vn -2.396802 -2.366120 -0.628232
vn -2.395887 -2.368961 -0.635249
vn -2.391309 -2.372044 -0.629696
vn -2.416821 -2.332754 -0.583930
vn -2.433726 -2.314499 -0.582953
vn -2.448740 -2.302108 -0.595646
vn -2.446115 -2.313169 -0.623716
vn -2.455820 -2.306883 -0.639155
vn -2.452951 -2.316191 -0.662709
vn -2.439158 -2.334446 -0.676500
vn -2.406262 -2.366423 -0.667164
vn -2.406201 -2.363340 -0.654166
vn -2.400281 -2.365818 -0.640314
vn -2.404736 -2.357295 -0.625364
vn -2.412915 -2.349437 -0.627194
vn -2.425853 -2.334144 -0.621031
vn -2.417553 -2.344903 -0.628171
vn -2.404126 -2.358202 -0.626462
vn -2.403271 -2.363400 -0.642755
vn -2.057529 -1.647593 0.562798
vn -1.849840 -2.074768 0.445208
vn -1.627198 -2.312988 0.356848
vn -1.425612 -2.561363 0.153706
vn -2.340409 -1.372864 0.432821
vn -2.661739 -1.279776 0.073279
vn -2.819505 -1.087496 -0.175814
vn -2.924052 -1.140931 -0.476775
vn -2.985998 -1.116510 -0.804586
vn -2.958351 -1.179072 -1.355310
vn -2.770436 -1.550032 -1.737736
vn -2.353470 -2.036687 -2.028811
vn -2.008460 -2.245530 -2.178987
vn -1.760673 -2.586085 -1.923609
vn -1.554388 -2.800368 -1.626127
vn -1.323506 -2.924948 -1.356348
vn -1.327168 -2.956138 -0.946218
vn -1.145722 -2.938911 -0.604311
vn -1.144929 -2.789306 -0.151588
vn -0.056619 0.515243 -0.070673
vn -0.054727 0.512704 -0.068476
vn -0.532053 0.827025 -1.707957
vn -0.530771 0.825937 -1.709971
vn -0.939742 0.442042 -2.400741
vn -0.939315 0.442042 -2.400680
vn -1.944194 -2.481694 -1.929467
vn -1.944133 -2.481634 -1.929590
vn -1.783743 -2.819711 -1.122389
vn -1.783438 -2.819892 -1.122084
vn -1.059912 -2.408131 0.403164
vn -1.060645 -2.409581 0.401639
vn -0.290918 -0.925862 0.869617
vn -0.290857 -0.925862 0.869617
vn -0.320519 0.886686 -1.198727
vn -0.319664 0.886384 -1.198606
vn -0.320030 0.886444 -1.198789
vn -0.320152 0.886565 -1.198606
vn -2.757070 -0.303384 -0.329101
vn -2.757070 -0.303384 -0.329101
vn -2.757131 -0.303445 -0.329162
vn -2.758046 -0.306165 -0.328796
vn -2.757131 -0.303505 -0.329040
vn -2.757985 -0.306104 -0.328735
vn -2.757009 -0.303505 -0.328796
vn -2.757070 -0.303445 -0.328918
vn -0.999980 -2.388244 0.424339
vn -0.999980 -2.388244 0.424339
vn -0.999980 -2.388244 0.424339
vn -0.999980 -2.388244 0.424339
vn -0.999980 -2.388062 0.424522
vn -0.999980 -2.388123 0.424461
vn -0.999980 -2.388244 0.424339
vn -0.999613 -2.388304 0.424217
vn 0.757111 -1.664216 -1.670062
vn 0.757111 -1.664216 -1.670062
vn 0.757050 -1.664337 -1.670184
vn 0.756195 -1.666875 -1.669696
vn 0.757111 -1.664216 -1.670062
vn 0.757111 -1.664216 -1.670062
vn 0.757050 -1.664337 -1.670184
vn 0.758026 -1.661496 -1.670367
vn -0.999980 0.420704 -2.423441
vn -1.000346 0.420583 -2.423503
vn -0.999980 0.422215 -2.421916
vn -0.999980 0.420704 -2.423441
vn -0.999980 -2.388244 0.424339
vn -0.999980 -2.388244 0.424339
vn -0.999980 -2.388244 0.424339
vn -0.999980 -2.388244 0.424339
vn 0.980790 -0.947200 -1.273907
vn 0.980790 -0.947200 -1.273785
vn 0.041153 -1.472117 -2.635860
vn 0.041031 -1.472056 -2.635982
vn -1.682370 -1.627646 -2.765837
vn -1.682431 -1.627706 -2.765776
vn -2.892254 -1.298152 -1.565715
vn -2.892254 -1.298152 -1.565593
vn -2.677058 -0.733582 0.061013
vn -2.677180 -0.733582 0.060830
vn -1.199064 -0.355308 0.888656
vn -1.199125 -0.358028 0.889572
vn 0.429128 -0.452747 0.294850
vn 0.429128 -0.452747 0.294850
vn -2.892254 -1.298152 -1.565715
vn -2.892254 -1.298152 -1.565593
vn 0.980790 -0.947200 -1.273907
vn 0.980790 -0.947200 -1.273785
vn 0.041031 -1.472056 -2.635982
vn 0.041031 -1.472056 -2.635982
vn -1.682370 -1.627646 -2.765837
vn -1.682370 -1.627646 -2.765837
vn -2.892254 -1.298152 -1.565715
vn -2.892193 -1.298152 -1.565776
vn -2.677058 -0.733582 0.061013
vn -2.677058 -0.733582 0.061013
vn -1.199064 -0.355187 0.888595
vn -1.199125 -0.358028 0.889572
vn 0.429128 -0.452747 0.294850
vn 0.429128 -0.452747 0.294850
vn -1.682370 -1.627646 -2.765837
vn -1.682370 -1.627646 -2.765837
vn -1.123263 0.906271 -1.641748
vn -1.123263 0.906210 -1.641870
vn -1.122469 0.906513 -1.641199
vn -1.122469 0.906392 -1.641565
vn -1.123019 0.906271 -1.641870
vn -1.123080 0.906331 -1.641565
vn -1.122897 0.906513 -1.641199
vn -1.122897 0.906513 -1.641199
vn 0.313962 -0.422403 0.399808
vn 0.618692 -0.513798 0.077001
vn 0.009050 -0.370480 0.614606
vn 0.075025 -0.379547 0.575002
vn 0.618630 -0.513859 0.077062
vn 0.313718 -0.422282 0.399991
vn 0.009233 -0.370359 0.614484
vn 0.075025 -0.379547 0.575002
vn -0.877124 -2.873931 -0.357599
vn -0.877490 -2.874113 -0.357904
vn -0.876941 -2.873931 -0.357599
vn -0.877124 -2.873992 -0.357721
vn -0.877124 -2.873931 -0.357599
vn -0.877490 -2.873992 -0.357538
vn -0.876941 -2.873810 -0.357232
vn -0.877124 -2.873992 -0.357721
vn -1.467906 0.827025 -1.707957
vn -1.945232 0.512704 -0.068476
vn -1.943340 0.515243 -0.070673
vn -1.469554 0.825816 -1.709971
vn -1.060279 0.442042 -2.400741
vn -1.060279 0.442042 -2.400741
vn -0.216216 -2.819711 -1.122389
vn -0.055826 -2.481634 -1.929590
vn -0.056070 -2.481815 -1.929528
vn -0.216216 -2.819711 -1.122084
vn -0.940047 -2.408131 0.403164
vn -0.939742 -2.409581 0.401639
vn -1.709041 -0.925862 0.869617
vn -1.709102 -0.925862 0.869617
vn -1.679807 0.886565 -1.198727
vn -1.680295 0.886384 -1.198606
vn -1.679929 0.886444 -1.198789
vn -1.679441 0.886686 -1.198606
vn -0.999980 -2.388244 0.424339
vn -0.999613 -2.388123 0.424461
vn -0.999980 -2.388062 0.424522
vn -0.999980 -2.388304 0.424217
vn -0.999980 0.422215 -2.421916
vn -0.999613 0.420583 -2.423503
vn -0.999980 0.420704 -2.423441
vn -0.999980 0.420704 -2.423441
vn -0.999980 -2.388304 0.424217
vn -0.999980 -2.388244 0.424339
vn -0.999980 -2.388244 0.424339
vn -0.999980 -2.388244 0.424339
vn -0.999980 -2.388244 0.424339
vn -0.999980 -2.388244 0.424339
vn -0.999980 -2.388244 0.424339
vn -0.999980 -2.388244 0.424339
vn 0.899985 -1.110405 -0.387866
vn 0.901877 -1.110405 -0.393785
vn 0.673986 -0.802249 -2.078850
vn 0.668310 -0.799227 -2.087088
vn -0.807792 -0.629856 -2.958606
vn -0.826224 -0.629795 -2.960314
vn -2.438426 -0.724394 -2.364677
vn -2.447641 -0.725905 -2.355219
vn -2.982214 -1.014295 -0.735204
vn -2.982458 -1.012784 -0.736973
vn -2.022254 -1.281348 0.693447
vn -2.035924 -1.279776 0.685392
vn -0.292444 -1.324023 0.839900
vn -0.309228 -1.324023 0.846246
vn -0.292444 -1.324023 0.839900
vn -0.309228 -1.324023 0.846246
vn 0.900412 -1.142442 -0.396897
vn 0.900290 -1.142442 -0.396470
vn 0.670629 -0.831263 -2.088430
vn 0.670629 -0.829692 -2.088247
vn -0.817252 -0.634389 -2.960314
vn -0.817252 -0.634389 -2.960314
vn -2.442820 -0.701485 -2.355463
vn -2.442637 -0.701485 -2.355646
vn -2.981726 -0.979236 -0.730078
vn -2.981726 -0.980747 -0.730078
vn -2.028784 -1.261521 0.692897
vn -2.028662 -1.263033 0.692714
vn -0.300928 -1.334722 0.841120
vn -0.300805 -1.334782 0.841059
vn -0.300928 -1.334722 0.841120
vn -0.300805 -1.334782 0.841059
vn -0.948896 0.983521 -0.643182
vn -0.948896 0.983521 -0.643182
vn -0.948896 0.983582 -0.643609
vn -0.948530 0.983521 -0.643243
vn -0.948286 0.983582 -0.643426
vn -0.948652 0.983642 -0.643853
vn -0.948713 0.983521 -0.642999
vn -0.948896 0.983521 -0.643182
vn -0.948896 0.983521 -0.643182
vn -0.948896 0.983582 -0.643609
vn -0.948286 0.983461 -0.642938
vn -0.948408 0.983582 -0.643426
vn -0.948591 0.983582 -0.643609
vn -0.948713 0.983582 -0.643487
vn -0.948286 0.983521 -0.643243
vn -0.948347 0.983582 -0.643487
vn -0.451553 -1.340827 0.890365
vn -0.032756 -1.319489 0.718466
vn -0.821341 -1.342399 0.959869
vn -0.744686 -1.343789 0.951143
vn -0.032756 -1.319489 0.718466
vn -0.451614 -1.339316 0.890609
vn -0.821341 -1.342459 0.959869
vn -0.744686 -1.343849 0.951082
vn -1.051368 -2.951121 -1.355737
vn -1.051490 -2.951061 -1.356226
vn -1.051368 -2.951061 -1.356287
vn -1.050941 -2.951363 -1.354700
vn -1.051246 -2.951121 -1.355921
vn -1.051551 -2.951000 -1.356470
vn -1.051368 -2.951061 -1.356287
vn -1.050941 -2.951303 -1.354822
vn -0.948774 0.983521 -0.643304
vn -0.948774 0.983582 -0.643609
vn -0.948591 0.983521 -0.643182
vn -0.948652 0.983582 -0.643487
vn -0.948774 0.983763 -0.644342
vn -0.948774 0.983703 -0.644158
vn -0.948835 0.983642 -0.643975
vn -0.948835 0.983582 -0.643609
vn 0.029740 -0.590142 -2.668262
vn 0.029740 -0.590142 -2.668262
vn 0.029740 -0.590142 -2.668262
vn 0.029740 -0.590142 -2.668262
vn -2.900615 -0.840391 -1.605318
vn -2.900615 -0.840391 -1.605318
vn -2.900615 -0.840391 -1.605318
vn -2.900554 -0.840391 -1.605501
vn -2.671077 -1.235529 0.069983
vn -2.671077 -1.235529 0.069983
vn -2.671077 -1.235529 0.069983
vn -2.671077 -1.235529 0.069983
vn -0.180025 -1.864233 -2.597172
vn -0.180025 -1.864233 -2.597172
vn -0.180025 -1.864233 -2.597172
vn -0.180025 -1.864233 -2.597172
vn -2.441172 -2.161569 -0.267652
vn -2.441172 -2.161569 -0.267652
vn -2.441172 -2.161569 -0.267652
vn -2.441172 -2.161569 -0.267652
vn -1.183867 -2.274967 0.516726
vn -1.183745 -2.274967 0.516726
vn -1.183867 -2.274967 0.516726
vn -1.183745 -2.274967 0.516726
vn -2.999425 -0.977725 -1.046050
vn -2.082003 -1.118021 0.677092
vn -1.914716 -1.137848 0.772287
vn -2.999730 -0.989935 -0.966416
vn -0.089515 -1.119533 0.775948
vn 0.085095 -1.121104 0.674835
vn 0.999588 -0.985341 -0.957629
vn 0.999222 -0.983830 -1.054837
vn 0.078626 -0.848007 -2.678270
vn -0.094764 -0.851090 -2.778041
vn -1.909773 -0.831263 -2.774136
vn -2.076083 -0.851029 -2.680101
vn -2.082003 -1.118021 0.677092
vn -1.914716 -1.137848 0.772287
vn -0.300073 0.765310 -1.670917
vn -0.443741 0.288508 -2.438941
vn -2.541874 0.215307 -1.429391
vn -2.040685 0.124093 0.300220
vn -0.226775 -2.546795 -1.978895
vn -0.435257 -1.975817 -2.641779
vn -2.516301 -2.119317 -1.640955
vn -2.027563 -2.326226 0.069068
vn -0.617375 0.084441 0.647375
vn -1.274254 0.772926 -1.915310
vn -1.274315 -2.512461 -2.259719
vn -0.617436 -2.370714 0.389678
vn -1.006327 0.693137 0.090304
vn -0.988445 0.346597 -2.492824
vn -0.988445 -1.975455 -2.736363
vn -1.006327 -2.850599 -0.281992
vn -0.719358 0.775767 -1.907927
vn -1.393753 0.082808 0.645788
vn -0.719480 -2.516995 -2.252824
vn -1.393631 -2.368780 0.388519
vn 0.109264 0.115631 0.249694
vn -1.714656 0.784411 -1.601779
vn -1.785635 -2.581975 -1.909757
vn 0.099254 -2.306339 0.021471
vn 0.460132 0.230781 -1.626310
vn -1.752251 0.282947 -2.352107
vn -1.756035 -1.990989 -2.553236
vn 0.439260 -2.093265 -1.834761
vn -1.270165 -2.484837 0.294179
vn -0.201202 -2.219719 0.354835
vn -1.761345 0.261246 0.367954
vn -0.084816 -1.902375 0.523134
vn -1.343647 0.328282 0.470228
vn 0.637672 -1.559039 -0.006050
vn -0.508800 0.727772 -0.088918
vn 0.578411 -2.048776 -0.387560
vn -0.583197 0.846610 -0.309757
vn -0.402178 0.620540 0.034224
vn 0.505173 -1.971224 -0.128155
vn 0.018449 0.729646 -1.163579
vn -1.508065 -2.640789 -1.997629
vn -1.611574 -0.000003 -2.629879
vn -2.457772 -0.503220 0.282584
vn 0.977433 -1.282799 -0.978621
vn -2.695672 -0.658809 -2.009040
vn -0.483228 -2.087523 -2.585333
vn -2.457772 -0.503220 0.282584
vn 0.977433 -1.282799 -0.978621
vn -1.733209 0.150629 -2.474456
vn -0.279200 -2.158789 -2.448644
vn -2.695672 -0.658809 -2.009040
vn -0.491833 -2.468577 -2.239399
vn -2.018225 0.282342 -2.165745
vn -2.545230 -0.024303 -1.831100
vn -1.136140 -2.859001 -1.681596
vn -2.707207 -0.276062 -1.764097
vn -1.741205 -2.660857 -1.798209
vn -2.488227 0.093568 -1.789666
vn -1.510750 -2.636377 -2.003609
vn -0.483228 -2.087523 -2.585333
vn -1.270165 -2.484837 0.294179
vn -0.201202 -2.219719 0.354835
vn -1.761345 0.261246 0.367954
vn -0.084816 -1.902375 0.523134
vn -1.343647 0.328282 0.470228
vn 0.637672 -1.559039 -0.006050
vn -0.508800 0.727772 -0.088918
vn 0.578411 -2.048776 -0.387560
vn -0.583197 0.846610 -0.309757
vn -0.402178 0.620540 0.034224
vn 0.505173 -1.971224 -0.128155
vn 0.018449 0.729646 -1.163579
vn -1.508065 -2.640789 -1.997629
vn -1.611574 -0.000003 -2.629879
vn 0.756012 -1.691658 -1.644006
vn 0.756012 -1.691658 -1.644006
vn 0.757050 -1.688999 -1.644128
vn 0.755951 -1.691779 -1.643945
vn 0.756012 -1.691658 -1.644006
vn 0.756927 -1.688999 -1.644433
vn 0.756012 -1.691658 -1.644006
vn 0.756012 -1.691658 -1.644128
vn 0.756012 -1.691658 -1.644006
vn -2.754995 -0.273282 -0.355341
vn -2.756032 -0.275941 -0.355219
vn -2.756094 -0.275941 -0.355341
vn -2.756094 -0.276002 -0.355402
vn -2.756032 -0.275881 -0.355280
vn -2.755971 -0.275941 -0.355036
vn -2.755971 -0.275941 -0.355036
vn -2.755971 -0.275941 -0.355097
vn -2.756948 -0.278662 -0.354792
vn -0.999980 0.420644 -2.423441
vn -0.999980 0.420765 -2.423381
vn -0.999980 0.420704 -2.423441
vn -0.999980 0.420704 -2.423441
vn 0.608805 -2.171301 -1.039399
vn 0.608805 -2.171301 -1.039399
vn 0.608805 -2.171301 -1.039399
vn 0.608805 -2.171301 -1.039399
vn -0.046610 0.269044 0.233889
vn -0.044535 0.265236 0.236086
vn -0.045634 0.267291 0.234926
vn -0.045695 0.267231 0.235048
vn -0.045451 0.267110 0.234926
vn -0.045390 0.267170 0.234804
vn -0.045390 0.267170 0.234804
vn -0.046000 0.267351 0.235170
vn -0.045756 0.267170 0.235170
vn -0.045390 0.267110 0.234865
vn -0.045695 0.267231 0.235048
vn -0.045512 0.267231 0.234865
vn -0.046305 0.268984 0.233767
vn -0.045756 0.267170 0.235170
vn -0.045756 0.267170 0.235170
vn -0.045634 0.267351 0.234865
vn -2.757070 -0.303384 -0.329101
vn -2.757131 -0.303384 -0.329162
vn -2.757070 -0.303384 -0.329101
vn -2.757070 -0.303384 -0.329101
vn -0.999980 0.420704 -2.423441
vn -0.999980 0.420704 -2.423441
vn -0.999980 0.420644 -2.423441
vn -0.999980 0.420704 -2.423441
vn -1.954631 -2.234770 -2.233968
vn -1.954082 -2.234831 -2.234212
vn -1.953349 -2.236644 -2.232991
vn -1.954265 -2.234831 -2.234151
vn -1.954204 -2.234770 -2.234212
vn -1.954631 -2.234770 -2.233968
vn -1.954570 -2.234710 -2.234090
vn -1.954753 -2.234710 -2.233907
vn -1.954265 -2.234831 -2.234151
vn -1.954265 -2.234831 -2.234151
vn -1.954265 -2.234831 -2.234090
vn -1.954326 -2.234891 -2.234029
vn -1.954570 -2.234710 -2.234090
vn -1.954265 -2.234831 -2.234151
vn -1.954265 -2.234831 -2.234151
vn -1.954265 -2.234831 -2.234151
vn -2.608215 -0.928884 0.188122
vn -2.608215 -0.928884 0.188122
vn -2.608215 -0.928884 0.188122
vn -2.608093 -0.928884 0.188244
vn -1.122836 0.906392 -1.641565
vn -1.122836 0.906452 -1.641382
vn -1.122836 0.906392 -1.641565
vn -1.122836 0.906392 -1.641565
vn -1.122836 0.906392 -1.641565
vn -1.123019 0.905908 -1.642847
vn -1.122836 0.906392 -1.641565
vn -0.877124 -2.873931 -0.357599
vn -0.877124 -2.873810 -0.357232
vn -0.877124 -2.873871 -0.357415
vn -0.877124 -2.873931 -0.357599
vn -0.877124 -2.873931 -0.357599
vn -0.877124 -2.873810 -0.357232
vn -0.877124 -2.874052 -0.357904
vn -0.877490 -2.873992 -0.357538
vn -0.877490 -2.873992 -0.357538
vn -0.877124 -2.873810 -0.357232
vn -0.877124 -2.873931 -0.357599
vn -0.877490 -2.873992 -0.357538
vn -0.877124 -2.873810 -0.357232
vn -0.877124 -2.873931 -0.357599
vn -0.877490 -2.873992 -0.357538
vn -0.877490 -2.873992 -0.357538
vn -0.877124 -2.873810 -0.357232
vn -0.877124 -2.873931 -0.357599
vn -0.877490 -2.874113 -0.357904
vn -0.877124 -2.873810 -0.357232
vn -0.877124 -2.873931 -0.357599
vn -0.877124 -2.873931 -0.357599
vn -0.877124 -2.873931 -0.357599
vn -1.122836 0.906392 -1.641565
vn -1.122836 0.906392 -1.641565
vn -1.122836 0.906392 -1.641565
vn -1.122836 0.906392 -1.641565
vn -1.122836 0.906392 -1.641565
vn -1.122469 0.906452 -1.641382
vn -1.122836 0.906392 -1.641565
vn -1.122836 0.906392 -1.641565
vn -1.122836 0.906392 -1.641565
vn -1.122836 0.906392 -1.641565
vn -1.122836 0.906392 -1.641565
vn -1.122836 0.906392 -1.641565
vn -1.123019 0.906150 -1.642114
vn -1.122836 0.906392 -1.641565
vn -1.122836 0.906392 -1.641565
vn -1.122836 0.906392 -1.641565
vn 0.167854 -1.438388 -2.558239
vn 0.167854 -1.438388 -2.558239
vn 0.167976 -1.438448 -2.558117
vn 0.167793 -1.438388 -2.558300
vn -2.618590 -1.453741 -2.076165
vn -2.313922 -1.545197 -2.398972
vn -2.313739 -1.545257 -2.399094
vn -2.618651 -1.453741 -2.076104
vn -2.009193 -1.597181 -2.613647
vn -2.009010 -1.597120 -2.613770
vn -2.074984 -1.588053 -2.574105
vn -2.074679 -1.588114 -2.574288
vn -2.682245 -0.736604 0.053446
vn -2.682245 -0.736604 0.053446
vn -2.682245 -0.736604 0.053446
vn -2.682245 -0.736604 0.053446
vn 0.755035 -0.273282 -0.355341
vn 0.756012 -0.275821 -0.355158
vn 0.756195 -0.276062 -0.355463
vn 0.756073 -0.275881 -0.355280
vn 0.756073 -0.275881 -0.355280
vn 0.756012 -0.275941 -0.355036
vn 0.756012 -0.275941 -0.355036
vn 0.756012 -0.275941 -0.355097
vn 0.756927 -0.278601 -0.354731
vn -2.755971 -1.691658 -1.644006
vn -2.757009 -1.688999 -1.644128
vn -2.755971 -1.691658 -1.644006
vn -2.755971 -1.691779 -1.643945
vn -2.756887 -1.688999 -1.644433
vn -2.755971 -1.691658 -1.644006
vn -2.755971 -1.691658 -1.644006
vn -2.755971 -1.691658 -1.644128
vn -2.755971 -1.691658 -1.644006
vn -1.955241 0.265417 0.236086
vn -1.953654 0.268984 0.233767
vn -1.954326 0.267351 0.234865
vn -1.954509 0.267049 0.235048
vn -1.954265 0.267231 0.235048
vn -1.954326 0.267291 0.234926
vn -1.954326 0.267291 0.234926
vn -1.953959 0.267351 0.235170
vn -1.954265 0.267231 0.235048
vn -1.954570 0.267110 0.234926
vn -1.954265 0.267231 0.235048
vn -1.954143 0.267351 0.234987
vn -1.953593 0.268863 0.233889
vn -1.954265 0.267231 0.235048
vn -1.954265 0.267231 0.235048
vn -1.954631 0.267170 0.234804
vn -2.608764 -2.171301 -1.039399
vn -2.608764 -2.171301 -1.039216
vn -2.608764 -2.171301 -1.039399
vn -2.608764 -2.171301 -1.039399
vn 0.757111 -0.303384 -0.329101
vn 0.757233 -0.303505 -0.329223
vn 0.757172 -0.303445 -0.329162
vn 0.758087 -0.306165 -0.328796
vn 0.757111 -0.303384 -0.329101
vn 0.758087 -0.306044 -0.328918
vn 0.757050 -0.303505 -0.328796
vn 0.757050 -0.303445 -0.328918
vn -0.999980 0.420644 -2.423441
vn -0.999980 0.420644 -2.423441
vn -0.999980 0.420644 -2.423441
vn -0.999980 0.420704 -2.423441
vn 0.757111 -0.303384 -0.329101
vn 0.757111 -0.303384 -0.328979
vn 0.757111 -0.303384 -0.329101
vn 0.757111 -0.303384 -0.328979
vn -0.999980 0.420644 -2.423441
vn -0.999980 0.420644 -2.423441
vn -0.999980 0.420704 -2.423441
vn -0.999980 0.420765 -2.423381
vn 0.608255 -0.928884 0.188122
vn 0.608255 -0.928884 0.188122
vn 0.608255 -0.928884 0.188122
vn 0.608255 -0.928884 0.188122
vn -2.757070 -1.664216 -1.670062
vn -2.757070 -1.664216 -1.670062
vn -2.757009 -1.664337 -1.670184
vn -2.756155 -1.666875 -1.669696
vn -2.757070 -1.664216 -1.670062
vn -2.757070 -1.664155 -1.670123
vn -2.757985 -1.661496 -1.670367
vn -2.757009 -1.664337 -1.670184
vn -0.045695 -2.234831 -2.234151
vn -0.045573 -2.234770 -2.234090
vn -0.046610 -2.236644 -2.232991
vn -0.045451 -2.234710 -2.234090
vn -0.045695 -2.234831 -2.234090
vn -0.045695 -2.234831 -2.234151
vn -0.045695 -2.234831 -2.234151
vn -0.045451 -2.234710 -2.234090
vn -0.045512 -2.234831 -2.233968
vn -0.045695 -2.234831 -2.234151
vn -0.045634 -2.234891 -2.234029
vn -0.045634 -2.234891 -2.234029
vn -0.045756 -2.234770 -2.234212
vn -0.045695 -2.234831 -2.234151
vn -0.045695 -2.234831 -2.234151
vn -0.045756 -2.234710 -2.234273
vn -0.948713 0.983642 -0.643853
vn -0.948347 0.983703 -0.644220
vn -0.948713 0.983582 -0.643426
vn -0.948774 0.983582 -0.643609
vn -0.948835 0.983582 -0.643487
vn -0.948958 0.983521 -0.642999
vn -0.948896 0.983582 -0.643609
vn -0.948286 0.983521 -0.643243
vn -0.948286 0.983521 -0.643243
vn -0.948896 0.983642 -0.643792
vn -0.948591 0.983521 -0.643182
vn -0.948408 0.983521 -0.643243
vn -0.948591 0.983642 -0.643792
vn -0.948896 0.983582 -0.643609
vn -0.948286 0.983521 -0.643243
vn -0.948286 0.983521 -0.643243
vn -0.948896 0.983642 -0.643792
vn -0.948591 0.983521 -0.643182
vn -0.948408 0.983521 -0.643243
vn -0.948591 0.983642 -0.643975
vn -0.948896 0.983582 -0.643609
vn -0.948286 0.983521 -0.643243
vn -0.948286 0.983521 -0.643243
vn -1.051063 -2.951061 -1.356104
vn -1.051246 -2.951121 -1.355860
vn -1.051063 -2.951182 -1.355554
vn -1.051307 -2.951182 -1.355615
vn -1.050636 -2.951242 -1.355371
vn -1.050819 -2.951121 -1.356104
vn -1.051063 -2.951182 -1.355554
vn -1.051063 -2.951182 -1.355737
vn -1.051063 -2.951121 -1.355921
vn -1.051063 -2.951242 -1.355310
vn -1.051246 -2.951182 -1.355615
vn -1.050636 -2.951242 -1.355371
vn -1.050819 -2.951121 -1.356104
vn -1.051246 -2.951242 -1.355249
vn -1.051063 -2.951182 -1.355554
vn -1.051246 -2.951242 -1.355249
vn 0.749909 -0.855684 -1.959490
vn 0.749970 -0.855623 -1.959307
vn 0.749909 -0.854112 -1.959246
vn 0.750031 -0.855684 -1.959307
vn -1.967203 -0.646660 -2.717324
vn -1.548285 -0.626773 -2.889467
vn -1.548285 -0.626712 -2.889467
vn -1.967264 -0.648111 -2.717629
vn -1.178557 -0.625262 -2.959033
vn -1.178557 -0.625201 -2.959033
vn -1.255334 -0.623751 -2.950246
vn -1.255334 -0.623751 -2.950246
vn -2.982886 -0.980747 -0.738621
vn -2.982825 -0.979236 -0.738255
vn -2.982886 -0.979236 -0.738682
vn -2.982886 -0.979236 -0.738865
vn 0.982377 -0.922779 -1.257614
vn 0.982377 -0.922779 -1.257614
vn 0.982377 -0.922779 -1.257614
vn 0.982377 -0.922779 -1.257614
vn -1.696347 -0.553512 -2.824357
vn -1.696347 -0.553512 -2.824357
vn -1.696347 -0.553512 -2.824357
vn -1.696347 -0.553512 -2.824357
vn 0.652381 -2.030401 -1.417004
vn 0.652381 -2.030401 -1.417004
vn 0.652381 -2.030401 -1.417004
vn 0.652381 -2.030401 -1.417004
vn -1.185515 -1.440020 0.938816
vn -1.185515 -1.440020 0.938816
vn -1.185515 -1.440020 0.938816
vn -1.185515 -1.440020 0.938816
vn 0.441396 -1.301174 0.350075
vn 0.441396 -1.301174 0.350075
vn 0.441396 -1.301174 0.350075
vn 0.441396 -1.301174 0.350075
vn 0.222171 -2.215306 -0.004769
vn 0.222171 -2.215306 -0.004769
vn 0.222171 -2.215306 -0.004769
vn 0.222171 -2.215306 -0.004769
vn -2.595520 -1.966630 -1.698316
vn -2.595337 -1.966630 -1.698682
vn -2.595520 -1.966630 -1.698316
vn -2.595520 -1.966630 -1.698316
vn -1.051246 -2.951121 -1.355921
vn -1.051246 -2.951121 -1.355921
vn -1.051246 -2.951121 -1.355921
vn -1.051185 -2.951182 -1.355554
vn -1.051185 -2.951182 -1.355554
vn -1.051185 -2.951182 -1.355554
vn -1.051246 -2.951121 -1.355921
vn -1.916303 -1.142442 0.771067
vn -1.135774 -1.147822 0.989038
vn -1.112888 -1.114999 0.992943
vn -1.867051 -0.886149 0.800052
vn -2.959327 -0.722883 -1.304357
vn -2.979468 -0.927373 -1.279704
vn 0.971574 -1.250762 -0.795371
vn -2.458078 -0.657238 0.329816
vn -2.546451 -0.970109 0.268611
vn -2.877424 -0.728988 -0.359124
vn -2.931314 -0.868619 -0.492824
vn -2.801012 -0.731345 -0.167332
vn 0.747773 -1.726899 -0.372610
vn 0.785734 -1.276693 -0.147805
vn 0.793668 -1.221808 -0.147438
vn 0.441213 -1.371353 0.331890
vn 0.413077 -1.227188 0.394682
vn 0.319822 -1.734455 0.302173
vn -0.395770 -1.409494 0.858816
vn -0.247525 -1.353037 0.816284
vn -0.209747 -1.169945 0.828244
vn -1.238368 -1.142442 0.979823
vn -1.986428 -0.945688 0.739823
vn -2.455392 -0.824372 0.362951
vn -1.878830 -2.145732 0.370640
vn -2.858321 -1.133314 -0.275463
vn -0.582709 -1.420919 0.906963
vn 0.954425 -1.401878 -1.074120
vn 0.749360 -1.771871 -0.435036
vn 0.930195 -1.442256 -1.252915
vn 0.844690 -1.539152 -0.462252
vn 0.896567 -1.594158 -1.174136
vn 0.864159 -1.494966 -0.486172
vn 0.967912 -1.327106 -1.096516
vn 0.867455 -1.281348 -0.348384
vn -0.220549 -0.202620 0.668427
vn 0.403861 -1.369841 0.371616
vn 0.315549 -1.432343 0.438496
vn 0.479540 -1.926735 -0.039429
vn 0.335873 -1.604857 0.353065
vn 0.246462 -1.737477 0.370945
vn -2.990942 -1.032611 -1.183106
vn -2.993810 -0.878532 -1.115737
vn -2.983496 -0.733521 -1.055326
vn -2.598022 -0.342916 0.018054
vn -2.931558 -0.790825 -0.518209
vn 0.983659 -1.142442 -1.199521
vn 0.905783 -1.269138 -0.464265
vn 0.454029 -2.308273 -1.362145
vn 0.486132 -2.277264 -0.655509
vn 0.478198 -1.125698 0.340128
vn -0.088844 -2.285001 0.215643
vn -0.311608 -0.979236 0.878221
vn -1.074743 -2.140413 0.630350
vn -2.956947 -0.585548 -1.107133
vn -2.789050 -0.751897 -0.136210
vn -1.706539 -2.132857 0.477062
vn -1.964091 -2.189193 0.272211
vn -2.196131 -2.135698 0.114957
vn -2.567080 -2.003079 -0.288827
vn -2.746206 -1.958771 -1.005715
vn 0.730013 -1.558193 -0.176668
vn 0.394768 -1.586482 0.300952
vn -0.271327 -1.517089 0.784980
vn 0.962420 -1.301900 -0.781214
vn 0.840540 -1.467523 -0.384387
vn 0.878197 -1.386585 -0.442786
vn 0.538497 -1.382052 0.214667
vn 0.434377 -1.405686 0.328839
vn 0.065077 -1.405686 0.639808
vn 0.095532 -1.386948 0.624369
vn 0.483629 -1.321001 0.298511
vn 0.101635 -1.427749 0.609541
vn 0.735750 -1.269077 -0.047850
vn 0.951861 -1.340827 -0.748994
vn 0.703342 -1.412517 -0.043091
vn 0.431936 -1.509473 0.293935
vn 0.049270 -1.562061 0.601852
vn -1.179229 -1.370567 0.954438
vn -0.641421 -1.475865 0.905498
vn -0.481214 -1.457549 0.872974
vn -0.268337 -1.358357 0.823729
vn -0.402606 -1.530387 0.829160
vn -0.135960 -1.463292 0.739274
vn -0.849721 -1.619304 0.890792
vn 0.490160 -1.433129 0.256406
vn 0.865380 -1.411368 -0.418621
vn 0.949664 -1.429683 -0.998819
vn -2.824509 -1.165411 -0.200833
vn -2.829636 -1.147036 -0.208522
vn -2.370864 -1.157674 0.446307
vn -2.384657 -1.184392 0.429526
vn -1.691891 -1.447576 0.818725
vn -1.717158 -1.171093 0.858023
vn -0.891710 -1.323660 0.968351
vn -0.123021 -1.456764 0.734575
vn 0.529891 -1.640279 0.108794
vn 0.813931 -1.620090 -0.447606
vn 0.937824 -1.477738 -0.970627
vn -2.354080 -2.401603 -0.604433
vn -2.868574 -1.145887 -0.305364
vn -2.152860 -2.323989 -0.064326
vn -2.442698 -1.135188 0.377230
vn -0.353781 -2.454795 0.191478
vn 0.013872 -2.478128 -0.139933
vn 0.536971 -1.524705 0.160235
vn 0.024735 -1.513704 0.634194
vn 0.810696 -1.493454 -0.320192
vn 0.932453 -1.498774 -1.020116
vn 0.184881 -2.554351 -0.639765
vn 0.247316 -2.534585 -1.197507
vn -1.670591 -1.229847 0.868519
vn -0.710081 -1.355334 0.944125
vn -1.575199 -2.361164 0.331524
vn -0.948896 -2.455944 0.353248
vn -2.116974 0.174385 0.188244
vn -2.667720 0.078940 -0.700970
vn -1.446240 -0.201048 0.785956
vn -0.682617 -0.684741 0.952302
vn -0.317223 -1.269863 0.858389
vn -0.051676 -1.312599 0.730365
vn 0.117564 -1.388096 0.608992
vn 0.219120 -1.345361 0.544125
vn -0.126500 -1.847006 0.578969
vn -0.786370 -2.248733 0.534789
vn -1.195280 -2.463983 0.331158
vn -1.705684 -2.553202 0.019640
vn -2.205408 -2.438717 -0.343808
vn -2.601379 -1.991231 -0.351191
vn -2.852401 -1.621601 -1.401565
vn -2.899334 -1.132529 -1.608003
vn -2.817735 -0.915163 -1.830795
vn -2.905559 -0.873213 -1.596653
vn -2.940652 -0.697737 -1.389239
vn -2.867964 -0.385591 -1.390398
vn 0.956134 -1.191283 -0.638361
vn 0.946368 -1.310302 -0.675402
vn -2.953773 -0.596973 -1.181580
vn -2.421337 -2.103783 -0.147927
vn -2.728080 -1.890951 -0.562999
vn -1.289878 -2.082445 0.646337
vn -0.236845 -2.198442 0.394011
vn -2.989111 -0.824372 -1.133739
vn 0.589580 -0.942606 0.213507
vn 0.727327 -1.232507 -0.022587
vn 0.620400 -1.320940 0.123195
vn 0.633339 -1.391179 0.080418
vn 0.599955 -1.510138 0.078954
vn -2.977881 -1.260675 -1.105120
vn -2.998388 -0.912141 -1.036348
vn -2.991552 -0.831203 -0.897522
vn -2.981909 -0.808354 -0.796409
vn -2.913554 -0.648111 -0.524738
vn -2.966407 -0.722943 -1.254868
vn -2.953285 -0.654336 -1.275249
vn -2.969153 -0.882341 -1.334319
vn -2.979224 -0.984616 -1.286783
vn -2.975013 -0.986127 -1.314425
vn -0.897020 0.116356 0.667451
vn -1.549383 0.064674 0.612470
vn -2.105195 -0.086502 0.405178
vn 0.929585 -1.404900 -0.684189
vn 0.942340 -1.452955 -0.914425
vn 0.947894 -1.280562 -0.656424
vn -2.998510 -1.034847 -1.056546
vn -2.984411 -1.126847 -0.795798
vn -2.497015 -2.308757 -0.942740
vn -2.985937 -1.129083 -0.813129
vn 0.198064 -2.547218 -0.652763
vn 0.147042 -2.396706 -0.170200
vn -0.271022 -2.575990 -0.033449
vn 0.099987 -2.106684 0.237001
vn -0.042948 -2.112849 0.345498
vn -1.989419 0.739620 -1.224784
vn -1.969034 0.693620 -0.502526
vn -2.505682 0.261367 -0.572580
vn -2.542606 0.285364 -1.096516
vn -2.674067 0.047326 -0.633114
vn -0.296777 -1.953936 0.601791
vn 0.076246 -1.813942 0.467604
vn -0.395343 -1.624684 0.795903
vn -0.133824 -1.459967 0.739091
vn -0.775690 -1.014295 0.987573
vn -0.765009 -1.063136 0.985010
vn -1.459911 -0.468161 0.877306
vn -1.565068 -0.471002 0.849114
vn -1.986733 -0.236470 0.571341
vn -2.284383 -0.324843 0.384614
vn -1.270714 -0.480371 0.917032
vn -1.478770 -0.083419 0.720906
vn -0.932845 -2.961699 -0.711039
vn -1.886154 -2.561907 -0.148598
vn -2.631162 -2.140655 -1.029696
vn -2.892437 -1.593977 -0.784814
vn -1.788443 0.258768 0.354774
vn -2.323992 -0.031980 0.158405
vn -0.818045 -1.011212 0.991967
vn -0.914536 -1.725629 0.855765
vn -0.942000 -2.143496 0.628885
vn -0.844533 -2.353004 0.449968
vn -2.554812 -0.226980 0.005239
vn -2.467904 0.374281 -0.970810
vn -1.981240 0.169912 0.306566
vn -2.197718 0.506296 -0.412274
vn -2.372817 0.340975 -0.399460
vn -2.092623 0.127176 0.254148
vn -2.402417 0.300476 -0.380055
vn -2.122284 0.120950 0.233279
vn -1.797841 -0.089827 0.601730
vn -1.878586 -0.202499 0.618328
vn -1.746575 -0.043827 0.600144
vn -1.456127 -0.468161 0.878221
vn -1.431410 -0.446703 0.878038
vn -1.576237 -0.605435 0.877855
vn -0.945845 -1.090579 0.996848
vn -1.057166 -1.005107 0.999533
vn -1.035805 -0.870916 0.996909
vn -0.177339 -1.432283 0.767344
vn -0.510631 -1.680053 0.810304
vn -0.344199 -1.478222 0.824034
vn 0.096142 -1.884181 0.410304
vn -0.026165 -1.942330 0.460891
vn 0.060194 -1.948254 0.395353
vn 0.127573 -2.144221 0.175979
vn 0.188177 -2.141441 0.117581
vn 0.195074 -2.103662 0.148336
vn 0.255189 -2.324473 -0.207728
vn 0.307615 -2.277627 -0.214685
vn 0.262330 -2.352580 -0.269544
vn -2.355850 0.369748 -0.425516
vn -2.503851 0.263543 -0.572335
vn -2.483955 0.350707 -0.869269
vn -2.434153 0.384678 -0.734166
vn -2.507208 0.262516 -0.581306
vn -2.597412 0.216939 -0.919368
vn -2.319781 0.309301 -0.234090
vn -2.339494 0.212345 -0.119307
vn -2.317706 0.211076 -0.085318
vn -2.226464 0.225099 0.017382
vn -2.083590 0.121978 0.266536
vn -2.062168 0.081418 0.318405
vn -1.766044 -0.268083 0.703637
vn -1.633179 -0.046910 0.650060
vn -1.528083 -0.222205 0.772714
vn -0.923752 -1.090579 0.996116
vn -0.815360 -0.759513 0.979213
vn -0.649050 -0.895337 0.967436
vn -0.236295 -1.412577 0.798466
vn -0.239591 -1.441410 0.792729
vn 0.014360 -1.808078 0.514225
vn 0.004351 -1.750957 0.550533
vn 0.200810 -1.999936 0.235536
vn 0.159492 -2.112729 0.175613
vn 0.248720 -2.311054 -0.175509
vn 0.289855 -2.254536 -0.150184
vn 0.302366 -2.436419 -0.559399
vn 0.249819 -2.483870 -0.566355
vn 0.256898 -2.269648 -0.123884
vn 0.301634 -2.453949 -0.619628
vn -2.463876 0.369506 -1.159124
vn -2.335161 0.426144 -0.520589
vn -1.587894 0.908205 -0.726172
vn -1.809987 0.819349 -1.303869
vn -2.151273 0.349861 -0.053159
vn -1.360003 0.842379 -0.267774
vn -1.875046 0.180490 0.371067
vn -1.183867 0.621628 0.178908
vn -1.479075 -0.139997 0.749221
vn -0.873401 0.303740 0.525575
vn -1.016763 -0.542873 0.951143
vn -0.432389 -0.139997 0.722554
vn 0.825038 -1.511709 -0.374563
vn 0.291076 -2.251997 -0.148232
vn 0.807034 -1.836911 -0.917599
vn 0.003130 -0.422343 0.637001
vn -0.584235 -0.988424 0.956757
vn -0.196686 -1.468974 0.766551
vn 0.359431 -0.834286 0.459732
vn 0.673620 -1.195816 0.074682
vn 0.099499 -1.899413 0.397794
vn -0.397174 -1.575903 0.813172
vn -0.103552 -1.871850 0.552119
vn 0.125620 -2.089578 0.229312
vn -2.592713 0.215307 -0.840589
vn -2.415966 0.325380 -0.469574
vn -1.755181 0.840868 -0.683030
vn -1.968058 0.755457 -1.193907
vn -2.271566 0.286271 -0.122053
vn -1.571599 0.808227 -0.319948
vn -2.109101 0.094051 0.268488
vn -1.355365 0.634685 0.120266
vn -1.822315 -0.376585 0.719442
vn -1.077001 0.303680 0.528931
vn -0.069253 -0.628284 0.734575
vn -0.649904 -0.282107 0.840266
vn -1.158661 -0.950282 0.993859
vn -0.509410 -1.475079 0.876025
vn 0.360895 -1.011212 0.465773
vn 0.599162 -1.307279 0.157184
vn -0.153171 -1.746665 0.643897
vn 0.071058 -2.015168 0.337932
vn 0.759918 -1.623052 -0.296637
vn 0.247438 -2.243414 -0.073724
vn 0.699192 -2.011239 -0.760467
vn 0.251711 -2.471841 -0.531756
vn -2.612243 0.096107 -0.515402
vn -2.644711 0.132979 -0.781214
vn -2.520574 0.212527 -0.493190
vn -2.611815 0.193969 -0.877873
vn 0.140878 -2.207871 0.095918
vn 0.224124 -2.307125 -0.133342
vn 0.328488 -2.280951 -0.256241
vn 0.106700 -2.301080 0.020189
vn 0.313108 -2.449597 -0.643121
vn -0.408953 0.292920 0.421898
vn -0.201752 0.412786 0.188793
vn -0.932906 -0.048481 0.766978
vn -1.273827 -0.327744 0.869801
vn -0.886278 0.060322 0.702478
vn -1.375017 0.388365 0.406276
vn -0.384174 -0.463386 0.830685
vn -0.203583 -0.907547 0.833431
vn -0.695556 -0.294015 0.852836
vn -0.139439 0.212466 0.352577
vn -0.235990 0.048112 0.533813
vn -0.632999 -0.605375 0.929724
vn -0.053812 -1.409555 0.710228
vn -0.163790 -1.377458 0.774057
vn -1.963236 0.171181 0.318832
vn -1.922345 0.057723 0.437215
vn -2.317889 0.386008 -0.377797
vn -2.570619 0.251938 -0.921626
vn -2.440623 0.263906 -0.393236
vn -2.531132 0.296063 -0.867316
vn -2.172207 0.114422 0.191967
vn -2.065097 -0.083480 0.433919
vn -1.832873 -0.227161 0.653843
vn -2.053379 -0.648171 0.667085
vn -1.474559 -0.727416 0.926307
vn -1.671446 -0.889232 0.881944
vn -1.083104 -1.176050 0.989465
vn -1.258569 -1.183606 0.973538
vn -0.856617 -1.484206 0.931494
vn -0.565132 -1.636834 0.840083
vn -0.072854 -1.757545 0.594713
vn -0.510997 -1.124127 0.934667
vn 0.312498 -2.326407 -0.310673
vn 0.374689 -2.289112 -0.362175
vn 0.321530 -2.088611 0.016711
vn 0.127512 -1.925163 0.357825
vn -2.057529 -1.647593 0.562798
vn -1.849840 -2.074768 0.445208
vn -1.417250 -1.726838 0.809755
vn -1.775809 -1.320940 0.812684
vn -1.158661 -1.476711 0.932226
vn -1.665282 -1.107383 0.882493
vn -1.627198 -2.312988 0.356848
vn -1.143403 -2.085588 0.663424
vn -0.822257 -1.951276 0.741776
vn -1.425612 -2.561363 0.153706
vn -0.814628 -2.437749 0.361181
vn -0.488965 -2.327737 0.390594
vn -2.136809 -0.977725 0.645910
vn -2.340409 -1.372864 0.432821
vn -2.080172 -0.826669 0.676238
vn -2.470833 -0.677125 0.320479
vn -2.661739 -1.279776 0.073279
vn -2.291646 -0.378036 0.402066
vn -2.713677 -0.541241 -0.068293
vn -2.819505 -1.087496 -0.175814
vn -2.583985 -0.240641 -0.030703
vn -2.879987 -0.545835 -0.476348
vn -2.924052 -1.140931 -0.476775
vn -2.768544 -0.231513 -0.446142
vn -2.957374 -0.573399 -0.985028
vn -2.985998 -1.116510 -0.804586
vn -2.866377 -0.265061 -0.998026
vn -1.144929 -2.789306 -0.151588
vn -0.640567 -2.706978 -0.050108
vn -0.446975 -2.681832 -0.099109
vn -2.440073 -1.740620 0.163713
vn -2.790820 -0.122891 -0.772244
vn -2.809191 -0.150575 -1.179872
vn -2.465157 -1.963607 -0.054563
vn -2.798754 -0.642066 -0.194853
vn -2.655025 -0.761024 0.100983
vn 0.280639 -2.470874 -0.614136
vn -2.652767 0.142227 -1.018529
vn -2.869673 -0.541362 -0.444067
vn -2.292378 -1.191283 0.512577
vn -2.610412 -1.880675 -0.223655
vn -2.478462 0.358867 -1.105974
vn -2.182400 0.628398 -1.051603
vn 0.275879 -2.484898 -0.654959
vn 0.280090 -2.496685 -0.730078
vn 0.304503 -2.450020 -0.614441
vn 0.311826 -2.477161 -0.778468
vn 0.374322 -2.425600 -0.819292
vn 0.310239 -2.480969 -0.795371
vn 0.353328 -2.442827 -0.800436
vn -0.553780 -2.901434 -0.648064
vn -1.145722 -2.938911 -0.604311
vn -0.410845 -2.865710 -0.665882
vn 0.845423 -0.623751 -1.681291
vn 0.888572 -0.938072 -1.656271
vn 0.806058 -0.530603 -1.729437
vn -2.942788 -0.867108 -1.459780
vn -2.923136 -0.986853 -1.548567
vn -2.919230 -1.269863 -1.484006
vn -2.612792 -0.783934 -2.165196
vn -2.634763 -0.867833 -2.145852
vn -2.647641 -0.987638 -2.133220
vn -2.140532 -0.864811 -2.638117
vn -2.232689 -0.812162 -2.565135
vn -2.146025 -0.416298 -2.537248
vn -1.448560 -1.035633 -2.947927
vn -1.564336 -0.471123 -2.848522
vn -1.462169 -0.538944 -2.893861
vn -0.487256 -0.556474 -2.884891
vn -0.461684 -0.818993 -2.918697
vn -0.463637 -0.252851 -2.782252
vn 0.441030 -0.469552 -2.287545
vn 0.489488 -0.684681 -2.300360
vn 0.464466 -0.367216 -2.214075
vn 0.943073 -0.609908 -1.290749
vn 0.859582 -0.618371 -1.638636
vn 0.817653 -0.553512 -1.714426
vn -2.908611 -1.457549 -0.635188
vn -2.916606 -1.213406 -1.522755
vn -2.901653 -1.315681 -1.522572
vn -2.542484 -1.151569 -2.261489
vn -2.536320 -1.117296 -2.273083
vn -1.990090 -0.969323 -2.737217
vn -2.205836 -0.850304 -2.589544
vn -1.457348 -0.874724 -2.943533
vn -1.660460 -0.584037 -2.844555
vn -0.594488 -0.584037 -2.916806
vn -0.544198 -0.459699 -2.875066
vn 0.503526 -0.668723 -2.280284
vn 0.499803 -0.517727 -2.237873
vn 0.825282 -0.709887 -1.769834
vn 0.818874 -0.909058 -1.827927
vn -2.901592 -1.176050 -1.588537
vn -2.814683 -1.484327 -1.675005
vn -2.515142 -1.019615 -2.304509
vn -2.438059 -1.513946 -2.284372
vn -2.178493 -0.652704 -2.581123
vn -2.031896 -1.550637 -2.616271
vn -1.404434 -0.910569 -2.956836
vn -1.039467 -1.218000 -2.985394
vn -0.266079 -0.592439 -2.818377
vn -0.023052 -0.948711 -2.744357
vn 0.475573 -0.655001 -2.308964
vn 0.609232 -0.838880 -2.178255
vn 0.868676 -0.887660 -1.705882
vn 0.832057 -0.957113 -1.801321
vn 0.997146 -1.067670 -1.066676
vn 0.905600 -0.902590 -1.601351
vn 0.988236 -1.087919 -0.809406
vn 0.571759 -1.104723 -2.230429
vn 0.603800 -0.938798 -2.193632
vn 0.422171 -0.888083 -2.402511
vn -2.955177 -1.359868 -0.810200
vn -2.911357 -1.298877 -1.496821
vn -2.825913 -1.463715 -1.659567
vn -2.833176 -1.459121 -1.642541
vn -2.497565 -1.165351 -2.312686
vn -2.427318 -1.375886 -2.344540
vn -2.302753 -1.433129 -2.449010
vn -1.807545 -1.034122 -2.828568
vn -1.768607 -1.360291 -2.807149
vn -1.598696 -1.386222 -2.864876
vn -1.022866 -0.932693 -2.998758
vn -0.891710 -1.346146 -2.963487
vn -0.919113 -1.262247 -2.978438
vn -0.190522 -0.903739 -2.826676
vn -0.071816 -1.273731 -2.747225
vn -0.202362 -1.079880 -2.831131
vn -1.965128 -2.614555 -1.639185
vn 0.953021 -0.577872 -1.144174
vn 0.835292 -0.634329 -1.713327
vn 0.660254 -1.935983 -1.579994
vn 0.684972 -0.613052 -2.011237
vn 0.546797 -1.948072 -1.822618
vn 0.243227 -0.774746 -2.552198
vn 0.234317 -2.055184 -2.152198
vn -0.539804 -0.974642 -2.945852
vn -0.323753 -2.264208 -2.379139
vn -1.664183 -1.102789 -2.882267
vn -0.964154 -2.562753 -2.226523
vn -2.519353 -1.183666 -2.284677
vn -1.387833 -2.741191 -1.871985
vn -2.851546 -1.124187 -1.742435
vn -2.856734 -1.160757 -1.721382
vn 0.807034 -0.710673 -1.812000
vn 0.654151 -0.857195 -2.116622
vn 0.210453 -0.877021 -2.588079
vn -0.592047 -0.928884 -2.956714
vn -1.628663 -0.921268 -2.897156
vn -2.521550 -1.093601 -2.292915
vn 0.783171 -0.777829 -1.881565
vn 0.603861 -0.771724 -2.175448
vn 0.100292 -0.828181 -2.662404
vn -0.744808 -1.043249 -2.982343
vn -1.861741 -1.386646 -2.758819
vn -2.479866 -1.458335 -2.258438
vn -2.781971 -1.475139 -1.763182
vn -1.380265 -0.945688 -2.962694
vn -0.459487 -0.982319 -2.925165
vn -2.213526 -0.844199 -2.583136
vn -0.307214 -0.932693 -2.875005
vn -1.042702 -0.885423 -2.996683
vn -1.912397 -0.919757 -2.778102
vn 0.605570 -0.889232 -2.188384
vn 0.541243 -0.952519 -2.273754
vn 0.838038 -0.886935 -1.781977
vn 0.852624 -0.875450 -1.745242
vn -2.595581 -0.938798 -2.204555
vn -2.581483 -0.919757 -2.222130
vn -2.926554 -1.147036 -1.511100
vn -2.914836 -1.153927 -1.551374
vn -2.964027 -1.263758 -0.746554
vn -2.961341 -1.360654 -0.894105
vn -0.389667 -2.413450 -2.257950
vn -0.929061 -2.516753 -2.282114
vn -1.096104 -1.249613 -2.979475
vn -0.263393 -1.155438 -2.851024
vn -1.796438 -1.399944 -2.786279
vn -1.377275 -2.515423 -2.229086
vn 0.447377 -1.129506 -2.372122
vn 0.089062 -2.374220 -1.937950
vn 0.923848 -1.187474 -1.506889
vn 0.339962 -2.396948 -1.454959
vn 0.499376 -2.306157 -0.943350
vn 0.986344 -1.125698 -0.813983
vn -2.722343 -1.563633 -1.834578
vn -2.055149 -2.555499 -1.644799
vn -1.778495 -2.504180 -2.039917
vn -2.330644 -1.532382 -2.388232
vn 0.984757 -0.974642 -1.245715
vn 0.977861 -0.806843 -1.237721
vn 0.966204 -0.631306 -1.098773
vn -2.977393 -1.102789 -0.724403
vn -2.976172 -1.168373 -0.753388
vn -2.963172 -1.353823 -0.905394
vn 0.935932 -0.564997 -1.276531
vn -2.924845 -1.419408 -0.675585
vn 0.990189 -0.838094 -1.133373
vn 0.986161 -1.044035 -1.226737
vn -2.933145 -1.491883 -1.067347
vn -2.934793 -1.424727 -1.248705
vn 0.976884 -0.998277 -1.302465
vn -2.938943 -1.473930 -1.014807
vn -2.936074 -1.484690 -0.973678
vn -2.989416 -1.043249 -1.195920
vn -2.610290 -2.114663 -1.357385
vn 0.766814 -1.920751 -1.022984
vn -2.972815 -1.307279 -1.056912
vn 0.975786 -0.692357 -1.106523
vn 0.993729 -0.902953 -1.135936
vn -2.915385 -1.542295 -1.138743
vn 0.977311 -0.986127 -1.299902
vn 0.973833 -0.912080 -1.313876
vn -2.932657 -1.498048 -1.018224
vn -2.246055 -2.535612 -1.197690
vn -2.977210 -0.689335 -1.061916
vn -2.853011 -0.614563 -1.655295
vn -2.969031 -0.637472 -1.053495
vn -2.869184 -0.626773 -0.384204
vn -2.881330 -0.608518 -0.434181
vn -2.966224 -0.631306 -1.097553
vn -2.891278 -0.666426 -0.431985
vn -2.427013 -0.803760 0.390106
vn -2.462533 -0.648111 0.322615
vn -2.444163 -0.556594 0.316452
vn -1.776114 -0.870916 0.840205
vn -1.843066 -0.704507 0.792363
vn -1.892440 -0.600781 0.748794
vn -1.418654 -0.976214 0.956086
vn -1.427565 -0.738176 0.938694
vn -1.570927 -0.724394 0.899579
vn -2.794482 -1.047843 -1.880223
vn -2.407300 -2.223527 -1.694227
vn -2.573854 -2.123549 -1.472534
vn -2.925821 -0.855623 -1.523609
vn -2.642087 -1.864354 -0.272839
vn -2.786487 -1.882549 -1.022496
vn -2.973731 -0.664915 -0.949269
vn -2.800585 -0.713755 -0.171969
vn -2.291035 -2.048656 0.095430
vn -2.297871 -0.880104 0.518557
vn -2.971961 -0.706139 -1.184326
vn -2.835312 -0.918185 -1.791618
vn -2.838791 -0.669388 -0.278514
vn -2.854964 -0.674102 -0.318972
vn -2.966407 -0.642005 -1.127759
vn -2.318194 -0.829692 0.496589
vn -2.395826 -0.878532 0.428916
vn -1.749383 -0.960921 0.854606
vn -1.313864 -1.113428 0.971402
vn -2.857771 -0.770212 -1.708812
vn -1.963053 -2.038017 0.400784
vn -1.702144 -1.089068 0.870167
vn -1.580631 -2.058146 0.584278
vn -1.138826 -1.201982 0.983668
vn -1.694577 -1.121104 0.870899
vn -1.114779 -1.314896 0.969510
vn -0.959455 -2.244442 0.552546
vn -0.442032 -1.395652 0.876330
vn -0.153659 -2.509681 -0.022221
vn 0.347896 -1.766310 0.253782
vn -0.614323 -1.773866 0.796818
vn -0.995158 -1.603407 0.902020
vn -1.188017 -1.252334 0.973355
vn -1.685666 -1.438569 0.823363
vn -1.664122 -0.841962 0.881578
vn -1.275475 -0.890743 0.979152
vn -1.266808 -1.372864 0.944003
vn -1.989113 -1.264483 0.715903
vn -2.057224 -0.750325 0.681974
vn -2.858992 -0.771663 -0.293220
vn -2.429759 -0.663403 0.361730
vn -2.993932 -0.924290 -1.142953
vn -2.996373 -1.081451 -1.069910
vn -2.814744 -0.953305 -0.159521
vn -2.854720 -0.867833 -1.738773
vn -2.938638 -1.475139 -1.009925
vn -2.682062 -1.494966 -0.046020
vn -2.998510 -1.060053 -0.995768
vn -1.457775 -0.818993 0.940342
vn -1.572575 -0.994529 0.916665
vn -1.168182 -0.861789 0.989587
vn -1.106845 -0.715267 0.979457
vn -1.187346 -1.536190 0.913492
vn -1.564458 -1.687125 0.785529
vn -2.852523 -1.737296 -0.981428
vn -2.621519 -1.821618 -0.181916
vn -2.854598 -1.377337 -0.362846
vn -2.953469 -1.411005 -0.964220
vn -2.937234 -0.939583 -0.504601
vn -2.996495 -0.916674 -1.096943
vn -2.967872 -1.096684 -0.661001
vn -2.800890 -1.179072 -0.151954
vn -2.440073 -1.740620 0.163713
vn -1.836291 -1.827361 0.609419
vn -1.727350 -2.087462 0.501349
vn -1.484629 -2.055002 0.618328
vn -2.438242 -0.898359 0.387543
vn -2.219079 -1.789642 0.365880
vn -2.263937 -1.952485 0.210395
vn -2.569582 -1.311813 0.195750
vn -1.929120 -2.021031 0.435994
vn -2.018348 -1.962036 0.416711
vn -1.973367 -1.116510 0.742508
vn -1.943157 -0.941095 0.763561
vn -2.280294 -1.212681 0.519777
vn -2.651730 -0.996040 0.128015
vn -2.687006 -1.014295 0.074194
vn -2.325212 -1.020400 0.497871
vn -1.427504 -0.529212 0.900556
vn -1.882919 -0.577751 0.748427
vn -1.809254 -0.184063 0.645300
vn -1.512948 -0.199658 0.767344
vn -2.346879 -0.794572 0.466749
vn -2.165494 -0.376827 0.508122
vn -2.449960 -0.709222 0.350319
vn -2.239525 -1.046332 0.568778
vn -1.170135 -0.187448 0.827146
vn -1.545172 -0.077314 0.697779
vn -1.104587 -0.300181 0.877062
vn -1.325154 -0.388674 0.881944
vn -1.738580 -0.089766 0.629861
vn -1.557989 -0.776317 0.909770
vn -2.188747 -0.528910 0.543149
vn -2.167325 -0.422282 0.524232
vn -2.720390 -0.767130 -0.002938
vn -1.801503 0.020065 0.533325
vn -1.807179 0.218027 0.380281
vn -2.140837 0.077731 0.254026
vn -1.908735 -0.104757 0.550106
vn -2.036962 -0.214951 0.528015
vn -2.813219 -0.654276 -0.222679
vn -2.415173 0.429288 -0.980818
vn -2.386976 0.130077 -1.913541
vn -1.187346 0.974273 -0.637751
vn -2.667293 0.106141 -1.178590
vn -1.320821 0.541416 0.253721
vn -1.718867 0.063284 0.545346
vn -1.876694 0.490459 0.028977
vn -1.921918 0.740285 -0.578255
vn -2.675166 0.075011 -0.730078
vn -2.700860 -0.223776 -0.272046
vn -2.214258 0.315950 -0.085196
vn -1.124545 0.776915 -0.059200
vn -1.556402 0.644719 0.019396
vn -1.526741 0.915882 -0.662465
vn -1.916364 0.108377 0.403042
vn -1.673826 0.302229 0.375887
vn -2.790820 -0.122891 -0.772244
vn -2.809191 -0.150575 -1.179872
vn -2.465157 -1.963607 -0.054563
vn -2.798754 -0.642066 -0.194853
vn -2.655025 -0.761024 0.100983
vn -2.995031 -0.886149 -1.100909
vn -2.869673 -0.541362 -0.444067
vn -2.292378 -1.191283 0.512577
vn -2.610412 -1.880675 -0.223655
vn -2.988378 -1.037144 -1.208064
vn -2.969764 -1.070752 -1.334746
vn -2.915202 -1.359082 -1.436653
vn -2.319109 -1.856496 0.224492
vn -1.708980 -2.627370 -0.107408
vn -0.920395 -2.334023 0.473706
vn -1.535956 -1.444674 0.871326
vn -0.366902 -2.114542 0.523744
vn -0.854115 -1.227913 0.980128
vn -0.279994 -1.121104 0.861257
vn -0.036540 -2.152926 0.306139
vn 0.292174 -0.905975 0.524964
vn 0.278686 -2.057964 0.100922
vn 0.798734 -0.713695 -0.167942
vn 0.666540 -1.817024 -0.272656
vn 0.972551 -0.657298 -0.950368
vn 0.797147 -1.861211 -1.018529
vn 0.925435 -0.872427 -1.529101
vn 0.630349 -2.028708 -1.499567
vn 0.795133 -1.050926 -1.878819
vn 0.427359 -2.198623 -1.697278
vn 0.813870 -0.951794 -0.157629
vn 0.996170 -1.087496 -1.067713
vn 0.937946 -1.478162 -1.008949
vn 0.682042 -1.499439 -0.048338
vn 0.854944 -1.731251 -0.979170
vn 0.620278 -1.824459 -0.182282
vn 0.798368 -1.517875 -1.692824
vn 0.840906 -1.023423 -1.780268
vn 0.662817 -2.033604 -1.364159
vn 0.437002 -0.904464 0.389190
vn 0.213871 -1.762018 0.386383
vn 0.246950 -1.952666 0.227726
vn -0.037883 -2.006161 0.424888
vn 0.237185 -1.049354 0.570487
vn 0.026932 -1.978658 0.398893
vn -0.313622 -1.444735 0.821532
vn -0.010053 -1.264604 0.715414
vn -0.271510 -2.088913 0.499762
vn -0.513194 -2.054700 0.617901
vn -0.162570 -1.827300 0.608931
vn -0.432633 -1.682531 0.786444
vn 0.868981 -0.625201 -0.384509
vn 0.966570 -0.634329 -1.102374
vn 0.969377 -0.638923 -1.052152
vn 0.881980 -0.611540 -0.434242
vn 0.965349 -0.638923 -1.135936
vn 0.855371 -0.677125 -0.318727
vn 0.878441 -0.710612 -1.629483
vn 0.868920 -0.635961 -1.620940
vn 0.864587 -0.754919 -1.685867
vn 0.427725 -0.805271 0.389617
vn 0.462940 -0.646599 0.321822
vn 0.395134 -0.877021 0.429526
vn -0.224272 -0.869405 0.840327
vn -0.157504 -0.703056 0.792485
vn -0.250272 -0.967026 0.854545
vn -0.582892 -0.979236 0.956452
vn -0.573493 -0.738176 0.938938
vn -0.686096 -1.114999 0.971280
vn -0.895433 -1.058542 0.996299
vn -0.810478 -0.782423 0.981227
vn -0.941023 -1.238552 0.983241
vn 0.972429 -0.709161 -1.184326
vn 0.839442 -0.673921 -0.278148
vn 0.837489 -0.919697 -1.786676
vn 0.316709 -0.831263 0.498115
vn -0.305139 -1.121104 0.870838
vn -0.810966 -1.252334 0.973294
vn -0.889391 -1.304197 0.971524
vn -0.990032 -1.429200 0.950167
vn -1.005412 -1.606308 0.901044
vn -1.102878 -1.804331 0.821471
vn 0.891379 -0.667937 -0.431191
vn 0.977067 -0.687824 -1.060940
vn 0.994095 -0.924290 -1.141123
vn 0.858911 -0.771724 -0.292793
vn 0.852502 -0.614623 -1.656821
vn 0.854211 -0.869405 -1.740299
vn 0.444691 -0.558106 0.316330
vn 0.429678 -0.661832 0.361425
vn -0.109717 -0.599330 0.749587
vn 0.056777 -0.750325 0.682280
vn -0.431840 -0.719860 0.899762
vn -0.336814 -0.843413 0.882066
vn -0.686889 -0.806843 0.967802
vn -1.387406 -1.769695 0.798282
vn -0.025982 -1.116510 0.742142
vn -0.427201 -0.994529 0.916604
vn 0.280762 -1.212620 0.519411
vn 0.854272 -1.377337 -0.361748
vn 0.567303 -1.311813 0.198679
vn 0.953509 -1.411005 -0.962999
vn 0.915487 -1.357631 -1.436714
vn -0.676758 0.539723 0.255186
vn -0.873584 0.777036 -0.059628
vn 0.230228 0.313412 -0.103014
vn 0.181769 0.017466 0.265742
vn -0.191926 0.218208 0.379610
vn 0.177374 -0.538279 0.554499
vn -0.262173 -0.089585 0.630166
vn 0.996536 -0.916674 -1.096516
vn 0.969927 -1.070752 -1.334014
vn 0.994705 -0.880104 -1.101336
vn 0.905722 -1.557467 -0.801840
vn -0.191132 -0.184305 0.645605
vn -0.197846 0.019944 0.533080
vn -0.455459 -0.077496 0.698084
vn -0.487378 -0.202680 0.768809
vn -0.572456 -0.532053 0.901227
vn -0.118383 -0.574849 0.748427
vn -0.541574 -0.812948 0.939671
vn -0.055765 -0.941095 0.763012
vn -0.465834 0.913343 -0.659780
vn -0.817313 0.974998 -0.639277
vn -0.425553 0.637526 0.020861
vn -0.273830 0.866255 -1.223136
vn 0.714816 -0.003086 -0.687118
vn -0.065042 0.728437 -0.559155
vn -0.090553 0.463440 0.038923
vn 0.721712 -0.272859 -0.271313
vn 0.663244 0.114361 -1.165898
vn 0.811245 -0.184063 -0.717080
vn 0.910116 -0.611540 -0.538224
vn 0.776885 -0.080699 -1.164128
vn -0.050882 0.108740 0.380830
vn 0.814236 -0.611540 -0.244647
vn 0.786833 -0.590142 -0.191985
vn -0.311425 0.297998 0.372592
vn -0.276149 0.063224 0.543088
vn -0.088539 -0.107114 0.549861
vn 0.167915 -0.379668 0.507390
vn 0.052077 -0.205884 0.513065
vn 0.723604 -0.751897 -0.011969
vn 0.168830 -0.422282 0.523073
vn 0.451710 -0.715206 0.349648
vn 0.800992 -1.182216 -0.152747
vn 0.686803 -1.014295 0.074621
vn 0.967729 -1.096684 -0.659780
vn 0.349055 -0.794572 0.464736
vn 0.649818 -0.996040 0.130884
vn 0.936603 -0.939583 -0.501794
vn 0.326657 -1.020400 0.496650
vn 0.647742 -0.736665 0.106719
vn 0.285827 -1.197388 0.517337
vn 0.467578 -1.939005 -0.033327
vn 0.612650 -1.887384 -0.236104
vn -0.895128 -1.798588 0.823912
vn -1.009562 -1.427810 0.950472
vn -1.058509 -1.238552 0.983302
vn -1.103733 -1.058542 0.996360
vn -0.999797 -1.241634 0.983729
vn -0.999430 -1.478162 0.938389
vn -1.190031 -0.785445 0.981471
vn -0.998637 -1.099706 0.997093
vn -1.310934 -0.808354 0.968290
vn -0.999003 -0.831203 0.994591
vn -0.998027 -0.805332 0.992455
vn -0.724240 -0.892254 0.979213
vn -0.997416 -0.867833 0.997093
vn -0.734127 -1.374375 0.943820
vn -0.828360 -1.893550 0.773263
vn -1.173736 -1.894880 0.772348
vn -0.999430 -1.333271 0.969633
vn -0.999980 -1.876202 0.790289
vn -0.820975 -1.525612 0.917276
vn -0.992229 -1.559039 0.915872
vn -0.837209 -0.870916 0.990624
vn -0.993632 -0.867833 0.997032
vn -0.891100 -0.715267 0.979335
vn -0.958600 -0.587059 0.960235
vn -1.001750 -0.660321 0.974087
vn -1.039528 -0.587059 0.960296
vn -0.999980 -0.587059 0.960662
vn -0.894640 -0.300422 0.877123
vn -1.000529 -0.318496 0.886520
vn -0.830313 -0.187508 0.827207
vn -1.000529 -0.239130 0.856620
vn -0.675232 -0.385773 0.881090
vn -1.000773 -0.541302 0.950838
vn -0.442093 -0.773295 0.909465
vn -0.795525 -2.203640 0.572135
vn -1.201566 -2.201041 0.574453
vn -0.998637 -1.921174 0.767161
vn -0.996806 -2.306520 0.500556
vn -0.250760 -2.363582 0.239259
vn -2.448191 -2.338799 -0.741611
vn -2.469185 -2.323747 -0.785364
vn -1.757012 -2.372467 0.224492
vn 0.354243 -2.440409 -0.789025
vn 0.510300 -2.256652 -0.685104
vn -0.901292 -2.977597 -0.876592
vn -0.996196 -2.745241 -0.052305
vn -1.693905 -1.276754 0.853141
vn -2.320086 -1.163840 0.492012
vn -2.310809 -1.139419 0.502935
vn -1.658995 -1.215703 0.874438
vn -2.730582 -1.291986 -0.045592
vn -2.735953 -1.090579 -0.012213
vn -2.968787 -1.069241 -0.658194
vn -2.964088 -1.032611 -0.625608
vn -2.983496 -0.977725 -1.255844
vn -2.981421 -0.904464 -1.259689
vn -2.757314 -0.953305 -1.953937
vn -2.752004 -0.944177 -1.963274
vn -1.000163 -0.913652 0.999228
vn -0.999980 -1.273671 0.979335
vn -1.000163 -1.392630 0.958221
vn -0.341330 -1.218786 0.874194
vn -0.306848 -1.285881 0.851982
vn 0.967424 -1.026505 -0.642389
vn 0.744172 -1.096684 -0.027347
vn 0.276856 -1.154652 0.530273
vn 0.744660 -1.133314 -0.033205
vn 0.968279 -1.081451 -0.658560
vn 0.281677 -1.142442 0.527588
vn 0.420462 0.424029 -0.981916
vn 0.982072 -0.910569 -1.256577
vn 0.983292 -0.974642 -1.257492
vn 0.454029 -2.308273 -1.362145
vn 0.486132 -2.277264 -0.655509
vn -0.088844 -2.285001 0.215643
vn -1.074743 -2.140413 0.630350
vn -1.706539 -2.132857 0.477062
vn -1.964091 -2.189193 0.272211
vn -2.196131 -2.135698 0.114957
vn -2.567080 -2.003079 -0.288827
vn -2.592163 -2.065580 -1.542343
vn -2.512884 -2.003079 -1.819323
vn -2.746206 -1.958771 -1.005715
vn -2.869062 -0.636082 -1.620574
vn -2.875165 -0.687763 -1.628873
vn -2.840255 -1.024994 -1.781611
vn -2.813951 -1.563633 -1.610566
vn -2.687799 -2.003441 -1.333464
vn -1.484446 0.932746 -1.303197
vn -1.726435 0.865953 -1.224540
vn -2.631162 -2.140655 -1.029696
vn -2.892437 -1.593977 -0.784814
vn -2.619750 -2.113091 -0.681870
vn -2.610290 -2.114663 -1.357385
vn -2.347855 -2.438717 -1.257248
vn -1.820667 -2.486530 0.034041
vn -0.866931 -2.233199 0.556452
vn -0.270900 -2.134127 0.465041
vn -0.051798 -2.244018 0.230350
vn 0.186773 -2.141924 0.118557
vn 0.582805 -1.969531 -0.276378
vn 0.766814 -1.920751 -1.022984
vn 0.660254 -1.935983 -1.579994
vn 0.546797 -1.948072 -1.822618
vn 0.996231 -1.067670 -0.909544
vn 0.429739 0.078214 -1.909513
vn -0.523142 0.934318 -1.305455
vn 0.988297 -1.035633 -1.209345
vn 0.630776 -2.141501 -1.017553
vn 0.434926 -1.743582 0.168229
vn -2.182644 -2.591344 -1.130261
vn 0.385125 -2.417621 -1.158880
vn 0.319822 -2.459510 -1.282999
vn -0.802177 -2.971008 -1.107988
vn 0.754669 -0.886149 -1.954426
vn 0.763946 -0.916674 -1.939780
vn -2.869062 -0.636082 -1.620574
vn -1.468761 -0.703117 -2.923457
vn -1.726923 -0.591653 -2.821001
vn -1.832324 -0.669509 -2.790734
vn -1.439405 -0.577811 -2.907957
vn -1.339130 -0.805271 -2.962511
vn -1.704586 -0.703056 -2.850169
vn -2.153043 -0.573278 -2.581306
vn -2.129058 -0.586999 -2.601992
vn -2.201258 -0.770152 -2.584296
vn -2.520391 -0.611540 -2.244464
vn -2.566774 -0.626712 -2.190215
vn -2.578431 -0.768701 -2.208766
vn -2.483039 -1.174478 -2.327759
vn -2.150114 -2.255987 -2.028445
vn -1.984780 -1.352977 -2.700665
vn -1.791128 -2.195964 -2.379628
vn -1.169769 -2.641273 -2.105882
vn -0.733273 -2.828838 -1.723884
vn -1.323201 -1.792846 -2.799826
vn -0.498547 -2.577864 -2.098438
vn -0.893358 -2.068784 -2.676256
vn -1.161041 -1.098195 -2.989788
vn -1.706478 -0.905975 -2.869025
vn -1.570927 -1.359082 -2.879216
vn -1.012918 -1.551423 -2.917294
vn -2.215356 -0.904464 -2.585882
vn -2.156156 -1.063136 -2.629574
vn -2.557559 -0.864811 -2.248491
vn -2.551761 -0.844985 -2.253617
vn -2.875165 -0.687763 -1.628873
vn -2.840255 -1.024994 -1.781611
vn -2.580567 -0.802249 -2.211512
vn -2.627745 -0.994529 -2.161535
vn -2.186916 -0.939583 -2.608644
vn -2.158963 -1.137908 -2.622252
vn -1.698849 -0.818993 -2.866218
vn -1.633179 -1.153141 -2.889102
vn -1.969156 -2.016861 -2.411481
vn -1.411575 -2.135759 -2.581794
vn -2.556887 -1.797138 -1.955768
vn -2.813951 -1.563633 -1.610566
vn -2.251670 -2.433881 -1.574441
vn -1.765556 -2.458785 -2.112290
vn -1.280235 -2.484051 -2.292061
vn -2.048314 -1.963486 -2.392808
vn -1.515023 -2.055063 -2.608034
vn -1.280357 -1.545318 -2.898499
vn -1.609438 -1.540663 -2.821184
vn -1.692135 -0.971620 -2.875921
vn -1.272301 -0.873939 -2.977889
vn -1.905012 -1.438448 -2.724159
vn -2.125640 -0.934989 -2.651969
vn -2.371413 -2.271642 -1.678178
vn -2.686579 -1.675036 -1.822618
vn -2.687799 -2.003441 -1.333464
vn -2.685297 -2.012206 -1.318819
vn -2.409863 -1.287392 -2.385181
vn -2.880109 -0.303324 -1.044708
vn -2.819017 -0.402396 -1.593724
vn -2.803454 -1.114999 -0.144936
vn -1.430372 0.285969 -2.483609
vn -1.322591 -0.123435 -2.775966
vn -2.538029 -0.507754 -2.186065
vn -2.727287 -0.312391 -1.751649
vn -1.265466 -0.513798 -2.925349
vn -2.410900 -0.791550 -2.403975
vn -1.425734 -1.139419 -2.947500
vn -2.448252 -1.203553 -2.361260
vn -1.265161 -0.315292 -2.865791
vn -1.178130 -0.669448 -2.966660
vn -1.221767 -0.437152 -2.910581
vn -1.240931 0.002173 -2.722877
vn -1.116549 -0.168830 -2.822221
vn -1.054725 -0.455770 -2.927850
vn -1.327657 0.162054 -2.605654
vn -1.336750 -0.715327 -2.952626
vn -1.177520 -0.751897 -2.978133
vn -1.366289 0.302108 -2.486905
vn -1.391861 0.477040 -2.308110
vn -1.348590 0.121373 -2.629635
vn -2.814012 -0.217611 -1.349086
vn -1.617128 0.606033 -2.044311
vn -1.698666 0.768392 -1.664082
vn -1.510994 0.719854 -1.914151
vn -1.484446 0.932746 -1.303197
vn -1.581058 0.533256 -2.166111
vn -1.879562 0.075313 -2.450291
vn -1.726435 0.865953 -1.224540
vn -2.861311 -0.309187 -1.283060
vn -1.938457 -1.124127 -2.760101
vn -1.361407 -0.956327 -2.966417
vn -1.584659 -0.623751 -2.877995
vn -1.807851 -0.489378 -2.761077
vn -1.340595 -0.336388 -2.860970
vn -1.671507 -0.806843 -2.875127
vn -1.403518 -1.029528 -2.957873
vn -1.808583 -1.276693 -2.805196
vn -2.765492 -1.359142 -1.860940
vn -2.120636 -1.630668 -2.524555
vn -2.883221 -0.547286 -1.512259
vn -2.822862 -0.718349 -1.778438
vn -2.703728 -0.947200 -2.046386
vn -2.708123 -1.304257 -1.989269
vn -2.650143 -1.917789 -1.635585
vn -2.857832 -1.493454 -1.536668
vn -2.897015 -0.664915 -1.546737
vn -2.880475 -0.303324 -0.975020
vn -2.829758 -1.505604 -1.615753
vn -2.715446 -1.566655 -1.846599
vn -2.942849 -1.122615 -1.453495
vn -2.347855 -2.438717 -1.257248
vn -1.775809 -2.781569 -1.407118
vn 0.477404 -1.171517 -2.334471
vn 0.122935 -2.292799 -2.012213
vn -0.015728 -1.325595 -2.706706
vn -0.219451 -2.198200 -2.383716
vn -0.687744 -1.771206 -2.811298
vn -0.835622 -2.617578 -2.141336
vn -0.847401 -0.989935 -2.993754
vn -0.876025 -1.774107 -2.832595
vn -0.588446 -2.129593 -2.586310
vn -0.367330 -1.142442 -2.890200
vn -0.988201 -2.486651 -2.319155
vn -0.720945 -2.487013 -2.288949
vn -0.024700 -2.018372 -2.406111
vn 0.167610 -1.130232 -2.616699
vn -0.236967 -2.459571 -2.113022
vn 0.581340 -1.765162 -1.942343
vn 0.620462 -0.992958 -2.171725
vn 0.255128 -2.442646 -1.543930
vn -0.288660 -0.802249 -2.859933
vn -0.250943 -0.602352 -2.814349
vn 0.161689 -0.599270 -2.581489
vn 0.197149 -0.753408 -2.585028
vn 0.163948 -0.918246 -2.624632
vn -0.354818 -0.974642 -2.892641
vn 0.569134 -0.745792 -2.216638
vn 0.567364 -0.626773 -2.189483
vn 0.554853 -0.854112 -2.250749
vn -0.472547 -1.232507 -2.912656
vn 0.131357 -1.041738 -2.647759
vn 0.538924 -0.884638 -2.273144
vn -0.164767 -0.652765 -2.786401
vn -0.301477 -0.818993 -2.866340
vn 0.186895 -0.941095 -2.608705
vn 0.130991 -0.581015 -2.599124
vn 0.520431 -0.611540 -2.244464
vn 0.580059 -0.802249 -2.212183
vn -0.806022 -0.693868 -2.968918
vn 0.996231 -1.067670 -0.909544
vn 0.686925 -2.009244 -1.319978
vn 0.373041 -2.271764 -1.674822
vn 0.799161 -1.205064 -0.154578
vn 0.040970 -1.974004 -2.390917
vn -0.486096 -2.056272 -2.607545
vn -0.827566 -2.170938 -2.599857
vn -0.823965 -0.754919 -2.978621
vn -0.414873 -0.617645 -2.876653
vn -0.915390 -0.446642 -2.924250
vn -0.945845 -0.455951 -2.927912
vn -1.086217 -0.498505 -2.937858
vn -0.326072 -0.806782 -2.874273
vn -0.191132 -0.483212 -2.758880
vn -0.650026 -0.950222 -2.968430
vn -0.665406 -0.721311 -2.953846
vn -0.608220 -1.035633 -2.960131
vn -0.054910 -1.124127 -2.756561
vn 0.898276 -0.661832 -1.540696
vn 0.817409 -0.373442 -1.569132
vn 0.110240 -1.648923 -2.524372
vn 0.127085 -0.927373 -2.650749
vn 0.417166 -1.276754 -2.380055
vn -0.223296 -1.273671 -2.819658
vn 0.866967 -0.266633 -0.996561
vn 0.878013 -0.298669 -1.060757
vn 0.714267 -1.566776 -1.848857
vn 0.827785 -1.508748 -1.618926
vn 0.845362 -1.542295 -1.531176
vn -0.390888 -1.542174 -2.820879
vn -0.106055 -1.446185 -2.727881
vn -0.309777 -0.977725 -2.876653
vn 0.688694 -1.677998 -1.815844
vn -1.053687 -0.380030 -2.905455
vn -0.883227 -0.171490 -2.823442
vn -0.908494 -0.166473 -2.822648
vn -0.651430 0.121252 -2.629696
vn -0.060831 -0.043102 -2.493861
vn 0.429739 0.078214 -1.909513
vn -0.427567 0.540630 -2.160802
vn -0.636539 0.303861 -2.486111
vn -0.491406 0.721244 -1.912869
vn -0.523142 0.934318 -1.305455
vn 0.988297 -1.035633 -1.209345
vn 0.942157 -1.121044 -1.457034
vn 0.630776 -2.141501 -1.017553
vn 0.641456 -1.954238 -1.602816
vn 0.537154 -1.725267 -2.042358
vn 0.579265 -1.499499 -2.113083
vn 0.428213 -1.337744 -2.354120
vn 0.122935 -1.179012 -2.642999
vn 0.455555 -0.773295 -2.354975
vn 0.050246 -0.611601 -2.660390
vn 0.739900 -0.584037 -1.901153
vn 0.387505 -0.385773 -2.310001
vn 0.719271 -0.266633 -1.727362
vn 0.887656 -0.513919 -1.464296
vn 0.813931 -0.217973 -1.350429
vn 0.859155 -0.312088 -1.303564
vn -0.303125 0.768755 -1.665120
vn -0.383137 0.606275 -2.044067
vn -0.581061 0.292195 -2.481596
vn -0.710508 -0.117209 -2.778651
vn -0.774469 -0.510534 -2.929620
vn -0.606389 -1.127209 -2.955189
vn -0.608098 0.475408 -2.309940
vn -0.672120 0.161207 -2.606203
vn -0.732663 -0.312572 -2.864509
vn -0.824149 -0.666426 -2.966356
vn -0.778924 -0.434432 -2.909849
vn -0.759700 -0.000547 -2.724525
vn -2.182644 -2.591344 -1.130261
vn -1.722712 -2.811732 -1.368674
vn -0.253140 -2.784047 -1.448247
vn -0.243070 -2.791845 -1.396988
vn 0.385125 -2.417621 -1.158880
vn 0.319822 -2.459510 -1.282999
vn -0.552865 -0.407110 -2.861702
vn -1.483286 -0.440719 -2.862740
vn -1.091405 -0.166110 -2.822465
vn -0.942244 -0.385591 -2.907103
vn -0.999430 -0.281805 -2.872320
vn -0.989787 -0.626712 -2.967393
vn -0.915451 -0.492521 -2.936455
vn -0.999430 -0.425305 -2.919979
vn -1.080907 -0.446703 -2.924372
vn -0.999980 -0.437515 -2.923518
vn -0.999797 -0.202801 -2.840772
vn -0.657289 -0.330464 -2.858529
vn -1.000163 -0.263852 -2.865486
vn -0.727780 -0.880044 -2.978255
vn -1.002177 -0.861728 -2.995829
vn -0.720579 -1.549851 -2.897339
vn -1.005167 -1.539152 -2.920894
vn -1.171539 -2.169427 -2.601016
vn -1.008951 -2.484596 -2.321535
vn -0.999797 -2.224192 -2.568430
vn -1.119540 -1.784746 -2.828262
vn -0.997599 -2.447542 -2.362419
vn -1.151398 -0.999002 -2.993754
vn -0.998393 -1.791033 -2.829422
vn -1.194791 -0.693868 -2.968796
vn -0.999186 -1.034122 -2.998941
vn -0.565315 -0.557985 -2.904723
vn -1.006144 -0.544384 -2.950673
vn -0.998393 -0.483515 -2.935966
vn -0.543832 -0.703117 -2.926508
vn -1.013162 -0.725966 -2.982831
vn -0.649172 -0.901442 -2.966844
vn -0.988384 -0.989935 -2.999552
vn -0.747432 -1.175990 -2.974227
vn -0.951033 -1.304197 -2.973129
vn -0.908677 -1.476650 -2.935722
vn -0.966596 -1.624623 -2.893800
vn -1.084935 -2.038077 -2.697004
vn -1.000346 -2.199893 -2.587347
vn -0.997416 -2.703593 -2.020391
vn -1.511788 -2.577018 -2.094837
vn -0.993999 -2.965508 -1.269208
vn -0.802177 -2.971008 -1.107988
vn -1.310934 -2.790213 -1.799612
vn -2.256064 -0.761024 -2.539872
vn -2.268637 -0.651193 -2.509483
vn -1.648376 -0.828181 -2.885135
vn -1.658324 -0.934989 -2.887454
vn -0.995830 -1.020400 -2.999246
vn -0.983440 -1.108894 -2.995585
vn -0.337363 -0.931967 -2.885867
vn -0.378742 -0.916674 -2.899414
vn 0.231265 -0.574849 -2.521687
vn 0.259706 -0.623690 -2.510642
vn 0.754669 -0.886149 -1.954426
vn 0.763946 -0.916674 -1.939780
vn 0.454029 -2.308273 -1.362145
vn -1.045753 -2.605609 -2.168979
vn -0.708067 -2.765249 -1.860512
vn -0.095618 -2.640789 -1.660238
vn -2.512884 -2.003079 -1.819323
vn -2.246848 -2.048353 -2.144998
vn -1.727716 -2.243958 -2.371512
vn -2.853011 -0.614563 -1.655295
vn -2.794482 -1.047843 -1.880223
vn -2.407300 -2.223527 -1.694227
vn -2.835312 -0.918185 -1.791618
vn -2.857771 -0.770212 -1.708812
vn -2.854720 -0.867833 -1.738773
vn -2.998510 -1.060053 -0.995768
vn -2.386976 0.130077 -1.913541
vn -2.667293 0.106141 -1.178590
vn -2.809191 -0.150575 -1.179872
vn -2.713372 -1.615436 -1.815234
vn -2.631162 -2.140655 -1.029696
vn -2.988378 -1.037144 -1.208064
vn -2.969764 -1.070752 -1.334746
vn -2.915202 -1.359082 -1.436653
vn -2.302204 -2.310812 -1.736454
vn -2.610290 -2.114663 -1.357385
vn -1.965128 -2.614555 -1.639185
vn 0.546797 -1.948072 -1.822618
vn 0.795133 -1.050926 -1.878819
vn 0.427359 -2.198623 -1.697278
vn 0.234317 -2.055184 -2.152198
vn -0.323753 -2.264208 -2.379139
vn -0.964154 -2.562753 -2.226523
vn -1.387833 -2.741191 -1.871985
vn 0.798368 -1.517875 -1.692824
vn 0.840906 -1.023423 -1.780268
vn 0.662817 -2.033604 -1.364159
vn 0.878441 -0.710612 -1.629483
vn 0.868920 -0.635961 -1.620940
vn 0.864587 -0.754919 -1.685867
vn 0.837489 -0.919697 -1.786676
vn 0.852502 -0.614623 -1.656821
vn 0.854211 -0.869405 -1.740299
vn 0.915487 -1.357631 -1.436714
vn 0.969927 -1.070752 -1.334014
vn 0.207158 -2.374764 -1.779292
vn -0.273830 0.866255 -1.223136
vn 0.663244 0.114361 -1.165898
vn 0.776885 -0.080699 -1.164128
vn -2.757314 -0.953305 -1.953937
vn -2.752004 -0.944177 -1.963274
vn -0.796685 -2.971552 -1.085531
vn -0.818778 -2.974393 -1.067652
vn -0.815787 -2.973789 -1.076195
vn -0.820731 -2.973910 -1.084433
vn -0.829092 -2.975663 -1.057339
vn -0.796685 -2.972943 -1.042633
vn -0.796318 -2.972459 -1.061306
vn -0.792901 -2.972580 -1.043365
vn -0.786004 -2.972278 -1.013770
vn -0.798576 -2.973608 -1.007911
vn -0.819205 -2.975542 -1.010718
vn -0.828360 -2.975904 -1.043731
vn -0.827566 -2.974695 -1.080223
vn -0.850087 -2.975421 -1.103838
vn -0.840932 -2.975481 -1.088216
vn -0.826041 -2.974575 -1.079612
vn -0.803581 -2.972822 -1.071985
vn -0.389667 -2.413450 -2.257950
vn -0.929061 -2.516753 -2.282114
vn -1.377275 -2.515423 -2.229086
vn 0.089062 -2.374220 -1.937950
vn 0.339962 -2.396948 -1.454959
vn 0.499376 -2.306157 -0.943350
vn 0.353755 -2.402025 -0.604616
vn 0.154000 -2.320544 -0.060726
vn -0.427445 -2.363461 0.330304
vn -1.055640 -2.456609 0.352394
vn -1.644592 -2.454191 0.193065
vn -2.010902 -2.481875 -0.142984
vn -2.186794 -2.552900 -0.640009
vn -2.246055 -2.535612 -1.197690
vn -2.055149 -2.555499 -1.644799
vn -1.778495 -2.504180 -2.039917
vn 0.355708 -2.370714 -0.511252
vn 0.401420 -2.314257 -0.483853
vn 0.333737 -2.392294 -0.512534
vn 0.322385 -2.410730 -0.535722
vn 0.316160 -2.430375 -0.581184
vn 0.321225 -2.436238 -0.619017
vn 0.330441 -2.434788 -0.646599
vn 0.514877 -2.250607 -0.682908
vn 0.464832 -2.314318 -0.710001
vn 0.535750 -2.212042 -0.635005
vn 0.528976 -2.207569 -0.593815
vn 0.519638 -2.198261 -0.535234
vn 0.487291 -2.225461 -0.503380
vn 0.439321 -2.274363 -0.487087
vn 0.335568 -2.437568 -0.678880
vn 0.348201 -2.428924 -0.693159
vn 0.370722 -2.409461 -0.701885
vn 0.400993 -2.384012 -0.723121
vn 0.418143 -2.367571 -0.727454
vn 0.395561 -2.367873 -0.629757
vn -0.168368 -2.090122 0.444171
vn 0.078077 -1.676547 0.535948
vn -0.398700 -2.316131 0.365392
vn -0.559029 -2.546311 0.168351
vn -0.842092 -2.796197 -0.168735
vn -0.845876 -2.937037 -0.598148
vn -0.674256 -2.955232 -0.913998
vn 0.972734 -1.261461 -1.176332
vn 0.773772 -1.594098 -1.693312
vn 0.979386 -1.069241 -0.725928
vn 0.921224 -1.079880 -0.452122
vn 0.827357 -1.002085 -0.186920
vn 0.713656 -1.250822 -0.003548
vn 0.333615 -1.363736 0.441608
vn -0.569038 -2.913524 -1.300085
vn -0.516917 -2.821585 -1.623380
vn -0.318688 -2.619572 -1.926966
vn 0.010942 -2.265598 -2.155005
vn 0.344295 -2.088490 -1.985730
vn -2.189662 0.254900 0.025193
vn 0.240908 0.545345 -1.348659
vn 0.097179 0.596301 -1.546737
vn -2.052464 0.206180 0.215399
vn -2.291646 0.307427 -0.184540
vn 0.346004 0.489794 -1.129284
vn 0.411246 0.429529 -0.895509
vn -2.353409 0.365033 -0.408979
vn 0.432851 0.368176 -0.654593
vn -2.374648 0.423666 -0.640009
vn -1.883407 0.163686 0.379854
vn -0.078957 0.639762 -1.717660
vn 0.474841 0.325138 -0.665638
vn 0.410758 0.307004 -0.413434
vn 0.453175 0.261065 -0.417705
vn 0.276917 0.507747 -1.380146
vn 0.129770 0.559429 -1.584326
vn -0.284022 0.675426 -1.856424
vn -1.687070 0.130198 0.512699
vn -0.312951 0.130077 0.512760
vn -1.715999 0.675426 -1.856424
vn -1.921064 0.639762 -1.717660
vn -0.116613 0.163686 0.379854
vn -2.129730 0.559429 -1.584326
vn -2.097139 0.596301 -1.546737
vn -1.948589 0.603615 -1.761230
vn -2.411206 0.429529 -0.895509
vn -2.345963 0.489794 -1.129284
vn -2.385939 0.449779 -1.154426
vn -2.452097 0.388788 -0.913998
vn -0.530161 0.105415 0.610639
vn -1.490061 0.701176 -1.959002
vn -0.114843 -2.649977 -0.336058
vn -0.311486 -2.684008 -0.202541
vn -0.761469 0.090243 0.670624
vn -1.248865 0.716771 -2.022343
vn -2.240867 0.545345 -1.348659
vn 0.189642 0.254839 0.025315
vn 0.052566 0.206240 0.215277
vn 0.290404 0.541235 -1.095417
vn 0.352961 0.483569 -0.871649
vn -2.410717 0.307004 -0.413434
vn -2.346818 0.246437 -0.179536
vn 0.374689 0.423666 -0.640009
vn -2.432811 0.368176 -0.654593
vn 0.353450 0.365033 -0.408979
vn -2.474861 0.325138 -0.665821
vn -2.453134 0.261065 -0.417705
vn -0.999980 0.014141 0.733660
vn -0.999980 -0.040744 0.764110
vn -0.743770 -0.034639 0.742142
vn -0.751277 0.020004 0.712302
vn -0.510021 0.035479 0.649938
vn -0.495251 -0.019165 0.678130
vn -1.489817 0.035539 0.649999
vn -0.530039 0.743428 -1.891573
vn -0.313134 0.718705 -1.793022
vn -1.716609 0.060262 0.548397
vn -0.116979 0.684795 -1.659933
vn -1.921003 0.096711 0.409022
vn -1.248743 0.020004 0.712302
vn -0.761347 0.758963 -1.951252
vn -0.262295 0.008217 0.572562
vn -0.283351 0.060262 0.548397
vn -1.882980 0.684795 -1.659933
vn -1.686826 0.718705 -1.793022
vn -0.078957 0.096711 0.409022
vn -1.469920 0.743428 -1.891573
vn -1.238612 0.758963 -1.951252
vn 0.277466 0.142409 0.049114
vn 0.240786 0.191128 0.039655
vn 0.098034 0.139628 0.238221
vn 0.129648 0.090727 0.253111
vn -0.528757 -2.708852 -0.104052
vn -0.760859 -2.724266 -0.043823
vn -0.999980 0.084319 0.691311
vn -0.999980 -2.729525 -0.023686
vn -1.239100 -2.724266 -0.043823
vn -1.471202 -2.708852 -0.104052
vn -1.469798 0.105415 0.610639
vn -1.238551 0.090243 0.670624
vn -0.751094 0.716771 -2.022343
vn -0.510082 0.701236 -1.959002
vn -0.999980 0.722513 -2.042908
vn 0.291625 0.307427 -0.184540
vn 0.055129 -2.607906 -0.500634
vn 0.376153 -2.390057 -1.358178
vn 0.355952 -2.448448 -1.126538
vn 0.356318 -2.329792 -1.590001
vn -2.445505 -2.323082 -1.341031
vn -2.424510 -2.259855 -1.584754
vn 0.293395 -2.506175 -0.902038
vn -2.529850 0.303438 -0.949818
vn -2.553897 0.236282 -0.688522
vn -2.276815 0.507687 -1.380329
vn -2.386183 0.200074 -0.176912
vn -2.277608 0.142227 0.049114
vn -2.240745 0.191128 0.039655
vn 0.294310 -2.272187 -1.814929
vn 0.190252 0.594004 -1.305943
vn 0.192327 -2.219417 -2.025028
vn -2.098054 0.139628 0.238221
vn 0.052627 0.642724 -1.495905
vn -0.529184 -2.069812 -2.611634
vn -0.311669 -2.094595 -2.513571
vn -0.114782 -2.128203 -2.380421
vn 0.054641 -2.170757 -2.215600
vn -0.999980 0.764161 -1.971512
vn -1.470836 -2.069812 -2.611634
vn -1.688290 -2.094595 -2.513571
vn -1.238917 -2.054760 -2.671618
vn -0.761042 -2.054760 -2.671618
vn -0.051798 0.044908 0.429648
vn -2.190212 0.594004 -1.305943
vn -2.052586 0.642724 -1.495905
vn 0.346858 0.246437 -0.179536
vn -2.290486 0.541174 -1.095417
vn -2.352921 0.483569 -0.871649
vn -2.294270 -2.272187 -1.814929
vn -2.356277 -2.329792 -1.590001
vn -2.192286 -2.219417 -2.025028
vn -2.054600 -2.170757 -2.215600
vn -1.885177 -2.128203 -2.380421
vn 0.107738 -2.552356 -0.440589
vn -0.070046 -2.595998 -0.267530
vn 0.345577 0.044425 0.064431
vn 0.461414 0.103058 -0.173068
vn 0.386223 0.200074 -0.176912
vn -1.256189 -0.034639 0.742142
vn -1.504708 -0.019165 0.678130
vn -2.129607 0.090727 0.253111
vn -1.948161 0.044908 0.429648
vn -1.737665 0.008217 0.572562
vn -1.777457 -0.098471 0.616498
vn -1.531684 -0.126095 0.727131
vn -2.190212 -0.010400 0.279411
vn -1.999001 -0.058939 0.465529
vn -2.461312 0.102997 -0.172946
vn -2.530461 0.169368 -0.426981
vn -2.345780 0.044304 0.064308
vn -2.460214 0.367572 -1.203426
vn -1.737909 0.640185 -1.904082
vn -1.777030 0.568738 -1.992381
vn -1.504647 0.667447 -2.008857
vn -1.531562 0.597027 -2.103381
vn -1.256311 0.683405 -2.074151
vn -1.999245 0.529931 -1.842206
vn -2.191493 0.481755 -1.657126
vn -2.345414 0.428562 -1.441168
vn -0.730160 0.614496 -2.171176
vn -0.743648 0.683405 -2.074151
vn -0.495373 0.667447 -2.008857
vn -0.468397 0.597027 -2.103381
vn -0.999980 0.689268 -2.095387
vn -0.222930 0.568738 -1.992381
vn -0.262234 0.640246 -1.904082
vn -0.051371 0.603615 -1.761230
vn -0.000715 0.529931 -1.842206
vn -0.070596 -2.048776 -2.414532
vn -0.276881 -2.012388 -2.554883
vn 0.385857 0.449900 -1.154426
vn 0.453907 0.386915 -0.914120
vn 0.553937 0.236282 -0.688522
vn 0.531600 0.301443 -0.950001
vn 0.530623 0.169307 -0.427225
vn 0.460254 0.367572 -1.203426
vn 0.345455 0.428562 -1.441168
vn -2.193019 -2.559005 -0.690901
vn -2.293354 -2.506175 -0.902038
vn -2.355911 -2.448448 -1.126538
vn -2.376113 -2.390057 -1.358178
vn -1.688473 -2.684008 -0.202541
vn -1.885116 -2.649977 -0.336058
vn -2.055088 -2.607906 -0.500634
vn 0.252321 -2.143617 -2.041870
vn 0.358454 -2.200920 -1.820055
vn -1.494394 -1.987484 -2.657278
vn -1.251184 -1.969652 -2.721474
vn -0.999980 -1.966206 -2.741672
vn -0.748775 -1.969652 -2.721474
vn -0.505565 -1.987484 -2.657278
vn -1.723078 -2.012388 -2.554883
vn -2.252341 -2.143617 -2.041870
vn 0.193060 -2.559005 -0.690901
vn -2.358414 -2.200920 -1.820055
vn -0.000776 -0.058999 0.465468
vn 0.190130 -0.010340 0.279533
vn -0.222502 -0.098471 0.616498
vn 0.252626 -2.501037 -0.640680
vn -1.269860 -0.141871 0.794377
vn -0.999980 -0.147795 0.817321
vn -0.730099 -0.141871 0.794377
vn -0.468336 -0.126095 0.727131
vn -0.748775 -2.674639 0.038679
vn -0.999980 -2.680321 0.059610
vn -2.252585 -2.501037 -0.640680
vn -2.358536 -2.445124 -0.862007
vn -2.107697 -2.552356 -0.440589
vn -0.999980 0.620661 -2.193571
vn -1.269799 0.614496 -2.171176
vn 0.191534 0.481755 -1.657126
vn 0.108104 -2.091875 -2.242206
vn -1.929364 -2.048776 -2.414532
vn -2.108063 -2.091875 -2.242206
vn -2.424083 -2.384617 -1.097919
vn -1.929913 -2.595998 -0.267530
vn -1.723017 -2.631964 -0.127423
vn -1.494394 -2.658802 -0.024967
vn -1.251184 -2.674639 0.038679
vn -0.505565 -2.658802 -0.024967
vn -0.276942 -2.631964 -0.127423
vn 0.358576 -2.445124 -0.862007
vn 0.424124 -2.384617 -1.097919
vn 0.445546 -2.323082 -1.341031
vn 0.424429 -2.259916 -1.584754
vn -0.999980 -2.048776 -2.692427
vn -2.189662 0.254900 0.025193
vn -2.052464 0.206180 0.215399
vn -2.291646 0.307427 -0.184540
vn -2.353409 0.365033 -0.408979
vn -2.374648 0.423666 -0.640009
vn -1.883407 0.163686 0.379854
vn -1.687070 0.130198 0.512699
vn -0.312951 0.130077 0.512760
vn -0.116613 0.163686 0.379854
vn -0.530161 0.105415 0.610639
vn -0.761469 0.090243 0.670624
vn 0.189642 0.254839 0.025315
vn 0.052566 0.206240 0.215277
vn 0.290404 0.541235 -1.095417
vn 0.352961 0.483569 -0.871649
vn 0.374689 0.423666 -0.640009
vn 0.353450 0.365033 -0.408979
vn -0.530039 0.743428 -1.891573
vn -0.313134 0.718705 -1.793022
vn -0.116979 0.684795 -1.659933
vn -0.761347 0.758963 -1.951252
vn -1.882980 0.684795 -1.659933
vn -1.686826 0.718705 -1.793022
vn -1.469920 0.743428 -1.891573
vn -1.238612 0.758963 -1.951252
vn -0.999980 0.084319 0.691311
vn -0.999980 0.084319 0.691311
vn -0.999980 0.084319 0.691311
vn -0.999980 -2.729525 -0.023686
vn -1.469798 0.105415 0.610639
vn -1.238551 0.090243 0.670624
vn -0.999980 0.722513 -2.042908
vn 0.291625 0.307427 -0.184540
vn 0.190252 0.594004 -1.305943
vn 0.052627 0.642724 -1.495905
vn -0.999980 0.764161 -1.971512
vn -2.190212 0.594004 -1.305943
vn -2.052586 0.642724 -1.495905
vn -2.290486 0.541174 -1.095417
vn -2.352921 0.483569 -0.871649
vn -0.999980 0.689268 -2.095387
vn -0.999980 -1.966206 -2.741672
vn -0.999980 0.620661 -2.193571
vn -2.414806 0.425238 -0.885867
vn -1.804006 -0.315413 0.705346
vn -0.195954 -0.315413 0.705346
vn 0.414847 0.425238 -0.885867
vn -0.679077 -1.461297 0.915872
vn -1.320882 -1.461297 0.915872
vn 0.413932 -2.393624 -1.113968
vn -2.413891 -2.393624 -1.113968
vn -0.678833 -1.147036 -2.966844
vn -1.321126 -1.147036 -2.966844
vn -1.803884 -0.050053 -2.574898
vn -0.196076 -0.050053 -2.574898
vn -2.413281 -2.394349 -1.113114
vn -1.804006 -1.917668 0.575613
vn -0.679016 -0.820564 0.967741
vn 0.414176 0.425842 -0.885562
vn -0.679016 -0.507754 -2.915341
vn -1.803945 -1.653638 -2.703960
vn 0.413321 -2.394349 -1.113114
vn -0.195771 -1.916338 0.576345
vn -1.321065 -0.822015 0.967863
vn -2.414135 0.425842 -0.885562
vn -1.321004 -0.509144 -2.915707
vn -0.196320 -1.654907 -2.703533
vn -2.414806 0.425238 -0.885867
vn 0.414847 0.425238 -0.885867
vn -2.413281 -2.394349 -1.113114
vn 0.413321 -2.394349 -1.113114
vn 0.413321 -2.394349 -1.113114
vn 0.413321 -2.394349 -1.113114
vn -0.195771 -1.916338 0.576345
vn -1.321065 -0.822015 0.967863
vn -2.414135 0.425842 -0.885562
vn -1.321004 -0.509144 -2.915707
vn -0.196320 -1.654907 -2.703533
vn -0.443741 0.288508 -2.438941
vn -2.541874 0.215307 -1.429391
vn -2.040685 0.124093 0.300220
vn -0.435257 -1.975817 -2.641779
vn -2.516301 -2.119317 -1.640955
vn -2.027563 -2.326226 0.069068
vn -0.617375 0.084441 0.647375
vn -0.617436 -2.370714 0.389678
vn -1.006327 0.693137 0.090304
vn -1.006327 -2.850599 -0.281992
vn -1.393753 0.082808 0.645788
vn -1.393631 -2.368780 0.388519
vn 0.109264 0.115631 0.249694
vn 0.099254 -2.306339 0.021471
vn 0.460132 0.230781 -1.626310
vn -1.752251 0.282947 -2.352107
vn -1.756035 -1.990989 -2.553236
vn 0.439260 -2.093265 -1.834761
f 1808/1808/1808 1807/1807/1807 1806/1806/1806
f 1807/1807/1807 1808/1808/1808 1809/1809/1809
f 1968/1968/1968 1967/1967/1967 1969/1969/1969
f 1967/1967/1967 1968/1968/1968 1970/1970/1970
f 1878/1878/1878 1876/1876/1876 1879/1879/1879
f 1876/1876/1876 1878/1878/1878 1877/1877/1877
f 1947/1947/1947 1950/1950/1950 1948/1948/1948
f 1950/1950/1950 1947/1947/1947 1949/1949/1949
f 1732/1732/1732 1734/1734/1734 1733/1733/1733
f 1734/1734/1734 1732/1732/1732 1735/1735/1735
f 1874/1874/1874 1873/1873/1873 1872/1872/1872
f 1873/1873/1873 1874/1874/1874 1875/1875/1875
f 1952/1952/1952 1954/1954/1954 1953/1953/1953
f 1952/1952/1952 1956/1956/1956 1955/1955/1955
f 1956/1956/1956 1957/1957/1957 1955/1955/1955
f 1957/1957/1957 1956/1956/1956 1958/1958/1958
f 1956/1956/1956 1952/1952/1952 1953/1953/1953
f 1954/1954/1954 1952/1952/1952 1951/1951/1951
f 1810/1810/1810 1812/1812/1812 1811/1811/1811
f 1812/1812/1812 1814/1814/1814 1811/1811/1811
f 1815/1815/1815 1816/1816/1816 1814/1814/1814
f 1816/1816/1816 1815/1815/1815 1817/1817/1817
f 1814/1814/1814 1812/1812/1812 1815/1815/1815
f 1812/1812/1812 1810/1810/1810 1813/1813/1813
f 1740/1740/1740 1745/1745/1745 1746/1746/1746
f 1740/1740/1740 1743/1743/1743 1741/1741/1741
f 1749/1749/1749 1753/1753/1753 1744/1744/1744
f 1749/1749/1749 1751/1751/1751 1750/1750/1750
f 1744/1744/1744 1745/1745/1745 1741/1741/1741
f 1748/1748/1748 1746/1746/1746 1745/1745/1745
f 1754/1754/1754 1742/1742/1742 1755/1755/1755
f 1742/1742/1742 1754/1754/1754 1753/1753/1753
f 1746/1746/1746 1748/1748/1748 1747/1747/1747
f 1745/1745/1745 1744/1744/1744 1753/1753/1753
f 1751/1751/1751 1749/1749/1749 1744/1744/1744
f 1753/1753/1753 1749/1749/1749 1742/1742/1742
f 1743/1743/1743 1740/1740/1740 1752/1752/1752
f 1745/1745/1745 1740/1740/1740 1741/1741/1741
f 1709/1709/1709 1711/1711/1711 1708/1708/1708
f 1711/1711/1711 1709/1709/1709 1710/1710/1710
f 1892/1892/1892 1898/1898/1898 1893/1893/1893
f 1904/1904/1904 1893/1893/1893 1895/1895/1895
f 1896/1896/1896 1894/1894/1894 1901/1901/1901
f 1902/1902/1902 1901/1901/1901 1903/1903/1903
f 1893/1893/1893 1905/1905/1905 1896/1896/1896
f 1897/1897/1897 1899/1899/1899 1898/1898/1898
f 1906/1906/1906 1905/1905/1905 1907/1907/1907
f 1905/1905/1905 1906/1906/1906 1894/1894/1894
f 1899/1899/1899 1897/1897/1897 1900/1900/1900
f 1905/1905/1905 1893/1893/1893 1898/1898/1898
f 1901/1901/1901 1902/1902/1902 1896/1896/1896
f 1894/1894/1894 1896/1896/1896 1905/1905/1905
f 1893/1893/1893 1904/1904/1904 1892/1892/1892
f 1898/1898/1898 1892/1892/1892 1897/1897/1897
f 1578/1578/1578 1579/1579/1579 1581/1581/1581
f 1579/1579/1579 1578/1578/1578 1580/1580/1580
f 1590/1590/1590 1591/1591/1591 1593/1593/1593
f 1591/1591/1591 1590/1590/1590 1592/1592/1592
f 1828/1828/1828 1826/1826/1826 1825/1825/1825
f 1825/1825/1825 1823/1823/1823 1828/1828/1828
f 1822/1822/1822 1828/1828/1828 1823/1823/1823
f 1825/1825/1825 1829/1829/1829 1824/1824/1824
f 1829/1829/1829 1825/1825/1825 1830/1830/1830
f 1823/1823/1823 1825/1825/1825 1824/1824/1824
f 1826/1826/1826 1828/1828/1828 1827/1827/1827
f 1990/1990/1990 1989/1989/1989 1988/1988/1988
f 1989/1989/1989 1990/1990/1990 1987/1987/1987
f 1700/1700/1700 1702/1702/1702 1705/1705/1705
f 1702/1702/1702 1704/1704/1704 1705/1705/1705
f 1699/1699/1699 1700/1700/1700 1705/1705/1705
f 1706/1706/1706 1702/1702/1702 1701/1701/1701
f 1702/1702/1702 1706/1706/1706 1707/1707/1707
f 1704/1704/1704 1702/1702/1702 1703/1703/1703
f 1702/1702/1702 1700/1700/1700 1701/1701/1701
f 1760/1760/1760 1763/1763/1763 1766/1766/1766
f 1763/1763/1763 1765/1765/1765 1766/1766/1766
f 1762/1762/1762 1760/1760/1760 1761/1761/1761
f 1760/1760/1760 1762/1762/1762 1763/1763/1763
f 1765/1765/1765 1763/1763/1763 1764/1764/1764
f 1790/1790/1790 1798/1798/1798 1791/1791/1791
f 1799/1799/1799 1791/1791/1791 1798/1798/1798
f 1804/1804/1804 1800/1800/1800 1793/1793/1793
f 1801/1801/1801 1793/1793/1793 1800/1800/1800
f 1801/1801/1801 1795/1795/1795 1794/1794/1794
f 1796/1796/1796 1802/1802/1802 1803/1803/1803
f 1790/1790/1790 1803/1803/1803 1797/1797/1797
f 1803/1803/1803 1790/1790/1790 1796/1796/1796
f 1802/1802/1802 1796/1796/1796 1795/1795/1795
f 1795/1795/1795 1801/1801/1801 1802/1802/1802
f 1793/1793/1793 1801/1801/1801 1794/1794/1794
f 1800/1800/1800 1804/1804/1804 1805/1805/1805
f 1791/1791/1791 1799/1799/1799 1792/1792/1792
f 1798/1798/1798 1790/1790/1790 1797/1797/1797
f 1738/1738/1738 1739/1739/1739 1737/1737/1737
f 1739/1739/1739 1738/1738/1738 1736/1736/1736
f 1487/1487/1487 1489/1489/1489 1486/1486/1486
f 1489/1489/1489 1487/1487/1487 1488/1488/1488
f 1380/1380/1380 1382/1382/1382 1381/1381/1381
f 1382/1382/1382 1380/1380/1380 1383/1383/1383
f 1870/1870/1870 1871/1871/1871 1868/1868/1868
f 1871/1871/1871 1870/1870/1870 1869/1869/1869
f 1582/1582/1582 1583/1583/1583 1585/1585/1585
f 1583/1583/1583 1582/1582/1582 1584/1584/1584
f 1931/1931/1931 1938/1938/1938 1932/1932/1932
f 1940/1940/1940 1931/1931/1931 1933/1933/1933
f 1940/1940/1940 1934/1934/1934 1941/1941/1941
f 1942/1942/1942 1934/1934/1934 1935/1935/1935
f 1936/1936/1936 1942/1942/1942 1935/1935/1935
f 1944/1944/1944 1936/1936/1936 1937/1937/1937
f 1932/1932/1932 1946/1946/1946 1945/1945/1945
f 1946/1946/1946 1932/1932/1932 1938/1938/1938
f 1936/1936/1936 1944/1944/1944 1943/1943/1943
f 1942/1942/1942 1936/1936/1936 1943/1943/1943
f 1934/1934/1934 1942/1942/1942 1941/1941/1941
f 1934/1934/1934 1940/1940/1940 1933/1933/1933
f 1931/1931/1931 1940/1940/1940 1939/1939/1939
f 1938/1938/1938 1931/1931/1931 1939/1939/1939
f 1450/1450/1450 1448/1448/1448 1449/1449/1449
f 1451/1451/1451 1453/1453/1453 1452/1452/1452
f 1452/1452/1452 1454/1454/1454 1455/1455/1455
f 1454/1454/1454 1452/1452/1452 1453/1453/1453
f 1453/1453/1453 1451/1451/1451 1450/1450/1450
f 1448/1448/1448 1450/1450/1450 1451/1451/1451
f 1411/1411/1411 1409/1409/1409 1410/1410/1410
f 1409/1409/1409 1411/1411/1411 1408/1408/1408
f 1694/1694/1694 1696/1696/1696 1695/1695/1695
f 1694/1694/1694 1692/1692/1692 1691/1691/1691
f 1697/1697/1697 1696/1696/1696 1691/1691/1691
f 1694/1694/1694 1698/1698/1698 1693/1693/1693
f 1698/1698/1698 1694/1694/1694 1690/1690/1690
f 1692/1692/1692 1694/1694/1694 1693/1693/1693
f 1696/1696/1696 1694/1694/1694 1691/1691/1691
f 1915/1915/1915 1922/1922/1922 1916/1916/1916
f 1915/1915/1915 1924/1924/1924 1923/1923/1923
f 1925/1925/1925 1917/1917/1917 1918/1918/1918
f 1926/1926/1926 1918/1918/1918 1919/1919/1919
f 1927/1927/1927 1919/1919/1919 1920/1920/1920
f 1928/1928/1928 1920/1920/1920 1921/1921/1921
f 1930/1930/1930 1916/1916/1916 1922/1922/1922
f 1916/1916/1916 1930/1930/1930 1929/1929/1929
f 1920/1920/1920 1928/1928/1928 1927/1927/1927
f 1919/1919/1919 1927/1927/1927 1926/1926/1926
f 1918/1918/1918 1926/1926/1926 1925/1925/1925
f 1917/1917/1917 1925/1925/1925 1924/1924/1924
f 1924/1924/1924 1915/1915/1915 1917/1917/1917
f 1922/1922/1922 1915/1915/1915 1923/1923/1923
f 1496/1496/1496 1494/1494/1494 1495/1495/1495
f 1494/1494/1494 1496/1496/1496 1497/1497/1497
f 1833/1833/1833 1834/1834/1834 1836/1836/1836
f 1837/1837/1837 1836/1836/1836 1835/1835/1835
f 1838/1838/1838 1833/1833/1833 1837/1837/1837
f 1834/1834/1834 1831/1831/1831 1836/1836/1836
f 1831/1831/1831 1834/1834/1834 1839/1839/1839
f 1836/1836/1836 1837/1837/1837 1833/1833/1833
f 1834/1834/1834 1833/1833/1833 1832/1832/1832
f 1619/1619/1619 1617/1617/1617 1618/1618/1618
f 1620/1620/1620 1617/1617/1617 1616/1616/1616
f 1622/1622/1622 1620/1620/1620 1623/1623/1623
f 1625/1625/1625 1619/1619/1619 1624/1624/1624
f 1625/1625/1625 1620/1620/1620 1616/1616/1616
f 1623/1623/1623 1626/1626/1626 1627/1627/1627
f 1628/1628/1628 1625/1625/1625 1624/1624/1624
f 1629/1629/1629 1626/1626/1626 1625/1625/1625
f 1631/1631/1631 1626/1626/1626 1630/1630/1630
f 1629/1629/1629 1633/1633/1633 1632/1632/1632
f 1629/1629/1629 1634/1634/1634 1630/1630/1630
f 1634/1634/1634 1631/1631/1631 1630/1630/1630
f 1636/1636/1636 1632/1632/1632 1633/1633/1633
f 1634/1634/1634 1637/1637/1637 1638/1638/1638
f 1634/1634/1634 1639/1639/1639 1635/1635/1635
f 1640/1640/1640 1637/1637/1637 1636/1636/1636
f 1642/1642/1642 1637/1637/1637 1641/1641/1641
f 1643/1643/1643 1638/1638/1638 1642/1642/1642
f 1638/1638/1638 1643/1643/1643 1639/1639/1639
f 1637/1637/1637 1642/1642/1642 1638/1638/1638
f 1637/1637/1637 1640/1640/1640 1641/1641/1641
f 1639/1639/1639 1634/1634/1634 1638/1638/1638
f 1637/1637/1637 1634/1634/1634 1632/1632/1632
f 1632/1632/1632 1636/1636/1636 1637/1637/1637
f 1631/1631/1631 1634/1634/1634 1635/1635/1635
f 1634/1634/1634 1629/1629/1629 1632/1632/1632
f 1633/1633/1633 1629/1629/1629 1628/1628/1628
f 1626/1626/1626 1631/1631/1631 1627/1627/1627
f 1626/1626/1626 1629/1629/1629 1630/1630/1630
f 1625/1625/1625 1628/1628/1628 1629/1629/1629
f 1626/1626/1626 1623/1623/1623 1620/1620/1620
f 1620/1620/1620 1625/1625/1625 1626/1626/1626
f 1619/1619/1619 1625/1625/1625 1616/1616/1616
f 1620/1620/1620 1622/1622/1622 1621/1621/1621
f 1617/1617/1617 1620/1620/1620 1621/1621/1621
f 1617/1617/1617 1619/1619/1619 1616/1616/1616
f 1774/1774/1774 1781/1781/1781 1775/1775/1775
f 1782/1782/1782 1776/1776/1776 1783/1783/1783
f 1784/1784/1784 1788/1788/1788 1777/1777/1777
f 1784/1784/1784 1778/1778/1778 1785/1785/1785
f 1785/1785/1785 1779/1779/1779 1786/1786/1786
f 1787/1787/1787 1779/1779/1779 1780/1780/1780
f 1787/1787/1787 1775/1775/1775 1781/1781/1781
f 1775/1775/1775 1787/1787/1787 1780/1780/1780
f 1779/1779/1779 1787/1787/1787 1786/1786/1786
f 1779/1779/1779 1785/1785/1785 1778/1778/1778
f 1778/1778/1778 1784/1784/1784 1777/1777/1777
f 1788/1788/1788 1784/1784/1784 1789/1789/1789
f 1776/1776/1776 1782/1782/1782 1774/1774/1774
f 1781/1781/1781 1774/1774/1774 1782/1782/1782
f 1666/1666/1666 1665/1665/1665 1688/1688/1688
f 1667/1667/1667 1664/1664/1664 1668/1668/1668
f 1670/1670/1670 1668/1668/1668 1669/1669/1669
f 1669/1669/1669 1672/1672/1672 1670/1670/1670
f 1674/1674/1674 1671/1671/1671 1673/1673/1673
f 1689/1689/1689 1674/1674/1674 1673/1673/1673
f 1666/1666/1666 1678/1678/1678 1664/1664/1664
f 1665/1665/1665 1676/1676/1676 1688/1688/1688
f 1678/1678/1678 1668/1668/1668 1664/1664/1664
f 1667/1667/1667 1677/1677/1677 1665/1665/1665
f 1669/1669/1669 1680/1680/1680 1682/1682/1682
f 1670/1670/1670 1679/1679/1679 1667/1667/1667
f 1669/1669/1669 1684/1684/1684 1671/1671/1671
f 1683/1683/1683 1670/1670/1670 1672/1672/1672
f 1686/1686/1686 1672/1672/1672 1674/1674/1674
f 1684/1684/1684 1673/1673/1673 1671/1671/1671
f 1675/1675/1675 1686/1686/1686 1674/1674/1674
f 1673/1673/1673 1687/1687/1687 1689/1689/1689
f 1687/1687/1687 1673/1673/1673 1685/1685/1685
f 1686/1686/1686 1675/1675/1675 1663/1663/1663
f 1673/1673/1673 1684/1684/1684 1685/1685/1685
f 1672/1672/1672 1686/1686/1686 1683/1683/1683
f 1670/1670/1670 1683/1683/1683 1681/1681/1681
f 1684/1684/1684 1669/1669/1669 1682/1682/1682
f 1679/1679/1679 1670/1670/1670 1681/1681/1681
f 1680/1680/1680 1669/1669/1669 1668/1668/1668
f 1677/1677/1677 1667/1667/1667 1679/1679/1679
f 1668/1668/1668 1678/1678/1678 1680/1680/1680
f 1676/1676/1676 1665/1665/1665 1677/1677/1677
f 1678/1678/1678 1666/1666/1666 1662/1662/1662
f 1674/1674/1674 1689/1689/1689 1675/1675/1675
f 1671/1671/1671 1674/1674/1674 1672/1672/1672
f 1672/1672/1672 1669/1669/1669 1671/1671/1671
f 1668/1668/1668 1670/1670/1670 1667/1667/1667
f 1664/1664/1664 1667/1667/1667 1665/1665/1665
f 1665/1665/1665 1666/1666/1666 1664/1664/1664
f 1562/1562/1562 1567/1567/1567 1566/1566/1566
f 1564/1564/1564 1566/1566/1566 1568/1568/1568
f 1564/1564/1564 1569/1569/1569 1565/1565/1565
f 1569/1569/1569 1564/1564/1564 1568/1568/1568
f 1566/1566/1566 1564/1564/1564 1562/1562/1562
f 1567/1567/1567 1562/1562/1562 1563/1563/1563
f 3374/3374/3374 3372/3372/3372 3373/3373/3373
f 3373/3373/3373 3376/3376/3376 3377/3377/3377
f 3376/3376/3376 3378/3378/3378 3377/3377/3377
f 3381/3381/3381 3378/3378/3378 3379/3379/3379
f 3375/3375/3375 3383/3383/3383 3382/3382/3382
f 3386/3386/3386 3380/3380/3380 3385/3385/3385
f 3387/3387/3387 3374/3374/3374 3373/3373/3373
f 3383/3383/3383 3390/3390/3390 3382/3382/3382
f 3393/3393/3393 3391/3391/3391 3392/3392/3392
f 3395/3395/3395 3393/3393/3393 3397/3397/3397
f 3398/3398/3398 3400/3400/3400 3401/3401/3401
f 3402/3402/3402 3392/3392/3392 3391/3391/3391
f 3595/3595/3595 3404/3404/3404 3405/3405/3405
f 3407/3407/3407 3402/3402/3402 3598/3598/3598
f 3408/3408/3408 3410/3410/3410 3396/3396/3396
f 3601/3601/3601 3413/3413/3413 3414/3414/3414
f 3416/3416/3416 3412/3412/3412 3415/3415/3415
f 3604/3604/3604 3416/3416/3416 3415/3415/3415
f 3419/3419/3419 3416/3416/3416 3418/3418/3418
f 3420/3420/3420 3422/3422/3422 3423/3423/3423
f 3425/3425/3425 3423/3423/3423 3422/3422/3422
f 3428/3428/3428 3426/3426/3426 3427/3427/3427
f 3430/3430/3430 3429/3429/3429 3428/3428/3428
f 3433/3433/3433 3426/3426/3426 3432/3432/3432
f 3425/3425/3425 3435/3435/3435 3424/3424/3424
f 3438/3438/3438 3437/3437/3437 3435/3435/3435
f 3437/3437/3437 3424/3424/3424 3435/3435/3435
f 3439/3439/3439 3423/3423/3423 3424/3424/3424
f 3443/3443/3443 3441/3441/3441 3442/3442/3442
f 3406/3406/3406 3445/3445/3445 3446/3446/3446
f 3446/3446/3446 3447/3447/3447 3406/3406/3406
f 3450/3450/3450 3618/3618/3618 3449/3449/3449
f 3452/3452/3452 3454/3454/3454 3453/3453/3453
f 3452/3452/3452 3455/3455/3455 3615/3615/3615
f 3614/3614/3614 3407/3407/3407 3598/3598/3598
f 3409/3409/3409 3399/3399/3399 3456/3456/3456
f 3393/3393/3393 3410/3410/3410 3394/3394/3394
f 3457/3457/3457 3596/3596/3596 3600/3600/3600
f 3458/3458/3458 3417/3417/3417 3603/3603/3603
f 3460/3460/3460 3603/3603/3603 3602/3602/3602
f 3461/3461/3461 3459/3459/3459 3458/3458/3458
f 3459/3459/3459 3620/3620/3620 3417/3417/3417
f 3464/3464/3464 3418/3418/3418 3401/3401/3401
f 3399/3399/3399 3466/3466/3466 3400/3400/3400
f 3418/3418/3418 3398/3398/3398 3401/3401/3401
f 3414/3414/3414 3419/3419/3419 3467/3467/3467
f 3467/3467/3467 3469/3469/3469 3414/3414/3414
f 3602/3602/3602 3470/3470/3470 3460/3460/3460
f 3621/3621/3621 3470/3470/3470 3411/3411/3411
f 3399/3399/3399 3604/3604/3604 3456/3456/3456
f 3414/3414/3414 3471/3471/3471 3601/3601/3601
f 3474/3474/3474 3469/3469/3469 3473/3473/3473
f 3430/3430/3430 3473/3473/3473 3431/3431/3431
f 3476/3476/3476 3605/3605/3605 3475/3475/3475
f 3477/3477/3477 3606/3606/3606 3476/3476/3476
f 3621/3621/3621 3478/3478/3478 3472/3472/3472
f 3433/3433/3433 3420/3420/3420 3479/3479/3479
f 3423/3423/3423 3479/3479/3479 3420/3420/3420
f 3611/3611/3611 3481/3481/3481 3480/3480/3480
f 3480/3480/3480 3612/3612/3612 3611/3611/3611
f 3608/3608/3608 3475/3475/3475 3605/3605/3605
f 3435/3435/3435 3484/3484/3484 3438/3438/3438
f 3486/3486/3486 3442/3442/3442 3485/3485/3485
f 3443/3443/3443 3436/3436/3436 3438/3438/3438
f 3488/3488/3488 3442/3442/3442 3487/3487/3487
f 3385/3385/3385 3488/3488/3488 3487/3487/3487
f 3490/3490/3490 3627/3627/3627 3491/3491/3491
f 3490/3490/3490 3624/3624/3624 3626/3626/3626
f 3381/3381/3381 3385/3385/3385 3380/3380/3380
f 3609/3609/3609 3493/3493/3493 3494/3494/3494
f 3493/3493/3493 3496/3496/3496 3494/3494/3494
f 3624/3624/3624 3493/3493/3493 3625/3625/3625
f 3497/3497/3497 3499/3499/3499 3441/3441/3441
f 3443/3443/3443 3484/3484/3484 3444/3444/3444
f 3487/3487/3487 3441/3441/3441 3499/3499/3499
f 3499/3499/3499 3385/3385/3385 3487/3487/3487
f 3421/3421/3421 3432/3432/3432 3500/3500/3500
f 3426/3426/3426 3500/3500/3500 3432/3432/3432
f 3469/3469/3469 3502/3502/3502 3473/3473/3473
f 3503/3503/3503 3473/3473/3473 3502/3502/3502
f 3501/3501/3501 3429/3429/3429 3504/3504/3504
f 3506/3506/3506 3504/3504/3504 3505/3505/3505
f 3507/3507/3507 3503/3503/3503 3502/3502/3502
f 3509/3509/3509 3419/3419/3419 3510/3510/3510
f 3467/3467/3467 3511/3511/3511 3468/3468/3468
f 3418/3418/3418 3510/3510/3510 3419/3419/3419
f 3401/3401/3401 3512/3512/3512 3464/3464/3464
f 3466/3466/3466 3396/3396/3396 3395/3395/3395
f 3397/3397/3397 3392/3392/3392 3513/3513/3513
f 3514/3514/3514 3515/3515/3515 3516/3516/3516
f 3513/3513/3513 3403/3403/3403 3515/3515/3515
f 3403/3403/3403 3517/3517/3517 3515/3515/3515
f 3518/3518/3518 3513/3513/3513 3514/3514/3514
f 3518/3518/3518 3395/3395/3395 3397/3397/3397
f 3519/3519/3519 3466/3466/3466 3395/3395/3395
f 3523/3523/3523 3521/3521/3521 3522/3522/3522
f 3523/3523/3523 3453/3453/3453 3454/3454/3454
f 3525/3525/3525 3453/3453/3453 3522/3522/3522
f 3628/3628/3628 3407/3407/3407 3619/3619/3619
f 3528/3528/3528 3526/3526/3526 3527/3527/3527
f 3528/3528/3528 3374/3374/3374 3388/3388/3388
f 3383/3383/3383 3527/3527/3527 3389/3389/3389
f 3389/3389/3389 3523/3523/3523 3454/3454/3454
f 3524/3524/3524 3527/3527/3527 3526/3526/3526
f 3531/3531/3531 3529/3529/3529 3530/3530/3530
f 3387/3387/3387 3377/3377/3377 3532/3532/3532
f 3378/3378/3378 3532/3532/3532 3377/3377/3377
f 3378/3378/3378 3384/3384/3384 3533/3533/3533
f 3534/3534/3534 3533/3533/3533 3384/3384/3384
f 3536/3536/3536 3384/3384/3384 3386/3386/3386
f 3535/3535/3535 3532/3532/3532 3533/3533/3533
f 3538/3538/3538 3532/3532/3532 3537/3537/3537
f 3503/3503/3503 3429/3429/3429 3431/3431/3431
f 3588/3588/3588 3540/3540/3540 3590/3590/3590
f 3389/3389/3389 3451/3451/3451 3390/3390/3390
f 3540/3540/3540 3591/3591/3591 3590/3590/3590
f 3591/3591/3591 3542/3542/3542 3592/3592/3592
f 3491/3491/3491 3592/3592/3592 3542/3542/3542
f 3543/3543/3543 3617/3617/3617 3450/3450/3450
f 3594/3594/3594 3544/3544/3544 3593/3593/3593
f 3544/3544/3544 3531/3531/3531 3530/3530/3530
f 3589/3589/3589 3544/3544/3544 3545/3545/3545
f 3547/3547/3547 3539/3539/3539 3546/3546/3546
f 3588/3588/3588 3545/3545/3545 3539/3539/3539
f 3449/3449/3449 3613/3613/3613 3448/3448/3448
f 3446/3446/3446 3548/3548/3548 3549/3549/3549
f 3551/3551/3551 3448/3448/3448 3550/3550/3550
f 3450/3450/3450 3551/3551/3551 3552/3552/3552
f 3405/3405/3405 3597/3597/3597 3595/3595/3595
f 3445/3445/3445 3553/3553/3553 3548/3548/3548
f 3556/3556/3556 3555/3555/3555 3463/3463/3463
f 3555/3555/3555 3600/3600/3600 3599/3599/3599
f 3555/3555/3555 3620/3620/3620 3463/3463/3463
f 3477/3477/3477 3622/3622/3622 3607/3607/3607
f 3557/3557/3557 3444/3444/3444 3484/3484/3484
f 3557/3557/3557 3434/3434/3434 3559/3559/3559
f 3495/3495/3495 3497/3497/3497 3558/3558/3558
f 3444/3444/3444 3497/3497/3497 3441/3441/3441
f 3501/3501/3501 3561/3561/3561 3500/3500/3500
f 3562/3562/3562 3500/3500/3500 3561/3561/3561
f 3425/3425/3425 3563/3563/3563 3564/3564/3564
f 3422/3422/3422 3562/3562/3562 3563/3563/3563
f 3434/3434/3434 3564/3564/3564 3559/3559/3559
f 3562/3562/3562 3565/3565/3565 3563/3563/3563
f 3465/3465/3465 3462/3462/3462 3461/3461/3461
f 3511/3511/3511 3568/3568/3568 3567/3567/3567
f 3507/3507/3507 3468/3468/3468 3511/3511/3511
f 3507/3507/3507 3567/3567/3567 3569/3569/3569
f 3521/3521/3521 3525/3525/3525 3522/3522/3522
f 3571/3571/3571 3628/3628/3628 3630/3630/3630
f 3515/3515/3515 3571/3571/3571 3516/3516/3516
f 3548/3548/3548 3571/3571/3571 3549/3549/3549
f 3524/3524/3524 3531/3531/3531 3552/3552/3552
f 3530/3530/3530 3572/3572/3572 3573/3573/3573
f 3521/3521/3521 3552/3552/3552 3551/3551/3551
f 3550/3550/3550 3521/3521/3521 3551/3551/3551
f 3571/3571/3571 3629/3629/3629 3549/3549/3549
f 3518/3518/3518 3553/3553/3553 3574/3574/3574
f 3553/3553/3553 3404/3404/3404 3574/3574/3574
f 3514/3514/3514 3548/3548/3548 3553/3553/3553
f 3556/3556/3556 3520/3520/3520 3554/3554/3554
f 3518/3518/3518 3575/3575/3575 3519/3519/3519
f 3556/3556/3556 3464/3464/3464 3512/3512/3512
f 3400/3400/3400 3520/3520/3520 3512/3512/3512
f 3465/3465/3465 3576/3576/3576 3510/3510/3510
f 3575/3575/3575 3520/3520/3520 3519/3519/3519
f 3457/3457/3457 3554/3554/3554 3575/3575/3575
f 3568/3568/3568 3510/3510/3510 3576/3576/3576
f 3507/3507/3507 3577/3577/3577 3508/3508/3508
f 3508/3508/3508 3578/3578/3578 3505/3505/3505
f 3505/3505/3505 3503/3503/3503 3508/3508/3508
f 3577/3577/3577 3476/3476/3476 3578/3578/3578
f 3475/3475/3475 3578/3578/3578 3476/3476/3476
f 3475/3475/3475 3580/3580/3580 3579/3579/3579
f 3578/3578/3578 3506/3506/3506 3505/3505/3505
f 3561/3561/3561 3566/3566/3566 3562/3562/3562
f 3561/3561/3561 3579/3579/3579 3580/3580/3580
f 3563/3563/3563 3581/3581/3581 3564/3564/3564
f 3559/3559/3559 3496/3496/3496 3557/3557/3557
f 3582/3582/3582 3564/3564/3564 3581/3581/3581
f 3558/3558/3558 3496/3496/3496 3495/3495/3495
f 3492/3492/3492 3495/3495/3495 3493/3493/3493
f 3583/3583/3583 3492/3492/3492 3490/3490/3490
f 3497/3497/3497 3583/3583/3583 3498/3498/3498
f 3498/3498/3498 3386/3386/3386 3499/3499/3499
f 3584/3584/3584 3498/3498/3498 3583/3583/3583
f 3491/3491/3491 3585/3585/3585 3584/3584/3584
f 3585/3585/3585 3535/3535/3535 3534/3534/3534
f 3534/3534/3534 3584/3584/3584 3585/3585/3585
f 3387/3387/3387 3572/3572/3572 3388/3388/3388
f 3572/3572/3572 3528/3528/3528 3388/3388/3388
f 3535/3535/3535 3547/3547/3547 3537/3537/3537
f 3547/3547/3547 3538/3538/3538 3537/3537/3537
f 3572/3572/3572 3546/3546/3546 3573/3573/3573
f 3541/3541/3541 3547/3547/3547 3586/3586/3586
f 3539/3539/3539 3573/3573/3573 3546/3546/3546
f 3544/3544/3544 3573/3573/3573 3545/3545/3545
f 3478/3478/3478 3567/3567/3567 3472/3472/3472
f 3584/3584/3584 3490/3490/3490 3491/3491/3491
f 3585/3585/3585 3541/3541/3541 3586/3586/3586
f 3552/3552/3552 3543/3543/3543 3450/3450/3450
f 3446/3446/3446 3629/3629/3629 3616/3616/3616
f 3575/3575/3575 3404/3404/3404 3457/3457/3457
f 3462/3462/3462 3463/3463/3463 3459/3459/3459
f 3458/3458/3458 3576/3576/3576 3461/3461/3461
f 3568/3568/3568 3460/3460/3460 3470/3470/3470
f 3568/3568/3568 3472/3472/3472 3567/3567/3567
f 3569/3569/3569 3477/3477/3477 3577/3577/3577
f 3587/3587/3587 3580/3580/3580 3483/3483/3483
f 3587/3587/3587 3565/3565/3565 3566/3566/3566
f 3623/3623/3623 3482/3482/3482 3587/3587/3587
f 3483/3483/3483 3623/3623/3623 3587/3587/3587
f 3609/3609/3609 3481/3481/3481 3610/3610/3610
f 3581/3581/3581 3481/3481/3481 3582/3582/3582
f 3494/3494/3494 3582/3582/3582 3481/3481/3481
f 3581/3581/3581 3482/3482/3482 3480/3480/3480
f 3482/3482/3482 3581/3581/3581 3565/3565/3565
f 3582/3582/3582 3494/3494/3494 3496/3496/3496
f 3481/3481/3481 3581/3581/3581 3480/3480/3480
f 3481/3481/3481 3609/3609/3609 3494/3494/3494
f 3623/3623/3623 3483/3483/3483 3608/3608/3608
f 3482/3482/3482 3623/3623/3623 3612/3612/3612
f 3565/3565/3565 3587/3587/3587 3482/3482/3482
f 3580/3580/3580 3587/3587/3587 3566/3566/3566
f 3477/3477/3477 3569/3569/3569 3478/3478/3478
f 3472/3472/3472 3568/3568/3568 3470/3470/3470
f 3460/3460/3460 3568/3568/3568 3576/3576/3576
f 3576/3576/3576 3458/3458/3458 3460/3460/3460
f 3463/3463/3463 3462/3462/3462 3556/3556/3556
f 3404/3404/3404 3575/3575/3575 3574/3574/3574
f 3629/3629/3629 3446/3446/3446 3549/3549/3549
f 3543/3543/3543 3552/3552/3552 3531/3531/3531
f 3541/3541/3541 3585/3585/3585 3542/3542/3542
f 3490/3490/3490 3584/3584/3584 3583/3583/3583
f 3567/3567/3567 3478/3478/3478 3569/3569/3569
f 3573/3573/3573 3544/3544/3544 3530/3530/3530
f 3573/3573/3573 3539/3539/3539 3545/3545/3545
f 3547/3547/3547 3541/3541/3541 3540/3540/3540
f 3546/3546/3546 3572/3572/3572 3538/3538/3538
f 3538/3538/3538 3547/3547/3547 3546/3546/3546
f 3547/3547/3547 3535/3535/3535 3586/3586/3586
f 3528/3528/3528 3572/3572/3572 3529/3529/3529
f 3572/3572/3572 3387/3387/3387 3538/3538/3538
f 3584/3584/3584 3534/3534/3534 3536/3536/3536
f 3535/3535/3535 3585/3585/3585 3586/3586/3586
f 3585/3585/3585 3491/3491/3491 3542/3542/3542
f 3498/3498/3498 3584/3584/3584 3536/3536/3536
f 3386/3386/3386 3498/3498/3498 3536/3536/3536
f 3583/3583/3583 3497/3497/3497 3560/3560/3560
f 3492/3492/3492 3583/3583/3583 3560/3560/3560
f 3495/3495/3495 3492/3492/3492 3560/3560/3560
f 3496/3496/3496 3558/3558/3558 3557/3557/3557
f 3564/3564/3564 3582/3582/3582 3559/3559/3559
f 3496/3496/3496 3559/3559/3559 3582/3582/3582
f 3581/3581/3581 3563/3563/3563 3565/3565/3565
f 3579/3579/3579 3561/3561/3561 3506/3506/3506
f 3566/3566/3566 3561/3561/3561 3580/3580/3580
f 3506/3506/3506 3578/3578/3578 3579/3579/3579
f 3580/3580/3580 3475/3475/3475 3483/3483/3483
f 3578/3578/3578 3475/3475/3475 3579/3579/3579
f 3476/3476/3476 3577/3577/3577 3477/3477/3477
f 3503/3503/3503 3505/3505/3505 3504/3504/3504
f 3578/3578/3578 3508/3508/3508 3577/3577/3577
f 3577/3577/3577 3507/3507/3507 3569/3569/3569
f 3510/3510/3510 3568/3568/3568 3509/3509/3509
f 3554/3554/3554 3457/3457/3457 3555/3555/3555
f 3520/3520/3520 3575/3575/3575 3554/3554/3554
f 3576/3576/3576 3465/3465/3465 3461/3461/3461
f 3520/3520/3520 3400/3400/3400 3466/3466/3466
f 3464/3464/3464 3556/3556/3556 3462/3462/3462
f 3575/3575/3575 3518/3518/3518 3574/3574/3574
f 3520/3520/3520 3556/3556/3556 3512/3512/3512
f 3548/3548/3548 3514/3514/3514 3516/3516/3516
f 3404/3404/3404 3553/3553/3553 3405/3405/3405
f 3553/3553/3553 3518/3518/3518 3514/3514/3514
f 3629/3629/3629 3571/3571/3571 3630/3630/3630
f 3521/3521/3521 3550/3550/3550 3570/3570/3570
f 3552/3552/3552 3521/3521/3521 3524/3524/3524
f 3572/3572/3572 3530/3530/3530 3529/3529/3529
f 3531/3531/3531 3524/3524/3524 3526/3526/3526
f 3571/3571/3571 3548/3548/3548 3516/3516/3516
f 3571/3571/3571 3515/3515/3515 3517/3517/3517
f 3628/3628/3628 3571/3571/3571 3517/3517/3517
f 3525/3525/3525 3521/3521/3521 3570/3570/3570
f 3567/3567/3567 3507/3507/3507 3511/3511/3511
f 3468/3468/3468 3507/3507/3507 3502/3502/3502
f 3568/3568/3568 3511/3511/3511 3509/3509/3509
f 3462/3462/3462 3465/3465/3465 3464/3464/3464
f 3565/3565/3565 3562/3562/3562 3566/3566/3566
f 3564/3564/3564 3434/3434/3434 3425/3425/3425
f 3562/3562/3562 3422/3422/3422 3421/3421/3421
f 3563/3563/3563 3425/3425/3425 3422/3422/3422
f 3500/3500/3500 3562/3562/3562 3421/3421/3421
f 3561/3561/3561 3501/3501/3501 3506/3506/3506
f 3497/3497/3497 3444/3444/3444 3558/3558/3558
f 3497/3497/3497 3495/3495/3495 3560/3560/3560
f 3434/3434/3434 3557/3557/3557 3484/3484/3484
f 3444/3444/3444 3557/3557/3557 3558/3558/3558
f 3622/3622/3622 3477/3477/3477 3478/3478/3478
f 3620/3620/3620 3555/3555/3555 3599/3599/3599
f 3600/3600/3600 3555/3555/3555 3457/3457/3457
f 3555/3555/3555 3556/3556/3556 3554/3554/3554
f 3553/3553/3553 3445/3445/3445 3405/3405/3405
f 3597/3597/3597 3405/3405/3405 3445/3445/3445
f 3551/3551/3551 3450/3450/3450 3449/3449/3449
f 3448/3448/3448 3551/3551/3551 3449/3449/3449
f 3548/3548/3548 3446/3446/3446 3445/3445/3445
f 3613/3613/3613 3449/3449/3449 3618/3618/3618
f 3545/3545/3545 3588/3588/3588 3589/3589/3589
f 3539/3539/3539 3547/3547/3547 3540/3540/3540
f 3544/3544/3544 3589/3589/3589 3593/3593/3593
f 3531/3531/3531 3544/3544/3544 3543/3543/3543
f 3544/3544/3544 3594/3594/3594 3543/3543/3543
f 3617/3617/3617 3543/3543/3543 3594/3594/3594
f 3592/3592/3592 3491/3491/3491 3627/3627/3627
f 3542/3542/3542 3591/3591/3591 3541/3541/3541
f 3591/3591/3591 3540/3540/3540 3541/3541/3541
f 3451/3451/3451 3389/3389/3389 3454/3454/3454
f 3540/3540/3540 3588/3588/3588 3539/3539/3539
f 3429/3429/3429 3503/3503/3503 3504/3504/3504
f 3532/3532/3532 3538/3538/3538 3387/3387/3387
f 3532/3532/3532 3535/3535/3535 3537/3537/3537
f 3384/3384/3384 3536/3536/3536 3534/3534/3534
f 3533/3533/3533 3534/3534/3534 3535/3535/3535
f 3384/3384/3384 3378/3378/3378 3380/3380/3380
f 3532/3532/3532 3378/3378/3378 3533/3533/3533
f 3377/3377/3377 3387/3387/3387 3373/3373/3373
f 3529/3529/3529 3531/3531/3531 3526/3526/3526
f 3527/3527/3527 3524/3524/3524 3523/3523/3523
f 3523/3523/3523 3389/3389/3389 3527/3527/3527
f 3527/3527/3527 3383/3383/3383 3528/3528/3528
f 3374/3374/3374 3528/3528/3528 3383/3383/3383
f 3526/3526/3526 3528/3528/3528 3529/3529/3529
f 3407/3407/3407 3628/3628/3628 3517/3517/3517
f 3453/3453/3453 3525/3525/3525 3455/3455/3455
f 3453/3453/3453 3523/3523/3523 3522/3522/3522
f 3521/3521/3521 3523/3523/3523 3524/3524/3524
f 3466/3466/3466 3519/3519/3519 3520/3520/3520
f 3395/3395/3395 3518/3518/3518 3519/3519/3519
f 3513/3513/3513 3518/3518/3518 3397/3397/3397
f 3517/3517/3517 3403/3403/3403 3407/3407/3407
f 3403/3403/3403 3513/3513/3513 3392/3392/3392
f 3515/3515/3515 3514/3514/3514 3513/3513/3513
f 3392/3392/3392 3397/3397/3397 3393/3393/3393
f 3396/3396/3396 3466/3466/3466 3408/3408/3408
f 3512/3512/3512 3401/3401/3401 3400/3400/3400
f 3510/3510/3510 3418/3418/3418 3465/3465/3465
f 3511/3511/3511 3467/3467/3467 3509/3509/3509
f 3419/3419/3419 3509/3509/3509 3467/3467/3467
f 3503/3503/3503 3507/3507/3507 3508/3508/3508
f 3504/3504/3504 3506/3506/3506 3501/3501/3501
f 3429/3429/3429 3501/3501/3501 3426/3426/3426
f 3473/3473/3473 3503/3503/3503 3431/3431/3431
f 3502/3502/3502 3469/3469/3469 3468/3468/3468
f 3500/3500/3500 3426/3426/3426 3501/3501/3501
f 3432/3432/3432 3421/3421/3421 3420/3420/3420
f 3385/3385/3385 3499/3499/3499 3386/3386/3386
f 3441/3441/3441 3487/3487/3487 3442/3442/3442
f 3484/3484/3484 3443/3443/3443 3438/3438/3438
f 3499/3499/3499 3497/3497/3497 3498/3498/3498
f 3493/3493/3493 3624/3624/3624 3492/3492/3492
f 3496/3496/3496 3493/3493/3493 3495/3495/3495
f 3493/3493/3493 3609/3609/3609 3625/3625/3625
f 3385/3385/3385 3381/3381/3381 3489/3489/3489
f 3624/3624/3624 3490/3490/3490 3492/3492/3492
f 3627/3627/3627 3490/3490/3490 3626/3626/3626
f 3488/3488/3488 3385/3385/3385 3489/3489/3489
f 3442/3442/3442 3488/3488/3488 3485/3485/3485
f 3436/3436/3436 3443/3443/3443 3486/3486/3486
f 3442/3442/3442 3486/3486/3486 3443/3443/3443
f 3484/3484/3484 3435/3435/3435 3434/3434/3434
f 3475/3475/3475 3608/3608/3608 3483/3483/3483
f 3612/3612/3612 3480/3480/3480 3482/3482/3482
f 3481/3481/3481 3611/3611/3611 3610/3610/3610
f 3479/3479/3479 3423/3423/3423 3440/3440/3440
f 3420/3420/3420 3433/3433/3433 3432/3432/3432
f 3478/3478/3478 3621/3621/3621 3622/3622/3622
f 3606/3606/3606 3477/3477/3477 3607/3607/3607
f 3605/3605/3605 3476/3476/3476 3606/3606/3606
f 3473/3473/3473 3430/3430/3430 3474/3474/3474
f 3469/3469/3469 3474/3474/3474 3471/3471/3471
f 3471/3471/3471 3414/3414/3414 3469/3469/3469
f 3604/3604/3604 3399/3399/3399 3398/3398/3398
f 3470/3470/3470 3621/3621/3621 3472/3472/3472
f 3470/3470/3470 3602/3602/3602 3411/3411/3411
f 3469/3469/3469 3467/3467/3467 3468/3468/3468
f 3419/3419/3419 3414/3414/3414 3413/3413/3413
f 3398/3398/3398 3418/3418/3418 3416/3416/3416
f 3466/3466/3466 3399/3399/3399 3408/3408/3408
f 3418/3418/3418 3464/3464/3464 3465/3465/3465
f 3620/3620/3620 3459/3459/3459 3463/3463/3463
f 3459/3459/3459 3461/3461/3461 3462/3462/3462
f 3603/3603/3603 3460/3460/3460 3458/3458/3458
f 3417/3417/3417 3458/3458/3458 3459/3459/3459
f 3596/3596/3596 3457/3457/3457 3404/3404/3404
f 3410/3410/3410 3393/3393/3393 3396/3396/3396
f 3399/3399/3399 3409/3409/3409 3408/3408/3408
f 3407/3407/3407 3614/3614/3614 3619/3619/3619
f 3455/3455/3455 3452/3452/3452 3453/3453/3453
f 3454/3454/3454 3452/3452/3452 3451/3451/3451
f 3618/3618/3618 3450/3450/3450 3617/3617/3617
f 3447/3447/3447 3446/3446/3446 3616/3616/3616
f 3445/3445/3445 3406/3406/3406 3597/3597/3597
f 3441/3441/3441 3443/3443/3443 3444/3444/3444
f 3423/3423/3423 3439/3439/3439 3440/3440/3440
f 3424/3424/3424 3437/3437/3437 3439/3439/3439
f 3437/3437/3437 3438/3438/3438 3436/3436/3436
f 3435/3435/3435 3425/3425/3425 3434/3434/3434
f 3426/3426/3426 3433/3433/3433 3427/3427/3427
f 3429/3429/3429 3430/3430/3430 3431/3431/3431
f 3426/3426/3426 3428/3428/3428 3429/3429/3429
f 3423/3423/3423 3425/3425/3425 3424/3424/3424
f 3422/3422/3422 3420/3420/3420 3421/3421/3421
f 3416/3416/3416 3419/3419/3419 3413/3413/3413
f 3416/3416/3416 3604/3604/3604 3398/3398/3398
f 3412/3412/3412 3416/3416/3416 3413/3413/3413
f 3413/3413/3413 3601/3601/3601 3412/3412/3412
f 3410/3410/3410 3408/3408/3408 3409/3409/3409
f 3402/3402/3402 3407/3407/3407 3403/3403/3403
f 3404/3404/3404 3595/3595/3595 3596/3596/3596
f 3392/3392/3392 3402/3402/3402 3403/3403/3403
f 3400/3400/3400 3398/3398/3398 3399/3399/3399
f 3393/3393/3393 3395/3395/3395 3396/3396/3396
f 3391/3391/3391 3393/3393/3393 3394/3394/3394
f 3390/3390/3390 3383/3383/3383 3389/3389/3389
f 3374/3374/3374 3387/3387/3387 3388/3388/3388
f 3380/3380/3380 3386/3386/3386 3384/3384/3384
f 3383/3383/3383 3375/3375/3375 3374/3374/3374
f 3378/3378/3378 3381/3381/3381 3380/3380/3380
f 3378/3378/3378 3376/3376/3376 3379/3379/3379
f 3376/3376/3376 3373/3373/3373 3372/3372/3372
f 3372/3372/3372 3374/3374/3374 3375/3375/3375
f 1991/1991/1991 1993/1993/1993 1992/1992/1992
f 1996/1996/1996 1994/1994/1994 1997/1997/1997
f 1997/1997/1997 1994/1994/1994 1993/1993/1993
f 1994/1994/1994 1996/1996/1996 1995/1995/1995
f 1993/1993/1993 1991/1991/1991 1997/1997/1997
f 3300/3300/3300 3318/3318/3318 3317/3317/3317
f 3319/3319/3319 3301/3301/3301 3302/3302/3302
f 3317/3317/3317 3303/3303/3303 3300/3300/3300
f 3303/3303/3303 3321/3321/3321 3304/3304/3304
f 3321/3321/3321 3305/3305/3305 3304/3304/3304
f 3305/3305/3305 3323/3323/3323 3306/3306/3306
f 3324/3324/3324 3306/3306/3306 3323/3323/3323
f 3308/3308/3308 3324/3324/3324 3325/3325/3325
f 3326/3326/3326 3308/3308/3308 3325/3325/3325
f 3309/3309/3309 3327/3327/3327 3310/3310/3310
f 3328/3328/3328 3310/3310/3310 3327/3327/3327
f 3311/3311/3311 3329/3329/3329 3312/3312/3312
f 3329/3329/3329 3313/3313/3313 3312/3312/3312
f 3330/3330/3330 3314/3314/3314 3313/3313/3313
f 3332/3332/3332 3314/3314/3314 3331/3331/3331
f 3332/3332/3332 3302/3302/3302 3315/3315/3315
f 3300/3300/3300 3316/3316/3316 3301/3301/3301
f 3301/3301/3301 3316/3316/3316 3302/3302/3302
f 3303/3303/3303 3316/3316/3316 3300/3300/3300
f 3304/3304/3304 3316/3316/3316 3303/3303/3303
f 3305/3305/3305 3316/3316/3316 3304/3304/3304
f 3306/3306/3306 3316/3316/3316 3305/3305/3305
f 3307/3307/3307 3316/3316/3316 3306/3306/3306
f 3308/3308/3308 3316/3316/3316 3307/3307/3307
f 3309/3309/3309 3316/3316/3316 3308/3308/3308
f 3310/3310/3310 3316/3316/3316 3309/3309/3309
f 3311/3311/3311 3316/3316/3316 3310/3310/3310
f 3312/3312/3312 3316/3316/3316 3311/3311/3311
f 3313/3313/3313 3316/3316/3316 3312/3312/3312
f 3314/3314/3314 3316/3316/3316 3313/3313/3313
f 3315/3315/3315 3316/3316/3316 3314/3314/3314
f 3302/3302/3302 3316/3316/3316 3315/3315/3315
f 3302/3302/3302 3332/3332/3332 3319/3319/3319
f 3314/3314/3314 3332/3332/3332 3315/3315/3315
f 3314/3314/3314 3330/3330/3330 3331/3331/3331
f 3313/3313/3313 3329/3329/3329 3330/3330/3330
f 3329/3329/3329 3311/3311/3311 3328/3328/3328
f 3310/3310/3310 3328/3328/3328 3311/3311/3311
f 3327/3327/3327 3309/3309/3309 3326/3326/3326
f 3308/3308/3308 3326/3326/3326 3309/3309/3309
f 3324/3324/3324 3308/3308/3308 3307/3307/3307
f 3306/3306/3306 3324/3324/3324 3307/3307/3307
f 3323/3323/3323 3305/3305/3305 3322/3322/3322
f 3305/3305/3305 3321/3321/3321 3322/3322/3322
f 3321/3321/3321 3303/3303/3303 3320/3320/3320
f 3303/3303/3303 3317/3317/3317 3320/3320/3320
f 3301/3301/3301 3319/3319/3319 3318/3318/3318
f 3318/3318/3318 3300/3300/3300 3301/3301/3301
f 1311/1311/1311 1295/1295/1295 1312/1312/1312
f 1312/1312/1312 1296/1296/1296 1313/1313/1313
f 1296/1296/1296 1314/1314/1314 1313/1313/1313
f 1297/1297/1297 1315/1315/1315 1314/1314/1314
f 1315/1315/1315 1299/1299/1299 1316/1316/1316
f 1318/1318/1318 1300/1300/1300 1301/1301/1301
f 1319/1319/1319 1303/1303/1303 1320/1320/1320
f 1302/1302/1302 1318/1318/1318 1301/1301/1301
f 1321/1321/1321 1304/1304/1304 1305/1305/1305
f 1323/1323/1323 1294/1294/1294 1311/1311/1311
f 1306/1306/1306 1321/1321/1321 1305/1305/1305
f 1307/1307/1307 1322/1322/1322 1324/1324/1324
f 1320/1320/1320 1307/1307/1307 1324/1324/1324
f 1316/1316/1316 1308/1308/1308 1325/1325/1325
f 1325/1325/1325 1309/1309/1309 1326/1326/1326
f 1317/1317/1317 1309/1309/1309 1300/1300/1300
f 1294/1294/1294 1310/1310/1310 1295/1295/1295
f 1295/1295/1295 1310/1310/1310 1296/1296/1296
f 1296/1296/1296 1310/1310/1310 1297/1297/1297
f 1297/1297/1297 1310/1310/1310 1298/1298/1298
f 1298/1298/1298 1310/1310/1310 1299/1299/1299
f 1300/1300/1300 1310/1310/1310 1301/1301/1301
f 1302/1302/1302 1310/1310/1310 1303/1303/1303
f 1301/1301/1301 1310/1310/1310 1302/1302/1302
f 1304/1304/1304 1310/1310/1310 1305/1305/1305
f 1306/1306/1306 1310/1310/1310 1294/1294/1294
f 1305/1305/1305 1310/1310/1310 1306/1306/1306
f 1307/1307/1307 1310/1310/1310 1304/1304/1304
f 1303/1303/1303 1310/1310/1310 1307/1307/1307
f 1299/1299/1299 1310/1310/1310 1308/1308/1308
f 1308/1308/1308 1310/1310/1310 1309/1309/1309
f 1309/1309/1309 1310/1310/1310 1300/1300/1300
f 1309/1309/1309 1317/1317/1317 1326/1326/1326
f 1309/1309/1309 1325/1325/1325 1308/1308/1308
f 1308/1308/1308 1316/1316/1316 1299/1299/1299
f 1307/1307/1307 1320/1320/1320 1303/1303/1303
f 1322/1322/1322 1307/1307/1307 1304/1304/1304
f 1321/1321/1321 1306/1306/1306 1323/1323/1323
f 1294/1294/1294 1323/1323/1323 1306/1306/1306
f 1304/1304/1304 1321/1321/1321 1322/1322/1322
f 1318/1318/1318 1302/1302/1302 1319/1319/1319
f 1303/1303/1303 1319/1319/1319 1302/1302/1302
f 1300/1300/1300 1318/1318/1318 1317/1317/1317
f 1299/1299/1299 1315/1315/1315 1298/1298/1298
f 1315/1315/1315 1297/1297/1297 1298/1298/1298
f 1314/1314/1314 1296/1296/1296 1297/1297/1297
f 1296/1296/1296 1312/1312/1312 1295/1295/1295
f 1295/1295/1295 1311/1311/1311 1294/1294/1294
f 1908/1908/1908 1911/1911/1911 1914/1914/1914
f 1912/1912/1912 1914/1914/1914 1911/1911/1911
f 1911/1911/1911 1909/1909/1909 1910/1910/1910
f 1909/1909/1909 1911/1911/1911 1908/1908/1908
f 1914/1914/1914 1912/1912/1912 1913/1913/1913
f 1773/1773/1773 1770/1770/1770 1767/1767/1767
f 1767/1767/1767 1769/1769/1769 1768/1768/1768
f 1773/1773/1773 1771/1771/1771 1770/1770/1770
f 1771/1771/1771 1773/1773/1773 1772/1772/1772
f 1769/1769/1769 1767/1767/1767 1770/1770/1770
f 1474/1474/1474 1472/1472/1472 1473/1473/1473
f 1476/1476/1476 1475/1475/1475 1477/1477/1477
f 1481/1481/1481 1479/1479/1479 1480/1480/1480
f 1483/1483/1483 1478/1478/1478 1481/1481/1481
f 1483/1483/1483 1484/1484/1484 1482/1482/1482
f 1473/1473/1473 1485/1485/1485 1474/1474/1474
f 1485/1485/1485 1473/1473/1473 1484/1484/1484
f 1484/1484/1484 1483/1483/1483 1485/1485/1485
f 1478/1478/1478 1483/1483/1483 1482/1482/1482
f 1479/1479/1479 1481/1481/1481 1478/1478/1478
f 1475/1475/1475 1476/1476/1476 1472/1472/1472
f 1472/1472/1472 1474/1474/1474 1475/1475/1475
f 1861/1861/1861 1862/1862/1862 1863/1863/1863
f 1865/1865/1865 1864/1864/1864 1861/1861/1861
f 1867/1867/1867 1860/1860/1860 1865/1865/1865
f 1860/1860/1860 1867/1867/1867 1866/1866/1866
f 1864/1864/1864 1865/1865/1865 1860/1860/1860
f 1862/1862/1862 1861/1861/1861 1864/1864/1864
f 1387/1387/1387 1388/1388/1388 1385/1385/1385
f 1388/1388/1388 1389/1389/1389 1385/1385/1385
f 1384/1384/1384 1391/1391/1391 1389/1389/1389
f 1391/1391/1391 1384/1384/1384 1390/1390/1390
f 1389/1389/1389 1388/1388/1388 1384/1384/1384
f 1388/1388/1388 1387/1387/1387 1386/1386/1386
f 1419/1419/1419 1417/1417/1417 1418/1418/1418
f 1421/1421/1421 1418/1418/1418 1420/1420/1420
f 1422/1422/1422 1421/1421/1421 1420/1420/1420
f 1431/1431/1431 1424/1424/1424 1425/1425/1425
f 1425/1425/1425 1426/1426/1426 1427/1427/1427
f 1427/1427/1427 1428/1428/1428 1429/1429/1429
f 1416/1416/1416 1428/1428/1428 1417/1417/1417
f 1428/1428/1428 1416/1416/1416 1429/1429/1429
f 1428/1428/1428 1427/1427/1427 1426/1426/1426
f 1426/1426/1426 1425/1425/1425 1424/1424/1424
f 1424/1424/1424 1431/1431/1431 1430/1430/1430
f 1421/1421/1421 1422/1422/1422 1423/1423/1423
f 1418/1418/1418 1421/1421/1421 1419/1419/1419
f 1417/1417/1417 1419/1419/1419 1416/1416/1416
f 1366/1366/1366 1368/1368/1368 1369/1369/1369
f 1369/1369/1369 1370/1370/1370 1371/1371/1371
f 1375/1375/1375 1373/1373/1373 1374/1374/1374
f 1375/1375/1375 1376/1376/1376 1377/1377/1377
f 1379/1379/1379 1376/1376/1376 1378/1378/1378
f 1379/1379/1379 1367/1367/1367 1366/1366/1366
f 1367/1367/1367 1379/1379/1379 1378/1378/1378
f 1376/1376/1376 1379/1379/1379 1377/1377/1377
f 1376/1376/1376 1375/1375/1375 1374/1374/1374
f 1373/1373/1373 1375/1375/1375 1372/1372/1372
f 1370/1370/1370 1369/1369/1369 1368/1368/1368
f 1368/1368/1368 1366/1366/1366 1367/1367/1367
f 1327/1327/1327 1348/1348/1348 1347/1347/1347
f 1349/1349/1349 1328/1328/1328 1329/1329/1329
f 1349/1349/1349 1330/1330/1330 1350/1350/1350
f 1347/1347/1347 1331/1331/1331 1327/1327/1327
f 1331/1331/1331 1352/1352/1352 1332/1332/1332
f 1332/1332/1332 1353/1353/1353 1333/1333/1333
f 1354/1354/1354 1333/1333/1333 1353/1353/1353
f 1334/1334/1334 1355/1355/1355 1335/1335/1335
f 1336/1336/1336 1355/1355/1355 1356/1356/1356
f 1336/1336/1336 1357/1357/1357 1337/1337/1337
f 1358/1358/1358 1337/1337/1337 1357/1357/1357
f 1359/1359/1359 1338/1338/1338 1358/1358/1358
f 1340/1340/1340 1359/1359/1359 1360/1360/1360
f 1341/1341/1341 1360/1360/1360 1361/1361/1361
f 1342/1342/1342 1361/1361/1361 1362/1362/1362
f 1343/1343/1343 1362/1362/1362 1363/1363/1363
f 1344/1344/1344 1363/1363/1363 1364/1364/1364
f 1345/1345/1345 1350/1350/1350 1330/1330/1330
f 1344/1344/1344 1365/1365/1365 1345/1345/1345
f 1327/1327/1327 1346/1346/1346 1328/1328/1328
f 1328/1328/1328 1346/1346/1346 1329/1329/1329
f 1329/1329/1329 1346/1346/1346 1330/1330/1330
f 1331/1331/1331 1346/1346/1346 1327/1327/1327
f 1332/1332/1332 1346/1346/1346 1331/1331/1331
f 1333/1333/1333 1346/1346/1346 1332/1332/1332
f 1334/1334/1334 1346/1346/1346 1333/1333/1333
f 1335/1335/1335 1346/1346/1346 1334/1334/1334
f 1336/1336/1336 1346/1346/1346 1335/1335/1335
f 1337/1337/1337 1346/1346/1346 1336/1336/1336
f 1338/1338/1338 1346/1346/1346 1337/1337/1337
f 1339/1339/1339 1346/1346/1346 1338/1338/1338
f 1340/1340/1340 1346/1346/1346 1339/1339/1339
f 1341/1341/1341 1346/1346/1346 1340/1340/1340
f 1342/1342/1342 1346/1346/1346 1341/1341/1341
f 1343/1343/1343 1346/1346/1346 1342/1342/1342
f 1344/1344/1344 1346/1346/1346 1343/1343/1343
f 1330/1330/1330 1346/1346/1346 1345/1345/1345
f 1345/1345/1345 1346/1346/1346 1344/1344/1344
f 1365/1365/1365 1344/1344/1344 1364/1364/1364
f 1350/1350/1350 1345/1345/1345 1365/1365/1365
f 1363/1363/1363 1344/1344/1344 1343/1343/1343
f 1362/1362/1362 1343/1343/1343 1342/1342/1342
f 1361/1361/1361 1342/1342/1342 1341/1341/1341
f 1360/1360/1360 1341/1341/1341 1340/1340/1340
f 1359/1359/1359 1340/1340/1340 1339/1339/1339
f 1338/1338/1338 1359/1359/1359 1339/1339/1339
f 1337/1337/1337 1358/1358/1358 1338/1338/1338
f 1357/1357/1357 1336/1336/1336 1356/1356/1356
f 1355/1355/1355 1336/1336/1336 1335/1335/1335
f 1355/1355/1355 1334/1334/1334 1354/1354/1354
f 1333/1333/1333 1354/1354/1354 1334/1334/1334
f 1353/1353/1353 1332/1332/1332 1352/1352/1352
f 1352/1352/1352 1331/1331/1331 1351/1351/1351
f 1331/1331/1331 1347/1347/1347 1351/1351/1351
f 1330/1330/1330 1349/1349/1349 1329/1329/1329
f 1328/1328/1328 1349/1349/1349 1348/1348/1348
f 1348/1348/1348 1327/1327/1327 1328/1328/1328
f 3333/3333/3333 3354/3354/3354 3353/3353/3353
f 3333/3333/3333 3355/3355/3355 3335/3335/3335
f 3335/3335/3335 3356/3356/3356 3336/3336/3336
f 3357/3357/3357 3336/3336/3336 3356/3356/3356
f 3337/3337/3337 3358/3358/3358 3338/3338/3338
f 3359/3359/3359 3338/3338/3338 3358/3358/3358
f 3340/3340/3340 3361/3361/3361 3360/3360/3360
f 3362/3362/3362 3340/3340/3340 3360/3360/3360
f 3363/3363/3363 3342/3342/3342 3362/3362/3362
f 3364/3364/3364 3343/3343/3343 3363/3363/3363
f 3364/3364/3364 3345/3345/3345 3344/3344/3344
f 3365/3365/3365 3346/3346/3346 3345/3345/3345
f 3334/3334/3334 3366/3366/3366 3354/3354/3354
f 3347/3347/3347 3359/3359/3359 3367/3367/3367
f 3348/3348/3348 3367/3367/3367 3368/3368/3368
f 3348/3348/3348 3369/3369/3369 3349/3349/3349
f 3369/3369/3369 3350/3350/3350 3349/3349/3349
f 3370/3370/3370 3351/3351/3351 3350/3350/3350
f 3371/3371/3371 3341/3341/3341 3351/3351/3351
f 3333/3333/3333 3352/3352/3352 3334/3334/3334
f 3335/3335/3335 3352/3352/3352 3333/3333/3333
f 3336/3336/3336 3352/3352/3352 3335/3335/3335
f 3337/3337/3337 3352/3352/3352 3336/3336/3336
f 3338/3338/3338 3352/3352/3352 3337/3337/3337
f 3339/3339/3339 3352/3352/3352 3338/3338/3338
f 3340/3340/3340 3352/3352/3352 3341/3341/3341
f 3342/3342/3342 3352/3352/3352 3340/3340/3340
f 3343/3343/3343 3352/3352/3352 3342/3342/3342
f 3344/3344/3344 3352/3352/3352 3343/3343/3343
f 3345/3345/3345 3352/3352/3352 3344/3344/3344
f 3346/3346/3346 3352/3352/3352 3345/3345/3345
f 3334/3334/3334 3352/3352/3352 3346/3346/3346
f 3347/3347/3347 3352/3352/3352 3339/3339/3339
f 3348/3348/3348 3352/3352/3352 3347/3347/3347
f 3349/3349/3349 3352/3352/3352 3348/3348/3348
f 3350/3350/3350 3352/3352/3352 3349/3349/3349
f 3351/3351/3351 3352/3352/3352 3350/3350/3350
f 3341/3341/3341 3352/3352/3352 3351/3351/3351
f 3341/3341/3341 3371/3371/3371 3361/3361/3361
f 3351/3351/3351 3370/3370/3370 3371/3371/3371
f 3350/3350/3350 3369/3369/3369 3370/3370/3370
f 3369/3369/3369 3348/3348/3348 3368/3368/3368
f 3367/3367/3367 3348/3348/3348 3347/3347/3347
f 3359/3359/3359 3347/3347/3347 3339/3339/3339
f 3366/3366/3366 3334/3334/3334 3346/3346/3346
f 3346/3346/3346 3365/3365/3365 3366/3366/3366
f 3345/3345/3345 3364/3364/3364 3365/3365/3365
f 3343/3343/3343 3364/3364/3364 3344/3344/3344
f 3342/3342/3342 3363/3363/3363 3343/3343/3343
f 3340/3340/3340 3362/3362/3362 3342/3342/3342
f 3361/3361/3361 3340/3340/3340 3341/3341/3341
f 3338/3338/3338 3359/3359/3359 3339/3339/3339
f 3358/3358/3358 3337/3337/3337 3357/3357/3357
f 3336/3336/3336 3357/3357/3357 3337/3337/3337
f 3356/3356/3356 3335/3335/3335 3355/3355/3355
f 3355/3355/3355 3333/3333/3333 3353/3353/3353
f 3354/3354/3354 3333/3333/3333 3334/3334/3334
f 1546/1546/1546 1538/1538/1538 1545/1545/1545
f 1539/1539/1539 1547/1547/1547 1540/1540/1540
f 1540/1540/1540 1548/1548/1548 1541/1541/1541
f 1549/1549/1549 1541/1541/1541 1548/1548/1548
f 1542/1542/1542 1550/1550/1550 1543/1543/1543
f 1543/1543/1543 1551/1551/1551 1544/1544/1544
f 1538/1538/1538 1553/1553/1553 1545/1545/1545
f 1553/1553/1553 1538/1538/1538 1552/1552/1552
f 1551/1551/1551 1543/1543/1543 1550/1550/1550
f 1550/1550/1550 1542/1542/1542 1549/1549/1549
f 1541/1541/1541 1549/1549/1549 1542/1542/1542
f 1548/1548/1548 1540/1540/1540 1547/1547/1547
f 1547/1547/1547 1539/1539/1539 1546/1546/1546
f 1538/1538/1538 1546/1546/1546 1539/1539/1539
f 1464/1464/1464 1469/1469/1469 1468/1468/1468
f 1470/1470/1470 1464/1464/1464 1468/1468/1468
f 1466/1466/1466 1471/1471/1471 1467/1467/1467
f 1471/1471/1471 1466/1466/1466 1470/1470/1470
f 1464/1464/1464 1470/1470/1470 1466/1466/1466
f 1469/1469/1469 1464/1464/1464 1465/1465/1465
f 1570/1570/1570 1572/1572/1572 1573/1573/1573
f 1574/1574/1574 1572/1572/1572 1575/1575/1575
f 1577/1577/1577 1575/1575/1575 1576/1576/1576
f 1575/1575/1575 1577/1577/1577 1574/1574/1574
f 1572/1572/1572 1574/1574/1574 1573/1573/1573
f 1572/1572/1572 1570/1570/1570 1571/1571/1571
f 1435/1435/1435 1433/1433/1433 1434/1434/1434
f 1435/1435/1435 1436/1436/1436 1437/1437/1437
f 1447/1447/1447 1438/1438/1438 1439/1439/1439
f 1439/1439/1439 1440/1440/1440 1441/1441/1441
f 1441/1441/1441 1442/1442/1442 1443/1443/1443
f 1443/1443/1443 1444/1444/1444 1445/1445/1445
f 1433/1433/1433 1445/1445/1445 1444/1444/1444
f 1445/1445/1445 1433/1433/1433 1432/1432/1432
f 1444/1444/1444 1443/1443/1443 1442/1442/1442
f 1442/1442/1442 1441/1441/1441 1440/1440/1440
f 1440/1440/1440 1439/1439/1439 1438/1438/1438
f 1438/1438/1438 1447/1447/1447 1446/1446/1446
f 1436/1436/1436 1435/1435/1435 1434/1434/1434
f 1433/1433/1433 1435/1435/1435 1432/1432/1432
f 1403/1403/1403 1401/1401/1401 1402/1402/1402
f 1400/1400/1400 1405/1405/1405 1401/1401/1401
f 1402/1402/1402 1406/1406/1406 1403/1403/1403
f 1406/1406/1406 1402/1402/1402 1407/1407/1407
f 1405/1405/1405 1400/1400/1400 1404/1404/1404
f 1401/1401/1401 1403/1403/1403 1400/1400/1400
f 1759/1759/1759 1756/1756/1756 1758/1758/1758
f 1756/1756/1756 1759/1759/1759 1757/1757/1757
f 1881/1881/1881 1882/1882/1882 1880/1880/1880
f 1882/1882/1882 1881/1881/1881 1883/1883/1883
f 2972/2972/2972 2970/2970/2970 2971/2971/2971
f 2970/2970/2970 2973/2973/2973 2974/2974/2974
f 2975/2975/2975 2971/2971/2971 2970/2970/2970
f 2975/2975/2975 2974/2974/2974 2977/2977/2977
f 2978/2978/2978 2968/2968/2968 3258/3258/3258
f 2977/2977/2977 2979/2979/2979 2975/2975/2975
f 2976/2976/2976 2979/2979/2979 2978/2978/2978
f 2981/2981/2981 3260/3260/3260 3259/3259/3259
f 2982/2982/2982 2983/2983/2983 2984/2984/2984
f 2985/2985/2985 3253/3253/3253 3252/3252/3252
f 2984/2984/2984 2987/2987/2987 2985/2985/2985
f 2988/2988/2988 2986/2986/2986 2985/2985/2985
f 2987/2987/2987 2988/2988/2988 2985/2985/2985
f 2974/2974/2974 2990/2990/2990 2991/2991/2991
f 2987/2987/2987 2993/2993/2993 2989/2989/2989
f 2991/2991/2991 2993/2993/2993 2992/2992/2992
f 2991/2991/2991 2977/2977/2977 2974/2974/2974
f 2983/2983/2983 2992/2992/2992 2987/2987/2987
f 2992/2992/2992 2994/2994/2994 2991/2991/2991
f 2996/2996/2996 2977/2977/2977 2994/2994/2994
f 2983/2983/2983 2997/2997/2997 2995/2995/2995
f 2996/2996/2996 2995/2995/2995 2997/2997/2997
f 2997/2997/2997 3259/3259/3259 3261/3261/3261
f 2980/2980/2980 2968/2968/2968 2979/2979/2979
f 2998/2998/2998 2996/2996/2996 3262/3262/3262
f 2996/2996/2996 3261/3261/3261 3262/3262/3262
f 3000/3000/3000 3258/3258/3258 3263/3263/3263
f 3263/3263/3263 3001/3001/3001 3000/3000/3000
f 2976/2976/2976 3000/3000/3000 3002/3002/3002
f 3002/3002/3002 3001/3001/3001 3003/3003/3003
f 3004/3004/3004 2976/2976/2976 3002/3002/3002
f 3005/3005/3005 3002/3002/3002 3003/3003/3003
f 3003/3003/3003 3007/3007/3007 3005/3005/3005
f 3006/3006/3006 3001/3001/3001 3008/3008/3008
f 3008/3008/3008 2999/2999/2999 3009/3009/3009
f 3010/3010/3010 3006/3006/3006 3008/3008/3008
f 3007/3007/3007 3011/3011/3011 3012/3012/3012
f 3011/3011/3011 3014/3014/3014 3012/3012/3012
f 3016/3016/3016 3018/3018/3018 3015/3015/3015
f 3016/3016/3016 3014/3014/3014 3019/3019/3019
f 3016/3016/3016 3020/3020/3020 3017/3017/3017
f 3021/3021/3021 3022/3022/3022 3013/3013/3013
f 3021/3021/3021 3011/3011/3011 3010/3010/3010
f 3009/3009/3009 3010/3010/3010 3008/3008/3008
f 3022/3022/3022 3021/3021/3021 3024/3024/3024
f 3013/3013/3013 3022/3022/3022 3025/3025/3025
f 3025/3025/3025 3020/3020/3020 3019/3019/3019
f 3025/3025/3025 3014/3014/3014 3013/3013/3013
f 3025/3025/3025 3026/3026/3026 3027/3027/3027
f 3023/3023/3023 3021/3021/3021 3010/3010/3010
f 3028/3028/3028 3024/3024/3024 3023/3023/3023
f 3022/3022/3022 3028/3028/3028 3026/3026/3026
f 3028/3028/3028 3023/3023/3023 3264/3264/3264
f 3029/3029/3029 3031/3031/3031 3032/3032/3032
f 3031/3031/3031 3033/3033/3033 3034/3034/3034
f 3034/3034/3034 3035/3035/3035 3036/3036/3036
f 3038/3038/3038 3030/3030/3030 3037/3037/3037
f 3041/3041/3041 3039/3039/3039 3040/3040/3040
f 3029/3029/3029 3037/3037/3037 3030/3030/3030
f 3039/3039/3039 3043/3043/3043 3040/3040/3040
f 3045/3045/3045 3039/3039/3039 3042/3042/3042
f 3037/3037/3037 3044/3044/3044 3038/3038/3038
f 3046/3046/3046 3043/3043/3043 3047/3047/3047
f 3040/3040/3040 3048/3048/3048 3041/3041/3041
f 3050/3050/3050 3032/3032/3032 3049/3049/3049
f 3050/3050/3050 3043/3043/3043 3029/3029/3029
f 3050/3050/3050 3052/3052/3052 3047/3047/3047
f 3052/3052/3052 3046/3046/3046 3047/3047/3047
f 3054/3054/3054 3265/3265/3265 3055/3055/3055
f 3055/3055/3055 3046/3046/3046 3054/3054/3054
f 3052/3052/3052 3265/3265/3265 3054/3054/3054
f 3051/3051/3051 3049/3049/3049 3266/3266/3266
f 3051/3051/3051 3053/3053/3053 3052/3052/3052
f 3051/3051/3051 3266/3266/3266 3056/3056/3056
f 3266/3266/3266 3057/3057/3057 3267/3267/3267
f 3027/3027/3027 3020/3020/3020 3025/3025/3025
f 3059/3059/3059 3038/3038/3038 3044/3044/3044
f 3035/3035/3035 3038/3038/3038 3059/3059/3059
f 3044/3044/3044 3060/3060/3060 3059/3059/3059
f 3061/3061/3061 3018/3018/3018 3017/3017/3017
f 3061/3061/3061 3017/3017/3017 3020/3020/3020
f 3063/3063/3063 3060/3060/3060 3061/3061/3061
f 3058/3058/3058 3061/3061/3061 3020/3020/3020
f 3059/3059/3059 3063/3063/3063 3064/3064/3064
f 3058/3058/3058 3064/3064/3064 3063/3063/3063
f 3066/3066/3066 3035/3035/3035 3065/3065/3065
f 3065/3065/3065 3059/3059/3059 3064/3064/3064
f 3065/3065/3065 3058/3058/3058 3067/3067/3067
f 3049/3049/3049 3068/3068/3068 3057/3057/3057
f 3031/3031/3031 3068/3068/3068 3032/3032/3032
f 3069/3069/3069 3034/3034/3034 3070/3070/3070
f 3036/3036/3036 3070/3070/3070 3034/3034/3034
f 3071/3071/3071 3066/3066/3066 3268/3268/3268
f 3067/3067/3067 3066/3066/3066 3065/3065/3065
f 3067/3067/3067 3058/3058/3058 3074/3074/3074
f 3074/3074/3074 3058/3058/3058 3027/3027/3027
f 3027/3027/3027 3075/3075/3075 3074/3074/3074
f 3075/3075/3075 3028/3028/3028 3264/3264/3264
f 3075/3075/3075 3272/3272/3272 3076/3076/3076
f 3073/3073/3073 3268/3268/3268 3066/3066/3066
f 3067/3067/3067 3077/3077/3077 3073/3073/3073
f 3078/3078/3078 3077/3077/3077 3076/3076/3076
f 3272/3272/3272 3271/3271/3271 3076/3076/3076
f 3074/3074/3074 3076/3076/3076 3077/3077/3077
f 3270/3270/3270 3273/3273/3273 3078/3078/3078
f 3273/3273/3273 3072/3072/3072 3073/3073/3073
f 3073/3073/3073 3078/3078/3078 3273/3273/3273
f 3076/3076/3076 3270/3270/3270 3078/3078/3078
f 3274/3274/3274 3080/3080/3080 3275/3275/3275
f 3081/3081/3081 3278/3278/3278 3082/3082/3082
f 3082/3082/3082 3083/3083/3083 3081/3081/3081
f 3085/3085/3085 3084/3084/3084 3086/3086/3086
f 3088/3088/3088 3090/3090/3090 3087/3087/3087
f 3088/3088/3088 3092/3092/3092 3089/3089/3089
f 3090/3090/3090 3093/3093/3093 3094/3094/3094
f 3089/3089/3089 3095/3095/3095 3093/3093/3093
f 3097/3097/3097 3093/3093/3093 3096/3096/3096
f 3093/3093/3093 3098/3098/3098 3096/3096/3096
f 3096/3096/3096 3284/3284/3284 3097/3097/3097
f 3096/3096/3096 3285/3285/3285 3283/3283/3283
f 3100/3100/3100 3102/3102/3102 3099/3099/3099
f 3104/3104/3104 3102/3102/3102 3103/3103/3103
f 3102/3102/3102 3106/3106/3106 3105/3105/3105
f 3105/3105/3105 3103/3103/3103 3102/3102/3102
f 3286/3286/3286 3106/3106/3106 3287/3287/3287
f 3105/3105/3105 3288/3288/3288 3107/3107/3107
f 3083/3083/3083 3108/3108/3108 3109/3109/3109
f 3104/3104/3104 3109/3109/3109 3108/3108/3108
f 3110/3110/3110 3083/3083/3083 3109/3109/3109
f 3110/3110/3110 3103/3103/3103 3107/3107/3107
f 3081/3081/3081 3289/3289/3289 3277/3277/3277
f 3107/3107/3107 3289/3289/3289 3110/3110/3110
f 3113/3113/3113 3111/3111/3111 3112/3112/3112
f 3100/3100/3100 3114/3114/3114 3101/3101/3101
f 3114/3114/3114 3116/3116/3116 3115/3115/3115
f 3101/3101/3101 3115/3115/3115 3106/3106/3106
f 3106/3106/3106 3290/3290/3290 3287/3287/3287
f 3116/3116/3116 3290/3290/3290 3115/3115/3115
f 3117/3117/3117 3090/3090/3090 3112/3112/3112
f 3112/3112/3112 3094/3094/3094 3113/3113/3113
f 3116/3116/3116 3094/3094/3094 3097/3097/3097
f 3116/3116/3116 3284/3284/3284 3291/3291/3291
f 3119/3119/3119 3098/3098/3098 3120/3120/3120
f 3121/3121/3121 3118/3118/3118 3285/3285/3285
f 3119/3119/3119 3121/3121/3121 3285/3285/3285
f 3095/3095/3095 3120/3120/3120 3098/3098/3098
f 3123/3123/3123 3095/3095/3095 3092/3092/3092
f 3123/3123/3123 3091/3091/3091 3124/3124/3124
f 3125/3125/3125 3126/3126/3126 3127/3127/3127
f 3125/3125/3125 3129/3129/3129 3128/3128/3128
f 3130/3130/3130 3131/3131/3131 3126/3126/3126
f 3125/3125/3125 3132/3132/3132 3126/3126/3126
f 3126/3126/3126 3134/3134/3134 3130/3130/3130
f 3135/3135/3135 3136/3136/3136 3137/3137/3137
f 3138/3138/3138 3136/3136/3136 3135/3135/3135
f 3130/3130/3130 3139/3139/3139 3131/3131/3131
f 3139/3139/3139 3137/3137/3137 3140/3140/3140
f 3141/3141/3141 3135/3135/3135 3134/3134/3134
f 3135/3135/3135 3130/3130/3130 3134/3134/3134
f 3136/3136/3136 3143/3143/3143 3137/3137/3137
f 3142/3142/3142 3144/3144/3144 3145/3145/3145
f 3146/3146/3146 3136/3136/3136 3138/3138/3138
f 3142/3142/3142 3121/3121/3121 3143/3143/3143
f 3142/3142/3142 3292/3292/3292 3118/3118/3118
f 3123/3123/3123 3147/3147/3147 3148/3148/3148
f 3122/3122/3122 3148/3148/3148 3140/3140/3140
f 3148/3148/3148 3149/3149/3149 3139/3139/3139
f 3149/3149/3149 3131/3131/3131 3139/3139/3139
f 3139/3139/3139 3140/3140/3140 3148/3148/3148
f 3140/3140/3140 3150/3150/3150 3122/3122/3122
f 3143/3143/3143 3140/3140/3140 3137/3137/3137
f 3150/3150/3150 3120/3120/3120 3122/3122/3122
f 3119/3119/3119 3120/3120/3120 3150/3150/3150
f 3150/3150/3150 3121/3121/3121 3119/3119/3119
f 3128/3128/3128 3151/3151/3151 3152/3152/3152
f 3154/3154/3154 3151/3151/3151 3153/3153/3153
f 3155/3155/3155 3156/3156/3156 3157/3157/3157
f 3158/3158/3158 3155/3155/3155 3157/3157/3157
f 3157/3157/3157 3160/3160/3160 3159/3159/3159
f 3145/3145/3145 3293/3293/3293 3292/3292/3292
f 3293/3293/3293 3162/3162/3162 3161/3161/3161
f 3162/3162/3162 3163/3163/3163 3161/3161/3161
f 3146/3146/3146 3164/3164/3164 3294/3294/3294
f 3146/3146/3146 3162/3162/3162 3144/3144/3144
f 3166/3166/3166 3164/3164/3164 3146/3146/3146
f 3166/3166/3166 3167/3167/3167 3165/3165/3165
f 3167/3167/3167 3170/3170/3170 3169/3169/3169
f 3171/3171/3171 3170/3170/3170 3172/3172/3172
f 3173/3173/3173 3171/3171/3171 3172/3172/3172
f 3173/3173/3173 3176/3176/3176 3174/3174/3174
f 3297/3297/3297 3175/3175/3175 3296/3296/3296
f 3177/3177/3177 3175/3175/3175 3178/3178/3178
f 3177/3177/3177 3295/3295/3295 3296/3296/3296
f 3178/3178/3178 3173/3173/3173 3179/3179/3179
f 3179/3179/3179 3172/3172/3172 3180/3180/3180
f 3172/3172/3172 3181/3181/3181 3180/3180/3180
f 3168/3168/3168 3181/3181/3181 3170/3170/3170
f 3166/3166/3166 3182/3182/3182 3168/3168/3168
f 3146/3146/3146 3141/3141/3141 3166/3166/3166
f 3295/3295/3295 3159/3159/3159 3160/3160/3160
f 3184/3184/3184 3178/3178/3178 3179/3179/3179
f 3177/3177/3177 3183/3183/3183 3159/3159/3159
f 3185/3185/3185 3179/3179/3179 3180/3180/3180
f 3185/3185/3185 3181/3181/3181 3186/3186/3186
f 3182/3182/3182 3186/3186/3186 3181/3181/3181
f 3132/3132/3132 3141/3141/3141 3134/3134/3134
f 3133/3133/3133 3186/3186/3186 3132/3132/3132
f 3187/3187/3187 3186/3186/3186 3133/3133/3133
f 3185/3185/3185 3188/3188/3188 3184/3184/3184
f 3184/3184/3184 3158/3158/3158 3183/3183/3183
f 3159/3159/3159 3158/3158/3158 3157/3157/3157
f 3188/3188/3188 3154/3154/3154 3158/3158/3158
f 3187/3187/3187 3152/3152/3152 3188/3188/3188
f 3128/3128/3128 3133/3133/3133 3125/3125/3125
f 3145/3145/3145 3144/3144/3144 3162/3162/3162
f 3079/3079/3079 3190/3190/3190 3080/3080/3080
f 3193/3193/3193 3191/3191/3191 3192/3192/3192
f 3192/3192/3192 2986/2986/2986 2988/2988/2988
f 3155/3155/3155 3153/3153/3153 3195/3195/3195
f 3196/3196/3196 3048/3048/3048 3055/3055/3055
f 3197/3197/3197 3041/3041/3041 3048/3048/3048
f 3200/3200/3200 3153/3153/3153 3199/3199/3199
f 3199/3199/3199 3196/3196/3196 3200/3200/3200
f 3201/3201/3201 3041/3041/3041 3198/3198/3198
f 3202/3202/3202 3153/3153/3153 3151/3151/3151
f 3199/3199/3199 3198/3198/3198 3197/3197/3197
f 3060/3060/3060 3062/3062/3062 3061/3061/3061
f 3203/3203/3203 3060/3060/3060 3045/3045/3045
f 3045/3045/3045 3201/3201/3201 3203/3203/3203
f 3204/3204/3204 3151/3151/3151 3129/3129/3129
f 3201/3201/3201 3202/3202/3202 3204/3204/3204
f 3204/3204/3204 3127/3127/3127 3205/3205/3205
f 3205/3205/3205 3201/3201/3201 3204/3204/3204
f 3131/3131/3131 3127/3127/3127 3126/3126/3126
f 3062/3062/3062 3205/3205/3205 3207/3207/3207
f 3205/3205/3205 3206/3206/3206 3207/3207/3207
f 3149/3149/3149 3206/3206/3206 3131/3131/3131
f 3062/3062/3062 3209/3209/3209 3018/3018/3018
f 3207/3207/3207 3208/3208/3208 3209/3209/3209
f 3149/3149/3149 3210/3210/3210 3208/3208/3208
f 3124/3124/3124 3147/3147/3147 3123/3123/3123
f 3015/3015/3015 3209/3209/3209 3211/3211/3211
f 3208/3208/3208 3211/3211/3211 3209/3209/3209
f 3015/3015/3015 3014/3014/3014 3016/3016/3016
f 3014/3014/3014 3213/3213/3213 3012/3012/3012
f 3214/3214/3214 3210/3210/3210 3124/3124/3124
f 3212/3212/3212 3211/3211/3211 3214/3214/3214
f 3213/3213/3213 3007/3007/3007 3012/3012/3012
f 3216/3216/3216 3124/3124/3124 3091/3091/3091
f 3212/3212/3212 3216/3216/3216 3213/3213/3213
f 3007/3007/3007 3217/3217/3217 3005/3005/3005
f 3218/3218/3218 3091/3091/3091 3088/3088/3088
f 3218/3218/3218 3213/3213/3213 3216/3216/3216
f 2971/2971/2971 3219/3219/3219 2972/2972/2972
f 3005/3005/3005 3219/3219/3219 3004/3004/3004
f 3220/3220/3220 3088/3088/3088 3087/3087/3087
f 3217/3217/3217 3218/3218/3218 3220/3220/3220
f 3111/3111/3111 3117/3117/3117 3112/3112/3112
f 3117/3117/3117 3220/3220/3220 3087/3087/3087
f 3219/3219/3219 3220/3220/3220 3222/3222/3222
f 3223/3223/3223 3219/3219/3219 3222/3222/3222
f 3223/3223/3223 3117/3117/3117 3221/3221/3221
f 3100/3100/3100 3221/3221/3221 3111/3111/3111
f 2972/2972/2972 3225/3225/3225 2969/2969/2969
f 3223/3223/3223 3224/3224/3224 3225/3225/3225
f 3224/3224/3224 3099/3099/3099 3226/3226/3226
f 3227/3227/3227 2969/2969/2969 3225/3225/3225
f 3224/3224/3224 3227/3227/3227 3225/3225/3225
f 3104/3104/3104 3226/3226/3226 3099/3099/3099
f 3229/3229/3229 2973/2973/2973 3227/3227/3227
f 3227/3227/3227 3228/3228/3228 3229/3229/3229
f 3108/3108/3108 3228/3228/3228 3104/3104/3104
f 3231/3231/3231 2990/2990/2990 3229/3229/3229
f 3229/3229/3229 3230/3230/3230 3231/3231/3231
f 3232/3232/3232 3108/3108/3108 3085/3085/3085
f 3233/3233/3233 2993/2993/2993 3231/3231/3231
f 3233/3233/3233 3230/3230/3230 3232/3232/3232
f 3233/3233/3233 2988/2988/2988 2989/2989/2989
f 3233/3233/3233 3235/3235/3235 3234/3234/3234
f 3234/3234/3234 3192/3192/3192 2988/2988/2988
f 3236/3236/3236 3235/3235/3235 3190/3190/3190
f 3236/3236/3236 3189/3189/3189 3237/3237/3237
f 3237/3237/3237 3192/3192/3192 3236/3236/3236
f 3235/3235/3235 3086/3086/3086 3238/3238/3238
f 3235/3235/3235 3085/3085/3085 3086/3086/3086
f 3190/3190/3190 3238/3238/3238 3080/3080/3080
f 3240/3240/3240 3298/3298/3298 3239/3239/3239
f 3265/3265/3265 3240/3240/3240 3055/3055/3055
f 3239/3239/3239 3242/3242/3242 3240/3240/3240
f 3055/3055/3055 3242/3242/3242 3196/3196/3196
f 3242/3242/3242 3243/3243/3243 3244/3244/3244
f 3244/3244/3244 3196/3196/3196 3242/3242/3242
f 3244/3244/3244 3245/3245/3245 3246/3246/3246
f 3244/3244/3244 3195/3195/3195 3200/3200/3200
f 3248/3248/3248 3245/3245/3245 3247/3247/3247
f 3248/3248/3248 3195/3195/3195 3246/3246/3246
f 3247/3247/3247 3250/3250/3250 3248/3248/3248
f 3155/3155/3155 3250/3250/3250 3156/3156/3156
f 3260/3260/3260 3256/3256/3256 3255/3255/3255
f 2984/2984/2984 3256/3256/3256 2982/2982/2982
f 3252/3252/3252 2984/2984/2984 2985/2985/2985
f 3253/3253/3253 3191/3191/3191 3254/3254/3254
f 3191/3191/3191 3251/3251/3251 3254/3254/3254
f 3279/3279/3279 3278/3278/3278 3276/3276/3276
f 3279/3279/3279 3084/3084/3084 3082/3082/3082
f 3084/3084/3084 3281/3281/3281 3086/3086/3086
f 3282/3282/3282 3086/3086/3086 3281/3281/3281
f 3282/3282/3282 3080/3080/3080 3238/3238/3238
f 3080/3080/3080 3282/3282/3282 3275/3275/3275
f 3086/3086/3086 3282/3282/3282 3238/3238/3238
f 3281/3281/3281 3084/3084/3084 3280/3280/3280
f 3084/3084/3084 3279/3279/3279 3280/3280/3280
f 3278/3278/3278 3279/3279/3279 3082/3082/3082
f 3251/3251/3251 3191/3191/3191 3194/3194/3194
f 3191/3191/3191 3253/3253/3253 2986/2986/2986
f 2984/2984/2984 3252/3252/3252 3257/3257/3257
f 3256/3256/3256 2984/2984/2984 3257/3257/3257
f 3256/3256/3256 3260/3260/3260 2982/2982/2982
f 3250/3250/3250 3155/3155/3155 3248/3248/3248
f 3250/3250/3250 3247/3247/3247 3249/3249/3249
f 3195/3195/3195 3248/3248/3248 3155/3155/3155
f 3245/3245/3245 3248/3248/3248 3246/3246/3246
f 3195/3195/3195 3244/3244/3244 3246/3246/3246
f 3245/3245/3245 3244/3244/3244 3243/3243/3243
f 3196/3196/3196 3244/3244/3244 3200/3200/3200
f 3243/3243/3243 3242/3242/3242 3241/3241/3241
f 3242/3242/3242 3055/3055/3055 3240/3240/3240
f 3242/3242/3242 3239/3239/3239 3241/3241/3241
f 3240/3240/3240 3265/3265/3265 3299/3299/3299
f 3298/3298/3298 3240/3240/3240 3299/3299/3299
f 3238/3238/3238 3190/3190/3190 3235/3235/3235
f 3085/3085/3085 3235/3235/3235 3232/3232/3232
f 3192/3192/3192 3237/3237/3237 3193/3193/3193
f 3189/3189/3189 3236/3236/3236 3190/3190/3190
f 3235/3235/3235 3236/3236/3236 3234/3234/3234
f 3192/3192/3192 3234/3234/3234 3236/3236/3236
f 3235/3235/3235 3233/3233/3233 3232/3232/3232
f 2988/2988/2988 3233/3233/3233 3234/3234/3234
f 3230/3230/3230 3233/3233/3233 3231/3231/3231
f 2993/2993/2993 3233/3233/3233 2989/2989/2989
f 3108/3108/3108 3232/3232/3232 3230/3230/3230
f 3230/3230/3230 3229/3229/3229 3228/3228/3228
f 2990/2990/2990 3231/3231/3231 2993/2993/2993
f 3228/3228/3228 3108/3108/3108 3230/3230/3230
f 3228/3228/3228 3227/3227/3227 3226/3226/3226
f 2973/2973/2973 3229/3229/3229 2990/2990/2990
f 3226/3226/3226 3104/3104/3104 3228/3228/3228
f 3227/3227/3227 3224/3224/3224 3226/3226/3226
f 2969/2969/2969 3227/3227/3227 2973/2973/2973
f 3099/3099/3099 3224/3224/3224 3100/3100/3100
f 3224/3224/3224 3223/3223/3223 3221/3221/3221
f 3225/3225/3225 2972/2972/2972 3223/3223/3223
f 3221/3221/3221 3100/3100/3100 3224/3224/3224
f 3117/3117/3117 3223/3223/3223 3222/3222/3222
f 3219/3219/3219 3223/3223/3223 2972/2972/2972
f 3220/3220/3220 3219/3219/3219 3217/3217/3217
f 3220/3220/3220 3117/3117/3117 3222/3222/3222
f 3117/3117/3117 3111/3111/3111 3221/3221/3221
f 3218/3218/3218 3217/3217/3217 3215/3215/3215
f 3088/3088/3088 3220/3220/3220 3218/3218/3218
f 3219/3219/3219 3005/3005/3005 3217/3217/3217
f 3219/3219/3219 2971/2971/2971 3004/3004/3004
f 3213/3213/3213 3218/3218/3218 3215/3215/3215
f 3091/3091/3091 3218/3218/3218 3216/3216/3216
f 3217/3217/3217 3007/3007/3007 3215/3215/3215
f 3216/3216/3216 3212/3212/3212 3214/3214/3214
f 3124/3124/3124 3216/3216/3216 3214/3214/3214
f 3007/3007/3007 3213/3213/3213 3215/3215/3215
f 3211/3211/3211 3212/3212/3212 3015/3015/3015
f 3210/3210/3210 3214/3214/3214 3211/3211/3211
f 3213/3213/3213 3014/3014/3014 3212/3212/3212
f 3014/3014/3014 3015/3015/3015 3212/3212/3212
f 3211/3211/3211 3208/3208/3208 3210/3210/3210
f 3209/3209/3209 3015/3015/3015 3018/3018/3018
f 3147/3147/3147 3124/3124/3124 3210/3210/3210
f 3210/3210/3210 3149/3149/3149 3147/3147/3147
f 3208/3208/3208 3207/3207/3207 3206/3206/3206
f 3209/3209/3209 3062/3062/3062 3207/3207/3207
f 3206/3206/3206 3149/3149/3149 3208/3208/3208
f 3206/3206/3206 3205/3205/3205 3127/3127/3127
f 3205/3205/3205 3062/3062/3062 3203/3203/3203
f 3127/3127/3127 3131/3131/3131 3206/3206/3206
f 3201/3201/3201 3205/3205/3205 3203/3203/3203
f 3127/3127/3127 3204/3204/3204 3129/3129/3129
f 3202/3202/3202 3201/3201/3201 3198/3198/3198
f 3151/3151/3151 3204/3204/3204 3202/3202/3202
f 3201/3201/3201 3045/3045/3045 3042/3042/3042
f 3062/3062/3062 3060/3060/3060 3203/3203/3203
f 3198/3198/3198 3199/3199/3199 3202/3202/3202
f 3153/3153/3153 3202/3202/3202 3199/3199/3199
f 3041/3041/3041 3201/3201/3201 3042/3042/3042
f 3196/3196/3196 3199/3199/3199 3197/3197/3197
f 3153/3153/3153 3200/3200/3200 3195/3195/3195
f 3041/3041/3041 3197/3197/3197 3198/3198/3198
f 3048/3048/3048 3196/3196/3196 3197/3197/3197
f 3153/3153/3153 3155/3155/3155 3154/3154/3154
f 2986/2986/2986 3192/3192/3192 3191/3191/3191
f 3191/3191/3191 3193/3193/3193 3194/3194/3194
f 3190/3190/3190 3079/3079/3079 3189/3189/3189
f 3133/3133/3133 3128/3128/3128 3187/3187/3187
f 3152/3152/3152 3187/3187/3187 3128/3128/3128
f 3154/3154/3154 3188/3188/3188 3152/3152/3152
f 3158/3158/3158 3159/3159/3159 3183/3183/3183
f 3158/3158/3158 3184/3184/3184 3188/3188/3188
f 3188/3188/3188 3185/3185/3185 3187/3187/3187
f 3186/3186/3186 3187/3187/3187 3185/3185/3185
f 3141/3141/3141 3132/3132/3132 3182/3182/3182
f 3186/3186/3186 3182/3182/3182 3132/3132/3132
f 3181/3181/3181 3185/3185/3185 3180/3180/3180
f 3179/3179/3179 3185/3185/3185 3184/3184/3184
f 3183/3183/3183 3177/3177/3177 3178/3178/3178
f 3178/3178/3178 3184/3184/3184 3183/3183/3183
f 3159/3159/3159 3295/3295/3295 3177/3177/3177
f 3141/3141/3141 3146/3146/3146 3138/3138/3138
f 3182/3182/3182 3166/3166/3166 3141/3141/3141
f 3181/3181/3181 3168/3168/3168 3182/3182/3182
f 3181/3181/3181 3172/3172/3172 3170/3170/3170
f 3172/3172/3172 3179/3179/3179 3173/3173/3173
f 3173/3173/3173 3178/3178/3178 3175/3175/3175
f 3175/3175/3175 3177/3177/3177 3296/3296/3296
f 3175/3175/3175 3297/3297/3297 3176/3176/3176
f 3176/3176/3176 3173/3173/3173 3175/3175/3175
f 3171/3171/3171 3173/3173/3173 3174/3174/3174
f 3170/3170/3170 3171/3171/3171 3169/3169/3169
f 3170/3170/3170 3167/3167/3167 3168/3168/3168
f 3167/3167/3167 3166/3166/3166 3168/3168/3168
f 3164/3164/3164 3166/3166/3166 3165/3165/3165
f 3162/3162/3162 3146/3146/3146 3294/3294/3294
f 3163/3163/3163 3162/3162/3162 3294/3294/3294
f 3162/3162/3162 3293/3293/3293 3145/3145/3145
f 3160/3160/3160 3157/3157/3157 3156/3156/3156
f 3155/3155/3155 3158/3158/3158 3154/3154/3154
f 3151/3151/3151 3154/3154/3154 3152/3152/3152
f 3151/3151/3151 3128/3128/3128 3129/3129/3129
f 3121/3121/3121 3150/3150/3150 3143/3143/3143
f 3140/3140/3140 3143/3143/3143 3150/3150/3150
f 3149/3149/3149 3148/3148/3148 3147/3147/3147
f 3148/3148/3148 3122/3122/3122 3123/3123/3123
f 3292/3292/3292 3142/3142/3142 3145/3145/3145
f 3121/3121/3121 3142/3142/3142 3118/3118/3118
f 3136/3136/3136 3146/3146/3146 3144/3144/3144
f 3144/3144/3144 3142/3142/3142 3136/3136/3136
f 3143/3143/3143 3136/3136/3136 3142/3142/3142
f 3135/3135/3135 3141/3141/3141 3138/3138/3138
f 3137/3137/3137 3139/3139/3139 3135/3135/3135
f 3139/3139/3139 3130/3130/3130 3135/3135/3135
f 3134/3134/3134 3126/3126/3126 3132/3132/3132
f 3132/3132/3132 3125/3125/3125 3133/3133/3133
f 3129/3129/3129 3125/3125/3125 3127/3127/3127
f 3091/3091/3091 3123/3123/3123 3092/3092/3092
f 3095/3095/3095 3123/3123/3123 3122/3122/3122
f 3120/3120/3120 3095/3095/3095 3122/3122/3122
f 3098/3098/3098 3119/3119/3119 3285/3285/3285
f 3284/3284/3284 3116/3116/3116 3097/3097/3097
f 3094/3094/3094 3116/3116/3116 3113/3113/3113
f 3094/3094/3094 3112/3112/3112 3090/3090/3090
f 3090/3090/3090 3117/3117/3117 3087/3087/3087
f 3290/3290/3290 3116/3116/3116 3291/3291/3291
f 3290/3290/3290 3106/3106/3106 3115/3115/3115
f 3115/3115/3115 3101/3101/3101 3114/3114/3114
f 3116/3116/3116 3114/3114/3114 3113/3113/3113
f 3114/3114/3114 3100/3100/3100 3111/3111/3111
f 3111/3111/3111 3113/3113/3113 3114/3114/3114
f 3289/3289/3289 3107/3107/3107 3288/3288/3288
f 3289/3289/3289 3081/3081/3081 3110/3110/3110
f 3103/3103/3103 3110/3110/3110 3109/3109/3109
f 3083/3083/3083 3110/3110/3110 3081/3081/3081
f 3109/3109/3109 3104/3104/3104 3103/3103/3103
f 3108/3108/3108 3083/3083/3083 3085/3085/3085
f 3288/3288/3288 3105/3105/3105 3286/3286/3286
f 3106/3106/3106 3286/3286/3286 3105/3105/3105
f 3103/3103/3103 3105/3105/3105 3107/3107/3107
f 3106/3106/3106 3102/3102/3102 3101/3101/3101
f 3102/3102/3102 3104/3104/3104 3099/3099/3099
f 3102/3102/3102 3100/3100/3100 3101/3101/3101
f 3285/3285/3285 3096/3096/3096 3098/3098/3098
f 3284/3284/3284 3096/3096/3096 3283/3283/3283
f 3098/3098/3098 3093/3093/3093 3095/3095/3095
f 3093/3093/3093 3097/3097/3097 3094/3094/3094
f 3095/3095/3095 3089/3089/3089 3092/3092/3092
f 3093/3093/3093 3090/3090/3090 3089/3089/3089
f 3092/3092/3092 3088/3088/3088 3091/3091/3091
f 3090/3090/3090 3088/3088/3088 3089/3089/3089
f 3084/3084/3084 3085/3085/3085 3083/3083/3083
f 3083/3083/3083 3082/3082/3082 3084/3084/3084
f 3278/3278/3278 3081/3081/3081 3277/3277/3277
f 3080/3080/3080 3274/3274/3274 3079/3079/3079
f 3270/3270/3270 3076/3076/3076 3271/3271/3271
f 3078/3078/3078 3073/3073/3073 3077/3077/3077
f 3273/3273/3273 3270/3270/3270 3269/3269/3269
f 3076/3076/3076 3074/3074/3074 3075/3075/3075
f 3077/3077/3077 3067/3067/3067 3074/3074/3074
f 3268/3268/3268 3073/3073/3073 3072/3072/3072
f 3272/3272/3272 3075/3075/3075 3264/3264/3264
f 3028/3028/3028 3075/3075/3075 3026/3026/3026
f 3075/3075/3075 3027/3027/3027 3026/3026/3026
f 3066/3066/3066 3067/3067/3067 3073/3073/3073
f 3066/3066/3066 3071/3071/3071 3036/3036/3036
f 3070/3070/3070 3036/3036/3036 3071/3071/3071
f 3034/3034/3034 3069/3069/3069 3031/3031/3031
f 3068/3068/3068 3031/3031/3031 3069/3069/3069
f 3068/3068/3068 3049/3049/3049 3032/3032/3032
f 3058/3058/3058 3065/3065/3065 3064/3064/3064
f 3059/3059/3059 3065/3065/3065 3035/3035/3035
f 3035/3035/3035 3066/3066/3066 3036/3036/3036
f 3063/3063/3063 3059/3059/3059 3060/3060/3060
f 3061/3061/3061 3058/3058/3058 3063/3063/3063
f 3018/3018/3018 3061/3061/3061 3062/3062/3062
f 3060/3060/3060 3044/3044/3044 3045/3045/3045
f 3038/3038/3038 3035/3035/3035 3033/3033/3033
f 3020/3020/3020 3027/3027/3027 3058/3058/3058
f 3057/3057/3057 3266/3266/3266 3049/3049/3049
f 3053/3053/3053 3051/3051/3051 3056/3056/3056
f 3049/3049/3049 3051/3051/3051 3050/3050/3050
f 3265/3265/3265 3052/3052/3052 3053/3053/3053
f 3046/3046/3046 3055/3055/3055 3048/3048/3048
f 3046/3046/3046 3052/3052/3052 3054/3054/3054
f 3052/3052/3052 3050/3050/3050 3051/3051/3051
f 3043/3043/3043 3050/3050/3050 3047/3047/3047
f 3032/3032/3032 3050/3050/3050 3029/3029/3029
f 3048/3048/3048 3040/3040/3040 3046/3046/3046
f 3043/3043/3043 3046/3046/3046 3040/3040/3040
f 3044/3044/3044 3037/3037/3037 3039/3039/3039
f 3039/3039/3039 3045/3045/3045 3044/3044/3044
f 3043/3043/3043 3039/3039/3039 3037/3037/3037
f 3037/3037/3037 3029/3029/3029 3043/3043/3043
f 3039/3039/3039 3041/3041/3041 3042/3042/3042
f 3030/3030/3030 3038/3038/3038 3033/3033/3033
f 3035/3035/3035 3034/3034/3034 3033/3033/3033
f 3033/3033/3033 3031/3031/3031 3030/3030/3030
f 3031/3031/3031 3029/3029/3029 3030/3030/3030
f 3028/3028/3028 3022/3022/3022 3024/3024/3024
f 3021/3021/3021 3023/3023/3023 3024/3024/3024
f 3026/3026/3026 3025/3025/3025 3022/3022/3022
f 3014/3014/3014 3025/3025/3025 3019/3019/3019
f 3010/3010/3010 3009/3009/3009 3023/3023/3023
f 3011/3011/3011 3021/3021/3021 3013/3013/3013
f 3020/3020/3020 3016/3016/3016 3019/3019/3019
f 3018/3018/3018 3016/3016/3016 3017/3017/3017
f 3014/3014/3014 3011/3011/3011 3013/3013/3013
f 3011/3011/3011 3007/3007/3007 3006/3006/3006
f 3006/3006/3006 3010/3010/3010 3011/3011/3011
f 2999/2999/2999 3008/3008/3008 3001/3001/3001
f 3001/3001/3001 3006/3006/3006 3003/3003/3003
f 3007/3007/3007 3003/3003/3003 3006/3006/3006
f 3002/3002/3002 3005/3005/3005 3004/3004/3004
f 2976/2976/2976 3004/3004/3004 2971/2971/2971
f 3001/3001/3001 3002/3002/3002 3000/3000/3000
f 3000/3000/3000 2976/2976/2976 2978/2978/2978
f 3001/3001/3001 3263/3263/3263 2999/2999/2999
f 3258/3258/3258 3000/3000/3000 2978/2978/2978
f 3261/3261/3261 2996/2996/2996 2997/2997/2997
f 2996/2996/2996 2998/2998/2998 2980/2980/2980
f 2968/2968/2968 2980/2980/2980 2998/2998/2998
f 3259/3259/3259 2997/2997/2997 2981/2981/2981
f 2995/2995/2995 2996/2996/2996 2994/2994/2994
f 2997/2997/2997 2983/2983/2983 2981/2981/2981
f 2977/2977/2977 2996/2996/2996 2980/2980/2980
f 2994/2994/2994 2992/2992/2992 2995/2995/2995
f 2992/2992/2992 2983/2983/2983 2995/2995/2995
f 2977/2977/2977 2991/2991/2991 2994/2994/2994
f 2993/2993/2993 2991/2991/2991 2990/2990/2990
f 2993/2993/2993 2987/2987/2987 2992/2992/2992
f 2990/2990/2990 2974/2974/2974 2973/2973/2973
f 2988/2988/2988 2987/2987/2987 2989/2989/2989
f 2987/2987/2987 2984/2984/2984 2983/2983/2983
f 3253/3253/3253 2985/2985/2985 2986/2986/2986
f 2983/2983/2983 2982/2982/2982 2981/2981/2981
f 3260/3260/3260 2981/2981/2981 2982/2982/2982
f 2979/2979/2979 2976/2976/2976 2975/2975/2975
f 2979/2979/2979 2977/2977/2977 2980/2980/2980
f 2968/2968/2968 2978/2978/2978 2979/2979/2979
f 2974/2974/2974 2975/2975/2975 2970/2970/2970
f 2971/2971/2971 2975/2975/2975 2976/2976/2976
f 2973/2973/2973 2970/2970/2970 2969/2969/2969
f 2970/2970/2970 2972/2972/2972 2969/2969/2969
f 1973/1973/1973 1972/1972/1972 1974/1974/1974
f 1972/1972/1972 1973/1973/1973 1971/1971/1971
f 1961/1961/1961 1960/1960/1960 1959/1959/1959
f 1962/1962/1962 1961/1961/1961 1959/1959/1959
f 1594/1594/1594 1595/1595/1595 1597/1597/1597
f 1595/1595/1595 1594/1594/1594 1596/1596/1596
f 3632/3632/3632 3634/3634/3634 3631/3631/3631
f 3632/3632/3632 3636/3636/3636 3633/3633/3633
f 3635/3635/3635 3638/3638/3638 3636/3636/3636
f 3639/3639/3639 3638/3638/3638 3637/3637/3637
f 3641/3641/3641 3640/3640/3640 3639/3639/3639
f 3655/3655/3655 3642/3642/3642 3641/3641/3641
f 3644/3644/3644 3631/3631/3631 3643/3643/3643
f 3635/3635/3635 3644/3644/3644 3645/3645/3645
f 3637/3637/3637 3645/3645/3645 3646/3646/3646
f 3637/3637/3637 3647/3647/3647 3639/3639/3639
f 3647/3647/3647 3641/3641/3641 3639/3639/3639
f 3655/3655/3655 3648/3648/3648 3657/3657/3657
f 3644/3644/3644 3649/3649/3649 3650/3650/3650
f 3645/3645/3645 3650/3650/3650 3651/3651/3651
f 3652/3652/3652 3645/3645/3645 3651/3651/3651
f 3652/3652/3652 3647/3647/3647 3646/3646/3646
f 3654/3654/3654 3647/3647/3647 3653/3653/3653
f 3660/3660/3660 3648/3648/3648 3654/3654/3654
f 3633/3633/3633 3659/3659/3659 3634/3634/3634
f 3633/3633/3633 3662/3662/3662 3661/3661/3661
f 3662/3662/3662 3638/3638/3638 3663/3663/3663
f 3664/3664/3664 3638/3638/3638 3640/3640/3640
f 3642/3642/3642 3664/3664/3664 3640/3640/3640
f 3665/3665/3665 3656/3656/3656 3658/3658/3658
f 3656/3656/3656 3665/3665/3665 3642/3642/3642
f 3664/3664/3664 3642/3642/3642 3665/3665/3665
f 3638/3638/3638 3664/3664/3664 3663/3663/3663
f 3638/3638/3638 3662/3662/3662 3636/3636/3636
f 3662/3662/3662 3633/3633/3633 3636/3636/3636
f 3659/3659/3659 3633/3633/3633 3661/3661/3661
f 3648/3648/3648 3660/3660/3660 3657/3657/3657
f 3647/3647/3647 3654/3654/3654 3648/3648/3648
f 3647/3647/3647 3652/3652/3652 3653/3653/3653
f 3645/3645/3645 3652/3652/3652 3646/3646/3646
f 3650/3650/3650 3645/3645/3645 3644/3644/3644
f 3649/3649/3649 3644/3644/3644 3643/3643/3643
f 3648/3648/3648 3655/3655/3655 3641/3641/3641
f 3641/3641/3641 3647/3647/3647 3648/3648/3648
f 3647/3647/3647 3637/3637/3637 3646/3646/3646
f 3645/3645/3645 3637/3637/3637 3635/3635/3635
f 3644/3644/3644 3635/3635/3635 3632/3632/3632
f 3631/3631/3631 3644/3644/3644 3632/3632/3632
f 3642/3642/3642 3655/3655/3655 3656/3656/3656
f 3640/3640/3640 3641/3641/3641 3642/3642/3642
f 3638/3638/3638 3639/3639/3639 3640/3640/3640
f 3638/3638/3638 3635/3635/3635 3637/3637/3637
f 3636/3636/3636 3632/3632/3632 3635/3635/3635
f 3634/3634/3634 3632/3632/3632 3633/3633/3633
f 1715/1715/1715 1712/1712/1712 1713/1713/1713
f 1712/1712/1712 1715/1715/1715 1714/1714/1714
f 1966/1966/1966 1964/1964/1964 1965/1965/1965
f 1964/1964/1964 1966/1966/1966 1963/1963/1963
f 1859/1859/1859 1857/1857/1857 1856/1856/1856
f 1857/1857/1857 1859/1859/1859 1858/1858/1858
f 1820/1820/1820 1819/1819/1819 1818/1818/1818
f 1821/1821/1821 1820/1820/1820 1818/1818/1818
f 1586/1586/1586 1587/1587/1587 1589/1589/1589
f 1587/1587/1587 1586/1586/1586 1588/1588/1588
f 1602/1602/1602 1604/1604/1604 1605/1605/1605
f 1615/1615/1615 1606/1606/1606 1607/1607/1607
f 1606/1606/1606 1609/1609/1609 1607/1607/1607
f 1610/1610/1610 1609/1609/1609 1608/1608/1608
f 1612/1612/1612 1611/1611/1611 1610/1610/1610
f 1612/1612/1612 1605/1605/1605 1613/1613/1613
f 1605/1605/1605 1612/1612/1612 1602/1602/1602
f 1611/1611/1611 1612/1612/1612 1613/1613/1613
f 1609/1609/1609 1610/1610/1610 1611/1611/1611
f 1609/1609/1609 1606/1606/1606 1608/1608/1608
f 1606/1606/1606 1615/1615/1615 1614/1614/1614
f 1604/1604/1604 1602/1602/1602 1603/1603/1603
f 1524/1524/1524 1522/1522/1522 1523/1523/1523
f 1525/1525/1525 1526/1526/1526 1527/1527/1527
f 1527/1527/1527 1528/1528/1528 1529/1529/1529
f 1529/1529/1529 1530/1530/1530 1531/1531/1531
f 1532/1532/1532 1531/1531/1531 1530/1530/1530
f 1533/1533/1533 1534/1534/1534 1535/1535/1535
f 1536/1536/1536 1522/1522/1522 1537/1537/1537
f 1522/1522/1522 1536/1536/1536 1523/1523/1523
f 1534/1534/1534 1533/1533/1533 1532/1532/1532
f 1531/1531/1531 1532/1532/1532 1533/1533/1533
f 1530/1530/1530 1529/1529/1529 1528/1528/1528
f 1528/1528/1528 1527/1527/1527 1526/1526/1526
f 1526/1526/1526 1525/1525/1525 1524/1524/1524
f 1522/1522/1522 1524/1524/1524 1525/1525/1525
f 1886/1886/1886 1885/1885/1885 1887/1887/1887
f 1884/1884/1884 1888/1888/1888 1885/1885/1885
f 1890/1890/1890 1887/1887/1887 1891/1891/1891
f 1887/1887/1887 1890/1890/1890 1886/1886/1886
f 1888/1888/1888 1884/1884/1884 1889/1889/1889
f 1885/1885/1885 1886/1886/1886 1884/1884/1884
f 1508/1508/1508 1506/1506/1506 1507/1507/1507
f 1510/1510/1510 1509/1509/1509 1508/1508/1508
f 1513/1513/1513 1510/1510/1510 1512/1512/1512
f 1513/1513/1513 1514/1514/1514 1515/1515/1515
f 1515/1515/1515 1516/1516/1516 1517/1517/1517
f 1519/1519/1519 1516/1516/1516 1518/1518/1518
f 1506/1506/1506 1520/1520/1520 1507/1507/1507
f 1520/1520/1520 1506/1506/1506 1521/1521/1521
f 1516/1516/1516 1519/1519/1519 1517/1517/1517
f 1516/1516/1516 1515/1515/1515 1514/1514/1514
f 1514/1514/1514 1513/1513/1513 1512/1512/1512
f 1510/1510/1510 1513/1513/1513 1511/1511/1511
f 1509/1509/1509 1510/1510/1510 1511/1511/1511
f 1506/1506/1506 1508/1508/1508 1509/1509/1509
f 2935/2935/2935 2563/2563/2563 2564/2564/2564
f 2568/2568/2568 2567/2567/2567 2565/2565/2565
f 2565/2565/2565 2569/2569/2569 2563/2563/2563
f 2570/2570/2570 2567/2567/2567 2566/2566/2566
f 2567/2567/2567 2572/2572/2572 2569/2569/2569
f 2573/2573/2573 2571/2571/2571 2570/2570/2570
f 2571/2571/2571 2575/2575/2575 2572/2572/2572
f 2576/2576/2576 2574/2574/2574 2573/2573/2573
f 2575/2575/2575 2577/2577/2577 2578/2578/2578
f 2580/2580/2580 2582/2582/2582 2579/2579/2579
f 2584/2584/2584 2931/2931/2931 2583/2583/2583
f 2582/2582/2582 2584/2584/2584 2585/2585/2585
f 2584/2584/2584 2586/2586/2586 2585/2585/2585
f 2930/2930/2930 2583/2583/2583 2931/2931/2931
f 2586/2586/2586 2587/2587/2587 2588/2588/2588
f 2589/2589/2589 2579/2579/2579 2582/2582/2582
f 2589/2589/2589 2582/2582/2582 2585/2585/2585
f 2589/2589/2589 2586/2586/2586 2591/2591/2591
f 2591/2591/2591 2593/2593/2593 2589/2589/2589
f 2566/2566/2566 2593/2593/2593 2592/2592/2592
f 2588/2588/2588 2591/2591/2591 2586/2586/2586
f 2591/2591/2591 2595/2595/2595 2592/2592/2592
f 2566/2566/2566 2595/2595/2595 2570/2570/2570
f 2596/2596/2596 2570/2570/2570 2595/2595/2595
f 2596/2596/2596 2576/2576/2576 2573/2573/2573
f 2593/2593/2593 2590/2590/2590 2589/2589/2589
f 2568/2568/2568 2935/2935/2935 2936/2936/2936
f 2936/2936/2936 2593/2593/2593 2568/2568/2568
f 2930/2930/2930 2599/2599/2599 2587/2587/2587
f 2587/2587/2587 2600/2600/2600 2588/2588/2588
f 2929/2929/2929 2601/2601/2601 2599/2599/2599
f 2601/2601/2601 2600/2600/2600 2599/2599/2599
f 2600/2600/2600 2594/2594/2594 2588/2588/2588
f 2603/2603/2603 2595/2595/2595 2594/2594/2594
f 2603/2603/2603 2602/2602/2602 2604/2604/2604
f 2927/2927/2927 2601/2601/2601 2928/2928/2928
f 2605/2605/2605 2602/2602/2602 2601/2601/2601
f 2605/2605/2605 2926/2926/2926 2607/2607/2607
f 2605/2605/2605 2608/2608/2608 2606/2606/2606
f 2606/2606/2606 2604/2604/2604 2602/2602/2602
f 2610/2610/2610 2604/2604/2604 2609/2609/2609
f 2596/2596/2596 2611/2611/2611 2597/2597/2597
f 2611/2611/2611 2603/2603/2603 2604/2604/2604
f 2611/2611/2611 2604/2604/2604 2610/2610/2610
f 2615/2615/2615 2613/2613/2613 2614/2614/2614
f 2616/2616/2616 2613/2613/2613 2612/2612/2612
f 2618/2618/2618 2572/2572/2572 2619/2619/2619
f 2563/2563/2563 2618/2618/2618 2620/2620/2620
f 2620/2620/2620 2622/2622/2622 2621/2621/2621
f 2563/2563/2563 2623/2623/2623 2564/2564/2564
f 2620/2620/2620 2937/2937/2937 2623/2623/2623
f 2621/2621/2621 2938/2938/2938 2937/2937/2937
f 2625/2625/2625 2621/2621/2621 2622/2622/2622
f 2628/2628/2628 2630/2630/2630 2627/2627/2627
f 2631/2631/2631 2628/2628/2628 2632/2632/2632
f 2624/2624/2624 2634/2634/2634 2633/2633/2633
f 2624/2624/2624 2939/2939/2939 2938/2938/2938
f 2633/2633/2633 2635/2635/2635 2636/2636/2636
f 2626/2626/2626 2633/2633/2633 2636/2636/2636
f 2638/2638/2638 2635/2635/2635 2637/2637/2637
f 2639/2639/2639 2640/2640/2640 2641/2641/2641
f 2632/2632/2632 2643/2643/2643 2644/2644/2644
f 2616/2616/2616 2644/2644/2644 2643/2643/2643
f 2646/2646/2646 2622/2622/2622 2645/2645/2645
f 2622/2622/2622 2619/2619/2619 2645/2645/2645
f 2634/2634/2634 2648/2648/2648 2635/2635/2635
f 2646/2646/2646 2634/2634/2634 2625/2625/2625
f 2650/2650/2650 2646/2646/2646 2649/2649/2649
f 2632/2632/2632 2651/2651/2651 2642/2642/2642
f 2642/2642/2642 2649/2649/2649 2643/2643/2643
f 2628/2628/2628 2652/2652/2652 2651/2651/2651
f 2650/2650/2650 2651/2651/2651 2653/2653/2653
f 2648/2648/2648 2650/2650/2650 2653/2653/2653
f 2655/2655/2655 2637/2637/2637 2654/2654/2654
f 2654/2654/2654 2653/2653/2653 2656/2656/2656
f 2637/2637/2637 2648/2648/2648 2654/2654/2654
f 2657/2657/2657 2652/2652/2652 2627/2627/2627
f 2652/2652/2652 2653/2653/2653 2651/2651/2651
f 2660/2660/2660 2658/2658/2658 2657/2657/2657
f 2658/2658/2658 2656/2656/2656 2652/2652/2652
f 2655/2655/2655 2656/2656/2656 2661/2661/2661
f 2662/2662/2662 2655/2655/2655 2661/2661/2661
f 2639/2639/2639 2663/2663/2663 2640/2640/2640
f 2661/2661/2661 2659/2659/2659 2662/2662/2662
f 2619/2619/2619 2575/2575/2575 2617/2617/2617
f 2664/2664/2664 2619/2619/2619 2617/2617/2617
f 2617/2617/2617 2578/2578/2578 2613/2613/2613
f 2617/2617/2617 2616/2616/2616 2664/2664/2664
f 2643/2643/2643 2664/2664/2664 2616/2616/2616
f 2646/2646/2646 2664/2664/2664 2649/2649/2649
f 2666/2666/2666 2667/2667/2667 2665/2665/2665
f 2665/2665/2665 2669/2669/2669 2666/2666/2666
f 2669/2669/2669 2670/2670/2670 2671/2671/2671
f 2673/2673/2673 2663/2663/2663 2672/2672/2672
f 2660/2660/2660 2674/2674/2674 2659/2659/2659
f 2675/2675/2675 2671/2671/2671 2676/2676/2676
f 2677/2677/2677 2659/2659/2659 2674/2674/2674
f 2663/2663/2663 2677/2677/2677 2672/2672/2672
f 2679/2679/2679 2672/2672/2672 2678/2678/2678
f 2940/2940/2940 2680/2680/2680 2681/2681/2681
f 2675/2675/2675 2676/2676/2676 2684/2684/2684
f 2685/2685/2685 2674/2674/2674 2675/2675/2675
f 2669/2669/2669 2674/2674/2674 2666/2666/2666
f 2688/2688/2688 2686/2686/2686 2687/2687/2687
f 2684/2684/2684 2690/2690/2690 2691/2691/2691
f 2682/2682/2682 2690/2690/2690 2680/2680/2680
f 2692/2692/2692 2687/2687/2687 2686/2686/2686
f 2689/2689/2689 2694/2694/2694 2686/2686/2686
f 2679/2679/2679 2678/2678/2678 2694/2694/2694
f 2685/2685/2685 2684/2684/2684 2695/2695/2695
f 2675/2675/2675 2684/2684/2684 2685/2685/2685
f 2694/2694/2694 2685/2685/2685 2695/2695/2695
f 2672/2672/2672 2685/2685/2685 2678/2678/2678
f 2684/2684/2684 2692/2692/2692 2695/2695/2695
f 2694/2694/2694 2692/2692/2692 2686/2686/2686
f 2687/2687/2687 2683/2683/2683 2688/2688/2688
f 2941/2941/2941 2682/2682/2682 2940/2940/2940
f 2941/2941/2941 2687/2687/2687 2693/2693/2693
f 2682/2682/2682 2692/2692/2692 2691/2691/2691
f 2696/2696/2696 2683/2683/2683 2697/2697/2697
f 2641/2641/2641 2698/2698/2698 2639/2639/2639
f 2679/2679/2679 2700/2700/2700 2673/2673/2673
f 2638/2638/2638 2639/2639/2639 2701/2701/2701
f 2688/2688/2688 2702/2702/2702 2689/2689/2689
f 2689/2689/2689 2699/2699/2699 2679/2679/2679
f 2673/2673/2673 2703/2703/2703 2640/2640/2640
f 2703/2703/2703 2641/2641/2641 2640/2640/2640
f 2704/2704/2704 2943/2943/2943 2701/2701/2701
f 2639/2639/2639 2704/2704/2704 2701/2701/2701
f 2943/2943/2943 2942/2942/2942 2705/2705/2705
f 2705/2705/2705 2701/2701/2701 2943/2943/2943
f 2705/2705/2705 2638/2638/2638 2701/2701/2701
f 2707/2707/2707 2626/2626/2626 2636/2636/2636
f 2638/2638/2638 2707/2707/2707 2636/2636/2636
f 2710/2710/2710 2708/2708/2708 2709/2709/2709
f 2711/2711/2711 2712/2712/2712 2713/2713/2713
f 2714/2714/2714 2712/2712/2712 2715/2715/2715
f 2716/2716/2716 2715/2715/2715 2717/2717/2717
f 2717/2717/2717 2718/2718/2718 2716/2716/2716
f 2720/2720/2720 2719/2719/2719 2721/2721/2721
f 2721/2721/2721 2722/2722/2722 2720/2720/2720
f 2724/2724/2724 2723/2723/2723 2725/2725/2725
f 2729/2729/2729 2727/2727/2727 2728/2728/2728
f 2730/2730/2730 2729/2729/2729 2728/2728/2728
f 2732/2732/2732 2727/2727/2727 2733/2733/2733
f 2732/2732/2732 2730/2730/2730 2728/2728/2728
f 2726/2726/2726 2736/2736/2736 2735/2735/2735
f 2736/2736/2736 2731/2731/2731 2737/2737/2737
f 2736/2736/2736 2739/2739/2739 2735/2735/2735
f 2737/2737/2737 2738/2738/2738 2736/2736/2736
f 2743/2743/2743 2741/2741/2741 2742/2742/2742
f 2746/2746/2746 2743/2743/2743 2745/2745/2745
f 2739/2739/2739 2743/2743/2743 2742/2742/2742
f 2740/2740/2740 2743/2743/2743 2738/2738/2738
f 2748/2748/2748 2750/2750/2750 2747/2747/2747
f 2751/2751/2751 2747/2747/2747 2752/2752/2752
f 2749/2749/2749 2753/2753/2753 2754/2754/2754
f 2751/2751/2751 2753/2753/2753 2748/2748/2748
f 2747/2747/2747 2757/2757/2757 2756/2756/2756
f 2752/2752/2752 2756/2756/2756 2758/2758/2758
f 2760/2760/2760 2756/2756/2756 2757/2757/2757
f 2761/2761/2761 2756/2756/2756 2759/2759/2759
f 2760/2760/2760 2762/2762/2762 2759/2759/2759
f 2759/2759/2759 2764/2764/2764 2761/2761/2761
f 2766/2766/2766 2762/2762/2762 2763/2763/2763
f 2767/2767/2767 2762/2762/2762 2765/2765/2765
f 2718/2718/2718 2768/2768/2768 2769/2769/2769
f 2751/2751/2751 2769/2769/2769 2768/2768/2768
f 2770/2770/2770 2722/2722/2722 2724/2724/2724
f 2755/2755/2755 2768/2768/2768 2770/2770/2770
f 2720/2720/2720 2722/2722/2722 2768/2768/2768
f 2771/2771/2771 2718/2718/2718 2769/2769/2769
f 2758/2758/2758 2769/2769/2769 2752/2752/2752
f 2772/2772/2772 2716/2716/2716 2771/2771/2771
f 2758/2758/2758 2772/2772/2772 2771/2771/2771
f 2772/2772/2772 2764/2764/2764 2773/2773/2773
f 2772/2772/2772 2773/2773/2773 2774/2774/2774
f 2714/2714/2714 2774/2774/2774 2713/2713/2713
f 2764/2764/2764 2775/2775/2775 2773/2773/2773
f 2776/2776/2776 2775/2775/2775 2777/2777/2777
f 2776/2776/2776 2774/2774/2774 2773/2773/2773
f 2780/2780/2780 2778/2778/2778 2779/2779/2779
f 2750/2750/2750 2779/2779/2779 2778/2778/2778
f 2754/2754/2754 2779/2779/2779 2749/2749/2749
f 2783/2783/2783 2779/2779/2779 2782/2782/2782
f 2781/2781/2781 2784/2784/2784 2778/2778/2778
f 2778/2778/2778 2757/2757/2757 2750/2750/2750
f 2786/2786/2786 2785/2785/2785 2787/2787/2787
f 2784/2784/2784 2760/2760/2760 2757/2757/2757
f 2788/2788/2788 2787/2787/2787 2789/2789/2789
f 2760/2760/2760 2788/2788/2788 2763/2763/2763
f 2788/2788/2788 2766/2766/2766 2763/2763/2763
f 2780/2780/2780 2726/2726/2726 2781/2781/2781
f 2783/2783/2783 2727/2727/2727 2780/2780/2780
f 2781/2781/2781 2735/2735/2735 2785/2785/2785
f 2735/2735/2735 2787/2787/2787 2785/2785/2785
f 2787/2787/2787 2741/2741/2741 2789/2789/2789
f 2739/2739/2739 2742/2742/2742 2787/2787/2787
f 2774/2774/2774 2711/2711/2711 2713/2713/2713
f 2776/2776/2776 2791/2791/2791 2774/2774/2774
f 2777/2777/2777 2791/2791/2791 2776/2776/2776
f 2745/2745/2745 2793/2793/2793 2746/2746/2746
f 2745/2745/2745 2794/2794/2794 2792/2792/2792
f 2795/2795/2795 2737/2737/2737 2731/2731/2731
f 2737/2737/2737 2794/2794/2794 2740/2740/2740
f 2731/2731/2731 2797/2797/2797 2795/2795/2795
f 2797/2797/2797 2734/2734/2734 2956/2956/2956
f 2956/2956/2956 2798/2798/2798 2797/2797/2797
f 2799/2799/2799 2801/2801/2801 2802/2802/2802
f 2804/2804/2804 2803/2803/2803 2802/2802/2802
f 2803/2803/2803 2799/2799/2799 2802/2802/2802
f 2798/2798/2798 2806/2806/2806 2797/2797/2797
f 2807/2807/2807 2808/2808/2808 2806/2806/2806
f 2959/2959/2959 2960/2960/2960 2809/2809/2809
f 2959/2959/2959 2809/2809/2809 2808/2808/2808
f 2811/2811/2811 2813/2813/2813 2810/2810/2810
f 2805/2805/2805 2811/2811/2811 2803/2803/2803
f 2813/2813/2813 2815/2815/2815 2810/2810/2810
f 2815/2815/2815 2816/2816/2816 2817/2817/2817
f 2792/2792/2792 2816/2816/2816 2793/2793/2793
f 2820/2820/2820 2819/2819/2819 2800/2800/2800
f 2818/2818/2818 2958/2958/2958 2819/2819/2819
f 2825/2825/2825 2823/2823/2823 2824/2824/2824
f 2821/2821/2821 2822/2822/2822 2826/2826/2826
f 2823/2823/2823 2820/2820/2820 2824/2824/2824
f 2823/2823/2823 2821/2821/2821 2818/2818/2818
f 2827/2827/2827 2825/2825/2825 2828/2828/2828
f 2826/2826/2826 2827/2827/2827 2829/2829/2829
f 2830/2830/2830 2825/2825/2825 2824/2824/2824
f 2828/2828/2828 2831/2831/2831 2832/2832/2832
f 2830/2830/2830 2820/2820/2820 2833/2833/2833
f 2820/2820/2820 2799/2799/2799 2833/2833/2833
f 2799/2799/2799 2803/2803/2803 2834/2834/2834
f 2799/2799/2799 2834/2834/2834 2833/2833/2833
f 2810/2810/2810 2835/2835/2835 2811/2811/2811
f 2834/2834/2834 2811/2811/2811 2835/2835/2835
f 2837/2837/2837 2831/2831/2831 2830/2830/2830
f 2830/2830/2830 2834/2834/2834 2837/2837/2837
f 2840/2840/2840 2838/2838/2838 2839/2839/2839
f 2839/2839/2839 2836/2836/2836 2840/2840/2840
f 2838/2838/2838 2837/2837/2837 2839/2839/2839
f 2835/2835/2835 2837/2837/2837 2834/2834/2834
f 2840/2840/2840 2843/2843/2843 2841/2841/2841
f 2840/2840/2840 2844/2844/2844 2842/2842/2842
f 2842/2842/2842 2846/2846/2846 2843/2843/2843
f 2847/2847/2847 2842/2842/2842 2844/2844/2844
f 2796/2796/2796 2846/2846/2846 2845/2845/2845
f 2794/2794/2794 2845/2845/2845 2847/2847/2847
f 2838/2838/2838 2832/2832/2832 2831/2831/2831
f 2838/2838/2838 2849/2849/2849 2848/2848/2848
f 2841/2841/2841 2961/2961/2961 2849/2849/2849
f 2843/2843/2843 2850/2850/2850 2961/2961/2961
f 2961/2961/2961 2841/2841/2841 2843/2843/2843
f 2808/2808/2808 2850/2850/2850 2843/2843/2843
f 2808/2808/2808 2809/2809/2809 2851/2851/2851
f 2844/2844/2844 2810/2810/2810 2815/2815/2815
f 2844/2844/2844 2817/2817/2817 2847/2847/2847
f 2794/2794/2794 2817/2817/2817 2792/2792/2792
f 2808/2808/2808 2846/2846/2846 2806/2806/2806
f 2797/2797/2797 2846/2846/2846 2795/2795/2795
f 2610/2610/2610 2609/2609/2609 2852/2852/2852
f 2610/2610/2610 2853/2853/2853 2611/2611/2611
f 2853/2853/2853 2597/2597/2597 2611/2611/2611
f 2854/2854/2854 2576/2576/2576 2597/2597/2597
f 2856/2856/2856 2775/2775/2775 2767/2767/2767
f 2857/2857/2857 2854/2854/2854 2853/2853/2853
f 2858/2858/2858 2576/2576/2576 2855/2855/2855
f 2859/2859/2859 2767/2767/2767 2765/2765/2765
f 2854/2854/2854 2859/2859/2859 2855/2855/2855
f 2578/2578/2578 2858/2858/2858 2860/2860/2860
f 2614/2614/2614 2578/2578/2578 2860/2860/2860
f 2861/2861/2861 2765/2765/2765 2766/2766/2766
f 2859/2859/2859 2858/2858/2858 2855/2855/2855
f 2861/2861/2861 2790/2790/2790 2862/2862/2862
f 2860/2860/2860 2861/2861/2861 2862/2862/2862
f 2790/2790/2790 2789/2789/2789 2863/2863/2863
f 2864/2864/2864 2860/2860/2860 2862/2862/2862
f 2862/2862/2862 2863/2863/2863 2864/2864/2864
f 2865/2865/2865 2744/2744/2744 2866/2866/2866
f 2863/2863/2863 2741/2741/2741 2865/2865/2865
f 2612/2612/2612 2867/2867/2867 2644/2644/2644
f 2631/2631/2631 2644/2644/2644 2867/2867/2867
f 2614/2614/2614 2868/2868/2868 2615/2615/2615
f 2865/2865/2865 2864/2864/2864 2863/2863/2863
f 2866/2866/2866 2868/2868/2868 2865/2865/2865
f 2869/2869/2869 2615/2615/2615 2868/2868/2868
f 2746/2746/2746 2866/2866/2866 2744/2744/2744
f 2871/2871/2871 2867/2867/2867 2869/2869/2869
f 2866/2866/2866 2871/2871/2871 2869/2869/2869
f 2870/2870/2870 2793/2793/2793 2872/2872/2872
f 2871/2871/2871 2629/2629/2629 2631/2631/2631
f 2872/2872/2872 2871/2871/2871 2870/2870/2870
f 2874/2874/2874 2814/2814/2814 2875/2875/2875
f 2874/2874/2874 2793/2793/2793 2816/2816/2816
f 2873/2873/2873 2630/2630/2630 2629/2629/2629
f 2874/2874/2874 2873/2873/2873 2872/2872/2872
f 2660/2660/2660 2877/2877/2877 2667/2667/2667
f 2657/2657/2657 2630/2630/2630 2877/2877/2877
f 2875/2875/2875 2876/2876/2876 2874/2874/2874
f 2878/2878/2878 2630/2630/2630 2876/2876/2876
f 2813/2813/2813 2875/2875/2875 2814/2814/2814
f 2667/2667/2667 2878/2878/2878 2880/2880/2880
f 2879/2879/2879 2878/2878/2878 2875/2875/2875
f 2881/2881/2881 2813/2813/2813 2812/2812/2812
f 2665/2665/2665 2880/2880/2880 2882/2882/2882
f 2881/2881/2881 2880/2880/2880 2879/2879/2879
f 2881/2881/2881 2805/2805/2805 2883/2883/2883
f 2668/2668/2668 2882/2882/2882 2884/2884/2884
f 2881/2881/2881 2884/2884/2884 2882/2882/2882
f 2885/2885/2885 2805/2805/2805 2804/2804/2804
f 2886/2886/2886 2852/2852/2852 2609/2609/2609
f 2791/2791/2791 2777/2777/2777 2887/2887/2887
f 2888/2888/2888 2775/2775/2775 2857/2857/2857
f 2888/2888/2888 2853/2853/2853 2852/2852/2852
f 2888/2888/2888 2886/2886/2886 2889/2889/2889
f 2887/2887/2887 2888/2888/2888 2889/2889/2889
f 2608/2608/2608 2609/2609/2609 2606/2606/2606
f 2708/2708/2708 2892/2892/2892 2709/2709/2709
f 2711/2711/2711 2893/2893/2893 2708/2708/2708
f 2962/2962/2962 2892/2892/2892 2891/2891/2891
f 2607/2607/2607 2895/2895/2895 2608/2608/2608
f 2895/2895/2895 2964/2964/2964 2963/2963/2963
f 2886/2886/2886 2609/2609/2609 2890/2890/2890
f 2890/2890/2890 2608/2608/2608 2895/2895/2895
f 2891/2891/2891 2708/2708/2708 2893/2893/2893
f 2893/2893/2893 2791/2791/2791 2887/2887/2887
f 2895/2895/2895 2965/2965/2965 2896/2896/2896
f 2889/2889/2889 2893/2893/2893 2887/2887/2887
f 2895/2895/2895 2897/2897/2897 2890/2890/2890
f 2891/2891/2891 2897/2897/2897 2896/2896/2896
f 2891/2891/2891 2965/2965/2965 2962/2962/2962
f 2886/2886/2886 2897/2897/2897 2889/2889/2889
f 2901/2901/2901 2899/2899/2899 2900/2900/2900
f 2670/2670/2670 2900/2900/2900 2671/2671/2671
f 2903/2903/2903 2899/2899/2899 2902/2902/2902
f 2900/2900/2900 2676/2676/2676 2671/2671/2671
f 2902/2902/2902 2905/2905/2905 2903/2903/2903
f 2905/2905/2905 2676/2676/2676 2903/2903/2903
f 2904/2904/2904 2907/2907/2907 2905/2905/2905
f 2905/2905/2905 2680/2680/2680 2690/2690/2690
f 2907/2907/2907 2908/2908/2908 2909/2909/2909
f 2680/2680/2680 2909/2909/2909 2681/2681/2681
f 2668/2668/2668 2910/2910/2910 2670/2670/2670
f 2912/2912/2912 2901/2901/2901 2911/2911/2911
f 2901/2901/2901 2910/2910/2910 2911/2911/2911
f 2883/2883/2883 2910/2910/2910 2884/2884/2884
f 2913/2913/2913 2910/2910/2910 2885/2885/2885
f 2912/2912/2912 2913/2913/2913 2914/2914/2914
f 2801/2801/2801 2916/2916/2916 2802/2802/2802
f 2917/2917/2917 2802/2802/2802 2916/2916/2916
f 2915/2915/2915 2918/2918/2918 2916/2916/2916
f 2918/2918/2918 2917/2917/2917 2916/2916/2916
f 2917/2917/2917 2885/2885/2885 2804/2804/2804
f 2913/2913/2913 2920/2920/2920 2914/2914/2914
f 2800/2800/2800 2921/2921/2921 2801/2801/2801
f 2921/2921/2921 2967/2967/2967 2922/2922/2922
f 2957/2957/2957 2819/2819/2819 2958/2958/2958
f 2915/2915/2915 2921/2921/2921 2922/2922/2922
f 2923/2923/2923 2967/2967/2967 2966/2966/2966
f 2915/2915/2915 2923/2923/2923 2919/2919/2919
f 2581/2581/2581 2934/2934/2934 2584/2584/2584
f 2580/2580/2580 2932/2932/2932 2581/2581/2581
f 2964/2964/2964 2925/2925/2925 2924/2924/2924
f 2925/2925/2925 2607/2607/2607 2926/2926/2926
f 2944/2944/2944 2946/2946/2946 2945/2945/2945
f 2709/2709/2709 2944/2944/2944 2947/2947/2947
f 2709/2709/2709 2948/2948/2948 2710/2710/2710
f 2710/2710/2710 2949/2949/2949 2712/2712/2712
f 2950/2950/2950 2712/2712/2712 2949/2949/2949
f 2715/2715/2715 2951/2951/2951 2717/2717/2717
f 2952/2952/2952 2717/2717/2717 2951/2951/2951
f 2952/2952/2952 2721/2721/2721 2719/2719/2719
f 2954/2954/2954 2721/2721/2721 2953/2953/2953
f 2723/2723/2723 2955/2955/2955 2725/2725/2725
f 2955/2955/2955 2723/2723/2723 2954/2954/2954
f 2721/2721/2721 2954/2954/2954 2723/2723/2723
f 2721/2721/2721 2952/2952/2952 2953/2953/2953
f 2717/2717/2717 2952/2952/2952 2719/2719/2719
f 2951/2951/2951 2715/2715/2715 2950/2950/2950
f 2712/2712/2712 2950/2950/2950 2715/2715/2715
f 2949/2949/2949 2710/2710/2710 2948/2948/2948
f 2948/2948/2948 2709/2709/2709 2947/2947/2947
f 2944/2944/2944 2709/2709/2709 2892/2892/2892
f 2946/2946/2946 2944/2944/2944 2892/2892/2892
f 2607/2607/2607 2925/2925/2925 2894/2894/2894
f 2925/2925/2925 2964/2964/2964 2894/2894/2894
f 2932/2932/2932 2580/2580/2580 2933/2933/2933
f 2934/2934/2934 2581/2581/2581 2932/2932/2932
f 2923/2923/2923 2915/2915/2915 2922/2922/2922
f 2967/2967/2967 2923/2923/2923 2922/2922/2922
f 2921/2921/2921 2915/2915/2915 2801/2801/2801
f 2819/2819/2819 2957/2957/2957 2921/2921/2921
f 2967/2967/2967 2921/2921/2921 2957/2957/2957
f 2921/2921/2921 2800/2800/2800 2819/2819/2819
f 2920/2920/2920 2913/2913/2913 2917/2917/2917
f 2885/2885/2885 2917/2917/2917 2913/2913/2913
f 2917/2917/2917 2918/2918/2918 2920/2920/2920
f 2918/2918/2918 2915/2915/2915 2919/2919/2919
f 2802/2802/2802 2917/2917/2917 2804/2804/2804
f 2916/2916/2916 2801/2801/2801 2915/2915/2915
f 2913/2913/2913 2912/2912/2912 2911/2911/2911
f 2910/2910/2910 2913/2913/2913 2911/2911/2911
f 2910/2910/2910 2883/2883/2883 2885/2885/2885
f 2910/2910/2910 2901/2901/2901 2670/2670/2670
f 2901/2901/2901 2912/2912/2912 2898/2898/2898
f 2910/2910/2910 2668/2668/2668 2884/2884/2884
f 2909/2909/2909 2680/2680/2680 2907/2907/2907
f 2908/2908/2908 2907/2907/2907 2906/2906/2906
f 2680/2680/2680 2905/2905/2905 2907/2907/2907
f 2907/2907/2907 2904/2904/2904 2906/2906/2906
f 2676/2676/2676 2905/2905/2905 2690/2690/2690
f 2905/2905/2905 2902/2902/2902 2904/2904/2904
f 2676/2676/2676 2900/2900/2900 2903/2903/2903
f 2899/2899/2899 2903/2903/2903 2900/2900/2900
f 2900/2900/2900 2670/2670/2670 2901/2901/2901
f 2899/2899/2899 2901/2901/2901 2898/2898/2898
f 2897/2897/2897 2886/2886/2886 2890/2890/2890
f 2965/2965/2965 2891/2891/2891 2896/2896/2896
f 2897/2897/2897 2891/2891/2891 2893/2893/2893
f 2897/2897/2897 2895/2895/2895 2896/2896/2896
f 2893/2893/2893 2889/2889/2889 2897/2897/2897
f 2965/2965/2965 2895/2895/2895 2963/2963/2963
f 2964/2964/2964 2895/2895/2895 2894/2894/2894
f 2895/2895/2895 2607/2607/2607 2894/2894/2894
f 2892/2892/2892 2962/2962/2962 2946/2946/2946
f 2893/2893/2893 2711/2711/2711 2791/2791/2791
f 2892/2892/2892 2708/2708/2708 2891/2891/2891
f 2609/2609/2609 2608/2608/2608 2890/2890/2890
f 2888/2888/2888 2887/2887/2887 2777/2777/2777
f 2886/2886/2886 2888/2888/2888 2852/2852/2852
f 2853/2853/2853 2888/2888/2888 2857/2857/2857
f 2775/2775/2775 2888/2888/2888 2777/2777/2777
f 2805/2805/2805 2885/2885/2885 2883/2883/2883
f 2884/2884/2884 2881/2881/2881 2883/2883/2883
f 2882/2882/2882 2668/2668/2668 2665/2665/2665
f 2805/2805/2805 2881/2881/2881 2812/2812/2812
f 2880/2880/2880 2881/2881/2881 2882/2882/2882
f 2880/2880/2880 2665/2665/2665 2667/2667/2667
f 2813/2813/2813 2881/2881/2881 2879/2879/2879
f 2878/2878/2878 2879/2879/2879 2880/2880/2880
f 2878/2878/2878 2667/2667/2667 2877/2877/2877
f 2875/2875/2875 2813/2813/2813 2879/2879/2879
f 2630/2630/2630 2878/2878/2878 2877/2877/2877
f 2876/2876/2876 2875/2875/2875 2878/2878/2878
f 2630/2630/2630 2657/2657/2657 2627/2627/2627
f 2877/2877/2877 2660/2660/2660 2657/2657/2657
f 2873/2873/2873 2874/2874/2874 2876/2876/2876
f 2630/2630/2630 2873/2873/2873 2876/2876/2876
f 2793/2793/2793 2874/2874/2874 2872/2872/2872
f 2814/2814/2814 2874/2874/2874 2816/2816/2816
f 2871/2871/2871 2872/2872/2872 2873/2873/2873
f 2629/2629/2629 2871/2871/2871 2873/2873/2873
f 2793/2793/2793 2870/2870/2870 2746/2746/2746
f 2871/2871/2871 2866/2866/2866 2870/2870/2870
f 2867/2867/2867 2871/2871/2871 2631/2631/2631
f 2866/2866/2866 2746/2746/2746 2870/2870/2870
f 2615/2615/2615 2869/2869/2869 2867/2867/2867
f 2868/2868/2868 2866/2866/2866 2869/2869/2869
f 2864/2864/2864 2865/2865/2865 2868/2868/2868
f 2868/2868/2868 2614/2614/2614 2864/2864/2864
f 2644/2644/2644 2631/2631/2631 2632/2632/2632
f 2867/2867/2867 2612/2612/2612 2615/2615/2615
f 2741/2741/2741 2863/2863/2863 2789/2789/2789
f 2744/2744/2744 2865/2865/2865 2741/2741/2741
f 2863/2863/2863 2862/2862/2862 2790/2790/2790
f 2860/2860/2860 2864/2864/2864 2614/2614/2614
f 2789/2789/2789 2790/2790/2790 2788/2788/2788
f 2861/2861/2861 2860/2860/2860 2858/2858/2858
f 2790/2790/2790 2861/2861/2861 2766/2766/2766
f 2858/2858/2858 2859/2859/2859 2861/2861/2861
f 2765/2765/2765 2861/2861/2861 2859/2859/2859
f 2578/2578/2578 2614/2614/2614 2613/2613/2613
f 2858/2858/2858 2578/2578/2578 2577/2577/2577
f 2859/2859/2859 2854/2854/2854 2856/2856/2856
f 2767/2767/2767 2859/2859/2859 2856/2856/2856
f 2576/2576/2576 2858/2858/2858 2577/2577/2577
f 2854/2854/2854 2857/2857/2857 2856/2856/2856
f 2775/2775/2775 2856/2856/2856 2857/2857/2857
f 2576/2576/2576 2854/2854/2854 2855/2855/2855
f 2597/2597/2597 2853/2853/2853 2854/2854/2854
f 2853/2853/2853 2610/2610/2610 2852/2852/2852
f 2846/2846/2846 2797/2797/2797 2806/2806/2806
f 2846/2846/2846 2808/2808/2808 2843/2843/2843
f 2817/2817/2817 2794/2794/2794 2847/2847/2847
f 2817/2817/2817 2844/2844/2844 2815/2815/2815
f 2810/2810/2810 2844/2844/2844 2836/2836/2836
f 2850/2850/2850 2808/2808/2808 2851/2851/2851
f 2849/2849/2849 2838/2838/2838 2841/2841/2841
f 2832/2832/2832 2838/2838/2838 2848/2848/2848
f 2845/2845/2845 2794/2794/2794 2796/2796/2796
f 2846/2846/2846 2796/2796/2796 2795/2795/2795
f 2842/2842/2842 2847/2847/2847 2845/2845/2845
f 2846/2846/2846 2842/2842/2842 2845/2845/2845
f 2844/2844/2844 2840/2840/2840 2836/2836/2836
f 2843/2843/2843 2840/2840/2840 2842/2842/2842
f 2837/2837/2837 2835/2835/2835 2839/2839/2839
f 2837/2837/2837 2838/2838/2838 2831/2831/2831
f 2836/2836/2836 2839/2839/2839 2835/2835/2835
f 2838/2838/2838 2840/2840/2840 2841/2841/2841
f 2834/2834/2834 2830/2830/2830 2833/2833/2833
f 2811/2811/2811 2834/2834/2834 2803/2803/2803
f 2835/2835/2835 2810/2810/2810 2836/2836/2836
f 2799/2799/2799 2820/2820/2820 2800/2800/2800
f 2820/2820/2820 2830/2830/2830 2824/2824/2824
f 2831/2831/2831 2828/2828/2828 2825/2825/2825
f 2825/2825/2825 2830/2830/2830 2831/2831/2831
f 2827/2827/2827 2826/2826/2826 2822/2822/2822
f 2825/2825/2825 2827/2827/2827 2822/2822/2822
f 2820/2820/2820 2823/2823/2823 2818/2818/2818
f 2822/2822/2822 2821/2821/2821 2823/2823/2823
f 2823/2823/2823 2825/2825/2825 2822/2822/2822
f 2958/2958/2958 2818/2818/2818 2821/2821/2821
f 2819/2819/2819 2820/2820/2820 2818/2818/2818
f 2816/2816/2816 2792/2792/2792 2817/2817/2817
f 2816/2816/2816 2815/2815/2815 2814/2814/2814
f 2815/2815/2815 2813/2813/2813 2814/2814/2814
f 2811/2811/2811 2805/2805/2805 2812/2812/2812
f 2813/2813/2813 2811/2811/2811 2812/2812/2812
f 2808/2808/2808 2807/2807/2807 2959/2959/2959
f 2806/2806/2806 2798/2798/2798 2807/2807/2807
f 2803/2803/2803 2804/2804/2804 2805/2805/2805
f 2801/2801/2801 2799/2799/2799 2800/2800/2800
f 2734/2734/2734 2797/2797/2797 2730/2730/2730
f 2797/2797/2797 2731/2731/2731 2730/2730/2730
f 2794/2794/2794 2737/2737/2737 2796/2796/2796
f 2737/2737/2737 2795/2795/2795 2796/2796/2796
f 2794/2794/2794 2745/2745/2745 2740/2740/2740
f 2793/2793/2793 2745/2745/2745 2792/2792/2792
f 2711/2711/2711 2774/2774/2774 2791/2791/2791
f 2741/2741/2741 2787/2787/2787 2742/2742/2742
f 2787/2787/2787 2735/2735/2735 2739/2739/2739
f 2735/2735/2735 2781/2781/2781 2726/2726/2726
f 2727/2727/2727 2783/2783/2783 2733/2733/2733
f 2726/2726/2726 2780/2780/2780 2727/2727/2727
f 2766/2766/2766 2788/2788/2788 2790/2790/2790
f 2788/2788/2788 2760/2760/2760 2786/2786/2786
f 2787/2787/2787 2788/2788/2788 2786/2786/2786
f 2760/2760/2760 2784/2784/2784 2786/2786/2786
f 2785/2785/2785 2786/2786/2786 2784/2784/2784
f 2757/2757/2757 2778/2778/2778 2784/2784/2784
f 2784/2784/2784 2781/2781/2781 2785/2785/2785
f 2779/2779/2779 2783/2783/2783 2780/2780/2780
f 2779/2779/2779 2754/2754/2754 2782/2782/2782
f 2779/2779/2779 2750/2750/2750 2749/2749/2749
f 2778/2778/2778 2780/2780/2780 2781/2781/2781
f 2775/2775/2775 2776/2776/2776 2773/2773/2773
f 2775/2775/2775 2764/2764/2764 2767/2767/2767
f 2774/2774/2774 2714/2714/2714 2772/2772/2772
f 2764/2764/2764 2772/2772/2772 2761/2761/2761
f 2772/2772/2772 2758/2758/2758 2761/2761/2761
f 2716/2716/2716 2772/2772/2772 2714/2714/2714
f 2769/2769/2769 2758/2758/2758 2771/2771/2771
f 2718/2718/2718 2771/2771/2771 2716/2716/2716
f 2768/2768/2768 2755/2755/2755 2751/2751/2751
f 2722/2722/2722 2770/2770/2770 2768/2768/2768
f 2769/2769/2769 2751/2751/2751 2752/2752/2752
f 2768/2768/2768 2718/2718/2718 2720/2720/2720
f 2762/2762/2762 2767/2767/2767 2764/2764/2764
f 2762/2762/2762 2766/2766/2766 2765/2765/2765
f 2764/2764/2764 2759/2759/2759 2762/2762/2762
f 2762/2762/2762 2760/2760/2760 2763/2763/2763
f 2756/2756/2756 2761/2761/2761 2758/2758/2758
f 2756/2756/2756 2760/2760/2760 2759/2759/2759
f 2756/2756/2756 2752/2752/2752 2747/2747/2747
f 2757/2757/2757 2747/2747/2747 2750/2750/2750
f 2753/2753/2753 2751/2751/2751 2755/2755/2755
f 2753/2753/2753 2749/2749/2749 2748/2748/2748
f 2747/2747/2747 2751/2751/2751 2748/2748/2748
f 2750/2750/2750 2748/2748/2748 2749/2749/2749
f 2743/2743/2743 2740/2740/2740 2745/2745/2745
f 2743/2743/2743 2739/2739/2739 2738/2738/2738
f 2743/2743/2743 2746/2746/2746 2744/2744/2744
f 2741/2741/2741 2743/2743/2743 2744/2744/2744
f 2738/2738/2738 2737/2737/2737 2740/2740/2740
f 2739/2739/2739 2736/2736/2736 2738/2738/2738
f 2731/2731/2731 2736/2736/2736 2729/2729/2729
f 2736/2736/2736 2726/2726/2726 2729/2729/2729
f 2730/2730/2730 2732/2732/2732 2734/2734/2734
f 2727/2727/2727 2732/2732/2732 2728/2728/2728
f 2729/2729/2729 2730/2730/2730 2731/2731/2731
f 2727/2727/2727 2729/2729/2729 2726/2726/2726
f 2723/2723/2723 2724/2724/2724 2722/2722/2722
f 2722/2722/2722 2721/2721/2721 2723/2723/2723
f 2719/2719/2719 2720/2720/2720 2718/2718/2718
f 2718/2718/2718 2717/2717/2717 2719/2719/2719
f 2715/2715/2715 2716/2716/2716 2714/2714/2714
f 2712/2712/2712 2714/2714/2714 2713/2713/2713
f 2712/2712/2712 2711/2711/2711 2710/2710/2710
f 2708/2708/2708 2710/2710/2710 2711/2711/2711
f 2707/2707/2707 2638/2638/2638 2706/2706/2706
f 2638/2638/2638 2705/2705/2705 2706/2706/2706
f 2704/2704/2704 2639/2639/2639 2698/2698/2698
f 2703/2703/2703 2673/2673/2673 2700/2700/2700
f 2699/2699/2699 2689/2689/2689 2702/2702/2702
f 2702/2702/2702 2688/2688/2688 2696/2696/2696
f 2639/2639/2639 2638/2638/2638 2637/2637/2637
f 2700/2700/2700 2679/2679/2679 2699/2699/2699
f 2683/2683/2683 2696/2696/2696 2688/2688/2688
f 2692/2692/2692 2682/2682/2682 2693/2693/2693
f 2682/2682/2682 2941/2941/2941 2693/2693/2693
f 2683/2683/2683 2687/2687/2687 2941/2941/2941
f 2692/2692/2692 2694/2694/2694 2695/2695/2695
f 2692/2692/2692 2684/2684/2684 2691/2691/2691
f 2685/2685/2685 2672/2672/2672 2677/2677/2677
f 2685/2685/2685 2694/2694/2694 2678/2678/2678
f 2694/2694/2694 2689/2689/2689 2679/2679/2679
f 2687/2687/2687 2692/2692/2692 2693/2693/2693
f 2690/2690/2690 2682/2682/2682 2691/2691/2691
f 2690/2690/2690 2684/2684/2684 2676/2676/2676
f 2686/2686/2686 2688/2688/2688 2689/2689/2689
f 2674/2674/2674 2669/2669/2669 2675/2675/2675
f 2674/2674/2674 2685/2685/2685 2677/2677/2677
f 2680/2680/2680 2940/2940/2940 2682/2682/2682
f 2672/2672/2672 2679/2679/2679 2673/2673/2673
f 2677/2677/2677 2663/2663/2663 2662/2662/2662
f 2659/2659/2659 2677/2677/2677 2662/2662/2662
f 2671/2671/2671 2675/2675/2675 2669/2669/2669
f 2674/2674/2674 2660/2660/2660 2666/2666/2666
f 2663/2663/2663 2673/2673/2673 2640/2640/2640
f 2670/2670/2670 2669/2669/2669 2668/2668/2668
f 2669/2669/2669 2665/2665/2665 2668/2668/2668
f 2667/2667/2667 2666/2666/2666 2660/2660/2660
f 2664/2664/2664 2646/2646/2646 2645/2645/2645
f 2664/2664/2664 2643/2643/2643 2649/2649/2649
f 2578/2578/2578 2617/2617/2617 2575/2575/2575
f 2619/2619/2619 2664/2664/2664 2645/2645/2645
f 2575/2575/2575 2619/2619/2619 2572/2572/2572
f 2659/2659/2659 2661/2661/2661 2658/2658/2658
f 2663/2663/2663 2639/2639/2639 2655/2655/2655
f 2655/2655/2655 2662/2662/2662 2663/2663/2663
f 2656/2656/2656 2655/2655/2655 2654/2654/2654
f 2656/2656/2656 2658/2658/2658 2661/2661/2661
f 2658/2658/2658 2660/2660/2660 2659/2659/2659
f 2653/2653/2653 2652/2652/2652 2656/2656/2656
f 2652/2652/2652 2657/2657/2657 2658/2658/2658
f 2648/2648/2648 2637/2637/2637 2635/2635/2635
f 2653/2653/2653 2654/2654/2654 2648/2648/2648
f 2637/2637/2637 2655/2655/2655 2639/2639/2639
f 2650/2650/2650 2648/2648/2648 2647/2647/2647
f 2651/2651/2651 2650/2650/2650 2642/2642/2642
f 2652/2652/2652 2628/2628/2628 2627/2627/2627
f 2649/2649/2649 2642/2642/2642 2650/2650/2650
f 2651/2651/2651 2632/2632/2632 2628/2628/2628
f 2646/2646/2646 2650/2650/2650 2647/2647/2647
f 2634/2634/2634 2646/2646/2646 2647/2647/2647
f 2648/2648/2648 2634/2634/2634 2647/2647/2647
f 2619/2619/2619 2622/2622/2622 2618/2618/2618
f 2622/2622/2622 2646/2646/2646 2625/2625/2625
f 2644/2644/2644 2616/2616/2616 2612/2612/2612
f 2643/2643/2643 2632/2632/2632 2642/2642/2642
f 2635/2635/2635 2638/2638/2638 2636/2636/2636
f 2633/2633/2633 2626/2626/2626 2939/2939/2939
f 2635/2635/2635 2633/2633/2633 2634/2634/2634
f 2939/2939/2939 2624/2624/2624 2633/2633/2633
f 2634/2634/2634 2624/2624/2624 2625/2625/2625
f 2628/2628/2628 2631/2631/2631 2629/2629/2629
f 2630/2630/2630 2628/2628/2628 2629/2629/2629
f 2621/2621/2621 2625/2625/2625 2624/2624/2624
f 2938/2938/2938 2621/2621/2621 2624/2624/2624
f 2937/2937/2937 2620/2620/2620 2621/2621/2621
f 2623/2623/2623 2563/2563/2563 2620/2620/2620
f 2622/2622/2622 2620/2620/2620 2618/2618/2618
f 2618/2618/2618 2563/2563/2563 2569/2569/2569
f 2572/2572/2572 2618/2618/2618 2569/2569/2569
f 2613/2613/2613 2616/2616/2616 2617/2617/2617
f 2613/2613/2613 2615/2615/2615 2612/2612/2612
f 2611/2611/2611 2596/2596/2596 2603/2603/2603
f 2604/2604/2604 2606/2606/2606 2609/2609/2609
f 2608/2608/2608 2605/2605/2605 2607/2607/2607
f 2926/2926/2926 2605/2605/2605 2927/2927/2927
f 2602/2602/2602 2605/2605/2605 2606/2606/2606
f 2601/2601/2601 2927/2927/2927 2605/2605/2605
f 2602/2602/2602 2603/2603/2603 2600/2600/2600
f 2595/2595/2595 2603/2603/2603 2596/2596/2596
f 2594/2594/2594 2600/2600/2600 2603/2603/2603
f 2600/2600/2600 2601/2601/2601 2602/2602/2602
f 2601/2601/2601 2929/2929/2929 2928/2928/2928
f 2600/2600/2600 2587/2587/2587 2599/2599/2599
f 2599/2599/2599 2930/2930/2930 2929/2929/2929
f 2593/2593/2593 2936/2936/2936 2598/2598/2598
f 2935/2935/2935 2568/2568/2568 2565/2565/2565
f 2590/2590/2590 2593/2593/2593 2598/2598/2598
f 2576/2576/2576 2596/2596/2596 2597/2597/2597
f 2570/2570/2570 2596/2596/2596 2573/2573/2573
f 2595/2595/2595 2566/2566/2566 2592/2592/2592
f 2595/2595/2595 2591/2591/2591 2594/2594/2594
f 2591/2591/2591 2588/2588/2588 2594/2594/2594
f 2593/2593/2593 2566/2566/2566 2568/2568/2568
f 2593/2593/2593 2591/2591/2591 2592/2592/2592
f 2586/2586/2586 2589/2589/2589 2585/2585/2585
f 2579/2579/2579 2589/2589/2589 2590/2590/2590
f 2587/2587/2587 2586/2586/2586 2583/2583/2583
f 2583/2583/2583 2930/2930/2930 2587/2587/2587
f 2586/2586/2586 2584/2584/2584 2583/2583/2583
f 2584/2584/2584 2582/2582/2582 2581/2581/2581
f 2931/2931/2931 2584/2584/2584 2934/2934/2934
f 2582/2582/2582 2580/2580/2580 2581/2581/2581
f 2577/2577/2577 2575/2575/2575 2574/2574/2574
f 2574/2574/2574 2576/2576/2576 2577/2577/2577
f 2575/2575/2575 2571/2571/2571 2574/2574/2574
f 2571/2571/2571 2573/2573/2573 2574/2574/2574
f 2572/2572/2572 2567/2567/2567 2571/2571/2571
f 2567/2567/2567 2570/2570/2570 2571/2571/2571
f 2569/2569/2569 2565/2565/2565 2567/2567/2567
f 2567/2567/2567 2568/2568/2568 2566/2566/2566
f 2563/2563/2563 2935/2935/2935 2565/2565/2565
f 1500/1500/1500 1499/1499/1499 1501/1501/1501
f 1499/1499/1499 1500/1500/1500 1498/1498/1498
f 1393/1393/1393 1394/1394/1394 1395/1395/1395
f 1394/1394/1394 1393/1393/1393 1392/1392/1392
f 1415/1415/1415 1413/1413/1413 1414/1414/1414
f 1413/1413/1413 1415/1415/1415 1412/1412/1412
f 1398/1398/1398 1396/1396/1396 1397/1397/1397
f 1396/1396/1396 1398/1398/1398 1399/1399/1399
f 1492/1492/1492 1490/1490/1490 1491/1491/1491
f 1490/1490/1490 1492/1492/1492 1493/1493/1493
f 1985/1985/1985 1984/1984/1984 1986/1986/1986
f 1984/1984/1984 1985/1985/1985 1983/1983/1983
f 1504/1504/1504 1502/1502/1502 1503/1503/1503
f 1502/1502/1502 1504/1504/1504 1505/1505/1505
f 1598/1598/1598 1599/1599/1599 1601/1601/1601
f 1599/1599/1599 1598/1598/1598 1600/1600/1600
f 1461/1461/1461 1457/1457/1457 1460/1460/1460
f 1456/1456/1456 1462/1462/1462 1458/1458/1458
f 1462/1462/1462 1459/1459/1459 1458/1458/1458
f 1459/1459/1459 1462/1462/1462 1463/1463/1463
f 1462/1462/1462 1456/1456/1456 1461/1461/1461
f 1457/1457/1457 1461/1461/1461 1456/1456/1456
f 3667/3667/3667 3671/3671/3671 3668/3668/3668
f 3673/3673/3673 3668/3668/3668 3671/3671/3671
f 3673/3673/3673 3674/3674/3674 3672/3672/3672
f 3675/3675/3675 3676/3676/3676 3674/3674/3674
f 3677/3677/3677 3678/3678/3678 3676/3676/3676
f 3678/3678/3678 3683/3683/3683 3680/3680/3680
f 3669/3669/3669 3667/3667/3667 3666/3666/3666
f 3682/3682/3682 3681/3681/3681 3680/3680/3680
f 3683/3683/3683 3682/3682/3682 3680/3680/3680
f 3667/3667/3667 3669/3669/3669 3670/3670/3670
f 3683/3683/3683 3678/3678/3678 3679/3679/3679
f 3678/3678/3678 3677/3677/3677 3679/3679/3679
f 3676/3676/3676 3675/3675/3675 3677/3677/3677
f 3674/3674/3674 3673/3673/3673 3675/3675/3675
f 3668/3668/3668 3673/3673/3673 3672/3672/3672
f 3671/3671/3671 3667/3667/3667 3670/3670/3670
f 1998/1998/1998 2000/2000/2000 2001/2001/2001
f 2001/2001/2001 2006/2006/2006 1998/1998/1998
f 2006/2006/2006 2007/2007/2007 2008/2008/2008
f 2003/2003/2003 2007/2007/2007 2002/2002/2002
f 2007/2007/2007 2135/2135/2135 2002/2002/2002
f 2011/2011/2011 2004/2004/2004 2010/2010/2010
f 2014/2014/2014 2011/2011/2011 2013/2013/2013
f 2011/2011/2011 2015/2015/2015 2013/2013/2013
f 2133/2133/2133 2012/2012/2012 2134/2134/2134
f 2015/2015/2015 2017/2017/2017 2013/2013/2013
f 1999/1999/1999 2017/2017/2017 2000/2000/2000
f 2014/2014/2014 2017/2017/2017 2018/2018/2018
f 2019/2019/2019 2017/2017/2017 2016/2016/2016
f 2019/2019/2019 2001/2001/2001 2000/2000/2000
f 2005/2005/2005 2020/2020/2020 2021/2021/2021
f 2021/2021/2021 2007/2007/2007 2005/2005/2005
f 2136/2136/2136 2020/2020/2020 2022/2022/2022
f 2023/2023/2023 2136/2136/2136 2137/2137/2137
f 2019/2019/2019 2024/2024/2024 2138/2138/2138
f 2022/2022/2022 2019/2019/2019 2138/2138/2138
f 2026/2026/2026 2004/2004/2004 2025/2025/2025
f 2028/2028/2028 2025/2025/2025 2027/2027/2027
f 2027/2027/2027 2030/2030/2030 2028/2028/2028
f 2032/2032/2032 2029/2029/2029 2031/2031/2031
f 2034/2034/2034 2142/2142/2142 2143/2143/2143
f 2035/2035/2035 2143/2143/2143 2144/2144/2144
f 2034/2034/2034 2030/2030/2030 2032/2032/2032
f 2037/2037/2037 2145/2145/2145 2036/2036/2036
f 2035/2035/2035 2028/2028/2028 2030/2030/2030
f 2144/2144/2144 2037/2037/2037 2035/2035/2035
f 2015/2015/2015 2024/2024/2024 2016/2016/2016
f 2139/2139/2139 2024/2024/2024 2038/2038/2038
f 2038/2038/2038 2010/2010/2010 2026/2026/2026
f 2038/2038/2038 2028/2028/2028 2037/2037/2037
f 2036/2036/2036 2038/2038/2038 2037/2037/2037
f 2139/2139/2139 2138/2138/2138 2024/2024/2024
f 2023/2023/2023 2135/2135/2135 2009/2009/2009
f 2021/2021/2021 2023/2023/2023 2009/2009/2009
f 2023/2023/2023 2137/2137/2137 2146/2146/2146
f 2146/2146/2146 2147/2147/2147 2039/2039/2039
f 2023/2023/2023 2039/2039/2039 2140/2140/2140
f 2148/2148/2148 2039/2039/2039 2147/2147/2147
f 2148/2148/2148 2041/2041/2041 2040/2040/2040
f 2008/2008/2008 2151/2151/2151 2043/2043/2043
f 2031/2031/2031 2045/2045/2045 2032/2032/2032
f 2046/2046/2046 2045/2045/2045 2044/2044/2044
f 2141/2141/2141 2034/2034/2034 2048/2048/2048
f 2034/2034/2034 2045/2045/2045 2048/2048/2048
f 2047/2047/2047 2048/2048/2048 2045/2045/2045
f 2033/2033/2033 2141/2141/2141 2050/2050/2050
f 2141/2141/2141 2048/2048/2048 2050/2050/2050
f 2050/2050/2050 2049/2049/2049 2051/2051/2051
f 2150/2150/2150 2041/2041/2041 2149/2149/2149
f 2052/2052/2052 2042/2042/2042 2053/2053/2053
f 2156/2156/2156 2033/2033/2033 2050/2050/2050
f 2156/2156/2156 2051/2051/2051 2054/2054/2054
f 2054/2054/2054 2157/2157/2157 2156/2156/2156
f 2053/2053/2053 2042/2042/2042 2158/2158/2158
f 2056/2056/2056 2157/2157/2157 2055/2055/2055
f 2057/2057/2057 2158/2158/2158 2056/2056/2056
f 2052/2052/2052 2057/2057/2057 2058/2058/2058
f 2134/2134/2134 2059/2059/2059 2159/2159/2159
f 2014/2014/2014 2059/2059/2059 2012/2012/2012
f 2018/2018/2018 2060/2060/2060 2014/2014/2014
f 2160/2160/2160 2064/2064/2064 2062/2062/2062
f 2066/2066/2066 2068/2068/2068 2065/2065/2065
f 2064/2064/2064 2066/2066/2066 2065/2065/2065
f 2067/2067/2067 2069/2069/2069 2070/2070/2070
f 2066/2066/2066 2071/2071/2071 2069/2069/2069
f 2072/2072/2072 2063/2063/2063 2160/2160/2160
f 2161/2161/2161 2071/2071/2071 2072/2072/2072
f 2159/2159/2159 2073/2073/2073 2161/2161/2161
f 2069/2069/2069 2075/2075/2075 2070/2070/2070
f 2069/2069/2069 2073/2073/2073 2074/2074/2074
f 2075/2075/2075 2060/2060/2060 2061/2061/2061
f 2074/2074/2074 2059/2059/2059 2060/2060/2060
f 1999/1999/1999 2061/2061/2061 2018/2018/2018
f 2076/2076/2076 2075/2075/2075 2061/2061/2061
f 2078/2078/2078 2075/2075/2075 2077/2077/2077
f 2079/2079/2079 2068/2068/2068 2067/2067/2067
f 2079/2079/2079 2070/2070/2070 2078/2078/2078
f 2081/2081/2081 2080/2080/2080 2082/2082/2082
f 2083/2083/2083 2068/2068/2068 2081/2081/2081
f 2083/2083/2083 2064/2064/2064 2065/2065/2065
f 2062/2062/2062 2084/2084/2084 2085/2085/2085
f 2163/2163/2163 2087/2087/2087 2162/2162/2162
f 2088/2088/2088 2087/2087/2087 2086/2086/2086
f 2090/2090/2090 2088/2088/2088 2091/2091/2091
f 2082/2082/2082 2091/2091/2091 2092/2092/2092
f 2093/2093/2093 2082/2082/2082 2092/2092/2092
f 2094/2094/2094 2081/2081/2081 2093/2093/2093
f 2096/2096/2096 2084/2084/2084 2095/2095/2095
f 2094/2094/2094 2084/2084/2084 2083/2083/2083
f 2098/2098/2098 2164/2164/2164 2097/2097/2097
f 2098/2098/2098 2163/2163/2163 2165/2165/2165
f 2100/2100/2100 2097/2097/2097 2099/2099/2099
f 2098/2098/2098 2088/2088/2088 2086/2086/2086
f 2103/2103/2103 2101/2101/2101 2102/2102/2102
f 2093/2093/2093 2103/2103/2103 2094/2094/2094
f 2095/2095/2095 2106/2106/2106 2096/2096/2096
f 2108/2108/2108 2105/2105/2105 2107/2107/2107
f 2105/2105/2105 2102/2102/2102 2107/2107/2107
f 2094/2094/2094 2105/2105/2105 2095/2095/2095
f 2109/2109/2109 2092/2092/2092 2091/2091/2091
f 2100/2100/2100 2091/2091/2091 2088/2088/2088
f 2111/2111/2111 2100/2100/2100 2099/2099/2099
f 2110/2110/2110 2111/2111/2111 2112/2112/2112
f 2092/2092/2092 2104/2104/2104 2093/2093/2093
f 2104/2104/2104 2112/2112/2112 2101/2101/2101
f 2008/2008/2008 2113/2113/2113 2006/2006/2006
f 2113/2113/2113 2043/2043/2043 2114/2114/2114
f 1998/1998/1998 2113/2113/2113 2115/2115/2115
f 1998/1998/1998 2076/2076/2076 1999/1999/1999
f 2076/2076/2076 2115/2115/2115 2116/2116/2116
f 2077/2077/2077 2116/2116/2116 2117/2117/2117
f 2077/2077/2077 2117/2117/2117 2118/2118/2118
f 2118/2118/2118 2078/2078/2078 2077/2077/2077
f 2119/2119/2119 2079/2079/2079 2078/2078/2078
f 2120/2120/2120 2080/2080/2080 2079/2079/2079
f 2122/2122/2122 2080/2080/2080 2121/2121/2121
f 2082/2082/2082 2123/2123/2123 2090/2090/2090
f 2090/2090/2090 2123/2123/2123 2124/2124/2124
f 2125/2125/2125 2090/2090/2090 2124/2124/2124
f 2087/2087/2087 2125/2125/2125 2126/2126/2126
f 2127/2127/2127 2087/2087/2087 2126/2126/2126
f 2127/2127/2127 2155/2155/2155 2162/2162/2162
f 2129/2129/2129 2155/2155/2155 2128/2128/2128
f 2130/2130/2130 2154/2154/2154 2129/2129/2129
f 2131/2131/2131 2153/2153/2153 2130/2130/2130
f 2043/2043/2043 2132/2132/2132 2114/2114/2114
f 2152/2152/2152 2131/2131/2131 2132/2132/2132
f 2151/2151/2151 2152/2152/2152 2132/2132/2132
f 2132/2132/2132 2043/2043/2043 2151/2151/2151
f 2153/2153/2153 2131/2131/2131 2152/2152/2152
f 2154/2154/2154 2130/2130/2130 2153/2153/2153
f 2155/2155/2155 2129/2129/2129 2154/2154/2154
f 2155/2155/2155 2127/2127/2127 2128/2128/2128
f 2087/2087/2087 2127/2127/2127 2162/2162/2162
f 2125/2125/2125 2087/2087/2087 2089/2089/2089
f 2090/2090/2090 2125/2125/2125 2089/2089/2089
f 2123/2123/2123 2082/2082/2082 2122/2122/2122
f 2080/2080/2080 2122/2122/2122 2082/2082/2082
f 2080/2080/2080 2120/2120/2120 2121/2121/2121
f 2079/2079/2079 2119/2119/2119 2120/2120/2120
f 2078/2078/2078 2118/2118/2118 2119/2119/2119
f 2116/2116/2116 2077/2077/2077 2076/2076/2076
f 2076/2076/2076 1998/1998/1998 2115/2115/2115
f 2113/2113/2113 1998/1998/1998 2006/2006/2006
f 2113/2113/2113 2008/2008/2008 2043/2043/2043
f 2112/2112/2112 2104/2104/2104 2110/2110/2110
f 2104/2104/2104 2092/2092/2092 2110/2110/2110
f 2111/2111/2111 2110/2110/2110 2109/2109/2109
f 2100/2100/2100 2111/2111/2111 2109/2109/2109
f 2091/2091/2091 2100/2100/2100 2109/2109/2109
f 2092/2092/2092 2109/2109/2109 2110/2110/2110
f 2105/2105/2105 2094/2094/2094 2103/2103/2103
f 2102/2102/2102 2105/2105/2105 2103/2103/2103
f 2105/2105/2105 2108/2108/2108 2106/2106/2106
f 2106/2106/2106 2095/2095/2095 2105/2105/2105
f 2103/2103/2103 2093/2093/2093 2104/2104/2104
f 2101/2101/2101 2103/2103/2103 2104/2104/2104
f 2088/2088/2088 2098/2098/2098 2100/2100/2100
f 2097/2097/2097 2100/2100/2100 2098/2098/2098
f 2163/2163/2163 2098/2098/2098 2086/2086/2086
f 2164/2164/2164 2098/2098/2098 2165/2165/2165
f 2084/2084/2084 2094/2094/2094 2095/2095/2095
f 2084/2084/2084 2096/2096/2096 2085/2085/2085
f 2081/2081/2081 2094/2094/2094 2083/2083/2083
f 2082/2082/2082 2093/2093/2093 2081/2081/2081
f 2091/2091/2091 2082/2082/2082 2090/2090/2090
f 2088/2088/2088 2090/2090/2090 2089/2089/2089
f 2087/2087/2087 2088/2088/2088 2089/2089/2089
f 2087/2087/2087 2163/2163/2163 2086/2086/2086
f 2084/2084/2084 2062/2062/2062 2064/2064/2064
f 2064/2064/2064 2083/2083/2083 2084/2084/2084
f 2068/2068/2068 2083/2083/2083 2065/2065/2065
f 2080/2080/2080 2081/2081/2081 2068/2068/2068
f 2070/2070/2070 2079/2079/2079 2067/2067/2067
f 2068/2068/2068 2079/2079/2079 2080/2080/2080
f 2075/2075/2075 2078/2078/2078 2070/2070/2070
f 2075/2075/2075 2076/2076/2076 2077/2077/2077
f 2061/2061/2061 1999/1999/1999 2076/2076/2076
f 2059/2059/2059 2074/2074/2074 2073/2073/2073
f 2060/2060/2060 2075/2075/2075 2074/2074/2074
f 2073/2073/2073 2069/2069/2069 2071/2071/2071
f 2075/2075/2075 2069/2069/2069 2074/2074/2074
f 2073/2073/2073 2159/2159/2159 2059/2059/2059
f 2071/2071/2071 2161/2161/2161 2073/2073/2073
f 2063/2063/2063 2072/2072/2072 2071/2071/2071
f 2071/2071/2071 2066/2066/2066 2063/2063/2063
f 2069/2069/2069 2067/2067/2067 2066/2066/2066
f 2066/2066/2066 2064/2064/2064 2063/2063/2063
f 2068/2068/2068 2066/2066/2066 2067/2067/2067
f 2064/2064/2064 2160/2160/2160 2063/2063/2063
f 2060/2060/2060 2018/2018/2018 2061/2061/2061
f 2059/2059/2059 2014/2014/2014 2060/2060/2060
f 2059/2059/2059 2134/2134/2134 2012/2012/2012
f 2057/2057/2057 2052/2052/2052 2053/2053/2053
f 2158/2158/2158 2057/2057/2057 2053/2053/2053
f 2157/2157/2157 2056/2056/2056 2158/2158/2158
f 2157/2157/2157 2054/2054/2054 2055/2055/2055
f 2051/2051/2051 2156/2156/2156 2050/2050/2050
f 2042/2042/2042 2052/2052/2052 2150/2150/2150
f 2041/2041/2041 2150/2150/2150 2052/2052/2052
f 2049/2049/2049 2050/2050/2050 2048/2048/2048
f 2048/2048/2048 2047/2047/2047 2049/2049/2049
f 2045/2045/2045 2034/2034/2034 2032/2032/2032
f 2034/2034/2034 2141/2141/2141 2142/2142/2142
f 2045/2045/2045 2046/2046/2046 2047/2047/2047
f 2045/2045/2045 2031/2031/2031 2044/2044/2044
f 2151/2151/2151 2008/2008/2008 2003/2003/2003
f 2041/2041/2041 2148/2148/2148 2149/2149/2149
f 2039/2039/2039 2148/2148/2148 2040/2040/2040
f 2039/2039/2039 2023/2023/2023 2146/2146/2146
f 2023/2023/2023 2021/2021/2021 2136/2136/2136
f 2135/2135/2135 2023/2023/2023 2140/2140/2140
f 2038/2038/2038 2036/2036/2036 2139/2139/2139
f 2028/2028/2028 2038/2038/2038 2026/2026/2026
f 2010/2010/2010 2038/2038/2038 2015/2015/2015
f 2024/2024/2024 2015/2015/2015 2038/2038/2038
f 2037/2037/2037 2144/2144/2144 2145/2145/2145
f 2028/2028/2028 2035/2035/2035 2037/2037/2037
f 2030/2030/2030 2034/2034/2034 2035/2035/2035
f 2143/2143/2143 2035/2035/2035 2034/2034/2034
f 2029/2029/2029 2032/2032/2032 2030/2030/2030
f 2030/2030/2030 2027/2027/2027 2029/2029/2029
f 2025/2025/2025 2028/2028/2028 2026/2026/2026
f 2004/2004/2004 2026/2026/2026 2010/2010/2010
f 2019/2019/2019 2022/2022/2022 2020/2020/2020
f 2024/2024/2024 2019/2019/2019 2016/2016/2016
f 2020/2020/2020 2136/2136/2136 2021/2021/2021
f 2007/2007/2007 2021/2021/2021 2009/2009/2009
f 2020/2020/2020 2005/2005/2005 2001/2001/2001
f 2001/2001/2001 2019/2019/2019 2020/2020/2020
f 2017/2017/2017 2019/2019/2019 2000/2000/2000
f 2017/2017/2017 2014/2014/2014 2013/2013/2013
f 2017/2017/2017 1999/1999/1999 2018/2018/2018
f 2017/2017/2017 2015/2015/2015 2016/2016/2016
f 2012/2012/2012 2133/2133/2133 2011/2011/2011
f 2015/2015/2015 2011/2011/2011 2010/2010/2010
f 2011/2011/2011 2014/2014/2014 2012/2012/2012
f 2004/2004/2004 2011/2011/2011 2133/2133/2133
f 2135/2135/2135 2007/2007/2007 2009/2009/2009
f 2007/2007/2007 2003/2003/2003 2008/2008/2008
f 2007/2007/2007 2006/2006/2006 2005/2005/2005
f 2006/2006/2006 2001/2001/2001 2005/2005/2005
f 2000/2000/2000 1998/1998/1998 1999/1999/1999
f 404/404/404 402/402/402 403/403/403
f 404/404/404 406/406/406 407/407/407
f 404/404/404 409/409/409 405/405/405
f 404/404/404 410/410/410 408/408/408
f 412/412/412 408/408/408 411/411/411
f 411/411/411 410/410/410 413/413/413
f 411/411/411 415/415/415 412/412/412
f 411/411/411 416/416/416 414/414/414
f 415/415/415 418/418/418 417/417/417
f 418/418/418 416/416/416 419/419/419
f 421/421/421 417/417/417 418/418/418
f 421/421/421 419/419/419 422/422/422
f 421/421/421 423/423/423 420/420/420
f 422/422/422 424/424/424 421/421/421
f 423/423/423 427/427/427 426/426/426
f 425/425/425 427/427/427 424/424/424
f 552/552/552 405/405/405 429/429/429
f 429/429/429 430/430/430 552/552/552
f 552/552/552 430/430/430 432/432/432
f 429/429/429 409/409/409 433/433/433
f 429/429/429 433/433/433 431/431/431
f 412/412/412 433/433/433 409/409/409
f 415/415/415 434/434/434 412/412/412
f 434/434/434 435/435/435 436/436/436
f 435/435/435 417/417/417 437/437/437
f 438/438/438 437/437/437 439/439/439
f 438/438/438 436/436/436 435/435/435
f 441/441/441 417/417/417 420/420/420
f 441/441/441 439/439/439 437/437/437
f 441/441/441 423/423/423 443/443/443
f 443/443/443 442/442/442 441/441/441
f 426/426/426 443/443/443 423/423/423
f 445/445/445 444/444/444 443/443/443
f 407/407/407 446/446/446 447/447/447
f 554/554/554 446/446/446 448/448/448
f 447/447/447 410/410/410 407/407/407
f 450/450/450 449/449/449 447/447/447
f 554/554/554 450/450/450 447/447/447
f 452/452/452 419/419/419 451/451/451
f 453/453/453 452/452/452 451/451/451
f 416/416/416 451/451/451 419/419/419
f 454/454/454 453/453/453 451/451/451
f 425/425/425 452/452/452 455/455/455
f 456/456/456 455/455/455 452/452/452
f 453/453/453 456/456/456 452/452/452
f 428/428/428 455/455/455 459/459/459
f 457/457/457 459/459/459 455/455/455
f 454/454/454 413/413/413 461/461/461
f 410/410/410 461/461/461 413/413/413
f 465/465/465 555/555/555 464/464/464
f 466/466/466 555/555/555 463/463/463
f 467/467/467 555/555/555 462/462/462
f 463/463/463 469/469/469 468/468/468
f 470/470/470 463/463/463 468/468/468
f 468/468/468 471/471/471 472/472/472
f 472/472/472 470/470/470 468/468/468
f 476/476/476 472/472/472 475/475/475
f 477/477/477 472/472/472 474/474/474
f 471/471/471 475/475/475 472/472/472
f 479/479/479 478/478/478 474/474/474
f 478/478/478 477/477/477 474/474/474
f 476/476/476 479/479/479 474/474/474
f 483/483/483 478/478/478 480/480/480
f 485/485/485 478/478/478 484/484/484
f 484/484/484 486/486/486 487/487/487
f 487/487/487 485/485/485 484/484/484
f 489/489/489 486/486/486 557/557/557
f 487/487/487 490/490/490 488/488/488
f 493/493/493 491/491/491 492/492/492
f 493/493/493 495/495/495 496/496/496
f 496/496/496 497/497/497 498/498/498
f 498/498/498 499/499/499 500/500/500
f 501/501/501 500/500/500 499/499/499
f 502/502/502 503/503/503 504/504/504
f 505/505/505 504/504/504 503/503/503
f 507/507/507 505/505/505 558/558/558
f 491/491/491 509/509/509 492/492/492
f 509/509/509 495/495/495 492/492/492
f 511/511/511 497/497/497 495/495/495
f 511/511/511 510/510/510 559/559/559
f 497/497/497 511/511/511 512/512/512
f 497/497/497 512/512/512 499/499/499
f 513/513/513 558/558/558 505/505/505
f 505/505/505 503/503/503 513/513/513
f 514/514/514 515/515/515 558/558/558
f 510/510/510 561/561/561 559/559/559
f 456/456/456 562/562/562 516/516/516
f 562/562/562 510/510/510 516/516/516
f 456/456/456 458/458/458 563/563/563
f 448/448/448 564/564/564 554/554/554
f 517/517/517 564/564/564 448/448/448
f 517/517/517 560/560/560 565/565/565
f 518/518/518 510/510/510 509/509/509
f 456/456/456 518/518/518 457/457/457
f 518/518/518 508/508/508 519/519/519
f 460/460/460 518/518/518 519/519/519
f 438/438/438 520/520/520 440/440/440
f 520/520/520 521/521/521 522/522/522
f 521/521/521 524/524/524 522/522/522
f 523/523/523 482/482/482 524/524/524
f 430/430/430 525/525/525 432/432/432
f 526/526/526 525/525/525 527/527/527
f 527/527/527 528/528/528 526/526/526
f 462/462/462 529/529/529 467/467/467
f 553/553/553 530/530/530 444/444/444
f 531/531/531 566/566/566 567/567/567
f 486/486/486 567/567/567 557/557/557
f 442/442/442 530/530/530 532/532/532
f 530/530/530 533/533/533 532/532/532
f 483/483/483 531/531/531 486/486/486
f 533/533/533 480/480/480 534/534/534
f 534/534/534 532/532/532 533/533/533
f 532/532/532 439/439/439 442/442/442
f 439/439/439 521/521/521 438/438/438
f 535/535/535 523/523/523 521/521/521
f 479/479/479 534/534/534 480/480/480
f 536/536/536 568/568/568 569/569/569
f 539/539/539 537/537/537 536/536/536
f 538/538/538 541/541/541 540/540/540
f 541/541/541 543/543/543 540/540/540
f 542/542/542 544/544/544 543/543/543
f 545/545/545 547/547/547 544/544/544
f 546/546/546 549/549/549 547/547/547
f 551/551/551 548/548/548 550/550/550
f 556/556/556 536/536/536 569/569/569
f 539/539/539 466/466/466 470/470/470
f 541/541/541 470/470/470 473/473/473
f 541/541/541 477/477/477 542/542/542
f 477/477/477 545/545/545 542/542/542
f 545/545/545 485/485/485 546/546/546
f 488/488/488 546/546/546 485/485/485
f 550/550/550 488/488/488 490/490/490
f 488/488/488 550/550/550 548/548/548
f 546/546/546 488/488/488 548/548/548
f 485/485/485 545/545/545 481/481/481
f 545/545/545 477/477/477 481/481/481
f 477/477/477 541/541/541 473/473/473
f 470/470/470 541/541/541 539/539/539
f 466/466/466 539/539/539 536/536/536
f 536/536/536 556/556/556 466/466/466
f 548/548/548 551/551/551 549/549/549
f 549/549/549 546/546/546 548/548/548
f 547/547/547 545/545/545 546/546/546
f 544/544/544 542/542/542 545/545/545
f 543/543/543 541/541/541 542/542/542
f 541/541/541 538/538/538 539/539/539
f 537/537/537 539/539/539 538/538/538
f 568/568/568 536/536/536 537/537/537
f 534/534/534 479/479/479 523/523/523
f 523/523/523 535/535/535 534/534/534
f 521/521/521 439/439/439 535/535/535
f 439/439/439 532/532/532 535/535/535
f 532/532/532 534/534/534 535/535/535
f 480/480/480 533/533/533 483/483/483
f 531/531/531 483/483/483 533/533/533
f 533/533/533 530/530/530 531/531/531
f 530/530/530 442/442/442 444/444/444
f 567/567/567 486/486/486 531/531/531
f 566/566/566 531/531/531 530/530/530
f 530/530/530 553/553/553 566/566/566
f 529/529/529 462/462/462 528/528/528
f 528/528/528 527/527/527 529/529/529
f 525/525/525 526/526/526 432/432/432
f 482/482/482 523/523/523 479/479/479
f 524/524/524 521/521/521 523/523/523
f 521/521/521 520/520/520 438/438/438
f 518/518/518 460/460/460 457/457/457
f 508/508/508 518/518/518 509/509/509
f 518/518/518 456/456/456 516/516/516
f 510/510/510 518/518/518 516/516/516
f 560/560/560 517/517/517 515/515/515
f 564/564/564 517/517/517 565/565/565
f 510/510/510 562/562/562 561/561/561
f 562/562/562 456/456/456 563/563/563
f 515/515/515 514/514/514 560/560/560
f 558/558/558 513/513/513 514/514/514
f 510/510/510 511/511/511 495/495/495
f 495/495/495 509/509/509 510/510/510
f 509/509/509 491/491/491 508/508/508
f 505/505/505 507/507/507 506/506/506
f 504/504/504 505/505/505 506/506/506
f 503/503/503 502/502/502 501/501/501
f 500/500/500 501/501/501 502/502/502
f 499/499/499 498/498/498 497/497/497
f 497/497/497 496/496/496 495/495/495
f 495/495/495 493/493/493 492/492/492
f 491/491/491 493/493/493 494/494/494
f 490/490/490 487/487/487 489/489/489
f 486/486/486 489/489/489 487/487/487
f 485/485/485 487/487/487 488/488/488
f 486/486/486 484/484/484 483/483/483
f 478/478/478 485/485/485 481/481/481
f 478/478/478 483/483/483 484/484/484
f 479/479/479 476/476/476 482/482/482
f 477/477/477 478/478/478 481/481/481
f 478/478/478 479/479/479 480/480/480
f 472/472/472 477/477/477 473/473/473
f 472/472/472 476/476/476 474/474/474
f 470/470/470 472/472/472 473/473/473
f 471/471/471 468/468/468 469/469/469
f 463/463/463 470/470/470 466/466/466
f 469/469/469 463/463/463 465/465/465
f 555/555/555 467/467/467 464/464/464
f 555/555/555 466/466/466 556/556/556
f 555/555/555 465/465/465 463/463/463
f 461/461/461 410/410/410 449/449/449
f 413/413/413 454/454/454 416/416/416
f 459/459/459 457/457/457 460/460/460
f 455/455/455 428/428/428 425/425/425
f 456/456/456 453/453/453 458/458/458
f 455/455/455 456/456/456 457/457/457
f 452/452/452 425/425/425 422/422/422
f 451/451/451 416/416/416 454/454/454
f 419/419/419 452/452/452 422/422/422
f 410/410/410 447/447/447 449/449/449
f 446/446/446 554/554/554 447/447/447
f 446/446/446 407/407/407 406/406/406
f 444/444/444 445/445/445 553/553/553
f 443/443/443 426/426/426 445/445/445
f 442/442/442 443/443/443 444/444/444
f 423/423/423 441/441/441 420/420/420
f 439/439/439 441/441/441 442/442/442
f 417/417/417 441/441/441 437/437/437
f 436/436/436 438/438/438 440/440/440
f 437/437/437 438/438/438 435/435/435
f 417/417/417 435/435/435 415/415/415
f 434/434/434 415/415/415 435/435/435
f 433/433/433 412/412/412 434/434/434
f 409/409/409 429/429/429 405/405/405
f 430/430/430 429/429/429 431/431/431
f 405/405/405 552/552/552 402/402/402
f 427/427/427 425/425/425 428/428/428
f 427/427/427 423/423/423 424/424/424
f 424/424/424 422/422/422 425/425/425
f 423/423/423 421/421/421 424/424/424
f 419/419/419 421/421/421 418/418/418
f 417/417/417 421/421/421 420/420/420
f 416/416/416 418/418/418 414/414/414
f 418/418/418 415/415/415 414/414/414
f 416/416/416 411/411/411 413/413/413
f 415/415/415 411/411/411 414/414/414
f 410/410/410 411/411/411 408/408/408
f 408/408/408 412/412/412 409/409/409
f 410/410/410 404/404/404 407/407/407
f 409/409/409 404/404/404 408/408/408
f 406/406/406 404/404/404 403/403/403
f 402/402/402 404/404/404 405/405/405
f 853/853/853 1066/1066/1066 1065/1065/1065
f 855/855/855 1067/1067/1067 856/856/856
f 1067/1067/1067 857/857/857 856/856/856
f 857/857/857 1070/1070/1070 858/858/858
f 859/859/859 1070/1070/1070 1071/1071/1071
f 1071/1071/1071 860/860/860 859/859/859
f 860/860/860 861/861/861 862/862/862
f 862/862/862 1073/1073/1073 863/863/863
f 1074/1074/1074 863/863/863 1073/1073/1073
f 854/854/854 1074/1074/1074 1066/1066/1066
f 865/865/865 867/867/867 866/866/866
f 867/867/867 1076/1076/1076 868/868/868
f 866/866/866 869/869/869 870/870/870
f 871/871/871 867/867/867 868/868/868
f 870/870/870 872/872/872 873/873/873
f 872/872/872 871/871/871 874/874/874
f 872/872/872 876/876/876 873/873/873
f 872/872/872 877/877/877 875/875/875
f 878/878/878 875/875/875 877/877/877
f 880/880/880 882/882/882 883/883/883
f 885/885/885 882/882/882 884/884/884
f 886/886/886 884/884/884 882/882/882
f 884/884/884 889/889/889 885/885/885
f 888/888/888 887/887/887 890/890/890
f 891/891/891 889/889/889 888/888/888
f 1077/1077/1077 888/888/888 890/890/890
f 893/893/893 895/895/895 896/896/896
f 864/864/864 893/893/893 896/896/896
f 894/894/894 897/897/897 1078/1078/1078
f 854/854/854 897/897/897 893/893/893
f 896/896/896 898/898/898 899/899/899
f 896/896/896 863/863/863 864/864/864
f 899/899/899 900/900/900 901/901/901
f 899/899/899 862/862/862 863/863/863
f 902/902/902 901/901/901 900/900/900
f 862/862/862 903/903/903 860/860/860
f 904/904/904 903/903/903 902/902/902
f 903/903/903 859/859/859 860/860/860
f 906/906/906 905/905/905 904/904/904
f 859/859/859 907/907/907 858/858/858
f 909/909/909 906/906/906 908/908/908
f 858/858/858 909/909/909 857/857/857
f 909/909/909 910/910/910 911/911/911
f 909/909/909 856/856/856 857/857/857
f 912/912/912 911/911/911 910/910/910
f 911/911/911 855/855/855 856/856/856
f 914/914/914 868/868/868 1076/1076/1076
f 1079/1079/1079 890/890/890 916/916/916
f 917/917/917 868/868/868 915/915/915
f 871/871/871 918/918/918 874/874/874
f 919/919/919 874/874/874 918/918/918
f 920/920/920 887/887/887 886/886/886
f 887/887/887 916/916/916 890/890/890
f 914/914/914 910/910/910 915/915/915
f 1079/1079/1079 894/894/894 1078/1078/1078
f 908/908/908 915/915/915 910/910/910
f 906/906/906 919/919/919 918/918/918
f 918/918/918 908/908/908 906/906/906
f 922/922/922 900/900/900 923/923/923
f 898/898/898 923/923/923 900/900/900
f 920/920/920 895/895/895 921/921/921
f 895/895/895 916/916/916 921/921/921
f 926/926/926 924/924/924 925/925/925
f 924/924/924 929/929/929 925/925/925
f 931/931/931 925/925/925 930/930/930
f 930/930/930 929/929/929 932/932/932
f 931/931/931 933/933/933 934/934/934
f 932/932/932 933/933/933 930/930/930
f 934/934/934 937/937/937 936/936/936
f 937/937/937 935/935/935 938/938/938
f 942/942/942 940/940/940 941/941/941
f 941/941/941 944/944/944 942/942/942
f 946/946/946 942/942/942 945/945/945
f 944/944/944 945/945/945 942/942/942
f 948/948/948 946/946/946 945/945/945
f 945/945/945 950/950/950 948/948/948
f 951/951/951 949/949/949 948/948/948
f 950/950/950 951/951/951 948/948/948
f 952/952/952 924/924/924 927/927/927
f 953/953/953 924/924/924 951/951/951
f 937/937/937 954/954/954 936/936/936
f 955/955/955 938/938/938 956/956/956
f 958/958/958 960/960/960 957/957/957
f 957/957/957 961/961/961 962/962/962
f 958/958/958 964/964/964 963/963/963
f 962/962/962 964/964/964 957/957/957
f 964/964/964 967/967/967 963/963/963
f 966/966/966 965/965/965 968/968/968
f 967/967/967 969/969/969 970/970/970
f 968/968/968 969/969/969 966/966/966
f 972/972/972 944/944/944 943/943/943
f 974/974/974 950/950/950 947/947/947
f 976/976/976 950/950/950 975/975/975
f 977/977/977 953/953/953 976/976/976
f 977/977/977 929/929/929 928/928/928
f 979/979/979 929/929/929 978/978/978
f 935/935/935 979/979/979 980/980/980
f 982/982/982 938/938/938 981/981/981
f 938/938/938 980/980/980 981/981/981
f 983/983/983 985/985/985 986/986/986
f 985/985/985 987/987/987 988/988/988
f 989/989/989 986/986/986 985/985/985
f 988/988/988 989/989/989 985/985/985
f 990/990/990 992/992/992 993/993/993
f 992/992/992 991/991/991 994/994/994
f 995/995/995 993/993/993 992/992/992
f 994/994/994 995/995/995 992/992/992
f 959/959/959 995/995/995 960/960/960
f 960/960/960 997/997/997 961/961/961
f 998/998/998 969/969/969 999/999/999
f 999/999/999 971/971/971 1000/1000/1000
f 958/958/958 1002/1002/1002 959/959/959
f 963/963/963 1001/1001/1001 958/958/958
f 1003/1003/1003 967/967/967 1004/1004/1004
f 970/970/970 1004/1004/1004 967/967/967
f 939/939/939 987/987/987 940/940/940
f 939/939/939 991/991/991 988/988/988
f 994/994/994 946/946/946 949/949/949
f 952/952/952 994/994/994 949/949/949
f 997/997/997 927/927/927 961/961/961
f 961/961/961 926/926/926 962/962/962
f 931/931/931 962/962/962 926/926/926
f 931/931/931 968/968/968 965/965/965
f 936/936/936 1000/1000/1000 971/971/971
f 936/936/936 968/968/968 934/934/934
f 983/983/983 1006/1006/1006 1080/1080/1080
f 1006/1006/1006 990/990/990 1007/1007/1007
f 1007/1007/1007 993/993/993 1008/1008/1008
f 993/993/993 1009/1009/1009 1008/1008/1008
f 1002/1002/1002 996/996/996 959/959/959
f 970/970/970 1010/1010/1010 1005/1005/1005
f 972/972/972 1012/1012/1012 973/973/973
f 865/865/865 1013/1013/1013 1014/1014/1014
f 1013/1013/1013 1011/1011/1011 1014/1014/1014
f 1013/1013/1013 870/870/870 1015/1015/1015
f 1017/1017/1017 876/876/876 1016/1016/1016
f 976/976/976 1018/1018/1018 1019/1019/1019
f 1020/1020/1020 876/876/876 1021/1021/1021
f 1022/1022/1022 1016/1016/1016 1020/1020/1020
f 1019/1019/1019 977/977/977 976/976/976
f 1023/1023/1023 982/982/982 981/981/981
f 1026/1026/1026 892/892/892 1025/1025/1025
f 1026/1026/1026 1024/1024/1024 1023/1023/1023
f 883/883/883 1028/1028/1028 880/880/880
f 978/978/978 1030/1030/1030 979/979/979
f 1021/1021/1021 1028/1028/1028 1020/1020/1020
f 1028/1028/1028 1022/1022/1022 1020/1020/1020
f 1029/1029/1029 1027/1027/1027 1030/1030/1030
f 889/889/889 1031/1031/1031 885/885/885
f 1022/1022/1022 978/978/978 977/977/977
f 980/980/980 1023/1023/1023 981/981/981
f 885/885/885 1027/1027/1027 883/883/883
f 1030/1030/1030 1031/1031/1031 1032/1032/1032
f 1023/1023/1023 1031/1031/1031 1026/1026/1026
f 979/979/979 1032/1032/1032 980/980/980
f 973/973/973 947/947/947 944/944/944
f 1018/1018/1018 975/975/975 974/974/974
f 1017/1017/1017 1019/1019/1019 1018/1018/1018
f 1017/1017/1017 870/870/870 873/873/873
f 1033/1033/1033 1015/1015/1015 1017/1017/1017
f 1017/1017/1017 1018/1018/1018 1033/1033/1033
f 1012/1012/1012 974/974/974 973/973/973
f 1018/1018/1018 974/974/974 1033/1033/1033
f 1015/1015/1015 1012/1012/1012 1013/1013/1013
f 881/881/881 886/886/886 882/882/882
f 922/922/922 923/923/923 1034/1034/1034
f 919/919/919 878/878/878 877/877/877
f 922/922/922 904/904/904 902/902/902
f 875/875/875 1021/1021/1021 876/876/876
f 880/880/880 879/879/879 881/881/881
f 1034/1034/1034 881/881/881 879/879/879
f 879/879/879 878/878/878 1034/1034/1034
f 1034/1034/1034 878/878/878 922/922/922
f 920/920/920 1034/1034/1034 923/923/923
f 1036/1036/1036 1002/1002/1002 1035/1035/1035
f 1035/1035/1035 1001/1001/1001 1037/1037/1037
f 1001/1001/1001 1038/1038/1038 1037/1037/1037
f 1041/1041/1041 1039/1039/1039 1040/1040/1040
f 1037/1037/1037 1042/1042/1042 1035/1035/1035
f 1004/1004/1004 1038/1038/1038 1003/1003/1003
f 1045/1045/1045 1039/1039/1039 1044/1044/1044
f 1037/1037/1037 1044/1044/1044 1039/1039/1039
f 1043/1043/1043 1005/1005/1005 1046/1046/1046
f 1048/1048/1048 1044/1044/1044 1047/1047/1047
f 1044/1044/1044 1043/1043/1043 1047/1047/1047
f 1046/1046/1046 1010/1010/1010 1049/1049/1049
f 1048/1048/1048 1050/1050/1050 1051/1051/1051
f 1046/1046/1046 1047/1047/1047 1043/1043/1043
f 1051/1051/1051 1052/1052/1052 1053/1053/1053
f 1049/1049/1049 1050/1050/1050 1046/1046/1046
f 1006/1006/1006 1081/1081/1081 1080/1080/1080
f 1054/1054/1054 1007/1007/1007 1055/1055/1055
f 1056/1056/1056 1083/1083/1083 1082/1082/1082
f 1082/1082/1082 1054/1054/1054 1056/1056/1056
f 1008/1008/1008 1055/1055/1055 1007/1007/1007
f 1058/1058/1058 1060/1060/1060 1055/1055/1055
f 1058/1058/1058 1009/1009/1009 1036/1036/1036
f 1036/1036/1036 1059/1059/1059 1058/1058/1058
f 1060/1060/1060 1057/1057/1057 1056/1056/1056
f 1055/1055/1055 1056/1056/1056 1054/1054/1054
f 1060/1060/1060 1063/1063/1063 1062/1062/1062
f 1064/1064/1064 1059/1059/1059 1061/1061/1061
f 1061/1061/1061 1041/1041/1041 1064/1064/1064
f 1035/1035/1035 1061/1061/1061 1036/1036/1036
f 1061/1061/1061 1035/1035/1035 1042/1042/1042
f 1041/1041/1041 1061/1061/1061 1042/1042/1042
f 1059/1059/1059 1064/1064/1064 1063/1063/1063
f 1063/1063/1063 1060/1060/1060 1059/1059/1059
f 1056/1056/1056 1055/1055/1055 1060/1060/1060
f 1057/1057/1057 1060/1060/1060 1062/1062/1062
f 1059/1059/1059 1036/1036/1036 1061/1061/1061
f 1009/1009/1009 1058/1058/1058 1008/1008/1008
f 1060/1060/1060 1058/1058/1058 1059/1059/1059
f 1055/1055/1055 1008/1008/1008 1058/1058/1058
f 1054/1054/1054 1082/1082/1082 1081/1081/1081
f 1083/1083/1083 1056/1056/1056 1057/1057/1057
f 1007/1007/1007 1054/1054/1054 1006/1006/1006
f 1081/1081/1081 1006/1006/1006 1054/1054/1054
f 1050/1050/1050 1049/1049/1049 1052/1052/1052
f 1052/1052/1052 1051/1051/1051 1050/1050/1050
f 1047/1047/1047 1046/1046/1046 1050/1050/1050
f 1050/1050/1050 1048/1048/1048 1047/1047/1047
f 1010/1010/1010 1046/1046/1046 1005/1005/1005
f 1043/1043/1043 1044/1044/1044 1038/1038/1038
f 1044/1044/1044 1048/1048/1048 1045/1045/1045
f 1005/1005/1005 1043/1043/1043 1004/1004/1004
f 1044/1044/1044 1037/1037/1037 1038/1038/1038
f 1039/1039/1039 1045/1045/1045 1040/1040/1040
f 1038/1038/1038 1004/1004/1004 1043/1043/1043
f 1042/1042/1042 1037/1037/1037 1039/1039/1039
f 1039/1039/1039 1041/1041/1041 1042/1042/1042
f 1038/1038/1038 1001/1001/1001 1003/1003/1003
f 1001/1001/1001 1035/1035/1035 1002/1002/1002
f 1002/1002/1002 1036/1036/1036 1009/1009/1009
f 1034/1034/1034 920/920/920 886/886/886
f 879/879/879 880/880/880 1021/1021/1021
f 1021/1021/1021 875/875/875 879/879/879
f 904/904/904 922/922/922 919/919/919
f 878/878/878 919/919/919 922/922/922
f 886/886/886 881/881/881 1034/1034/1034
f 1012/1012/1012 1015/1015/1015 1033/1033/1033
f 974/974/974 1012/1012/1012 1033/1033/1033
f 870/870/870 1017/1017/1017 1015/1015/1015
f 1019/1019/1019 1017/1017/1017 1016/1016/1016
f 947/947/947 973/973/973 974/974/974
f 1032/1032/1032 979/979/979 1030/1030/1030
f 1031/1031/1031 1023/1023/1023 1032/1032/1032
f 1031/1031/1031 1030/1030/1030 1027/1027/1027
f 1027/1027/1027 885/885/885 1031/1031/1031
f 1023/1023/1023 980/980/980 1032/1032/1032
f 978/978/978 1022/1022/1022 1029/1029/1029
f 1031/1031/1031 889/889/889 1026/1026/1026
f 1027/1027/1027 1029/1029/1029 1028/1028/1028
f 1022/1022/1022 1028/1028/1028 1029/1029/1029
f 1028/1028/1028 1021/1021/1021 880/880/880
f 1030/1030/1030 978/978/978 1029/1029/1029
f 1028/1028/1028 883/883/883 1027/1027/1027
f 1024/1024/1024 1026/1026/1026 1025/1025/1025
f 892/892/892 1026/1026/1026 889/889/889
f 982/982/982 1023/1023/1023 1024/1024/1024
f 977/977/977 1019/1019/1019 1022/1022/1022
f 1016/1016/1016 1022/1022/1022 1019/1019/1019
f 876/876/876 1020/1020/1020 1016/1016/1016
f 1018/1018/1018 976/976/976 975/975/975
f 876/876/876 1017/1017/1017 873/873/873
f 870/870/870 1013/1013/1013 866/866/866
f 1011/1011/1011 1013/1013/1013 1012/1012/1012
f 1013/1013/1013 865/865/865 866/866/866
f 1012/1012/1012 972/972/972 1011/1011/1011
f 1010/1010/1010 970/970/970 998/998/998
f 996/996/996 1002/1002/1002 1009/1009/1009
f 1009/1009/1009 993/993/993 996/996/996
f 993/993/993 1007/1007/1007 990/990/990
f 990/990/990 1006/1006/1006 986/986/986
f 1006/1006/1006 983/983/983 986/986/986
f 968/968/968 936/936/936 971/971/971
f 1000/1000/1000 936/936/936 954/954/954
f 968/968/968 931/931/931 934/934/934
f 962/962/962 931/931/931 965/965/965
f 926/926/926 961/961/961 927/927/927
f 927/927/927 997/997/997 952/952/952
f 994/994/994 952/952/952 997/997/997
f 946/946/946 994/994/994 991/991/991
f 991/991/991 939/939/939 946/946/946
f 987/987/987 939/939/939 988/988/988
f 1004/1004/1004 970/970/970 1005/1005/1005
f 967/967/967 1003/1003/1003 963/963/963
f 1001/1001/1001 963/963/963 1003/1003/1003
f 1002/1002/1002 958/958/958 1001/1001/1001
f 971/971/971 999/999/999 969/969/969
f 969/969/969 998/998/998 970/970/970
f 997/997/997 960/960/960 995/995/995
f 995/995/995 959/959/959 996/996/996
f 995/995/995 994/994/994 997/997/997
f 993/993/993 995/995/995 996/996/996
f 991/991/991 992/992/992 989/989/989
f 992/992/992 990/990/990 989/989/989
f 989/989/989 988/988/988 991/991/991
f 986/986/986 989/989/989 990/990/990
f 987/987/987 985/985/985 984/984/984
f 985/985/985 983/983/983 984/984/984
f 980/980/980 938/938/938 935/935/935
f 938/938/938 982/982/982 956/956/956
f 979/979/979 935/935/935 932/932/932
f 929/929/929 979/979/979 932/932/932
f 929/929/929 977/977/977 978/978/978
f 953/953/953 977/977/977 928/928/928
f 950/950/950 976/976/976 953/953/953
f 950/950/950 974/974/974 975/975/975
f 944/944/944 972/972/972 973/973/973
f 969/969/969 968/968/968 971/971/971
f 969/969/969 967/967/967 966/966/966
f 965/965/965 966/966/966 964/964/964
f 967/967/967 964/964/964 966/966/966
f 964/964/964 962/962/962 965/965/965
f 964/964/964 958/958/958 957/957/957
f 961/961/961 957/957/957 960/960/960
f 960/960/960 958/958/958 959/959/959
f 938/938/938 955/955/955 937/937/937
f 954/954/954 937/937/937 955/955/955
f 924/924/924 953/953/953 928/928/928
f 924/924/924 952/952/952 951/951/951
f 951/951/951 950/950/950 953/953/953
f 949/949/949 951/951/951 952/952/952
f 950/950/950 945/945/945 947/947/947
f 946/946/946 948/948/948 949/949/949
f 945/945/945 944/944/944 947/947/947
f 942/942/942 946/946/946 939/939/939
f 944/944/944 941/941/941 943/943/943
f 940/940/940 942/942/942 939/939/939
f 935/935/935 937/937/937 933/933/933
f 937/937/937 934/934/934 933/933/933
f 933/933/933 932/932/932 935/935/935
f 933/933/933 931/931/931 930/930/930
f 929/929/929 930/930/930 925/925/925
f 925/925/925 931/931/931 926/926/926
f 929/929/929 924/924/924 928/928/928
f 924/924/924 926/926/926 927/927/927
f 916/916/916 895/895/895 894/894/894
f 895/895/895 920/920/920 898/898/898
f 923/923/923 898/898/898 920/920/920
f 900/900/900 922/922/922 902/902/902
f 908/908/908 918/918/918 917/917/917
f 919/919/919 906/906/906 904/904/904
f 915/915/915 908/908/908 917/917/917
f 894/894/894 1079/1079/1079 916/916/916
f 910/910/910 914/914/914 912/912/912
f 916/916/916 887/887/887 921/921/921
f 887/887/887 920/920/920 921/921/921
f 874/874/874 919/919/919 877/877/877
f 918/918/918 871/871/871 917/917/917
f 868/868/868 917/917/917 871/871/871
f 890/890/890 1079/1079/1079 1077/1077/1077
f 868/868/868 914/914/914 915/915/915
f 855/855/855 911/911/911 913/913/913
f 911/911/911 912/912/912 913/913/913
f 856/856/856 909/909/909 911/911/911
f 910/910/910 909/909/909 908/908/908
f 909/909/909 858/858/858 907/907/907
f 906/906/906 909/909/909 907/907/907
f 907/907/907 859/859/859 905/905/905
f 905/905/905 906/906/906 907/907/907
f 859/859/859 903/903/903 905/905/905
f 903/903/903 904/904/904 905/905/905
f 903/903/903 862/862/862 901/901/901
f 901/901/901 902/902/902 903/903/903
f 862/862/862 899/899/899 901/901/901
f 900/900/900 899/899/899 898/898/898
f 863/863/863 896/896/896 899/899/899
f 898/898/898 896/896/896 895/895/895
f 897/897/897 854/854/854 853/853/853
f 897/897/897 894/894/894 893/893/893
f 893/893/893 864/864/864 854/854/854
f 895/895/895 893/893/893 894/894/894
f 888/888/888 1077/1077/1077 891/891/891
f 889/889/889 891/891/891 892/892/892
f 887/887/887 888/888/888 884/884/884
f 889/889/889 884/884/884 888/888/888
f 884/884/884 886/886/886 887/887/887
f 882/882/882 885/885/885 883/883/883
f 882/882/882 880/880/880 881/881/881
f 875/875/875 878/878/878 879/879/879
f 877/877/877 872/872/872 874/874/874
f 876/876/876 872/872/872 875/875/875
f 871/871/871 872/872/872 869/869/869
f 872/872/872 870/870/870 869/869/869
f 867/867/867 871/871/871 869/869/869
f 869/869/869 866/866/866 867/867/867
f 1076/1076/1076 867/867/867 1075/1075/1075
f 867/867/867 865/865/865 1075/1075/1075
f 1074/1074/1074 854/854/854 864/864/864
f 863/863/863 1074/1074/1074 864/864/864
f 1073/1073/1073 862/862/862 861/861/861
f 861/861/861 860/860/860 1072/1072/1072
f 860/860/860 1071/1071/1071 1072/1072/1072
f 1070/1070/1070 859/859/859 858/858/858
f 1070/1070/1070 857/857/857 1068/1068/1068
f 857/857/857 1067/1067/1067 1068/1068/1068
f 1067/1067/1067 855/855/855 1069/1069/1069
f 1066/1066/1066 853/853/853 854/854/854
f 2167/2167/2167 2166/2166/2166 2168/2168/2168
f 2170/2170/2170 2167/2167/2167 2168/2168/2168
f 2379/2379/2379 2171/2171/2171 2172/2172/2172
f 2174/2174/2174 2175/2175/2175 2173/2173/2173
f 2171/2171/2171 2173/2173/2173 2172/2172/2172
f 2170/2170/2170 2177/2177/2177 2169/2169/2169
f 2176/2176/2176 2179/2179/2179 2177/2177/2177
f 2180/2180/2180 2179/2179/2179 2178/2178/2178
f 2182/2182/2182 2181/2181/2181 2180/2180/2180
f 2184/2184/2184 2183/2183/2183 2182/2182/2182
f 2182/2182/2182 2187/2187/2187 2184/2184/2184
f 2383/2383/2383 2187/2187/2187 2186/2186/2186
f 2189/2189/2189 2166/2166/2166 2188/2188/2188
f 2191/2191/2191 2188/2188/2188 2190/2190/2190
f 2192/2192/2192 2173/2173/2173 2193/2193/2193
f 2379/2379/2379 2192/2192/2192 2386/2386/2386
f 2386/2386/2386 2187/2187/2187 2382/2382/2382
f 2193/2193/2193 2187/2187/2187 2192/2192/2192
f 2180/2180/2180 2186/2186/2186 2182/2182/2182
f 2387/2387/2387 2186/2186/2186 2194/2194/2194
f 2196/2196/2196 2378/2378/2378 2195/2195/2195
f 2195/2195/2195 2176/2176/2176 2196/2196/2196
f 2195/2195/2195 2387/2387/2387 2194/2194/2194
f 2194/2194/2194 2178/2178/2178 2195/2195/2195
f 2197/2197/2197 2176/2176/2176 2170/2170/2170
f 2388/2388/2388 2196/2196/2196 2197/2197/2197
f 2197/2197/2197 2191/2191/2191 2388/2388/2388
f 2168/2168/2168 2197/2197/2197 2170/2170/2170
f 2185/2185/2185 2193/2193/2193 2198/2198/2198
f 2173/2173/2173 2198/2198/2198 2193/2193/2193
f 2203/2203/2203 2201/2201/2201 2202/2202/2202
f 2385/2385/2385 2201/2201/2201 2175/2175/2175
f 2202/2202/2202 2199/2199/2199 2204/2204/2204
f 2389/2389/2389 2201/2201/2201 2390/2390/2390
f 2204/2204/2204 2203/2203/2203 2202/2202/2202
f 2175/2175/2175 2200/2200/2200 2198/2198/2198
f 2206/2206/2206 2203/2203/2203 2205/2205/2205
f 2208/2208/2208 2203/2203/2203 2207/2207/2207
f 2209/2209/2209 2185/2185/2185 2208/2208/2208
f 2198/2198/2198 2208/2208/2208 2185/2185/2185
f 2211/2211/2211 2206/2206/2206 2210/2210/2210
f 2209/2209/2209 2207/2207/2207 2211/2211/2211
f 2183/2183/2183 2212/2212/2212 2181/2181/2181
f 2213/2213/2213 2211/2211/2211 2210/2210/2210
f 2212/2212/2212 2211/2211/2211 2214/2214/2214
f 2212/2212/2212 2179/2179/2179 2181/2181/2181
f 2217/2217/2217 2213/2213/2213 2216/2216/2216
f 2215/2215/2215 2214/2214/2214 2217/2217/2217
f 2215/2215/2215 2177/2177/2177 2179/2179/2179
f 2216/2216/2216 2220/2220/2220 2217/2217/2217
f 2218/2218/2218 2217/2217/2217 2220/2220/2220
f 2169/2169/2169 2218/2218/2218 2221/2221/2221
f 2219/2219/2219 2223/2223/2223 2220/2220/2220
f 2218/2218/2218 2223/2223/2223 2221/2221/2221
f 2224/2224/2224 2391/2391/2391 2393/2393/2393
f 2167/2167/2167 2393/2393/2393 2384/2384/2384
f 2225/2225/2225 2222/2222/2222 2226/2226/2226
f 2224/2224/2224 2223/2223/2223 2225/2225/2225
f 2391/2391/2391 2226/2226/2226 2392/2392/2392
f 2169/2169/2169 2224/2224/2224 2167/2167/2167
f 2227/2227/2227 2229/2229/2229 2230/2230/2230
f 2228/2228/2228 2232/2232/2232 2229/2229/2229
f 2233/2233/2233 2228/2228/2228 2227/2227/2227
f 2235/2235/2235 2228/2228/2228 2234/2234/2234
f 2233/2233/2233 2237/2237/2237 2234/2234/2234
f 2234/2234/2234 2238/2238/2238 2235/2235/2235
f 2237/2237/2237 2239/2239/2239 2240/2240/2240
f 2240/2240/2240 2238/2238/2238 2237/2237/2237
f 2239/2239/2239 2243/2243/2243 2240/2240/2240
f 2241/2241/2241 2243/2243/2243 2244/2244/2244
f 2246/2246/2246 2243/2243/2243 2245/2245/2245
f 2247/2247/2247 2246/2246/2246 2245/2245/2245
f 2249/2249/2249 2247/2247/2247 2250/2250/2250
f 2252/2252/2252 2250/2250/2250 2251/2251/2251
f 2255/2255/2255 2254/2254/2254 2251/2251/2251
f 2254/2254/2254 2252/2252/2252 2251/2251/2251
f 2258/2258/2258 2260/2260/2260 2257/2257/2257
f 2262/2262/2262 2258/2258/2258 2261/2261/2261
f 2261/2261/2261 2264/2264/2264 2262/2262/2262
f 2264/2264/2264 2265/2265/2265 2266/2266/2266
f 2265/2265/2265 2268/2268/2268 2266/2266/2266
f 2270/2270/2270 2271/2271/2271 2269/2269/2269
f 2273/2273/2273 2275/2275/2275 2272/2272/2272
f 2268/2268/2268 2273/2273/2273 2272/2272/2272
f 2277/2277/2277 2269/2269/2269 2276/2276/2276
f 2274/2274/2274 2276/2276/2276 2275/2275/2275
f 2247/2247/2247 2278/2278/2278 2279/2279/2279
f 2245/2245/2245 2242/2242/2242 2278/2278/2278
f 2250/2250/2250 2255/2255/2255 2251/2251/2251
f 2250/2250/2250 2279/2279/2279 2280/2280/2280
f 2281/2281/2281 2227/2227/2227 2230/2230/2230
f 2283/2283/2283 2260/2260/2260 2259/2259/2259
f 2282/2282/2282 2284/2284/2284 2283/2283/2283
f 2233/2233/2233 2282/2282/2282 2285/2285/2285
f 2262/2262/2262 2283/2283/2283 2259/2259/2259
f 2283/2283/2283 2285/2285/2285 2282/2282/2282
f 2285/2285/2285 2236/2236/2236 2233/2233/2233
f 2264/2264/2264 2286/2286/2286 2262/2262/2262
f 2286/2286/2286 2287/2287/2287 2285/2285/2285
f 2287/2287/2287 2239/2239/2239 2236/2236/2236
f 2266/2266/2266 2288/2288/2288 2264/2264/2264
f 2288/2288/2288 2289/2289/2289 2287/2287/2287
f 2292/2292/2292 2272/2272/2272 2291/2291/2291
f 2278/2278/2278 2293/2293/2293 2294/2294/2294
f 2292/2292/2292 2266/2266/2266 2268/2268/2268
f 2289/2289/2289 2292/2292/2292 2293/2293/2293
f 2293/2293/2293 2291/2291/2291 2294/2294/2294
f 2275/2275/2275 2291/2291/2291 2272/2272/2272
f 2275/2275/2275 2296/2296/2296 2295/2295/2295
f 2239/2239/2239 2293/2293/2293 2242/2242/2242
f 2297/2297/2297 2278/2278/2278 2294/2294/2294
f 2294/2294/2294 2295/2295/2295 2297/2297/2297
f 2297/2297/2297 2296/2296/2296 2298/2298/2298
f 2269/2269/2269 2296/2296/2296 2276/2276/2276
f 2297/2297/2297 2280/2280/2280 2279/2279/2279
f 2300/2300/2300 2296/2296/2296 2299/2299/2299
f 2280/2280/2280 2300/2300/2300 2255/2255/2255
f 2271/2271/2271 2299/2299/2299 2269/2269/2269
f 2299/2299/2299 2302/2302/2302 2300/2300/2300
f 2300/2300/2300 2253/2253/2253 2255/2255/2255
f 2231/2231/2231 2304/2304/2304 2232/2232/2232
f 2306/2306/2306 2303/2303/2303 2305/2305/2305
f 2249/2249/2249 2308/2308/2308 2307/2307/2307
f 2310/2310/2310 2308/2308/2308 2309/2309/2309
f 2311/2311/2311 2252/2252/2252 2256/2256/2256
f 2308/2308/2308 2395/2395/2395 2309/2309/2309
f 2315/2315/2315 2313/2313/2313 2314/2314/2314
f 2241/2241/2241 2317/2317/2317 2238/2238/2238
f 2313/2313/2313 2317/2317/2317 2316/2316/2316
f 2318/2318/2318 2246/2246/2246 2319/2319/2319
f 2323/2323/2323 2321/2321/2321 2322/2322/2322
f 2321/2321/2321 2319/2319/2319 2322/2322/2322
f 2244/2244/2244 2316/2316/2316 2241/2241/2241
f 2321/2321/2321 2316/2316/2316 2318/2318/2318
f 2307/2307/2307 2248/2248/2248 2249/2249/2249
f 2324/2324/2324 2246/2246/2246 2248/2248/2248
f 2321/2321/2321 2314/2314/2314 2313/2313/2313
f 2322/2322/2322 2324/2324/2324 2325/2325/2325
f 2231/2231/2231 2326/2326/2326 2303/2303/2303
f 2238/2238/2238 2326/2326/2326 2235/2235/2235
f 2324/2324/2324 2310/2310/2310 2325/2325/2325
f 2327/2327/2327 2303/2303/2303 2326/2326/2326
f 2327/2327/2327 2317/2317/2317 2312/2312/2312
f 2328/2328/2328 2305/2305/2305 2327/2327/2327
f 2330/2330/2330 2199/2199/2199 2329/2329/2329
f 2331/2331/2331 2330/2330/2330 2329/2329/2329
f 2306/2306/2306 2328/2328/2328 2331/2331/2331
f 2330/2330/2330 2205/2205/2205 2204/2204/2204
f 2333/2333/2333 2330/2330/2330 2328/2328/2328
f 2333/2333/2333 2328/2328/2328 2327/2327/2327
f 2315/2315/2315 2327/2327/2327 2312/2312/2312
f 2332/2332/2332 2206/2206/2206 2205/2205/2205
f 2333/2333/2333 2334/2334/2334 2332/2332/2332
f 2335/2335/2335 2333/2333/2333 2315/2315/2315
f 2210/2210/2210 2334/2334/2334 2336/2336/2336
f 2335/2335/2335 2336/2336/2336 2334/2334/2334
f 2335/2335/2335 2314/2314/2314 2337/2337/2337
f 2336/2336/2336 2213/2213/2213 2210/2210/2210
f 2337/2337/2337 2338/2338/2338 2336/2336/2336
f 2320/2320/2320 2337/2337/2337 2314/2314/2314
f 2323/2323/2323 2339/2339/2339 2320/2320/2320
f 2341/2341/2341 2213/2213/2213 2338/2338/2338
f 2340/2340/2340 2338/2338/2338 2339/2339/2339
f 2341/2341/2341 2219/2219/2219 2216/2216/2216
f 2340/2340/2340 2342/2342/2342 2341/2341/2341
f 2343/2343/2343 2340/2340/2340 2323/2323/2323
f 2323/2323/2323 2325/2325/2325 2343/2343/2343
f 2344/2344/2344 2392/2392/2392 2226/2226/2226
f 2345/2345/2345 2396/2396/2396 2344/2344/2344
f 2345/2345/2345 2395/2395/2395 2397/2397/2397
f 2222/2222/2222 2344/2344/2344 2226/2226/2226
f 2347/2347/2347 2343/2343/2343 2325/2325/2325
f 2346/2346/2346 2219/2219/2219 2342/2342/2342
f 2342/2342/2342 2347/2347/2347 2346/2346/2346
f 2345/2345/2345 2346/2346/2346 2347/2347/2347
f 2345/2345/2345 2310/2310/2310 2309/2309/2309
f 2325/2325/2325 2310/2310/2310 2347/2347/2347
f 2350/2350/2350 2348/2348/2348 2349/2349/2349
f 2353/2353/2353 2350/2350/2350 2352/2352/2352
f 2352/2352/2352 2267/2267/2267 2353/2353/2353
f 2349/2349/2349 2355/2355/2355 2350/2350/2350
f 2355/2355/2355 2352/2352/2352 2350/2350/2350
f 2356/2356/2356 2273/2273/2273 2352/2352/2352
f 2357/2357/2357 2355/2355/2355 2354/2354/2354
f 2356/2356/2356 2358/2358/2358 2359/2359/2359
f 2274/2274/2274 2359/2359/2359 2277/2277/2277
f 2351/2351/2351 2361/2361/2361 2348/2348/2348
f 2360/2360/2360 2353/2353/2353 2362/2362/2362
f 2265/2265/2265 2353/2353/2353 2267/2267/2267
f 2364/2364/2364 2360/2360/2360 2363/2363/2363
f 2362/2362/2362 2363/2363/2363 2360/2360/2360
f 2365/2365/2365 2265/2265/2265 2263/2263/2263
f 2363/2363/2363 2367/2367/2367 2364/2364/2364
f 2365/2365/2365 2366/2366/2366 2363/2363/2363
f 2261/2261/2261 2365/2365/2365 2263/2263/2263
f 2366/2366/2366 2370/2370/2370 2367/2367/2367
f 2371/2371/2371 2366/2366/2366 2368/2368/2368
f 2258/2258/2258 2368/2368/2368 2261/2261/2261
f 2373/2373/2373 2369/2369/2369 2372/2372/2372
f 2374/2374/2374 2369/2369/2369 2371/2371/2371
f 2258/2258/2258 2374/2374/2374 2371/2371/2371
f 2375/2375/2375 2358/2358/2358 2357/2357/2357
f 2359/2359/2359 2376/2376/2376 2377/2377/2377
f 2376/2376/2376 2399/2399/2399 2398/2398/2398
f 2400/2400/2400 2376/2376/2376 2398/2398/2398
f 2359/2359/2359 2270/2270/2270 2277/2277/2277
f 2394/2394/2394 2377/2377/2377 2400/2400/2400
f 2377/2377/2377 2394/2394/2394 2270/2270/2270
f 2270/2270/2270 2359/2359/2359 2377/2377/2377
f 2376/2376/2376 2400/2400/2400 2377/2377/2377
f 2399/2399/2399 2376/2376/2376 2375/2375/2375
f 2376/2376/2376 2359/2359/2359 2358/2358/2358
f 2358/2358/2358 2375/2375/2375 2376/2376/2376
f 2374/2374/2374 2258/2258/2258 2257/2257/2257
f 2369/2369/2369 2374/2374/2374 2372/2372/2372
f 2369/2369/2369 2373/2373/2373 2370/2370/2370
f 2368/2368/2368 2258/2258/2258 2371/2371/2371
f 2366/2366/2366 2371/2371/2371 2369/2369/2369
f 2370/2370/2370 2366/2366/2366 2369/2369/2369
f 2365/2365/2365 2261/2261/2261 2368/2368/2368
f 2366/2366/2366 2365/2365/2365 2368/2368/2368
f 2367/2367/2367 2363/2363/2363 2366/2366/2366
f 2265/2265/2265 2365/2365/2365 2362/2362/2362
f 2363/2363/2363 2362/2362/2362 2365/2365/2365
f 2360/2360/2360 2364/2364/2364 2361/2361/2361
f 2353/2353/2353 2265/2265/2265 2362/2362/2362
f 2353/2353/2353 2360/2360/2360 2351/2351/2351
f 2361/2361/2361 2351/2351/2351 2360/2360/2360
f 2359/2359/2359 2274/2274/2274 2356/2356/2356
f 2358/2358/2358 2356/2356/2356 2355/2355/2355
f 2355/2355/2355 2357/2357/2357 2358/2358/2358
f 2273/2273/2273 2356/2356/2356 2274/2274/2274
f 2352/2352/2352 2355/2355/2355 2356/2356/2356
f 2355/2355/2355 2349/2349/2349 2354/2354/2354
f 2267/2267/2267 2352/2352/2352 2273/2273/2273
f 2350/2350/2350 2353/2353/2353 2351/2351/2351
f 2348/2348/2348 2350/2350/2350 2351/2351/2351
f 2310/2310/2310 2345/2345/2345 2347/2347/2347
f 2346/2346/2346 2345/2345/2345 2344/2344/2344
f 2347/2347/2347 2342/2342/2342 2343/2343/2343
f 2219/2219/2219 2346/2346/2346 2222/2222/2222
f 2344/2344/2344 2222/2222/2222 2346/2346/2346
f 2395/2395/2395 2345/2345/2345 2309/2309/2309
f 2396/2396/2396 2345/2345/2345 2397/2397/2397
f 2392/2392/2392 2344/2344/2344 2396/2396/2396
f 2325/2325/2325 2323/2323/2323 2322/2322/2322
f 2342/2342/2342 2340/2340/2340 2343/2343/2343
f 2219/2219/2219 2341/2341/2341 2342/2342/2342
f 2338/2338/2338 2340/2340/2340 2341/2341/2341
f 2213/2213/2213 2341/2341/2341 2216/2216/2216
f 2339/2339/2339 2323/2323/2323 2340/2340/2340
f 2337/2337/2337 2320/2320/2320 2339/2339/2339
f 2338/2338/2338 2337/2337/2337 2339/2339/2339
f 2213/2213/2213 2336/2336/2336 2338/2338/2338
f 2314/2314/2314 2335/2335/2335 2315/2315/2315
f 2336/2336/2336 2335/2335/2335 2337/2337/2337
f 2334/2334/2334 2210/2210/2210 2206/2206/2206
f 2334/2334/2334 2333/2333/2333 2335/2335/2335
f 2206/2206/2206 2332/2332/2332 2334/2334/2334
f 2327/2327/2327 2315/2315/2315 2333/2333/2333
f 2330/2330/2330 2333/2333/2333 2332/2332/2332
f 2205/2205/2205 2330/2330/2330 2332/2332/2332
f 2328/2328/2328 2306/2306/2306 2305/2305/2305
f 2330/2330/2330 2331/2331/2331 2328/2328/2328
f 2199/2199/2199 2330/2330/2330 2204/2204/2204
f 2317/2317/2317 2327/2327/2327 2326/2326/2326
f 2303/2303/2303 2327/2327/2327 2305/2305/2305
f 2310/2310/2310 2324/2324/2324 2307/2307/2307
f 2326/2326/2326 2238/2238/2238 2317/2317/2317
f 2326/2326/2326 2231/2231/2231 2235/2235/2235
f 2324/2324/2324 2322/2322/2322 2319/2319/2319
f 2314/2314/2314 2321/2321/2321 2320/2320/2320
f 2246/2246/2246 2324/2324/2324 2319/2319/2319
f 2248/2248/2248 2307/2307/2307 2324/2324/2324
f 2316/2316/2316 2321/2321/2321 2313/2313/2313
f 2316/2316/2316 2244/2244/2244 2318/2318/2318
f 2319/2319/2319 2321/2321/2321 2318/2318/2318
f 2321/2321/2321 2323/2323/2323 2320/2320/2320
f 2246/2246/2246 2318/2318/2318 2244/2244/2244
f 2317/2317/2317 2313/2313/2313 2312/2312/2312
f 2317/2317/2317 2241/2241/2241 2316/2316/2316
f 2313/2313/2313 2315/2315/2315 2312/2312/2312
f 2395/2395/2395 2308/2308/2308 2311/2311/2311
f 2252/2252/2252 2311/2311/2311 2308/2308/2308
f 2308/2308/2308 2310/2310/2310 2307/2307/2307
f 2308/2308/2308 2249/2249/2249 2252/2252/2252
f 2303/2303/2303 2306/2306/2306 2304/2304/2304
f 2304/2304/2304 2231/2231/2231 2303/2303/2303
f 2253/2253/2253 2300/2300/2300 2302/2302/2302
f 2302/2302/2302 2299/2299/2299 2301/2301/2301
f 2299/2299/2299 2271/2271/2271 2301/2301/2301
f 2300/2300/2300 2280/2280/2280 2298/2298/2298
f 2296/2296/2296 2300/2300/2300 2298/2298/2298
f 2280/2280/2280 2297/2297/2297 2298/2298/2298
f 2296/2296/2296 2269/2269/2269 2299/2299/2299
f 2296/2296/2296 2297/2297/2297 2295/2295/2295
f 2295/2295/2295 2294/2294/2294 2291/2291/2291
f 2278/2278/2278 2297/2297/2297 2279/2279/2279
f 2293/2293/2293 2239/2239/2239 2289/2289/2289
f 2296/2296/2296 2275/2275/2275 2276/2276/2276
f 2291/2291/2291 2275/2275/2275 2295/2295/2295
f 2291/2291/2291 2293/2293/2293 2292/2292/2292
f 2292/2292/2292 2289/2289/2289 2290/2290/2290
f 2266/2266/2266 2292/2292/2292 2290/2290/2290
f 2293/2293/2293 2278/2278/2278 2242/2242/2242
f 2272/2272/2272 2292/2292/2292 2268/2268/2268
f 2289/2289/2289 2288/2288/2288 2290/2290/2290
f 2288/2288/2288 2266/2266/2266 2290/2290/2290
f 2239/2239/2239 2287/2287/2287 2289/2289/2289
f 2287/2287/2287 2286/2286/2286 2288/2288/2288
f 2286/2286/2286 2264/2264/2264 2288/2288/2288
f 2236/2236/2236 2285/2285/2285 2287/2287/2287
f 2285/2285/2285 2283/2283/2283 2286/2286/2286
f 2283/2283/2283 2262/2262/2262 2286/2286/2286
f 2282/2282/2282 2233/2233/2233 2227/2227/2227
f 2284/2284/2284 2282/2282/2282 2281/2281/2281
f 2260/2260/2260 2283/2283/2283 2284/2284/2284
f 2227/2227/2227 2281/2281/2281 2282/2282/2282
f 2279/2279/2279 2250/2250/2250 2247/2247/2247
f 2255/2255/2255 2250/2250/2250 2280/2280/2280
f 2242/2242/2242 2245/2245/2245 2243/2243/2243
f 2278/2278/2278 2247/2247/2247 2245/2245/2245
f 2276/2276/2276 2274/2274/2274 2277/2277/2277
f 2269/2269/2269 2277/2277/2277 2270/2270/2270
f 2273/2273/2273 2268/2268/2268 2267/2267/2267
f 2275/2275/2275 2273/2273/2273 2274/2274/2274
f 2271/2271/2271 2270/2270/2270 2394/2394/2394
f 2268/2268/2268 2265/2265/2265 2267/2267/2267
f 2265/2265/2265 2264/2264/2264 2263/2263/2263
f 2264/2264/2264 2261/2261/2261 2263/2263/2263
f 2258/2258/2258 2262/2262/2262 2259/2259/2259
f 2260/2260/2260 2258/2258/2258 2259/2259/2259
f 2252/2252/2252 2254/2254/2254 2256/2256/2256
f 2254/2254/2254 2255/2255/2255 2253/2253/2253
f 2250/2250/2250 2252/2252/2252 2249/2249/2249
f 2247/2247/2247 2249/2249/2249 2248/2248/2248
f 2246/2246/2246 2247/2247/2247 2248/2248/2248
f 2243/2243/2243 2246/2246/2246 2244/2244/2244
f 2243/2243/2243 2241/2241/2241 2240/2240/2240
f 2243/2243/2243 2239/2239/2239 2242/2242/2242
f 2238/2238/2238 2240/2240/2240 2241/2241/2241
f 2239/2239/2239 2237/2237/2237 2236/2236/2236
f 2238/2238/2238 2234/2234/2234 2237/2237/2237
f 2237/2237/2237 2233/2233/2233 2236/2236/2236
f 2228/2228/2228 2235/2235/2235 2231/2231/2231
f 2228/2228/2228 2233/2233/2233 2234/2234/2234
f 2232/2232/2232 2228/2228/2228 2231/2231/2231
f 2229/2229/2229 2227/2227/2227 2228/2228/2228
f 2224/2224/2224 2169/2169/2169 2221/2221/2221
f 2226/2226/2226 2391/2391/2391 2225/2225/2225
f 2223/2223/2223 2224/2224/2224 2221/2221/2221
f 2222/2222/2222 2225/2225/2225 2223/2223/2223
f 2393/2393/2393 2167/2167/2167 2224/2224/2224
f 2391/2391/2391 2224/2224/2224 2225/2225/2225
f 2223/2223/2223 2218/2218/2218 2220/2220/2220
f 2223/2223/2223 2219/2219/2219 2222/2222/2222
f 2218/2218/2218 2169/2169/2169 2177/2177/2177
f 2217/2217/2217 2218/2218/2218 2215/2215/2215
f 2220/2220/2220 2216/2216/2216 2219/2219/2219
f 2177/2177/2177 2215/2215/2215 2218/2218/2218
f 2214/2214/2214 2215/2215/2215 2212/2212/2212
f 2213/2213/2213 2217/2217/2217 2214/2214/2214
f 2179/2179/2179 2212/2212/2212 2215/2215/2215
f 2211/2211/2211 2212/2212/2212 2209/2209/2209
f 2211/2211/2211 2213/2213/2213 2214/2214/2214
f 2212/2212/2212 2183/2183/2183 2209/2209/2209
f 2207/2207/2207 2209/2209/2209 2208/2208/2208
f 2206/2206/2206 2211/2211/2211 2207/2207/2207
f 2208/2208/2208 2198/2198/2198 2200/2200/2200
f 2185/2185/2185 2209/2209/2209 2183/2183/2183
f 2203/2203/2203 2208/2208/2208 2200/2200/2200
f 2203/2203/2203 2206/2206/2206 2207/2207/2207
f 2200/2200/2200 2175/2175/2175 2201/2201/2201
f 2203/2203/2203 2204/2204/2204 2205/2205/2205
f 2201/2201/2201 2389/2389/2389 2202/2202/2202
f 2199/2199/2199 2202/2202/2202 2389/2389/2389
f 2201/2201/2201 2385/2385/2385 2390/2390/2390
f 2201/2201/2201 2203/2203/2203 2200/2200/2200
f 2198/2198/2198 2173/2173/2173 2175/2175/2175
f 2193/2193/2193 2185/2185/2185 2184/2184/2184
f 2197/2197/2197 2168/2168/2168 2189/2189/2189
f 2191/2191/2191 2197/2197/2197 2189/2189/2189
f 2196/2196/2196 2388/2388/2388 2381/2381/2381
f 2176/2176/2176 2197/2197/2197 2196/2196/2196
f 2178/2178/2178 2194/2194/2194 2180/2180/2180
f 2387/2387/2387 2195/2195/2195 2378/2378/2378
f 2176/2176/2176 2195/2195/2195 2178/2178/2178
f 2378/2378/2378 2196/2196/2196 2381/2381/2381
f 2186/2186/2186 2387/2387/2387 2383/2383/2383
f 2186/2186/2186 2180/2180/2180 2194/2194/2194
f 2187/2187/2187 2193/2193/2193 2184/2184/2184
f 2187/2187/2187 2386/2386/2386 2192/2192/2192
f 2192/2192/2192 2379/2379/2379 2172/2172/2172
f 2173/2173/2173 2192/2192/2192 2172/2172/2172
f 2188/2188/2188 2191/2191/2191 2189/2189/2189
f 2166/2166/2166 2189/2189/2189 2168/2168/2168
f 2187/2187/2187 2383/2383/2383 2382/2382/2382
f 2187/2187/2187 2182/2182/2182 2186/2186/2186
f 2183/2183/2183 2184/2184/2184 2185/2185/2185
f 2181/2181/2181 2182/2182/2182 2183/2183/2183
f 2179/2179/2179 2180/2180/2180 2181/2181/2181
f 2179/2179/2179 2176/2176/2176 2178/2178/2178
f 2177/2177/2177 2170/2170/2170 2176/2176/2176
f 2173/2173/2173 2171/2171/2171 2174/2174/2174
f 2175/2175/2175 2174/2174/2174 2385/2385/2385
f 2171/2171/2171 2379/2379/2379 2380/2380/2380
f 2167/2167/2167 2170/2170/2170 2169/2169/2169
f 2166/2166/2166 2167/2167/2167 2384/2384/2384
f 6/6/6 4/4/4 5/5/5
f 7/7/7 4/4/4 3/3/3
f 8/8/8 9/9/9 10/10/10
f 11/11/11 10/10/10 9/9/9
f 12/12/12 13/13/13 14/14/14
f 16/16/16 18/18/18 15/15/15
f 3/3/3 18/18/18 17/17/17
f 16/16/16 20/20/20 17/17/17
f 3/3/3 20/20/20 7/7/7
f 20/20/20 21/21/21 22/22/22
f 22/22/22 7/7/7 20/20/20
f 23/23/23 22/22/22 21/21/21
f 22/22/22 11/11/11 9/9/9
f 24/24/24 13/13/13 11/11/11
f 27/27/27 10/10/10 26/26/26
f 26/26/26 29/29/29 30/30/30
f 26/26/26 12/12/12 28/28/28
f 31/31/31 29/29/29 28/28/28
f 28/28/28 14/14/14 31/31/31
f 29/29/29 34/34/34 30/30/30
f 35/35/35 32/32/32 31/31/31
f 36/36/36 29/29/29 32/32/32
f 36/36/36 35/35/35 38/38/38
f 14/14/14 35/35/35 31/31/31
f 41/41/41 40/40/40 37/37/37
f 13/13/13 39/39/39 14/14/14
f 35/35/35 40/40/40 38/38/38
f 39/39/39 43/43/43 40/40/40
f 37/37/37 43/43/43 80/80/80
f 25/25/25 42/42/42 13/13/13
f 45/45/45 42/42/42 44/44/44
f 43/43/43 1/1/1 80/80/80
f 16/16/16 47/47/47 19/19/19
f 48/48/48 16/16/16 15/15/15
f 48/48/48 18/18/18 49/49/49
f 49/49/49 6/6/6 50/50/50
f 5/5/5 52/52/52 53/53/53
f 25/25/25 23/23/23 54/54/54
f 53/53/53 6/6/6 5/5/5
f 55/55/55 25/25/25 54/54/54
f 27/27/27 30/30/30 56/56/56
f 58/58/58 57/57/57 56/56/56
f 34/34/34 56/56/56 30/30/30
f 21/21/21 61/61/61 23/23/23
f 19/19/19 60/60/60 21/21/21
f 54/54/54 61/61/61 62/62/62
f 1/1/1 63/63/63 2/2/2
f 44/44/44 63/63/63 45/45/45
f 55/55/55 62/62/62 63/63/63
f 4/4/4 27/27/27 64/64/64
f 65/65/65 51/51/51 64/64/64
f 52/52/52 65/65/65 66/66/66
f 64/64/64 57/57/57 65/65/65
f 65/65/65 59/59/59 66/66/66
f 4/4/4 51/51/51 5/5/5
f 64/64/64 56/56/56 57/57/57
f 67/67/67 52/52/52 66/66/66
f 67/67/67 59/59/59 68/68/68
f 58/58/58 68/68/68 59/59/59
f 34/34/34 69/69/69 58/58/58
f 33/33/33 70/70/70 34/34/34
f 82/82/82 33/33/33 36/36/36
f 36/36/36 41/41/41 82/82/82
f 72/72/72 63/63/63 62/62/62
f 61/61/61 72/72/72 62/62/62
f 61/61/61 74/74/74 73/73/73
f 74/74/74 47/47/47 75/75/75
f 48/48/48 76/76/76 46/46/46
f 46/46/46 75/75/75 47/47/47
f 77/77/77 52/52/52 81/81/81
f 53/53/53 78/78/78 50/50/50
f 78/78/78 49/49/49 50/50/50
f 48/48/48 79/79/79 83/83/83
f 79/79/79 48/48/48 49/49/49
f 49/49/49 78/78/78 79/79/79
f 78/78/78 53/53/53 77/77/77
f 52/52/52 77/77/77 53/53/53
f 75/75/75 46/46/46 76/76/76
f 76/76/76 48/48/48 83/83/83
f 47/47/47 74/74/74 60/60/60
f 74/74/74 61/61/61 60/60/60
f 72/72/72 61/61/61 73/73/73
f 63/63/63 72/72/72 2/2/2
f 41/41/41 36/36/36 38/38/38
f 33/33/33 82/82/82 71/71/71
f 70/70/70 33/33/33 71/71/71
f 69/69/69 34/34/34 70/70/70
f 68/68/68 58/58/58 69/69/69
f 59/59/59 67/67/67 66/66/66
f 52/52/52 67/67/67 81/81/81
f 56/56/56 64/64/64 27/27/27
f 51/51/51 4/4/4 64/64/64
f 59/59/59 65/65/65 57/57/57
f 65/65/65 52/52/52 51/51/51
f 27/27/27 4/4/4 8/8/8
f 62/62/62 55/55/55 54/54/54
f 63/63/63 44/44/44 55/55/55
f 63/63/63 1/1/1 45/45/45
f 61/61/61 54/54/54 23/23/23
f 60/60/60 19/19/19 47/47/47
f 61/61/61 21/21/21 60/60/60
f 56/56/56 34/34/34 58/58/58
f 57/57/57 58/58/58 59/59/59
f 30/30/30 27/27/27 26/26/26
f 25/25/25 55/55/55 44/44/44
f 6/6/6 53/53/53 50/50/50
f 23/23/23 25/25/25 24/24/24
f 52/52/52 5/5/5 51/51/51
f 6/6/6 49/49/49 18/18/18
f 18/18/18 48/48/48 15/15/15
f 16/16/16 48/48/48 46/46/46
f 47/47/47 16/16/16 46/46/46
f 1/1/1 43/43/43 45/45/45
f 42/42/42 45/45/45 43/43/43
f 42/42/42 25/25/25 44/44/44
f 43/43/43 37/37/37 40/40/40
f 43/43/43 39/39/39 42/42/42
f 40/40/40 35/35/35 39/39/39
f 39/39/39 13/13/13 42/42/42
f 40/40/40 41/41/41 38/38/38
f 35/35/35 14/14/14 39/39/39
f 35/35/35 36/36/36 32/32/32
f 29/29/29 36/36/36 33/33/33
f 34/34/34 29/29/29 33/33/33
f 14/14/14 28/28/28 12/12/12
f 29/29/29 31/31/31 32/32/32
f 12/12/12 26/26/26 10/10/10
f 29/29/29 26/26/26 28/28/28
f 10/10/10 27/27/27 8/8/8
f 13/13/13 24/24/24 25/25/25
f 11/11/11 22/22/22 24/24/24
f 22/22/22 23/23/23 24/24/24
f 7/7/7 22/22/22 9/9/9
f 21/21/21 20/20/20 19/19/19
f 20/20/20 3/3/3 17/17/17
f 20/20/20 16/16/16 19/19/19
f 18/18/18 3/3/3 6/6/6
f 18/18/18 16/16/16 17/17/17
f 13/13/13 12/12/12 11/11/11
f 10/10/10 11/11/11 12/12/12
f 9/9/9 8/8/8 7/7/7
f 4/4/4 7/7/7 8/8/8
f 4/4/4 6/6/6 3/3/3
f 398/398/398 323/323/323 322/322/322
f 324/324/324 398/398/398 322/322/322
f 325/325/325 323/323/323 320/320/320
f 329/329/329 327/327/327 328/328/328
f 325/325/325 328/328/328 326/326/326
f 330/330/330 331/331/331 327/327/327
f 332/332/332 393/393/393 391/391/391
f 332/332/332 392/392/392 333/333/333
f 334/334/334 399/399/399 324/324/324
f 335/335/335 395/395/395 334/334/334
f 397/397/397 335/335/335 336/336/336
f 336/336/336 400/400/400 397/397/397
f 401/401/401 337/337/337 338/338/338
f 339/339/339 401/401/401 338/338/338
f 333/333/333 394/394/394 340/340/340
f 394/394/394 341/341/341 340/340/340
f 389/389/389 342/342/342 341/341/341
f 342/342/342 319/319/319 343/343/343
f 343/343/343 344/344/344 345/345/345
f 345/345/345 346/346/346 347/347/347
f 346/346/346 339/339/339 347/347/347
f 348/348/348 349/349/349 350/350/350
f 350/350/350 324/324/324 322/322/322
f 350/350/350 351/351/351 348/348/348
f 350/350/350 323/323/323 351/351/351
f 353/353/353 348/348/348 352/352/352
f 334/334/334 349/349/349 353/353/353
f 348/348/348 355/355/355 354/354/354
f 351/351/351 326/326/326 355/355/355
f 357/357/357 359/359/359 356/356/356
f 327/327/327 358/358/358 328/328/328
f 355/355/355 357/357/357 354/354/354
f 358/358/358 326/326/326 328/328/328
f 356/356/356 361/361/361 360/360/360
f 361/361/361 327/327/327 331/331/331
f 361/361/361 362/362/362 360/360/360
f 331/331/331 362/362/362 361/361/361
f 362/362/362 363/363/363 360/360/360
f 362/362/362 333/333/333 364/364/364
f 364/364/364 365/365/365 363/363/363
f 364/364/364 340/340/340 366/366/366
f 365/365/365 367/367/367 368/368/368
f 341/341/341 366/366/366 340/340/340
f 370/370/370 367/367/367 369/369/369
f 341/341/341 369/369/369 367/367/367
f 343/343/343 369/369/369 342/342/342
f 372/372/372 374/374/374 371/371/371
f 345/345/345 373/373/373 372/372/372
f 371/371/371 370/370/370 372/372/372
f 372/372/372 343/343/343 345/345/345
f 376/376/376 373/373/373 375/375/375
f 375/375/375 347/347/347 339/339/339
f 376/376/376 377/377/377 378/378/378
f 375/375/375 338/338/338 377/377/377
f 380/380/380 377/377/377 379/379/379
f 338/338/338 379/379/379 377/377/377
f 379/379/379 336/336/336 380/380/380
f 381/381/381 380/380/380 382/382/382
f 380/380/380 335/335/335 382/382/382
f 381/381/381 353/353/353 352/352/352
f 334/334/334 382/382/382 335/335/335
f 381/381/381 376/376/376 378/378/378
f 381/381/381 384/384/384 383/383/383
f 374/374/374 383/383/383 385/385/385
f 383/383/383 386/386/386 385/385/385
f 387/387/387 374/374/374 385/385/385
f 386/386/386 387/387/387 385/385/385
f 368/368/368 387/387/387 365/365/365
f 365/365/365 388/388/388 363/363/363
f 354/354/354 352/352/352 348/348/348
f 386/386/386 354/354/354 357/357/357
f 356/356/356 386/386/386 357/357/357
f 356/356/356 363/363/363 388/388/388
f 363/363/363 356/356/356 360/360/360
f 386/386/386 356/356/356 388/388/388
f 354/354/354 386/386/386 384/384/384
f 352/352/352 354/354/354 384/384/384
f 388/388/388 365/365/365 387/387/387
f 387/387/387 368/368/368 371/371/371
f 387/387/387 386/386/386 388/388/388
f 374/374/374 387/387/387 371/371/371
f 386/386/386 383/383/383 384/384/384
f 383/383/383 374/374/374 376/376/376
f 384/384/384 381/381/381 352/352/352
f 376/376/376 381/381/381 383/383/383
f 382/382/382 334/334/334 353/353/353
f 353/353/353 381/381/381 382/382/382
f 335/335/335 380/380/380 336/336/336
f 380/380/380 381/381/381 378/378/378
f 336/336/336 379/379/379 337/337/337
f 379/379/379 338/338/338 337/337/337
f 377/377/377 380/380/380 378/378/378
f 338/338/338 375/375/375 339/339/339
f 377/377/377 376/376/376 375/375/375
f 347/347/347 375/375/375 373/373/373
f 373/373/373 376/376/376 374/374/374
f 343/343/343 372/372/372 370/370/370
f 370/370/370 371/371/371 368/368/368
f 373/373/373 345/345/345 347/347/347
f 374/374/374 372/372/372 373/373/373
f 369/369/369 343/343/343 370/370/370
f 369/369/369 341/341/341 342/342/342
f 367/367/367 370/370/370 368/368/368
f 366/366/366 341/341/341 367/367/367
f 367/367/367 365/365/365 366/366/366
f 340/340/340 364/364/364 333/333/333
f 365/365/365 364/364/364 366/366/366
f 333/333/333 362/362/362 332/332/332
f 363/363/363 362/362/362 364/364/364
f 362/362/362 331/331/331 332/332/332
f 327/327/327 361/361/361 359/359/359
f 361/361/361 356/356/356 359/359/359
f 326/326/326 358/358/358 355/355/355
f 357/357/357 355/355/355 358/358/358
f 358/358/358 327/327/327 359/359/359
f 359/359/359 357/357/357 358/358/358
f 326/326/326 351/351/351 323/323/323
f 355/355/355 348/348/348 351/351/351
f 349/349/349 334/334/334 324/324/324
f 348/348/348 353/353/353 349/349/349
f 323/323/323 350/350/350 322/322/322
f 324/324/324 350/350/350 349/349/349
f 339/339/339 346/346/346 321/321/321
f 346/346/346 345/345/345 344/344/344
f 344/344/344 343/343/343 319/319/319
f 319/319/319 342/342/342 390/390/390
f 342/342/342 389/389/389 390/390/390
f 341/341/341 394/394/394 389/389/389
f 394/394/394 333/333/333 392/392/392
f 401/401/401 339/339/339 321/321/321
f 337/337/337 401/401/401 400/400/400
f 400/400/400 336/336/336 337/337/337
f 335/335/335 397/397/397 396/396/396
f 395/395/395 335/335/335 396/396/396
f 399/399/399 334/334/334 395/395/395
f 392/392/392 332/332/332 391/391/391
f 393/393/393 332/332/332 331/331/331
f 331/331/331 330/330/330 393/393/393
f 328/328/328 325/325/325 329/329/329
f 327/327/327 329/329/329 330/330/330
f 323/323/323 325/325/325 326/326/326
f 398/398/398 324/324/324 399/399/399
f 323/323/323 398/398/398 320/320/320
f 1554/1554/1554 1558/1558/1558 1559/1559/1559
f 1556/1556/1556 1559/1559/1559 1560/1560/1560
f 1556/1556/1556 1561/1561/1561 1557/1557/1557
f 1561/1561/1561 1556/1556/1556 1560/1560/1560
f 1559/1559/1559 1556/1556/1556 1554/1554/1554
f 1558/1558/1558 1554/1554/1554 1555/1555/1555
f 1645/1645/1645 1658/1658/1658 1644/1644/1644
f 1646/1646/1646 1647/1647/1647 1648/1648/1648
f 1648/1648/1648 1649/1649/1649 1650/1650/1650
f 1649/1649/1649 1652/1652/1652 1650/1650/1650
f 1654/1654/1654 1652/1652/1652 1651/1651/1651
f 1655/1655/1655 1654/1654/1654 1659/1659/1659
f 1660/1660/1660 1644/1644/1644 1658/1658/1658
f 1659/1659/1659 1657/1657/1657 1655/1655/1655
f 1657/1657/1657 1659/1659/1659 1661/1661/1661
f 1644/1644/1644 1660/1660/1660 1656/1656/1656
f 1654/1654/1654 1655/1655/1655 1653/1653/1653
f 1652/1652/1652 1654/1654/1654 1653/1653/1653
f 1652/1652/1652 1649/1649/1649 1651/1651/1651
f 1649/1649/1649 1648/1648/1648 1647/1647/1647
f 1647/1647/1647 1646/1646/1646 1645/1645/1645
f 1658/1658/1658 1645/1645/1645 1646/1646/1646
f 1982/1982/1982 1979/1979/1979 1980/1980/1980
f 1979/1979/1979 1982/1982/1982 1981/1981/1981
f 646/646/646 644/644/644 645/645/645
f 650/650/650 648/648/648 649/649/649
f 648/648/648 821/821/821 651/651/651
f 653/653/653 819/819/819 820/820/820
f 654/654/654 822/822/822 653/653/653
f 653/653/653 824/824/824 655/655/655
f 655/655/655 654/654/654 653/653/653
f 825/825/825 655/655/655 824/824/824
f 655/655/655 643/643/643 646/646/646
f 826/826/826 656/656/656 825/825/825
f 657/657/657 827/827/827 659/659/659
f 827/827/827 660/660/660 659/659/659
f 828/828/828 660/660/660 658/658/658
f 662/662/662 650/650/650 661/661/661
f 661/661/661 663/663/663 660/660/660
f 660/660/660 664/664/664 659/659/659
f 663/663/663 649/649/649 665/665/665
f 821/821/821 662/662/662 829/829/829
f 667/667/667 643/643/643 666/666/666
f 666/666/666 656/656/656 657/657/657
f 666/666/666 664/664/664 668/668/668
f 659/659/659 666/666/666 657/657/657
f 668/668/668 667/667/667 666/666/666
f 664/664/664 665/665/665 668/668/668
f 829/829/829 669/669/669 830/830/830
f 662/662/662 828/828/828 669/669/669
f 654/654/654 645/645/645 670/670/670
f 823/823/823 670/670/670 652/652/652
f 831/831/831 672/672/672 673/673/673
f 675/675/675 671/671/671 674/674/674
f 670/670/670 674/674/674 652/652/652
f 672/672/672 677/677/677 673/673/673
f 676/676/676 675/675/675 678/678/678
f 675/675/675 645/645/645 678/678/678
f 679/679/679 677/677/677 676/676/676
f 679/679/679 678/678/678 681/681/681
f 681/681/681 645/645/645 644/644/644
f 680/680/680 682/682/682 683/683/683
f 684/684/684 679/679/679 681/681/681
f 681/681/681 667/667/667 684/684/684
f 686/686/686 682/682/682 685/685/685
f 684/684/684 685/685/685 682/682/682
f 687/687/687 667/667/667 668/668/668
f 689/689/689 685/685/685 688/688/688
f 690/690/690 685/685/685 687/687/687
f 690/690/690 668/668/668 665/665/665
f 688/688/688 692/692/692 689/689/689
f 691/691/691 690/690/690 693/693/693
f 690/690/690 649/649/649 693/693/693
f 691/691/691 695/695/695 692/692/692
f 693/693/693 694/694/694 691/691/691
f 696/696/696 649/649/649 648/648/648
f 697/697/697 695/695/695 694/694/694
f 697/697/697 696/696/696 699/699/699
f 648/648/648 699/699/699 696/696/696
f 700/700/700 833/833/833 832/832/832
f 700/700/700 834/834/834 702/702/702
f 704/704/704 700/700/700 703/703/703
f 705/705/705 700/700/700 702/702/702
f 706/706/706 704/704/704 703/703/703
f 705/705/705 706/706/706 703/703/703
f 710/710/710 706/706/706 709/709/709
f 706/706/706 711/711/711 709/709/709
f 710/710/710 712/712/712 713/713/713
f 711/711/711 712/712/712 709/709/709
f 715/715/715 713/713/713 712/712/712
f 714/714/714 715/715/715 712/712/712
f 719/719/719 715/715/715 718/718/718
f 718/718/718 717/717/717 720/720/720
f 722/722/722 835/835/835 721/721/721
f 722/722/722 837/837/837 836/836/836
f 721/721/721 718/718/718 722/722/722
f 722/722/722 720/720/720 723/723/723
f 838/838/838 726/726/726 725/725/725
f 726/726/726 728/728/728 725/725/725
f 729/729/729 728/728/728 727/727/727
f 731/731/731 733/733/733 734/734/734
f 731/731/731 736/736/736 732/732/732
f 737/737/737 736/736/736 735/735/735
f 738/738/738 840/840/840 724/724/724
f 733/733/733 740/740/740 734/734/734
f 730/730/730 740/740/740 739/739/739
f 741/741/741 740/740/740 742/742/742
f 742/742/742 743/743/743 741/741/741
f 743/743/743 710/710/710 713/713/713
f 734/734/734 745/745/745 731/731/731
f 743/743/743 745/745/745 741/741/741
f 743/743/743 716/716/716 746/746/746
f 735/735/735 745/745/745 747/747/747
f 747/747/747 746/746/746 748/748/748
f 750/750/750 843/843/843 749/749/749
f 746/746/746 719/719/719 748/748/748
f 835/835/835 750/750/750 721/721/721
f 749/749/749 840/840/840 737/737/737
f 737/737/737 747/747/747 749/749/749
f 750/750/750 747/747/747 748/748/748
f 750/750/750 719/719/719 721/721/721
f 707/707/707 744/744/744 751/751/751
f 727/727/727 753/753/753 729/729/729
f 752/752/752 751/751/751 753/753/753
f 729/729/729 742/742/742 740/740/740
f 742/742/742 751/751/751 744/744/744
f 751/751/751 704/704/704 707/707/707
f 839/839/839 755/755/755 726/726/726
f 841/841/841 755/755/755 842/842/842
f 727/727/727 755/755/755 752/752/752
f 754/754/754 755/755/755 756/756/756
f 833/833/833 756/756/756 841/841/841
f 754/754/754 701/701/701 704/704/704
f 758/758/758 834/834/834 845/845/845
f 759/759/759 845/845/845 846/846/846
f 702/702/702 760/760/760 705/705/705
f 758/758/758 761/761/761 760/760/760
f 705/705/705 762/762/762 708/708/708
f 763/763/763 760/760/760 761/761/761
f 708/708/708 764/764/764 711/711/711
f 762/762/762 765/765/765 764/764/764
f 711/711/711 766/766/766 714/714/714
f 766/766/766 765/765/765 767/767/767
f 714/714/714 768/768/768 717/717/717
f 766/766/766 769/769/769 768/768/768
f 717/717/717 770/770/770 720/720/720
f 769/769/769 770/770/770 768/768/768
f 773/773/773 847/847/847 772/772/772
f 723/723/723 847/847/847 837/837/837
f 772/772/772 720/720/720 770/770/770
f 772/772/772 771/771/771 773/773/773
f 774/774/774 831/831/831 673/673/673
f 848/848/848 775/775/775 849/849/849
f 775/775/775 846/846/846 849/849/849
f 776/776/776 673/673/673 677/677/677
f 776/776/776 775/775/775 774/774/774
f 761/761/761 775/775/775 777/777/777
f 680/680/680 776/776/776 677/677/677
f 776/776/776 779/779/779 777/777/777
f 763/763/763 777/777/777 779/779/779
f 683/683/683 778/778/778 680/680/680
f 780/780/780 779/779/779 778/778/778
f 781/781/781 763/763/763 779/779/779
f 686/686/686 780/780/780 683/683/683
f 782/782/782 781/781/781 780/780/780
f 767/767/767 781/781/781 783/783/783
f 784/784/784 686/686/686 689/689/689
f 783/783/783 784/784/784 785/785/785
f 785/785/785 767/767/767 783/783/783
f 692/692/692 784/784/784 689/689/689
f 785/785/785 786/786/786 787/787/787
f 771/771/771 785/785/785 787/787/787
f 788/788/788 692/692/692 695/695/695
f 773/773/773 787/787/787 789/789/789
f 788/788/788 787/787/787 786/786/786
f 698/698/698 788/788/788 695/695/695
f 789/789/789 757/757/757 773/773/773
f 790/790/790 789/789/789 788/788/788
f 792/792/792 851/851/851 850/850/850
f 792/792/792 852/852/852 794/794/794
f 838/838/838 794/794/794 852/852/852
f 792/792/792 796/796/796 793/793/793
f 795/795/795 794/794/794 797/797/797
f 728/728/728 794/794/794 725/725/725
f 798/798/798 796/796/796 795/795/795
f 797/797/797 798/798/798 795/795/795
f 730/730/730 797/797/797 728/728/728
f 798/798/798 802/802/802 799/799/799
f 798/798/798 803/803/803 801/801/801
f 803/803/803 730/730/730 739/739/739
f 801/801/801 805/805/805 802/802/802
f 803/803/803 804/804/804 801/801/801
f 806/806/806 739/739/739 733/733/733
f 805/805/805 807/807/807 808/808/808
f 804/804/804 809/809/809 807/807/807
f 732/732/732 806/806/806 733/733/733
f 811/811/811 807/807/807 810/810/810
f 812/812/812 807/807/807 809/809/809
f 812/812/812 732/732/732 736/736/736
f 811/811/811 813/813/813 814/814/814
f 813/813/813 812/812/812 815/815/815
f 815/815/815 736/736/736 738/738/738
f 817/817/817 813/813/813 816/816/816
f 813/813/813 818/818/818 816/816/816
f 724/724/724 815/815/815 738/738/738
f 815/815/815 724/724/724 818/818/818
f 818/818/818 813/813/813 815/815/815
f 813/813/813 817/817/817 814/814/814
f 736/736/736 815/815/815 812/812/812
f 812/812/812 813/813/813 810/810/810
f 813/813/813 811/811/811 810/810/810
f 732/732/732 812/812/812 809/809/809
f 807/807/807 812/812/812 810/810/810
f 807/807/807 811/811/811 808/808/808
f 806/806/806 732/732/732 809/809/809
f 809/809/809 804/804/804 806/806/806
f 807/807/807 805/805/805 804/804/804
f 739/739/739 806/806/806 803/803/803
f 804/804/804 803/803/803 806/806/806
f 805/805/805 801/801/801 804/804/804
f 730/730/730 803/803/803 800/800/800
f 803/803/803 798/798/798 800/800/800
f 802/802/802 798/798/798 801/801/801
f 797/797/797 730/730/730 800/800/800
f 798/798/798 797/797/797 800/800/800
f 796/796/796 798/798/798 799/799/799
f 794/794/794 728/728/728 797/797/797
f 794/794/794 795/795/795 792/792/792
f 796/796/796 792/792/792 795/795/795
f 794/794/794 838/838/838 725/725/725
f 852/852/852 792/792/792 850/850/850
f 851/851/851 792/792/792 793/793/793
f 789/789/789 790/790/790 791/791/791
f 757/757/757 789/789/789 791/791/791
f 788/788/788 698/698/698 790/790/790
f 787/787/787 788/788/788 789/789/789
f 787/787/787 773/773/773 771/771/771
f 692/692/692 788/788/788 786/786/786
f 785/785/785 771/771/771 769/769/769
f 786/786/786 785/785/785 784/784/784
f 784/784/784 692/692/692 786/786/786
f 767/767/767 785/785/785 769/769/769
f 784/784/784 783/783/783 782/782/782
f 686/686/686 784/784/784 782/782/782
f 781/781/781 767/767/767 765/765/765
f 781/781/781 782/782/782 783/783/783
f 780/780/780 686/686/686 782/782/782
f 763/763/763 781/781/781 765/765/765
f 779/779/779 780/780/780 781/781/781
f 778/778/778 683/683/683 780/780/780
f 777/777/777 763/763/763 761/761/761
f 779/779/779 776/776/776 778/778/778
f 776/776/776 680/680/680 778/778/778
f 775/775/775 761/761/761 759/759/759
f 775/775/775 776/776/776 777/777/777
f 673/673/673 776/776/776 774/774/774
f 846/846/846 775/775/775 759/759/759
f 775/775/775 848/848/848 774/774/774
f 831/831/831 774/774/774 848/848/848
f 771/771/771 772/772/772 770/770/770
f 720/720/720 772/772/772 723/723/723
f 847/847/847 723/723/723 772/772/772
f 847/847/847 773/773/773 757/757/757
f 770/770/770 769/769/769 771/771/771
f 770/770/770 717/717/717 768/768/768
f 769/769/769 766/766/766 767/767/767
f 768/768/768 714/714/714 766/766/766
f 765/765/765 766/766/766 764/764/764
f 766/766/766 711/711/711 764/764/764
f 765/765/765 762/762/762 763/763/763
f 764/764/764 708/708/708 762/762/762
f 760/760/760 763/763/763 762/762/762
f 762/762/762 705/705/705 760/760/760
f 761/761/761 758/758/758 759/759/759
f 760/760/760 702/702/702 758/758/758
f 845/845/845 759/759/759 758/758/758
f 834/834/834 758/758/758 702/702/702
f 701/701/701 754/754/754 756/756/756
f 756/756/756 833/833/833 701/701/701
f 755/755/755 754/754/754 752/752/752
f 755/755/755 727/727/727 726/726/726
f 755/755/755 841/841/841 756/756/756
f 755/755/755 839/839/839 842/842/842
f 704/704/704 751/751/751 754/754/754
f 751/751/751 742/742/742 753/753/753
f 742/742/742 729/729/729 753/753/753
f 751/751/751 752/752/752 754/754/754
f 753/753/753 727/727/727 752/752/752
f 744/744/744 707/707/707 710/710/710
f 719/719/719 750/750/750 748/748/748
f 747/747/747 750/750/750 749/749/749
f 747/747/747 737/737/737 735/735/735
f 840/840/840 749/749/749 843/843/843
f 750/750/750 835/835/835 844/844/844
f 719/719/719 746/746/746 716/716/716
f 843/843/843 750/750/750 844/844/844
f 746/746/746 747/747/747 745/745/745
f 745/745/745 735/735/735 731/731/731
f 716/716/716 743/743/743 713/713/713
f 745/745/745 743/743/743 746/746/746
f 745/745/745 734/734/734 741/741/741
f 710/710/710 743/743/743 744/744/744
f 743/743/743 742/742/742 744/744/744
f 740/740/740 741/741/741 734/734/734
f 740/740/740 730/730/730 729/729/729
f 740/740/740 733/733/733 739/739/739
f 840/840/840 738/738/738 737/737/737
f 736/736/736 737/737/737 738/738/738
f 736/736/736 731/731/731 735/735/735
f 733/733/733 731/731/731 732/732/732
f 728/728/728 729/729/729 730/730/730
f 728/728/728 726/726/726 727/727/727
f 726/726/726 838/838/838 839/839/839
f 720/720/720 722/722/722 718/718/718
f 718/718/718 721/721/721 719/719/719
f 837/837/837 722/722/722 723/723/723
f 835/835/835 722/722/722 836/836/836
f 717/717/717 718/718/718 715/715/715
f 715/715/715 719/719/719 716/716/716
f 715/715/715 714/714/714 717/717/717
f 713/713/713 715/715/715 716/716/716
f 712/712/712 711/711/711 714/714/714
f 712/712/712 710/710/710 709/709/709
f 711/711/711 706/706/706 708/708/708
f 706/706/706 710/710/710 707/707/707
f 706/706/706 705/705/705 708/708/708
f 704/704/704 706/706/706 707/707/707
f 700/700/700 705/705/705 703/703/703
f 700/700/700 704/704/704 701/701/701
f 834/834/834 700/700/700 832/832/832
f 833/833/833 700/700/700 701/701/701
f 699/699/699 648/648/648 651/651/651
f 696/696/696 697/697/697 694/694/694
f 695/695/695 697/697/697 698/698/698
f 649/649/649 696/696/696 693/693/693
f 694/694/694 693/693/693 696/696/696
f 695/695/695 691/691/691 694/694/694
f 649/649/649 690/690/690 665/665/665
f 690/690/690 691/691/691 688/688/688
f 692/692/692 688/688/688 691/691/691
f 668/668/668 690/690/690 687/687/687
f 685/685/685 690/690/690 688/688/688
f 685/685/685 689/689/689 686/686/686
f 667/667/667 687/687/687 684/684/684
f 685/685/685 684/684/684 687/687/687
f 682/682/682 686/686/686 683/683/683
f 667/667/667 681/681/681 644/644/644
f 679/679/679 684/684/684 682/682/682
f 682/682/682 680/680/680 679/679/679
f 645/645/645 681/681/681 678/678/678
f 678/678/678 679/679/679 676/676/676
f 677/677/677 679/679/679 680/680/680
f 645/645/645 675/675/675 670/670/670
f 675/675/675 676/676/676 672/672/672
f 677/677/677 672/672/672 676/676/676
f 674/674/674 670/670/670 675/675/675
f 671/671/671 675/675/675 672/672/672
f 672/672/672 831/831/831 671/671/671
f 670/670/670 823/823/823 654/654/654
f 645/645/645 654/654/654 646/646/646
f 828/828/828 662/662/662 661/661/661
f 669/669/669 829/829/829 662/662/662
f 665/665/665 664/664/664 663/663/663
f 666/666/666 659/659/659 664/664/664
f 656/656/656 666/666/666 643/643/643
f 643/643/643 667/667/667 644/644/644
f 662/662/662 821/821/821 647/647/647
f 649/649/649 663/663/663 650/650/650
f 664/664/664 660/660/660 663/663/663
f 663/663/663 661/661/661 650/650/650
f 650/650/650 662/662/662 647/647/647
f 660/660/660 828/828/828 661/661/661
f 660/660/660 827/827/827 658/658/658
f 827/827/827 657/657/657 826/826/826
f 656/656/656 826/826/826 657/657/657
f 643/643/643 655/655/655 656/656/656
f 655/655/655 825/825/825 656/656/656
f 654/654/654 655/655/655 646/646/646
f 824/824/824 653/653/653 820/820/820
f 822/822/822 654/654/654 823/823/823
f 819/819/819 653/653/653 822/822/822
f 821/821/821 648/648/648 647/647/647
f 648/648/648 650/650/650 647/647/647
f 644/644/644 646/646/646 643/643/643
f 1085/1085/1085 1254/1254/1254 1084/1084/1084
f 1086/1086/1086 1084/1084/1084 1257/1257/1257
f 1086/1086/1086 1258/1258/1258 1087/1087/1087
f 1259/1259/1259 1087/1087/1087 1258/1258/1258
f 1260/1260/1260 1088/1088/1088 1259/1259/1259
f 1089/1089/1089 1261/1261/1261 1090/1090/1090
f 1261/1261/1261 1091/1091/1091 1090/1090/1090
f 1091/1091/1091 1263/1263/1263 1092/1092/1092
f 1263/1263/1263 1264/1264/1264 1092/1092/1092
f 1265/1265/1265 1094/1094/1094 1095/1095/1095
f 1096/1096/1096 1095/1095/1095 1094/1094/1094
f 1094/1094/1094 1099/1099/1099 1098/1098/1098
f 1100/1100/1100 1094/1094/1094 1098/1098/1098
f 1267/1267/1267 1103/1103/1103 1102/1102/1102
f 1103/1103/1103 1101/1101/1101 1104/1104/1104
f 1102/1102/1102 1106/1106/1106 1105/1105/1105
f 1106/1106/1106 1104/1104/1104 1107/1107/1107
f 1108/1108/1108 1106/1106/1106 1109/1109/1109
f 1109/1109/1109 1107/1107/1107 1110/1110/1110
f 1108/1108/1108 1112/1112/1112 1111/1111/1111
f 1113/1113/1113 1109/1109/1109 1110/1110/1110
f 1111/1111/1111 1115/1115/1115 1114/1114/1114
f 1115/1115/1115 1113/1113/1113 1116/1116/1116
f 1114/1114/1114 1118/1118/1118 1117/1117/1117
f 1115/1115/1115 1119/1119/1119 1118/1118/1118
f 1099/1099/1099 1118/1118/1118 1098/1098/1098
f 1100/1100/1100 1118/1118/1118 1119/1119/1119
f 1121/1121/1121 1270/1270/1270 1269/1269/1269
f 1264/1264/1264 1122/1122/1122 1092/1092/1092
f 1122/1122/1122 1124/1124/1124 1123/1123/1123
f 1091/1091/1091 1122/1122/1122 1123/1123/1123
f 1124/1124/1124 1125/1125/1125 1123/1123/1123
f 1125/1125/1125 1091/1091/1091 1123/1123/1123
f 1127/1127/1127 1126/1126/1126 1128/1128/1128
f 1090/1090/1090 1127/1127/1127 1089/1089/1089
f 1129/1129/1129 1130/1130/1130 1127/1127/1127
f 1088/1088/1088 1127/1127/1127 1130/1130/1130
f 1127/1127/1127 1128/1128/1128 1129/1129/1129
f 1129/1129/1129 1131/1131/1131 1130/1130/1130
f 1131/1131/1131 1088/1088/1088 1130/1130/1130
f 1132/1132/1132 1133/1133/1133 1131/1131/1131
f 1086/1086/1086 1131/1131/1131 1133/1133/1133
f 1136/1136/1136 1133/1133/1133 1134/1134/1134
f 1086/1086/1086 1135/1135/1135 1085/1085/1085
f 1135/1135/1135 1120/1120/1120 1268/1268/1268
f 1085/1085/1085 1268/1268/1268 1255/1255/1255
f 1271/1271/1271 1096/1096/1096 1137/1137/1137
f 1100/1100/1100 1137/1137/1137 1096/1096/1096
f 1139/1139/1139 1100/1100/1100 1119/1119/1119
f 1139/1139/1139 1116/1116/1116 1140/1140/1140
f 1140/1140/1140 1113/1113/1113 1141/1141/1141
f 1113/1113/1113 1142/1142/1142 1141/1141/1141
f 1110/1110/1110 1143/1143/1143 1142/1142/1142
f 1143/1143/1143 1104/1104/1104 1144/1144/1144
f 1101/1101/1101 1144/1144/1144 1104/1104/1104
f 1121/1121/1121 1271/1271/1271 1137/1137/1137
f 1124/1124/1124 1139/1139/1139 1126/1126/1126
f 1137/1137/1137 1124/1124/1124 1121/1121/1121
f 1139/1139/1139 1128/1128/1128 1126/1126/1126
f 1140/1140/1140 1129/1129/1129 1128/1128/1128
f 1129/1129/1129 1142/1142/1142 1132/1132/1132
f 1132/1132/1132 1143/1143/1143 1134/1134/1134
f 1136/1136/1136 1143/1143/1143 1144/1144/1144
f 1136/1136/1136 1145/1145/1145 1120/1120/1120
f 1273/1273/1273 1147/1147/1147 1146/1146/1146
f 1146/1146/1146 1274/1274/1274 1273/1273/1273
f 1150/1150/1150 1275/1275/1275 1276/1276/1276
f 1277/1277/1277 1150/1150/1150 1276/1276/1276
f 1152/1152/1152 1147/1147/1147 1153/1153/1153
f 1148/1148/1148 1152/1152/1152 1154/1154/1154
f 1153/1153/1153 1155/1155/1155 1152/1152/1152
f 1155/1155/1155 1154/1154/1154 1152/1152/1152
f 1156/1156/1156 1158/1158/1158 1155/1155/1155
f 1155/1155/1155 1160/1160/1160 1157/1157/1157
f 1162/1162/1162 1158/1158/1158 1159/1159/1159
f 1158/1158/1158 1163/1163/1163 1160/1160/1160
f 1164/1164/1164 1162/1162/1162 1165/1165/1165
f 1166/1166/1166 1161/1161/1161 1164/1164/1164
f 1164/1164/1164 1168/1168/1168 1167/1167/1167
f 1169/1169/1169 1164/1164/1164 1167/1167/1167
f 1150/1150/1150 1168/1168/1168 1149/1149/1149
f 1169/1169/1169 1150/1150/1150 1151/1151/1151
f 1278/1278/1278 1148/1148/1148 1170/1170/1170
f 1151/1151/1151 1279/1279/1279 1171/1171/1171
f 1170/1170/1170 1154/1154/1154 1172/1172/1172
f 1157/1157/1157 1172/1172/1172 1154/1154/1154
f 1173/1173/1173 1160/1160/1160 1174/1174/1174
f 1174/1174/1174 1163/1163/1163 1175/1175/1175
f 1163/1163/1163 1176/1176/1176 1175/1175/1175
f 1177/1177/1177 1166/1166/1166 1169/1169/1169
f 1177/1177/1177 1151/1151/1151 1171/1171/1171
f 1179/1179/1179 1280/1280/1280 1178/1178/1178
f 1180/1180/1180 1281/1281/1281 1179/1179/1179
f 1181/1181/1181 1283/1283/1283 1284/1284/1284
f 1181/1181/1181 1285/1285/1285 1183/1183/1183
f 1185/1185/1185 1178/1178/1178 1184/1184/1184
f 1180/1180/1180 1185/1185/1185 1186/1186/1186
f 1187/1187/1187 1184/1184/1184 1188/1188/1188
f 1186/1186/1186 1187/1187/1187 1189/1189/1189
f 1190/1190/1190 1188/1188/1188 1191/1191/1191
f 1190/1190/1190 1189/1189/1189 1187/1187/1187
f 1191/1191/1191 1193/1193/1193 1190/1190/1190
f 1193/1193/1193 1192/1192/1192 1190/1190/1190
f 1194/1194/1194 1197/1197/1197 1193/1193/1193
f 1197/1197/1197 1195/1195/1195 1193/1193/1193
f 1199/1199/1199 1197/1197/1197 1196/1196/1196
f 1201/1201/1201 1197/1197/1197 1200/1200/1200
f 1181/1181/1181 1199/1199/1199 1182/1182/1182
f 1183/1183/1183 1200/1200/1200 1181/1181/1181
f 1180/1180/1180 1272/1272/1272 1282/1282/1282
f 1275/1275/1275 1183/1183/1183 1285/1285/1285
f 1180/1180/1180 1153/1153/1153 1147/1147/1147
f 1156/1156/1156 1186/1186/1186 1189/1189/1189
f 1156/1156/1156 1192/1192/1192 1159/1159/1159
f 1162/1162/1162 1192/1192/1192 1195/1195/1195
f 1198/1198/1198 1162/1162/1162 1195/1195/1195
f 1198/1198/1198 1168/1168/1168 1165/1165/1165
f 1183/1183/1183 1168/1168/1168 1201/1201/1201
f 1280/1280/1280 1203/1203/1203 1178/1178/1178
f 1182/1182/1182 1286/1286/1286 1283/1283/1283
f 1184/1184/1184 1203/1203/1203 1205/1205/1205
f 1206/1206/1206 1184/1184/1184 1205/1205/1205
f 1206/1206/1206 1191/1191/1191 1188/1188/1188
f 1194/1194/1194 1207/1207/1207 1208/1208/1208
f 1194/1194/1194 1209/1209/1209 1196/1196/1196
f 1196/1196/1196 1210/1210/1210 1199/1199/1199
f 1210/1210/1210 1182/1182/1182 1199/1199/1199
f 1211/1211/1211 1265/1265/1265 1288/1288/1288
f 1211/1211/1211 1287/1287/1287 1212/1212/1212
f 1212/1212/1212 1278/1278/1278 1170/1170/1170
f 1213/1213/1213 1093/1093/1093 1211/1211/1211
f 1213/1213/1213 1212/1212/1212 1214/1214/1214
f 1212/1212/1212 1172/1172/1172 1214/1214/1214
f 1099/1099/1099 1215/1215/1215 1117/1117/1117
f 1214/1214/1214 1215/1215/1215 1213/1213/1213
f 1172/1172/1172 1216/1216/1216 1214/1214/1214
f 1217/1217/1217 1117/1117/1117 1215/1215/1215
f 1217/1217/1217 1216/1216/1216 1218/1218/1218
f 1218/1218/1218 1173/1173/1173 1174/1174/1174
f 1219/1219/1219 1114/1114/1114 1217/1217/1217
f 1219/1219/1219 1218/1218/1218 1220/1220/1220
f 1174/1174/1174 1220/1220/1220 1218/1218/1218
f 1219/1219/1219 1108/1108/1108 1111/1111/1111
f 1222/1222/1222 1219/1219/1219 1220/1220/1220
f 1175/1175/1175 1222/1222/1222 1220/1220/1220
f 1105/1105/1105 1221/1221/1221 1223/1223/1223
f 1223/1223/1223 1222/1222/1222 1224/1224/1224
f 1102/1102/1102 1290/1290/1290 1267/1267/1267
f 1176/1176/1176 1224/1224/1224 1222/1222/1222
f 1279/1279/1279 1226/1226/1226 1171/1171/1171
f 1102/1102/1102 1223/1223/1223 1225/1225/1225
f 1225/1225/1225 1289/1289/1289 1290/1290/1290
f 1224/1224/1224 1225/1225/1225 1223/1223/1223
f 1177/1177/1177 1226/1226/1226 1224/1224/1224
f 1286/1286/1286 1227/1227/1227 1291/1291/1291
f 1227/1227/1227 1210/1210/1210 1228/1228/1228
f 1230/1230/1230 1292/1292/1292 1229/1229/1229
f 1292/1292/1292 1227/1227/1227 1229/1229/1229
f 1205/1205/1205 1232/1232/1232 1206/1206/1206
f 1203/1203/1203 1231/1231/1231 1205/1205/1205
f 1233/1233/1233 1202/1202/1202 1234/1234/1234
f 1235/1235/1235 1237/1237/1237 1238/1238/1238
f 1235/1235/1235 1231/1231/1231 1233/1233/1233
f 1236/1236/1236 1239/1239/1239 1240/1240/1240
f 1235/1235/1235 1234/1234/1234 1239/1239/1239
f 1209/1209/1209 1228/1228/1228 1210/1210/1210
f 1242/1242/1242 1230/1230/1230 1229/1229/1229
f 1229/1229/1229 1228/1228/1228 1242/1242/1242
f 1208/1208/1208 1241/1241/1241 1209/1209/1209
f 1245/1245/1245 1243/1243/1243 1242/1242/1242
f 1242/1242/1242 1241/1241/1241 1245/1245/1245
f 1247/1247/1247 1206/1206/1206 1232/1232/1232
f 1232/1232/1232 1249/1249/1249 1247/1247/1247
f 1247/1247/1247 1208/1208/1208 1207/1207/1207
f 1244/1244/1244 1249/1249/1249 1250/1250/1250
f 1245/1245/1245 1251/1251/1251 1246/1246/1246
f 1250/1250/1250 1241/1241/1241 1244/1244/1244
f 1251/1251/1251 1249/1249/1249 1252/1252/1252
f 1248/1248/1248 1252/1252/1252 1249/1249/1249
f 1248/1248/1248 1237/1237/1237 1253/1253/1253
f 1232/1232/1232 1238/1238/1238 1248/1248/1248
f 1238/1238/1238 1232/1232/1232 1231/1231/1231
f 1237/1237/1237 1248/1248/1248 1238/1238/1238
f 1252/1252/1252 1248/1248/1248 1253/1253/1253
f 1249/1249/1249 1251/1251/1251 1250/1250/1250
f 1241/1241/1241 1250/1250/1250 1245/1245/1245
f 1251/1251/1251 1245/1245/1245 1250/1250/1250
f 1249/1249/1249 1244/1244/1244 1247/1247/1247
f 1208/1208/1208 1247/1247/1247 1244/1244/1244
f 1249/1249/1249 1232/1232/1232 1248/1248/1248
f 1206/1206/1206 1247/1247/1247 1207/1207/1207
f 1241/1241/1241 1242/1242/1242 1228/1228/1228
f 1243/1243/1243 1245/1245/1245 1246/1246/1246
f 1241/1241/1241 1208/1208/1208 1244/1244/1244
f 1228/1228/1228 1229/1229/1229 1227/1227/1227
f 1230/1230/1230 1242/1242/1242 1243/1243/1243
f 1228/1228/1228 1209/1209/1209 1241/1241/1241
f 1234/1234/1234 1235/1235/1235 1233/1233/1233
f 1239/1239/1239 1236/1236/1236 1235/1235/1235
f 1231/1231/1231 1235/1235/1235 1238/1238/1238
f 1237/1237/1237 1235/1235/1235 1236/1236/1236
f 1202/1202/1202 1233/1233/1233 1203/1203/1203
f 1231/1231/1231 1203/1203/1203 1233/1233/1233
f 1232/1232/1232 1205/1205/1205 1231/1231/1231
f 1227/1227/1227 1292/1292/1292 1291/1291/1291
f 1292/1292/1292 1230/1230/1230 1293/1293/1293
f 1210/1210/1210 1227/1227/1227 1204/1204/1204
f 1227/1227/1227 1286/1286/1286 1204/1204/1204
f 1226/1226/1226 1177/1177/1177 1171/1171/1171
f 1225/1225/1225 1224/1224/1224 1226/1226/1226
f 1289/1289/1289 1225/1225/1225 1226/1226/1226
f 1223/1223/1223 1102/1102/1102 1105/1105/1105
f 1226/1226/1226 1279/1279/1279 1289/1289/1289
f 1224/1224/1224 1176/1176/1176 1177/1177/1177
f 1290/1290/1290 1102/1102/1102 1225/1225/1225
f 1222/1222/1222 1223/1223/1223 1221/1221/1221
f 1221/1221/1221 1105/1105/1105 1108/1108/1108
f 1222/1222/1222 1175/1175/1175 1176/1176/1176
f 1219/1219/1219 1222/1222/1222 1221/1221/1221
f 1108/1108/1108 1219/1219/1219 1221/1221/1221
f 1220/1220/1220 1174/1174/1174 1175/1175/1175
f 1218/1218/1218 1219/1219/1219 1217/1217/1217
f 1114/1114/1114 1219/1219/1219 1111/1111/1111
f 1173/1173/1173 1218/1218/1218 1216/1216/1216
f 1216/1216/1216 1217/1217/1217 1215/1215/1215
f 1117/1117/1117 1217/1217/1217 1114/1114/1114
f 1216/1216/1216 1172/1172/1172 1173/1173/1173
f 1215/1215/1215 1214/1214/1214 1216/1216/1216
f 1215/1215/1215 1099/1099/1099 1213/1213/1213
f 1172/1172/1172 1212/1212/1212 1170/1170/1170
f 1212/1212/1212 1213/1213/1213 1211/1211/1211
f 1093/1093/1093 1213/1213/1213 1099/1099/1099
f 1278/1278/1278 1212/1212/1212 1287/1287/1287
f 1287/1287/1287 1211/1211/1211 1288/1288/1288
f 1265/1265/1265 1211/1211/1211 1093/1093/1093
f 1182/1182/1182 1210/1210/1210 1204/1204/1204
f 1210/1210/1210 1196/1196/1196 1209/1209/1209
f 1209/1209/1209 1194/1194/1194 1208/1208/1208
f 1207/1207/1207 1194/1194/1194 1191/1191/1191
f 1191/1191/1191 1206/1206/1206 1207/1207/1207
f 1184/1184/1184 1206/1206/1206 1188/1188/1188
f 1203/1203/1203 1184/1184/1184 1178/1178/1178
f 1286/1286/1286 1182/1182/1182 1204/1204/1204
f 1203/1203/1203 1280/1280/1280 1202/1202/1202
f 1168/1168/1168 1183/1183/1183 1149/1149/1149
f 1168/1168/1168 1198/1198/1198 1201/1201/1201
f 1162/1162/1162 1198/1198/1198 1165/1165/1165
f 1192/1192/1192 1162/1162/1162 1159/1159/1159
f 1192/1192/1192 1156/1156/1156 1189/1189/1189
f 1186/1186/1186 1156/1156/1156 1153/1153/1153
f 1153/1153/1153 1180/1180/1180 1186/1186/1186
f 1183/1183/1183 1275/1275/1275 1149/1149/1149
f 1272/1272/1272 1180/1180/1180 1147/1147/1147
f 1200/1200/1200 1183/1183/1183 1201/1201/1201
f 1199/1199/1199 1181/1181/1181 1200/1200/1200
f 1197/1197/1197 1201/1201/1201 1198/1198/1198
f 1197/1197/1197 1199/1199/1199 1200/1200/1200
f 1195/1195/1195 1197/1197/1197 1198/1198/1198
f 1197/1197/1197 1194/1194/1194 1196/1196/1196
f 1192/1192/1192 1193/1193/1193 1195/1195/1195
f 1193/1193/1193 1191/1191/1191 1194/1194/1194
f 1189/1189/1189 1190/1190/1190 1192/1192/1192
f 1188/1188/1188 1190/1190/1190 1187/1187/1187
f 1187/1187/1187 1186/1186/1186 1185/1185/1185
f 1184/1184/1184 1187/1187/1187 1185/1185/1185
f 1185/1185/1185 1180/1180/1180 1179/1179/1179
f 1178/1178/1178 1185/1185/1185 1179/1179/1179
f 1285/1285/1285 1181/1181/1181 1284/1284/1284
f 1283/1283/1283 1181/1181/1181 1182/1182/1182
f 1281/1281/1281 1180/1180/1180 1282/1282/1282
f 1280/1280/1280 1179/1179/1179 1281/1281/1281
f 1151/1151/1151 1177/1177/1177 1169/1169/1169
f 1166/1166/1166 1177/1177/1177 1176/1176/1176
f 1176/1176/1176 1163/1163/1163 1166/1166/1166
f 1163/1163/1163 1174/1174/1174 1160/1160/1160
f 1160/1160/1160 1173/1173/1173 1157/1157/1157
f 1172/1172/1172 1157/1157/1157 1173/1173/1173
f 1154/1154/1154 1170/1170/1170 1148/1148/1148
f 1279/1279/1279 1151/1151/1151 1277/1277/1277
f 1148/1148/1148 1278/1278/1278 1274/1274/1274
f 1150/1150/1150 1169/1169/1169 1167/1167/1167
f 1168/1168/1168 1150/1150/1150 1167/1167/1167
f 1164/1164/1164 1169/1169/1169 1166/1166/1166
f 1168/1168/1168 1164/1164/1164 1165/1165/1165
f 1161/1161/1161 1166/1166/1166 1163/1163/1163
f 1162/1162/1162 1164/1164/1164 1161/1161/1161
f 1163/1163/1163 1158/1158/1158 1161/1161/1161
f 1158/1158/1158 1162/1162/1162 1161/1161/1161
f 1160/1160/1160 1155/1155/1155 1158/1158/1158
f 1158/1158/1158 1156/1156/1156 1159/1159/1159
f 1154/1154/1154 1155/1155/1155 1157/1157/1157
f 1155/1155/1155 1153/1153/1153 1156/1156/1156
f 1152/1152/1152 1148/1148/1148 1146/1146/1146
f 1147/1147/1147 1152/1152/1152 1146/1146/1146
f 1150/1150/1150 1277/1277/1277 1151/1151/1151
f 1275/1275/1275 1150/1150/1150 1149/1149/1149
f 1274/1274/1274 1146/1146/1146 1148/1148/1148
f 1147/1147/1147 1273/1273/1273 1272/1272/1272
f 1145/1145/1145 1136/1136/1136 1144/1144/1144
f 1143/1143/1143 1136/1136/1136 1134/1134/1134
f 1143/1143/1143 1132/1132/1132 1142/1142/1142
f 1142/1142/1142 1129/1129/1129 1141/1141/1141
f 1129/1129/1129 1140/1140/1140 1141/1141/1141
f 1128/1128/1128 1139/1139/1139 1140/1140/1140
f 1124/1124/1124 1137/1137/1137 1138/1138/1138
f 1139/1139/1139 1124/1124/1124 1138/1138/1138
f 1271/1271/1271 1121/1121/1121 1269/1269/1269
f 1144/1144/1144 1101/1101/1101 1145/1145/1145
f 1104/1104/1104 1143/1143/1143 1107/1107/1107
f 1143/1143/1143 1110/1110/1110 1107/1107/1107
f 1142/1142/1142 1113/1113/1113 1110/1110/1110
f 1113/1113/1113 1140/1140/1140 1116/1116/1116
f 1116/1116/1116 1139/1139/1139 1119/1119/1119
f 1100/1100/1100 1139/1139/1139 1138/1138/1138
f 1137/1137/1137 1100/1100/1100 1138/1138/1138
f 1096/1096/1096 1271/1271/1271 1097/1097/1097
f 1268/1268/1268 1085/1085/1085 1135/1135/1135
f 1120/1120/1120 1135/1135/1135 1136/1136/1136
f 1135/1135/1135 1086/1086/1086 1133/1133/1133
f 1133/1133/1133 1136/1136/1136 1135/1135/1135
f 1131/1131/1131 1086/1086/1086 1087/1087/1087
f 1133/1133/1133 1132/1132/1132 1134/1134/1134
f 1088/1088/1088 1131/1131/1131 1087/1087/1087
f 1131/1131/1131 1129/1129/1129 1132/1132/1132
f 1127/1127/1127 1088/1088/1088 1089/1089/1089
f 1127/1127/1127 1090/1090/1090 1125/1125/1125
f 1126/1126/1126 1127/1127/1127 1125/1125/1125
f 1091/1091/1091 1125/1125/1125 1090/1090/1090
f 1125/1125/1125 1124/1124/1124 1126/1126/1126
f 1122/1122/1122 1091/1091/1091 1092/1092/1092
f 1124/1124/1124 1122/1122/1122 1121/1121/1121
f 1122/1122/1122 1264/1264/1264 1270/1270/1270
f 1270/1270/1270 1121/1121/1121 1122/1122/1122
f 1118/1118/1118 1100/1100/1100 1098/1098/1098
f 1118/1118/1118 1099/1099/1099 1117/1117/1117
f 1119/1119/1119 1115/1115/1115 1116/1116/1116
f 1118/1118/1118 1114/1114/1114 1115/1115/1115
f 1113/1113/1113 1115/1115/1115 1112/1112/1112
f 1115/1115/1115 1111/1111/1111 1112/1112/1112
f 1109/1109/1109 1113/1113/1113 1112/1112/1112
f 1112/1112/1112 1108/1108/1108 1109/1109/1109
f 1107/1107/1107 1109/1109/1109 1106/1106/1106
f 1106/1106/1106 1108/1108/1108 1105/1105/1105
f 1104/1104/1104 1106/1106/1106 1103/1103/1103
f 1106/1106/1106 1102/1102/1102 1103/1103/1103
f 1101/1101/1101 1103/1103/1103 1266/1266/1266
f 1103/1103/1103 1267/1267/1267 1266/1266/1266
f 1094/1094/1094 1100/1100/1100 1096/1096/1096
f 1099/1099/1099 1094/1094/1094 1093/1093/1093
f 1095/1095/1095 1096/1096/1096 1097/1097/1097
f 1094/1094/1094 1265/1265/1265 1093/1093/1093
f 1264/1264/1264 1263/1263/1263 1256/1256/1256
f 1263/1263/1263 1091/1091/1091 1262/1262/1262
f 1091/1091/1091 1261/1261/1261 1262/1262/1262
f 1261/1261/1261 1089/1089/1089 1260/1260/1260
f 1088/1088/1088 1260/1260/1260 1089/1089/1089
f 1087/1087/1087 1259/1259/1259 1088/1088/1088
f 1258/1258/1258 1086/1086/1086 1257/1257/1257
f 1084/1084/1084 1086/1086/1086 1085/1085/1085
f 1254/1254/1254 1085/1085/1085 1255/1255/1255
f 87/87/87 85/85/85 86/86/86
f 91/91/91 89/89/89 90/90/90
f 226/226/226 93/93/93 227/227/227
f 93/93/93 90/90/90 89/89/89
f 95/95/95 91/91/91 94/94/94
f 97/97/97 90/90/90 96/96/96
f 94/94/94 86/86/86 95/95/95
f 91/91/91 98/98/98 94/94/94
f 99/99/99 94/94/94 98/98/98
f 101/101/101 84/84/84 100/100/100
f 87/87/87 102/102/102 84/84/84
f 101/101/101 103/103/103 104/104/104
f 100/100/100 102/102/102 105/105/105
f 100/100/100 228/228/228 103/103/103
f 92/92/92 96/96/96 90/90/90
f 107/107/107 226/226/226 106/106/106
f 108/108/108 96/96/96 107/107/107
f 110/110/110 96/96/96 109/109/109
f 98/98/98 110/110/110 111/111/111
f 113/113/113 115/115/115 112/112/112
f 117/117/117 113/113/113 116/116/116
f 116/116/116 109/109/109 117/117/117
f 98/98/98 118/118/118 99/99/99
f 113/113/113 119/119/119 120/120/120
f 116/116/116 120/120/120 121/121/121
f 122/122/122 111/111/111 121/121/121
f 110/110/110 121/121/121 111/111/111
f 106/106/106 108/108/108 107/107/107
f 124/124/124 115/115/115 114/114/114
f 124/124/124 117/117/117 126/126/126
f 126/126/126 109/109/109 108/108/108
f 99/99/99 127/127/127 102/102/102
f 105/105/105 127/127/127 128/128/128
f 105/105/105 229/229/229 228/228/228
f 230/230/230 128/128/128 129/129/129
f 127/127/127 122/122/122 130/130/130
f 127/127/127 129/129/129 128/128/128
f 120/120/120 122/122/122 121/121/121
f 130/130/130 131/131/131 132/132/132
f 129/129/129 231/231/231 230/230/230
f 132/132/132 129/129/129 130/130/130
f 134/134/134 133/133/133 132/132/132
f 232/232/232 133/133/133 135/135/135
f 120/120/120 136/136/136 131/131/131
f 136/136/136 132/132/132 131/131/131
f 108/108/108 233/233/233 126/126/126
f 126/126/126 234/234/234 124/124/124
f 124/124/124 235/235/235 125/125/125
f 88/88/88 137/137/137 138/138/138
f 138/138/138 89/89/89 88/88/88
f 140/140/140 89/89/89 139/139/139
f 142/142/142 139/139/139 141/141/141
f 141/141/141 144/144/144 142/142/142
f 146/146/146 143/143/143 145/145/145
f 146/146/146 147/147/147 148/148/148
f 149/149/149 147/147/147 145/145/145
f 145/145/145 151/151/151 149/149/149
f 138/138/138 141/141/141 139/139/139
f 151/151/151 141/141/141 152/152/152
f 227/227/227 140/140/140 153/153/153
f 154/154/154 140/140/140 142/142/142
f 144/144/144 154/154/154 142/142/142
f 155/155/155 146/146/146 156/156/156
f 156/156/156 148/148/148 157/157/157
f 137/137/137 86/86/86 158/158/158
f 159/159/159 101/101/101 160/160/160
f 159/159/159 86/86/86 85/85/85
f 137/137/137 152/152/152 138/138/138
f 158/158/158 162/162/162 163/163/163
f 137/137/137 163/163/163 161/161/161
f 151/151/151 161/161/161 164/164/164
f 163/163/163 164/164/164 161/161/161
f 162/162/162 165/165/165 163/163/163
f 167/167/167 151/151/151 164/164/164
f 168/168/168 164/164/164 165/165/165
f 166/166/166 168/168/168 165/165/165
f 149/149/149 170/170/170 150/150/150
f 168/168/168 170/170/170 167/167/167
f 172/172/172 168/168/168 169/169/169
f 125/125/125 238/238/238 173/173/173
f 174/174/174 112/112/112 175/175/175
f 176/176/176 119/119/119 174/174/174
f 177/177/177 136/136/136 176/176/176
f 179/179/179 176/176/176 178/178/178
f 180/180/180 237/237/237 236/236/236
f 135/135/135 177/177/177 180/180/180
f 180/180/180 179/179/179 181/181/181
f 135/135/135 236/236/236 232/232/232
f 125/125/125 182/182/182 115/115/115
f 182/182/182 112/112/112 115/115/115
f 184/184/184 173/173/173 183/183/183
f 238/238/238 183/183/183 173/173/173
f 182/182/182 185/185/185 175/175/175
f 174/174/174 185/185/185 186/186/186
f 178/178/178 174/174/174 186/186/186
f 187/187/187 101/101/101 104/104/104
f 169/169/169 189/189/189 172/172/172
f 189/189/189 190/190/190 240/240/240
f 166/166/166 188/188/188 169/169/169
f 241/241/241 188/188/188 191/191/191
f 162/162/162 191/191/191 166/166/166
f 192/192/192 159/159/159 160/160/160
f 187/187/187 192/192/192 160/160/160
f 191/191/191 193/193/193 241/241/241
f 194/194/194 150/150/150 170/170/170
f 196/196/196 150/150/150 195/195/195
f 147/147/147 197/197/197 148/148/148
f 157/157/157 197/197/197 198/198/198
f 199/199/199 240/240/240 242/242/242
f 200/200/200 189/189/189 199/199/199
f 201/201/201 172/172/172 200/200/200
f 170/170/170 201/201/201 194/194/194
f 202/202/202 196/196/196 195/195/195
f 203/203/203 197/197/197 196/196/196
f 205/205/205 197/197/197 204/204/204
f 206/206/206 201/201/201 200/200/200
f 202/202/202 194/194/194 208/208/208
f 201/201/201 208/208/208 194/194/194
f 243/243/243 199/199/199 242/242/242
f 200/200/200 209/209/209 206/206/206
f 212/212/212 210/210/210 211/211/211
f 203/203/203 213/213/213 212/212/212
f 214/214/214 212/212/212 211/211/211
f 215/215/215 203/203/203 212/212/212
f 215/215/215 216/216/216 217/217/217
f 217/217/217 204/204/204 215/215/215
f 219/219/219 221/221/221 218/218/218
f 220/220/220 207/207/207 206/206/206
f 210/210/210 222/222/222 223/223/223
f 219/219/219 223/223/223 222/222/222
f 222/222/222 207/207/207 219/219/219
f 213/213/213 208/208/208 222/222/222
f 243/243/243 224/224/224 209/209/209
f 225/225/225 220/220/220 224/224/224
f 224/224/224 245/245/245 225/225/225
f 220/220/220 209/209/209 224/224/224
f 209/209/209 220/220/220 206/206/206
f 245/245/245 224/224/224 244/244/244
f 220/220/220 225/225/225 221/221/221
f 224/224/224 243/243/243 244/244/244
f 208/208/208 213/213/213 202/202/202
f 207/207/207 222/222/222 208/208/208
f 223/223/223 219/219/219 218/218/218
f 222/222/222 210/210/210 213/213/213
f 207/207/207 220/220/220 219/219/219
f 221/221/221 219/219/219 220/220/220
f 204/204/204 217/217/217 205/205/205
f 216/216/216 215/215/215 214/214/214
f 203/203/203 215/215/215 204/204/204
f 212/212/212 214/214/214 215/215/215
f 213/213/213 203/203/203 202/202/202
f 210/210/210 212/212/212 213/213/213
f 209/209/209 200/200/200 199/199/199
f 199/199/199 243/243/243 209/209/209
f 208/208/208 201/201/201 207/207/207
f 194/194/194 202/202/202 195/195/195
f 201/201/201 206/206/206 207/207/207
f 197/197/197 205/205/205 198/198/198
f 197/197/197 203/203/203 204/204/204
f 196/196/196 202/202/202 203/203/203
f 201/201/201 170/170/170 171/171/171
f 172/172/172 201/201/201 171/171/171
f 189/189/189 200/200/200 172/172/172
f 240/240/240 199/199/199 189/189/189
f 197/197/197 157/157/157 148/148/148
f 197/197/197 147/147/147 196/196/196
f 150/150/150 196/196/196 147/147/147
f 150/150/150 194/194/194 195/195/195
f 193/193/193 191/191/191 192/192/192
f 192/192/192 187/187/187 193/193/193
f 159/159/159 192/192/192 162/162/162
f 191/191/191 162/162/162 192/192/192
f 188/188/188 241/241/241 190/190/190
f 188/188/188 166/166/166 191/191/191
f 190/190/190 189/189/189 188/188/188
f 189/189/189 169/169/169 188/188/188
f 101/101/101 187/187/187 160/160/160
f 174/174/174 178/178/178 176/176/176
f 185/185/185 174/174/174 175/175/175
f 185/185/185 182/182/182 184/184/184
f 183/183/183 238/238/238 239/239/239
f 173/173/173 184/184/184 182/182/182
f 112/112/112 182/182/182 175/175/175
f 182/182/182 125/125/125 173/173/173
f 236/236/236 135/135/135 180/180/180
f 179/179/179 180/180/180 177/177/177
f 177/177/177 135/135/135 134/134/134
f 237/237/237 180/180/180 181/181/181
f 176/176/176 179/179/179 177/177/177
f 136/136/136 177/177/177 134/134/134
f 119/119/119 176/176/176 136/136/136
f 112/112/112 174/174/174 119/119/119
f 238/238/238 125/125/125 235/235/235
f 168/168/168 172/172/172 171/171/171
f 170/170/170 168/168/168 171/171/171
f 170/170/170 149/149/149 167/167/167
f 168/168/168 166/166/166 169/169/169
f 164/164/164 168/168/168 167/167/167
f 151/151/151 167/167/167 149/149/149
f 165/165/165 162/162/162 166/166/166
f 164/164/164 163/163/163 165/165/165
f 161/161/161 151/151/151 152/152/152
f 163/163/163 137/137/137 158/158/158
f 162/162/162 158/158/158 159/159/159
f 152/152/152 137/137/137 161/161/161
f 86/86/86 159/159/159 158/158/158
f 101/101/101 159/159/159 85/85/85
f 86/86/86 137/137/137 95/95/95
f 148/148/148 156/156/156 146/146/146
f 146/146/146 155/155/155 144/144/144
f 154/154/154 144/144/144 155/155/155
f 140/140/140 154/154/154 153/153/153
f 140/140/140 227/227/227 93/93/93
f 141/141/141 151/151/151 143/143/143
f 141/141/141 138/138/138 152/152/152
f 151/151/151 145/145/145 143/143/143
f 147/147/147 149/149/149 150/150/150
f 147/147/147 146/146/146 145/145/145
f 143/143/143 146/146/146 144/144/144
f 144/144/144 141/141/141 143/143/143
f 139/139/139 142/142/142 140/140/140
f 89/89/89 140/140/140 93/93/93
f 89/89/89 138/138/138 139/139/139
f 137/137/137 88/88/88 95/95/95
f 235/235/235 124/124/124 234/234/234
f 234/234/234 126/126/126 233/233/233
f 233/233/233 108/108/108 123/123/123
f 132/132/132 136/136/136 134/134/134
f 136/136/136 120/120/120 119/119/119
f 133/133/133 232/232/232 231/231/231
f 133/133/133 134/134/134 135/135/135
f 129/129/129 132/132/132 133/133/133
f 231/231/231 129/129/129 133/133/133
f 131/131/131 130/130/130 122/122/122
f 122/122/122 120/120/120 131/131/131
f 129/129/129 127/127/127 130/130/130
f 122/122/122 127/127/127 118/118/118
f 128/128/128 230/230/230 229/229/229
f 229/229/229 105/105/105 128/128/128
f 127/127/127 105/105/105 102/102/102
f 127/127/127 99/99/99 118/118/118
f 109/109/109 126/126/126 117/117/117
f 117/117/117 124/124/124 114/114/114
f 115/115/115 124/124/124 125/125/125
f 108/108/108 106/106/106 123/123/123
f 121/121/121 110/110/110 116/116/116
f 111/111/111 122/122/122 118/118/118
f 120/120/120 116/116/116 113/113/113
f 119/119/119 113/113/113 112/112/112
f 118/118/118 98/98/98 111/111/111
f 109/109/109 116/116/116 110/110/110
f 113/113/113 117/117/117 114/114/114
f 115/115/115 113/113/113 114/114/114
f 110/110/110 98/98/98 97/97/97
f 96/96/96 110/110/110 97/97/97
f 96/96/96 108/108/108 109/109/109
f 226/226/226 107/107/107 92/92/92
f 96/96/96 92/92/92 107/107/107
f 228/228/228 100/100/100 105/105/105
f 102/102/102 100/100/100 84/84/84
f 103/103/103 101/101/101 100/100/100
f 102/102/102 87/87/87 99/99/99
f 84/84/84 101/101/101 85/85/85
f 94/94/94 99/99/99 87/87/87
f 98/98/98 91/91/91 97/97/97
f 86/86/86 94/94/94 87/87/87
f 90/90/90 97/97/97 91/91/91
f 91/91/91 95/95/95 88/88/88
f 90/90/90 93/93/93 92/92/92
f 93/93/93 226/226/226 92/92/92
f 89/89/89 91/91/91 88/88/88
f 85/85/85 87/87/87 84/84/84
f 2401/2401/2401 2537/2537/2537 2402/2402/2402
f 2403/2403/2403 2538/2538/2538 2401/2401/2401
f 2404/2404/2404 2541/2541/2541 2405/2405/2405
f 2541/2541/2541 2406/2406/2406 2405/2405/2405
f 2407/2407/2407 2405/2405/2405 2408/2408/2408
f 2406/2406/2406 2408/2408/2408 2405/2405/2405
f 2407/2407/2407 2411/2411/2411 2410/2410/2410
f 2411/2411/2411 2409/2409/2409 2412/2412/2412
f 2413/2413/2413 2411/2411/2411 2414/2414/2414
f 2411/2411/2411 2415/2415/2415 2414/2414/2414
f 2414/2414/2414 2417/2417/2417 2413/2413/2413
f 2416/2416/2416 2415/2415/2415 2418/2418/2418
f 2416/2416/2416 2420/2420/2420 2417/2417/2417
f 2418/2418/2418 2419/2419/2419 2416/2416/2416
f 2420/2420/2420 2401/2401/2401 2402/2402/2402
f 2421/2421/2421 2401/2401/2401 2419/2419/2419
f 2422/2422/2422 2402/2402/2402 2537/2537/2537
f 2543/2543/2543 2423/2423/2423 2422/2422/2422
f 2544/2544/2544 2404/2404/2404 2426/2426/2426
f 2427/2427/2427 2544/2544/2544 2426/2426/2426
f 2404/2404/2404 2428/2428/2428 2426/2426/2426
f 2426/2426/2426 2429/2429/2429 2427/2427/2427
f 2430/2430/2430 2407/2407/2407 2410/2410/2410
f 2430/2430/2430 2429/2429/2429 2428/2428/2428
f 2430/2430/2430 2413/2413/2413 2432/2432/2432
f 2432/2432/2432 2431/2431/2431 2430/2430/2430
f 2413/2413/2413 2434/2434/2434 2432/2432/2432
f 2435/2435/2435 2432/2432/2432 2434/2434/2434
f 2417/2417/2417 2436/2436/2436 2434/2434/2434
f 2435/2435/2435 2436/2436/2436 2437/2437/2437
f 2420/2420/2420 2423/2423/2423 2436/2436/2436
f 2436/2436/2436 2424/2424/2424 2437/2437/2437
f 2438/2438/2438 2539/2539/2539 2403/2403/2403
f 2439/2439/2439 2545/2545/2545 2438/2438/2438
f 2547/2547/2547 2406/2406/2406 2542/2542/2542
f 2440/2440/2440 2548/2548/2548 2441/2441/2441
f 2409/2409/2409 2440/2440/2440 2442/2442/2442
f 2443/2443/2443 2440/2440/2440 2441/2441/2441
f 2412/2412/2412 2442/2442/2442 2444/2444/2444
f 2444/2444/2444 2443/2443/2443 2445/2445/2445
f 2444/2444/2444 2415/2415/2415 2412/2412/2412
f 2447/2447/2447 2444/2444/2444 2445/2445/2445
f 2446/2446/2446 2418/2418/2418 2415/2415/2415
f 2448/2448/2448 2447/2447/2447 2449/2449/2449
f 2418/2418/2418 2450/2450/2450 2421/2421/2421
f 2451/2451/2451 2448/2448/2448 2449/2449/2449
f 2421/2421/2421 2438/2438/2438 2403/2403/2403
f 2450/2450/2450 2439/2439/2439 2438/2438/2438
f 2549/2549/2549 2452/2452/2452 2453/2453/2453
f 2452/2452/2452 2456/2456/2456 2455/2455/2455
f 2458/2458/2458 2452/2452/2452 2457/2457/2457
f 2457/2457/2457 2455/2455/2455 2459/2459/2459
f 2461/2461/2461 2550/2550/2550 2460/2460/2460
f 2550/2550/2550 2463/2463/2463 2551/2551/2551
f 2464/2464/2464 2462/2462/2462 2461/2461/2461
f 2463/2463/2463 2465/2465/2465 2466/2466/2466
f 2465/2465/2465 2467/2467/2467 2468/2468/2468
f 2469/2469/2469 2465/2465/2465 2468/2468/2468
f 2471/2471/2471 2467/2467/2467 2470/2470/2470
f 2472/2472/2472 2468/2468/2468 2471/2471/2471
f 2474/2474/2474 2470/2470/2470 2473/2473/2473
f 2474/2474/2474 2472/2472/2472 2471/2471/2471
f 2473/2473/2473 2457/2457/2457 2474/2474/2474
f 2475/2475/2475 2457/2457/2457 2459/2459/2459
f 2554/2554/2554 2478/2478/2478 2479/2479/2479
f 2479/2479/2479 2480/2480/2480 2481/2481/2481
f 2483/2483/2483 2480/2480/2480 2482/2482/2482
f 2485/2485/2485 2482/2482/2482 2484/2484/2484
f 2486/2486/2486 2485/2485/2485 2484/2484/2484
f 2486/2486/2486 2489/2489/2489 2487/2487/2487
f 2476/2476/2476 2488/2488/2488 2490/2490/2490
f 2555/2555/2555 2490/2490/2490 2491/2491/2491
f 2492/2492/2492 2477/2477/2477 2556/2556/2556
f 2478/2478/2478 2493/2493/2493 2480/2480/2480
f 2494/2494/2494 2480/2480/2480 2493/2493/2493
f 2495/2495/2495 2482/2482/2482 2494/2494/2494
f 2496/2496/2496 2484/2484/2484 2495/2495/2495
f 2497/2497/2497 2486/2486/2486 2496/2496/2496
f 2491/2491/2491 2488/2488/2488 2497/2497/2497
f 2499/2499/2499 2492/2492/2492 2498/2498/2498
f 2492/2492/2492 2557/2557/2557 2498/2498/2498
f 2498/2498/2498 2451/2451/2451 2499/2499/2499
f 2439/2439/2439 2557/2557/2557 2546/2546/2546
f 2499/2499/2499 2494/2494/2494 2493/2493/2493
f 2500/2500/2500 2451/2451/2451 2449/2449/2449
f 2495/2495/2495 2500/2500/2500 2501/2501/2501
f 2449/2449/2449 2501/2501/2501 2500/2500/2500
f 2501/2501/2501 2496/2496/2496 2495/2495/2495
f 2447/2447/2447 2502/2502/2502 2501/2501/2501
f 2502/2502/2502 2497/2497/2497 2496/2496/2496
f 2445/2445/2445 2503/2503/2503 2502/2502/2502
f 2504/2504/2504 2497/2497/2497 2503/2503/2503
f 2504/2504/2504 2443/2443/2443 2441/2441/2441
f 2504/2504/2504 2548/2548/2548 2558/2558/2558
f 2558/2558/2558 2491/2491/2491 2504/2504/2504
f 2505/2505/2505 2435/2435/2435 2506/2506/2506
f 2433/2433/2433 2507/2507/2507 2431/2431/2431
f 2508/2508/2508 2505/2505/2505 2506/2506/2506
f 2507/2507/2507 2509/2509/2509 2510/2510/2510
f 2470/2470/2470 2508/2508/2508 2473/2473/2473
f 2510/2510/2510 2470/2470/2470 2467/2467/2467
f 2511/2511/2511 2435/2435/2435 2437/2437/2437
f 2512/2512/2512 2506/2506/2506 2511/2511/2511
f 2508/2508/2508 2458/2458/2458 2473/2473/2473
f 2511/2511/2511 2424/2424/2424 2513/2513/2513
f 2512/2512/2512 2513/2513/2513 2514/2514/2514
f 2453/2453/2453 2512/2512/2512 2514/2514/2514
f 2559/2559/2559 2424/2424/2424 2543/2543/2543
f 2514/2514/2514 2559/2559/2559 2560/2560/2560
f 2453/2453/2453 2560/2560/2560 2549/2549/2549
f 2429/2429/2429 2507/2507/2507 2515/2515/2515
f 2510/2510/2510 2515/2515/2515 2507/2507/2507
f 2516/2516/2516 2467/2467/2467 2464/2464/2464
f 2464/2464/2464 2517/2517/2517 2516/2516/2516
f 2516/2516/2516 2518/2518/2518 2515/2515/2515
f 2515/2515/2515 2427/2427/2427 2429/2429/2429
f 2519/2519/2519 2427/2427/2427 2518/2518/2518
f 2520/2520/2520 2518/2518/2518 2517/2517/2517
f 2460/2460/2460 2517/2517/2517 2461/2461/2461
f 2521/2521/2521 2523/2523/2523 2524/2524/2524
f 2522/2522/2522 2525/2525/2525 2523/2523/2523
f 2528/2528/2528 2524/2524/2524 2527/2527/2527
f 2530/2530/2530 2527/2527/2527 2529/2529/2529
f 2532/2532/2532 2530/2530/2530 2529/2529/2529
f 2562/2562/2562 2533/2533/2533 2534/2534/2534
f 2536/2536/2536 2534/2534/2534 2533/2533/2533
f 2526/2526/2526 2536/2536/2536 2525/2525/2525
f 2523/2523/2523 2475/2475/2475 2524/2524/2524
f 2525/2525/2525 2472/2472/2472 2523/2523/2523
f 2524/2524/2524 2459/2459/2459 2527/2527/2527
f 2459/2459/2459 2529/2529/2529 2527/2527/2527
f 2529/2529/2529 2456/2456/2456 2532/2532/2532
f 2561/2561/2561 2463/2463/2463 2533/2533/2533
f 2533/2533/2533 2466/2466/2466 2536/2536/2536
f 2469/2469/2469 2536/2536/2536 2466/2466/2466
f 2552/2552/2552 2476/2476/2476 2490/2490/2490
f 2476/2476/2476 2552/2552/2552 2553/2553/2553
f 2536/2536/2536 2469/2469/2469 2525/2525/2525
f 2466/2466/2466 2533/2533/2533 2463/2463/2463
f 2463/2463/2463 2561/2561/2561 2551/2551/2551
f 2456/2456/2456 2529/2529/2529 2455/2455/2455
f 2529/2529/2529 2459/2459/2459 2455/2455/2455
f 2459/2459/2459 2524/2524/2524 2475/2475/2475
f 2472/2472/2472 2525/2525/2525 2469/2469/2469
f 2475/2475/2475 2523/2523/2523 2472/2472/2472
f 2536/2536/2536 2526/2526/2526 2535/2535/2535
f 2534/2534/2534 2536/2536/2536 2535/2535/2535
f 2533/2533/2533 2562/2562/2562 2561/2561/2561
f 2530/2530/2530 2532/2532/2532 2531/2531/2531
f 2527/2527/2527 2530/2530/2530 2528/2528/2528
f 2524/2524/2524 2528/2528/2528 2521/2521/2521
f 2525/2525/2525 2522/2522/2522 2526/2526/2526
f 2523/2523/2523 2521/2521/2521 2522/2522/2522
f 2517/2517/2517 2460/2460/2460 2520/2520/2520
f 2518/2518/2518 2520/2520/2520 2519/2519/2519
f 2427/2427/2427 2519/2519/2519 2425/2425/2425
f 2427/2427/2427 2515/2515/2515 2518/2518/2518
f 2518/2518/2518 2516/2516/2516 2517/2517/2517
f 2517/2517/2517 2464/2464/2464 2461/2461/2461
f 2467/2467/2467 2516/2516/2516 2510/2510/2510
f 2515/2515/2515 2510/2510/2510 2516/2516/2516
f 2507/2507/2507 2429/2429/2429 2431/2431/2431
f 2560/2560/2560 2453/2453/2453 2514/2514/2514
f 2559/2559/2559 2514/2514/2514 2513/2513/2513
f 2424/2424/2424 2559/2559/2559 2513/2513/2513
f 2512/2512/2512 2453/2453/2453 2458/2458/2458
f 2513/2513/2513 2512/2512/2512 2511/2511/2511
f 2424/2424/2424 2511/2511/2511 2437/2437/2437
f 2458/2458/2458 2508/2508/2508 2512/2512/2512
f 2506/2506/2506 2512/2512/2512 2508/2508/2508
f 2435/2435/2435 2511/2511/2511 2506/2506/2506
f 2470/2470/2470 2510/2510/2510 2509/2509/2509
f 2508/2508/2508 2470/2470/2470 2509/2509/2509
f 2509/2509/2509 2507/2507/2507 2505/2505/2505
f 2505/2505/2505 2508/2508/2508 2509/2509/2509
f 2507/2507/2507 2433/2433/2433 2505/2505/2505
f 2435/2435/2435 2505/2505/2505 2433/2433/2433
f 2491/2491/2491 2558/2558/2558 2555/2555/2555
f 2548/2548/2548 2504/2504/2504 2441/2441/2441
f 2443/2443/2443 2504/2504/2504 2503/2503/2503
f 2497/2497/2497 2504/2504/2504 2491/2491/2491
f 2503/2503/2503 2445/2445/2445 2443/2443/2443
f 2497/2497/2497 2502/2502/2502 2503/2503/2503
f 2502/2502/2502 2447/2447/2447 2445/2445/2445
f 2496/2496/2496 2501/2501/2501 2502/2502/2502
f 2501/2501/2501 2449/2449/2449 2447/2447/2447
f 2500/2500/2500 2495/2495/2495 2494/2494/2494
f 2451/2451/2451 2500/2500/2500 2499/2499/2499
f 2494/2494/2494 2499/2499/2499 2500/2500/2500
f 2557/2557/2557 2439/2439/2439 2498/2498/2498
f 2451/2451/2451 2498/2498/2498 2439/2439/2439
f 2557/2557/2557 2492/2492/2492 2556/2556/2556
f 2492/2492/2492 2499/2499/2499 2493/2493/2493
f 2488/2488/2488 2491/2491/2491 2490/2490/2490
f 2486/2486/2486 2497/2497/2497 2488/2488/2488
f 2484/2484/2484 2496/2496/2496 2486/2486/2486
f 2482/2482/2482 2495/2495/2495 2484/2484/2484
f 2480/2480/2480 2494/2494/2494 2482/2482/2482
f 2493/2493/2493 2478/2478/2478 2492/2492/2492
f 2477/2477/2477 2492/2492/2492 2478/2478/2478
f 2490/2490/2490 2555/2555/2555 2552/2552/2552
f 2488/2488/2488 2476/2476/2476 2489/2489/2489
f 2489/2489/2489 2486/2486/2486 2488/2488/2488
f 2485/2485/2485 2486/2486/2486 2487/2487/2487
f 2482/2482/2482 2485/2485/2485 2483/2483/2483
f 2480/2480/2480 2483/2483/2483 2481/2481/2481
f 2480/2480/2480 2479/2479/2479 2478/2478/2478
f 2478/2478/2478 2554/2554/2554 2477/2477/2477
f 2457/2457/2457 2475/2475/2475 2474/2474/2474
f 2457/2457/2457 2473/2473/2473 2458/2458/2458
f 2472/2472/2472 2474/2474/2474 2475/2475/2475
f 2470/2470/2470 2474/2474/2474 2471/2471/2471
f 2468/2468/2468 2472/2472/2472 2469/2469/2469
f 2467/2467/2467 2471/2471/2471 2468/2468/2468
f 2465/2465/2465 2469/2469/2469 2466/2466/2466
f 2467/2467/2467 2465/2465/2465 2464/2464/2464
f 2465/2465/2465 2463/2463/2463 2462/2462/2462
f 2462/2462/2462 2464/2464/2464 2465/2465/2465
f 2463/2463/2463 2550/2550/2550 2462/2462/2462
f 2550/2550/2550 2461/2461/2461 2462/2462/2462
f 2455/2455/2455 2457/2457/2457 2452/2452/2452
f 2452/2452/2452 2458/2458/2458 2453/2453/2453
f 2456/2456/2456 2452/2452/2452 2454/2454/2454
f 2452/2452/2452 2549/2549/2549 2454/2454/2454
f 2439/2439/2439 2450/2450/2450 2451/2451/2451
f 2438/2438/2438 2421/2421/2421 2450/2450/2450
f 2448/2448/2448 2451/2451/2451 2450/2450/2450
f 2450/2450/2450 2418/2418/2418 2448/2448/2448
f 2447/2447/2447 2448/2448/2448 2446/2446/2446
f 2418/2418/2418 2446/2446/2446 2448/2448/2448
f 2444/2444/2444 2447/2447/2447 2446/2446/2446
f 2415/2415/2415 2444/2444/2444 2446/2446/2446
f 2443/2443/2443 2444/2444/2444 2442/2442/2442
f 2442/2442/2442 2412/2412/2412 2409/2409/2409
f 2440/2440/2440 2443/2443/2443 2442/2442/2442
f 2440/2440/2440 2409/2409/2409 2406/2406/2406
f 2548/2548/2548 2440/2440/2440 2547/2547/2547
f 2406/2406/2406 2547/2547/2547 2440/2440/2440
f 2545/2545/2545 2439/2439/2439 2546/2546/2546
f 2539/2539/2539 2438/2438/2438 2545/2545/2545
f 2424/2424/2424 2436/2436/2436 2423/2423/2423
f 2423/2423/2423 2420/2420/2420 2402/2402/2402
f 2436/2436/2436 2435/2435/2435 2434/2434/2434
f 2436/2436/2436 2417/2417/2417 2420/2420/2420
f 2432/2432/2432 2435/2435/2435 2433/2433/2433
f 2434/2434/2434 2413/2413/2413 2417/2417/2417
f 2431/2431/2431 2432/2432/2432 2433/2433/2433
f 2413/2413/2413 2430/2430/2430 2410/2410/2410
f 2429/2429/2429 2430/2430/2430 2431/2431/2431
f 2407/2407/2407 2430/2430/2430 2428/2428/2428
f 2429/2429/2429 2426/2426/2426 2428/2428/2428
f 2428/2428/2428 2404/2404/2404 2407/2407/2407
f 2544/2544/2544 2427/2427/2427 2425/2425/2425
f 2404/2404/2404 2544/2544/2544 2540/2540/2540
f 2423/2423/2423 2543/2543/2543 2424/2424/2424
f 2402/2402/2402 2422/2422/2422 2423/2423/2423
f 2401/2401/2401 2421/2421/2421 2403/2403/2403
f 2401/2401/2401 2420/2420/2420 2419/2419/2419
f 2419/2419/2419 2418/2418/2418 2421/2421/2421
f 2420/2420/2420 2416/2416/2416 2419/2419/2419
f 2415/2415/2415 2416/2416/2416 2414/2414/2414
f 2417/2417/2417 2414/2414/2414 2416/2416/2416
f 2415/2415/2415 2411/2411/2411 2412/2412/2412
f 2411/2411/2411 2413/2413/2413 2410/2410/2410
f 2409/2409/2409 2411/2411/2411 2408/2408/2408
f 2411/2411/2411 2407/2407/2407 2408/2408/2408
f 2408/2408/2408 2406/2406/2406 2409/2409/2409
f 2405/2405/2405 2407/2407/2407 2404/2404/2404
f 2406/2406/2406 2541/2541/2541 2542/2542/2542
f 2541/2541/2541 2404/2404/2404 2540/2540/2540
f 2538/2538/2538 2403/2403/2403 2539/2539/2539
f 2537/2537/2537 2401/2401/2401 2538/2538/2538
f 625/625/625 570/570/570 571/571/571
f 625/625/625 572/572/572 624/624/624
f 573/573/573 626/626/626 627/627/627
f 627/627/627 574/574/574 573/573/573
f 574/574/574 637/637/637 575/575/575
f 575/575/575 638/638/638 576/576/576
f 576/576/576 639/639/639 577/577/577
f 639/639/639 578/578/578 577/577/577
f 578/578/578 635/635/635 579/579/579
f 635/635/635 580/580/580 579/579/579
f 580/580/580 633/633/633 581/581/581
f 623/623/623 572/572/572 582/582/582
f 640/640/640 582/582/582 583/583/583
f 640/640/640 584/584/584 641/641/641
f 641/641/641 585/585/585 642/642/642
f 642/642/642 586/586/586 631/631/631
f 631/631/631 587/587/587 629/629/629
f 587/587/587 630/630/630 629/629/629
f 589/589/589 630/630/630 588/588/588
f 589/589/589 633/633/633 632/632/632
f 571/571/571 590/590/590 572/572/572
f 591/591/591 593/593/593 590/590/590
f 593/593/593 594/594/594 590/590/590
f 594/594/594 572/572/572 590/590/590
f 571/571/571 596/596/596 591/591/591
f 591/591/591 597/597/597 592/592/592
f 598/598/598 596/596/596 599/599/599
f 596/596/596 573/573/573 599/599/599
f 598/598/598 573/573/573 574/574/574
f 598/598/598 575/575/575 600/600/600
f 601/601/601 598/598/598 600/600/600
f 602/602/602 575/575/575 576/576/576
f 603/603/603 600/600/600 602/602/602
f 604/604/604 576/576/576 577/577/577
f 604/604/604 603/603/603 602/602/602
f 607/607/607 604/604/604 606/606/606
f 604/604/604 578/578/578 606/606/606
f 606/606/606 579/579/579 607/607/607
f 579/579/579 608/608/608 607/607/607
f 607/607/607 609/609/609 605/605/605
f 580/580/580 610/610/610 608/608/608
f 608/608/608 610/610/610 609/609/609
f 589/589/589 610/610/610 581/581/581
f 612/612/612 610/610/610 611/611/611
f 613/613/613 589/589/589 588/588/588
f 612/612/612 613/613/613 614/614/614
f 614/614/614 615/615/615 616/616/616
f 588/588/588 615/615/615 613/613/613
f 587/587/587 616/616/616 615/615/615
f 616/616/616 585/585/585 617/617/617
f 617/617/617 614/614/614 616/616/616
f 619/619/619 585/585/585 584/584/584
f 618/618/618 619/619/619 620/620/620
f 619/619/619 583/583/583 595/595/595
f 593/593/593 619/619/619 595/595/595
f 583/583/583 594/594/594 595/595/595
f 622/622/622 620/620/620 621/621/621
f 603/603/603 621/621/621 601/601/601
f 593/593/593 621/621/621 620/620/620
f 621/621/621 597/597/597 601/601/601
f 618/618/618 612/612/612 614/614/614
f 609/609/609 622/622/622 603/603/603
f 605/605/605 609/609/609 603/603/603
f 622/622/622 609/609/609 612/612/612
f 612/612/612 618/618/618 622/622/622
f 597/597/597 621/621/621 592/592/592
f 621/621/621 593/593/593 592/592/592
f 621/621/621 603/603/603 622/622/622
f 620/620/620 622/622/622 618/618/618
f 594/594/594 583/583/583 582/582/582
f 619/619/619 593/593/593 620/620/620
f 583/583/583 619/619/619 584/584/584
f 619/619/619 618/618/618 617/617/617
f 585/585/585 619/619/619 617/617/617
f 614/614/614 617/617/617 618/618/618
f 585/585/585 616/616/616 586/586/586
f 616/616/616 587/587/587 586/586/586
f 615/615/615 588/588/588 587/587/587
f 615/615/615 614/614/614 613/613/613
f 613/613/613 612/612/612 611/611/611
f 589/589/589 613/613/613 611/611/611
f 610/610/610 612/612/612 609/609/609
f 610/610/610 589/589/589 611/611/611
f 610/610/610 580/580/580 581/581/581
f 609/609/609 607/607/607 608/608/608
f 608/608/608 579/579/579 580/580/580
f 579/579/579 606/606/606 578/578/578
f 578/578/578 604/604/604 577/577/577
f 604/604/604 607/607/607 605/605/605
f 603/603/603 604/604/604 605/605/605
f 576/576/576 604/604/604 602/602/602
f 600/600/600 603/603/603 601/601/601
f 575/575/575 602/602/602 600/600/600
f 598/598/598 601/601/601 597/597/597
f 575/575/575 598/598/598 574/574/574
f 573/573/573 598/598/598 599/599/599
f 573/573/573 596/596/596 570/570/570
f 596/596/596 598/598/598 597/597/597
f 597/597/597 591/591/591 596/596/596
f 596/596/596 571/571/571 570/570/570
f 572/572/572 594/594/594 582/582/582
f 594/594/594 593/593/593 595/595/595
f 593/593/593 591/591/591 592/592/592
f 590/590/590 571/571/571 591/591/591
f 633/633/633 589/589/589 581/581/581
f 630/630/630 589/589/589 632/632/632
f 630/630/630 587/587/587 588/588/588
f 587/587/587 631/631/631 586/586/586
f 586/586/586 642/642/642 585/585/585
f 585/585/585 641/641/641 584/584/584
f 584/584/584 640/640/640 583/583/583
f 582/582/582 640/640/640 623/623/623
f 572/572/572 623/623/623 624/624/624
f 633/633/633 580/580/580 634/634/634
f 580/580/580 635/635/635 634/634/634
f 635/635/635 578/578/578 636/636/636
f 578/578/578 639/639/639 636/636/636
f 639/639/639 576/576/576 638/638/638
f 638/638/638 575/575/575 637/637/637
f 637/637/637 574/574/574 628/628/628
f 574/574/574 627/627/627 628/628/628
f 626/626/626 573/573/573 570/570/570
f 572/572/572 625/625/625 571/571/571
f 570/570/570 625/625/625 626/626/626
f 299/299/299 246/246/246 247/247/247
f 299/299/299 248/248/248 301/301/301
f 301/301/301 249/249/249 302/302/302
f 249/249/249 303/303/303 302/302/302
f 304/304/304 250/250/250 251/251/251
f 251/251/251 305/305/305 304/304/304
f 253/253/253 305/305/305 252/252/252
f 253/253/253 307/307/307 306/306/306
f 307/307/307 255/255/255 308/308/308
f 255/255/255 309/309/309 308/308/308
f 309/309/309 257/257/257 310/310/310
f 257/257/257 311/311/311 310/310/310
f 311/311/311 259/259/259 312/312/312
f 313/313/313 259/259/259 260/260/260
f 316/316/316 261/261/261 262/262/262
f 262/262/262 317/317/317 316/316/316
f 318/318/318 246/246/246 300/300/300
f 264/264/264 317/317/317 263/263/263
f 314/314/314 261/261/261 315/315/315
f 260/260/260 314/314/314 313/313/313
f 262/262/262 266/266/266 267/267/267
f 265/265/265 266/266/266 261/261/261
f 268/268/268 260/260/260 269/269/269
f 264/264/264 270/270/270 271/271/271
f 270/270/270 262/262/262 267/267/267
f 272/272/272 267/267/267 266/266/266
f 273/273/273 274/274/274 275/275/275
f 269/269/269 277/277/277 268/268/268
f 269/269/269 259/259/259 276/276/276
f 258/258/258 276/276/276 259/259/259
f 279/279/279 276/276/276 278/278/278
f 277/277/277 266/266/266 268/268/268
f 277/277/277 274/274/274 272/272/272
f 270/270/270 281/281/281 271/271/271
f 264/264/264 281/281/281 246/246/246
f 246/246/246 282/282/282 247/247/247
f 281/281/281 283/283/283 282/282/282
f 273/273/273 270/270/270 267/267/267
f 280/280/280 275/275/275 283/283/283
f 252/252/252 285/285/285 284/284/284
f 251/251/251 286/286/286 285/285/285
f 286/286/286 249/249/249 287/287/287
f 278/278/278 257/257/257 288/288/288
f 290/290/290 287/287/287 289/289/289
f 248/248/248 287/287/287 249/249/249
f 248/248/248 282/282/282 289/289/289
f 283/283/283 289/289/289 282/282/282
f 291/291/291 283/283/283 275/275/275
f 286/286/286 291/291/291 285/285/285
f 292/292/292 257/257/257 256/256/256
f 293/293/293 252/252/252 284/284/284
f 274/274/274 291/291/291 275/275/275
f 285/285/285 294/294/294 284/284/284
f 295/295/295 278/278/278 288/288/288
f 295/295/295 288/288/288 292/292/292
f 293/293/293 254/254/254 253/253/253
f 295/295/295 274/274/274 279/279/279
f 256/256/256 297/297/297 292/292/292
f 297/297/297 295/295/295 292/292/292
f 293/293/293 297/297/297 296/296/296
f 297/297/297 254/254/254 296/296/296
f 298/298/298 294/294/294 295/295/295
f 294/294/294 293/293/293 284/284/284
f 293/293/293 294/294/294 298/298/298
f 254/254/254 297/297/297 255/255/255
f 297/297/297 293/293/293 298/298/298
f 295/295/295 297/297/297 298/298/298
f 297/297/297 256/256/256 255/255/255
f 274/274/274 295/295/295 294/294/294
f 254/254/254 293/293/293 296/296/296
f 278/278/278 295/295/295 279/279/279
f 294/294/294 285/285/285 291/291/291
f 291/291/291 274/274/274 294/294/294
f 252/252/252 293/293/293 253/253/253
f 257/257/257 292/292/292 288/288/288
f 291/291/291 286/286/286 290/290/290
f 283/283/283 291/291/291 290/290/290
f 289/289/289 283/283/283 290/290/290
f 282/282/282 248/248/248 247/247/247
f 287/287/287 248/248/248 289/289/289
f 287/287/287 290/290/290 286/286/286
f 257/257/257 278/278/278 258/258/258
f 249/249/249 286/286/286 250/250/250
f 286/286/286 251/251/251 250/250/250
f 285/285/285 252/252/252 251/251/251
f 275/275/275 280/280/280 273/273/273
f 270/270/270 273/273/273 280/280/280
f 283/283/283 281/281/281 280/280/280
f 282/282/282 246/246/246 281/281/281
f 281/281/281 264/264/264 271/271/271
f 281/281/281 270/270/270 280/280/280
f 274/274/274 277/277/277 279/279/279
f 266/266/266 277/277/277 272/272/272
f 276/276/276 279/279/279 277/277/277
f 276/276/276 258/258/258 278/278/278
f 259/259/259 269/269/269 260/260/260
f 277/277/277 269/269/269 276/276/276
f 274/274/274 273/273/273 272/272/272
f 267/267/267 272/272/272 273/273/273
f 262/262/262 270/270/270 263/263/263
f 270/270/270 264/264/264 263/263/263
f 260/260/260 268/268/268 265/265/265
f 266/266/266 265/265/265 268/268/268
f 266/266/266 262/262/262 261/261/261
f 314/314/314 260/260/260 265/265/265
f 261/261/261 314/314/314 265/265/265
f 317/317/317 264/264/264 318/318/318
f 246/246/246 318/318/318 264/264/264
f 317/317/317 262/262/262 263/263/263
f 261/261/261 316/316/316 315/315/315
f 259/259/259 313/313/313 312/312/312
f 259/259/259 311/311/311 258/258/258
f 311/311/311 257/257/257 258/258/258
f 257/257/257 309/309/309 256/256/256
f 309/309/309 255/255/255 256/256/256
f 255/255/255 307/307/307 254/254/254
f 307/307/307 253/253/253 254/254/254
f 305/305/305 253/253/253 306/306/306
f 305/305/305 251/251/251 252/252/252
f 250/250/250 304/304/304 303/303/303
f 303/303/303 249/249/249 250/250/250
f 249/249/249 301/301/301 248/248/248
f 248/248/248 299/299/299 247/247/247
f 246/246/246 299/299/299 300/300/300
f 1840/1840/1840 1841/1841/1841 1843/1843/1843
f 1847/1847/1847 1849/1849/1849 1850/1850/1850
f 1842/1842/1842 1848/1848/1848 1852/1852/1852
f 1851/1851/1851 1841/1841/1841 1844/1844/1844
f 1843/1843/1843 1842/1842/1842 1852/1852/1852
f 1845/1845/1845 1840/1840/1840 1843/1843/1843
f 1852/1852/1852 1853/1853/1853 1854/1854/1854
f 1853/1853/1853 1852/1852/1852 1848/1848/1848
f 1840/1840/1840 1845/1845/1845 1846/1846/1846
f 1842/1842/1842 1843/1843/1843 1841/1841/1841
f 1841/1841/1841 1851/1851/1851 1855/1855/1855
f 1848/1848/1848 1842/1842/1842 1847/1847/1847
f 1849/1849/1849 1847/1847/1847 1842/1842/1842
f 1841/1841/1841 1840/1840/1840 1844/1844/1844
f 1720/1720/1720 1719/1719/1719 1716/1716/1716
f 1718/1718/1718 1726/1726/1726 1725/1725/1725
f 1723/1723/1723 1728/1728/1728 1724/1724/1724
f 1727/1727/1727 1716/1716/1716 1731/1731/1731
f 1718/1718/1718 1719/1719/1719 1728/1728/1728
f 1721/1721/1721 1717/1717/1717 1722/1722/1722
f 1728/1728/1728 1729/1729/1729 1724/1724/1724
f 1729/1729/1729 1728/1728/1728 1730/1730/1730
f 1717/1717/1717 1721/1721/1721 1719/1719/1719
f 1719/1719/1719 1718/1718/1718 1716/1716/1716
f 1716/1716/1716 1727/1727/1727 1720/1720/1720
f 1728/1728/1728 1723/1723/1723 1718/1718/1718
f 1726/1726/1726 1718/1718/1718 1723/1723/1723
f 1719/1719/1719 1720/1720/1720 1717/1717/1717
f 1978/1978/1978 1977/1977/1977 1976/1976/1976
f 1977/1977/1977 1978/1978/1978 1975/1975/1975
