g broken_glass
v 0.054127 -0.010706 0.005000
v 0.054127 -0.010706 -0.005000
v 0.056406 -0.010587 -0.005000
v 0.056406 -0.010587 0.005000
v -0.006319 0.007858 -0.005000
v -0.006319 0.007852 0.005000
v -0.008958 -0.005021 0.005000
v -0.008958 -0.005021 -0.005000
v -0.056715 0.032593 -0.002930
v -0.056715 0.032593 0.007070
v -0.064825 -0.006887 0.007070
v -0.064825 -0.006887 -0.002930
v 0.073499 -0.019350 0.007070
v 0.076147 -0.006476 0.007070
v 0.076147 -0.006476 -0.002930
v 0.073499 -0.019350 -0.002930
v 0.158224 -0.009624 -0.005704
v 0.158224 -0.009624 0.004295
v 0.150104 -0.049105 0.004295
v 0.150104 -0.049105 -0.005704
v -0.107481 0.068515 -0.005704
v -0.107481 0.068515 0.004295
v -0.126545 -0.024175 -0.005704
v -0.126545 -0.024175 0.004295
v -0.181961 0.108076 0.004943
v -0.181961 0.108076 -0.005057
v 0.107777 -0.086725 0.004943
v 0.107777 -0.086725 -0.005057
v -0.145876 -0.010728 0.004943
v -0.181961 0.000545 0.004943
v -0.181961 0.000545 -0.005057
v -0.145876 -0.010728 -0.005057
v 0.182257 0.000972 -0.005057
v 0.182257 0.000972 0.004943
v 0.163203 -0.091717 0.004943
v 0.163203 -0.091717 -0.005057
v -0.055288 -0.007093 -0.005001
v -0.055288 -0.007093 0.004999
v -0.055299 -0.007093 0.004999
v -0.056089 -0.006839 0.004999
v -0.056089 -0.006839 -0.005001
v -0.055288 -0.007093 -0.005001
v 0.013422 -0.007574 0.004999
v 0.011133 0.010611 0.004999
v 0.011133 0.010611 -0.005001
v 0.013422 -0.007574 -0.005001
v -0.002839 0.005802 0.004564
v -0.001443 0.000831 -0.000014
v 0.002499 0.002351 0.004564
v -0.006443 -0.011745 0.004564
v -0.011319 -0.011707 0.004564
v -0.008578 -0.011729 0.001259
v -0.004677 -0.008142 0.002789
v 0.000661 -0.011593 0.002789
v -0.003281 -0.013113 -0.001790
v -0.001997 -0.002598 0.002789
v 0.008022 0.000004 0.002789
v 0.003515 -0.001165 -0.003001
v -0.015764 -0.003550 0.005289
v 0.001503 0.019249 0.005289
v 0.004398 -0.003696 0.005289
v 0.002540 0.011038 -0.004711
v 0.004398 -0.003696 -0.004711
v -0.008557 -0.003604 -0.004711
v -0.043410 -0.021335 0.003333
v -0.065595 -0.007023 0.003333
v -0.058235 0.004574 0.003333
v 0.047813 0.032106 0.003333
v 0.051745 0.000912 0.003333
v 0.034467 -0.021887 0.003333
v -0.062741 0.003406 -0.002457
v -0.058727 0.004444 -0.006667
v 0.047813 0.032106 -0.006667
v 0.052782 -0.007293 -0.006667
v -0.067874 -0.014428 -0.006667
v -0.057311 -0.021238 -0.006667
v 0.041684 -0.021935 -0.006667
v -0.069537 -0.008543 -0.001246
v -0.000570 0.000004 0.006211
v -0.005940 0.003465 0.006211
v 0.002109 0.005553 0.006211
v -0.015744 0.000918 -0.003789
v 0.004347 0.006138 -0.003789
v 0.007622 0.006987 0.000422
v -0.003835 -0.006763 -0.003789
v 0.000826 -0.004962 0.001633
v -0.003917 -0.009440 0.006491
v -0.003917 -0.009440 -0.003509
v -0.006206 0.008745 -0.003509
v -0.006206 0.008745 0.006491
v 0.001247 -0.009478 0.006491
v 0.004368 0.011492 0.006491
v 0.009726 0.008031 0.006491
v -0.005437 0.008945 -0.003509
v -0.000334 -0.009468 -0.003509
v 0.006472 0.001264 -0.003509
v 0.003988 -0.009495 0.003186
v 0.011133 0.003065 0.001913
v -0.003804 -0.002787 -0.004793
v 0.000857 -0.000992 0.000629
v 0.002520 -0.006871 -0.004793
v 0.004378 0.010108 -0.004793
v 0.011667 0.012001 -0.004793
v 0.007653 0.010957 -0.000582
v 0.005497 0.014451 0.002170
v 0.000836 0.012650 -0.003252
v 0.007160 0.008566 -0.003252
v -0.005970 0.001924 -0.003252
v 0.003906 0.001854 -0.003252
v -0.001648 0.001891 0.003443
v 0.003639 0.008734 0.006461
v 0.025823 -0.005584 0.006461
v -0.005303 -0.005362 0.006461
v 0.001360 0.001329 -0.003539
v -0.001895 -0.005389 -0.003539
v 0.011923 -0.005487 -0.003539
v -0.007438 -0.005351 0.003156
v -0.000293 0.007209 0.001883
v 0.069444 -0.037259 0.004744
v 0.058090 0.052823 0.004744
v 0.058090 0.052823 -0.005256
v 0.069444 -0.037259 -0.005256
v -0.069774 -0.036275 -0.005256
v -0.076601 0.017854 -0.005256
v -0.069774 -0.036275 0.004744
v -0.076601 0.017854 0.004744
v -0.182987 -0.066068 0.005155
v -0.194341 0.024014 0.005155
v -0.194341 0.024014 -0.004846
v -0.182987 -0.066068 -0.004846
v 0.165051 -0.068518 0.005155
v 0.142363 0.111430 0.005155
v 0.142363 0.111430 -0.004846
v 0.165051 -0.068518 -0.004846
v 0.128484 -0.108469 -0.004951
v 0.128484 -0.108469 0.005049
v 0.128484 0.144641 -0.004951
v 0.128484 0.144641 0.005049
v -0.123793 -0.106695 0.005049
v -0.146481 0.073253 0.005049
v -0.146481 0.073253 -0.004951
v -0.123793 -0.106695 -0.004951
v -0.026482 -0.037508 -0.004742
v -0.026482 -0.037508 0.005258
v 0.006431 0.001572 0.005258
v -0.001289 0.006873 0.005258
v 0.006431 0.001572 -0.004742
v -0.001289 0.006873 -0.004742
v 0.023637 0.015787 0.006880
v 0.005579 0.022630 0.006880
v 0.023637 0.015787 -0.003120
v 0.005579 0.022630 -0.003120
v -0.010713 -0.024986 0.006880
v -0.018433 -0.019680 0.006880
v -0.010713 -0.024986 -0.003120
v -0.018433 -0.019680 -0.003120
v 0.012488 0.013716 0.000899
v 0.012488 0.013716 0.010899
v 0.011543 0.013245 0.010899
v 0.011543 0.013245 0.000899
v -0.002028 -0.006092 0.000899
v 0.012231 0.013369 0.010899
v -0.016349 -0.013524 0.000899
v 0.011030 0.012742 0.010899
v -0.000283 -0.001138 0.001606
v -0.001915 0.000361 -0.001113
v -0.000232 0.001799 -0.003340
v 0.002376 -0.000943 0.001606
v 0.002366 -0.003555 0.001606
v -0.000129 -0.001273 -0.003129
v 0.001052 -0.004437 0.003562
v 0.004881 -0.001165 -0.001493
v -0.001618 -0.001630 -0.001493
v 0.000795 0.003601 0.003012
v 0.004172 0.006846 -0.001493
v -0.001607 0.001302 -0.001493
v -0.000098 0.001291 -0.005061
v 0.002571 -0.001516 -0.000007
v 0.002314 0.006522 -0.000557
v -0.000078 0.004223 -0.005061
v -0.003383 0.001053 -0.005061
v -0.001813 0.002562 0.004939
v -0.003445 0.000999 0.004939
v -0.003445 0.000999 -0.004975
v -0.001525 -0.000759 0.004939
v 0.000887 -0.002955 0.002220
v -0.006484 -0.000391 0.000473
v -0.006217 -0.008429 0.001023
v -0.002387 -0.005151 -0.004032
v -0.003096 0.002854 -0.004032
v 0.037578 0.041350 0.005968
v 0.023319 0.021894 -0.004032
v 0.003823 -0.004708 -0.004032
v -0.000765 -0.010966 0.005968
v 0.008997 0.014457 -0.004032
v 0.036377 0.040723 0.005968
v -0.003558 0.002416 0.005968
v -0.003609 -0.011171 0.005968
v 0.004244 -0.001451 0.007519
v 0.008833 0.004812 -0.002481
v 0.003249 -0.002809 -0.002481
v 0.001863 -0.004702 -0.000574
v 0.001863 -0.004702 0.007519
v 0.002612 0.004363 -0.002481
v 0.001390 -0.004269 0.007519
v 0.001401 -0.001657 0.007519
v -0.001115 -0.001987 0.002784
v -0.001217 0.001085 0.002573
v 0.005579 0.003146 -0.002818
v 0.001750 -0.000132 0.002236
v -0.000919 0.002676 -0.002818
v 0.006205 -0.004026 -0.002818
v 0.004819 -0.005919 -0.002818
v 0.004819 -0.005919 -0.000911
v -0.000930 -0.000662 -0.002818
v 0.001852 -0.003204 0.002447
v -0.005714 0.001902 -0.001918
v -0.002377 -0.001148 -0.001918
v -0.002367 0.002194 -0.001918
v -0.005652 0.001956 -0.001918
v -0.005714 0.001902 -0.001832
v -0.001381 -0.002052 0.005363
v 0.000405 -0.003685 0.003347
v 0.000302 -0.000613 0.003137
v -0.001607 -0.003669 0.000111
v 0.000025 -0.005167 0.002830
v 0.002694 -0.004973 0.002830
v 0.000076 -0.002230 -0.002116
v 0.002746 0.008615 0.002830
v -0.004307 0.001848 0.002830
v -0.000180 0.005808 -0.002666
v -0.004010 -0.001473 0.002830
v 0.053182 0.054386 0.005232
v 0.053182 0.054386 -0.004768
v 0.044097 0.062689 -0.004768
v 0.044097 0.062689 0.005232
v -0.028874 -0.057570 0.005232
v -0.028874 -0.057570 -0.004768
v -0.055699 -0.033056 -0.004768
v -0.055699 -0.033056 0.005232
v 0.042321 0.006100 -0.004855
v 0.042321 0.006100 0.005145
v 0.003782 -0.016732 -0.004855
v 0.003782 -0.016732 0.005145
v 0.058480 0.028141 0.005145
v 0.058480 0.028141 -0.004855
v 0.031655 0.052650 -0.004855
v 0.031655 0.052650 0.005145
v -0.060452 -0.050122 -0.004855
v -0.068141 -0.043096 -0.004855
v -0.068141 -0.043096 0.005145
v -0.060452 -0.050122 0.005145
v -0.025260 -0.019599 0.005330
v -0.000201 0.004444 0.005330
v 0.004265 0.000366 0.005330
v 0.002715 -0.005059 0.005330
v -0.020466 -0.014996 -0.004670
v -0.019183 -0.016440 -0.004670
v 0.007488 -0.002576 -0.004670
v -0.000201 0.004444 -0.004670
v -0.025260 -0.019599 0.004021
v 0.007488 -0.002576 -0.000370
v -0.006248 -0.005086 0.001230
v -0.000180 -0.001927 0.001230
v -0.001453 -0.000483 0.001230
v -0.006248 -0.005086 0.009921
v -0.003291 0.001956 -0.000486
v -0.000067 -0.000986 -0.000486
v -0.004841 -0.003469 -0.000486
v -0.000067 -0.000986 -0.006185
v -0.015703 -0.016023 -0.004999
v -0.015703 -0.016023 0.005001
v -0.000191 -0.002138 -0.004999
v -0.000191 -0.002138 0.005001
v -0.002162 -0.000169 -0.004999
v -0.002162 -0.000169 0.005001
v 0.000497 0.009826 -0.004806
v 0.000497 0.009826 0.005194
v 0.012632 0.006716 -0.004806
v 0.012632 0.006716 0.005194
v 0.009398 0.008361 -0.004806
v 0.009398 0.008361 0.005194
v -0.034633 -0.035582 -0.004806
v -0.034633 -0.035582 0.005194
v -0.036604 -0.033608 -0.004806
v -0.036604 -0.033608 0.005194
v 0.051601 0.031858 -0.004991
v 0.052197 0.032101 -0.004991
v 0.052197 0.032101 0.005009
v 0.051601 0.031858 0.005009
v -0.009255 0.000415 -0.004991
v -0.003866 -0.008521 -0.004991
v -0.003866 -0.008521 0.005009
v -0.009255 0.000415 0.005009
v -0.060000 -0.019350 -0.004903
v -0.043893 -0.046065 -0.004903
v -0.043893 -0.046065 0.005097
v -0.060000 -0.019350 0.005097
v 0.062863 0.044136 0.005097
v 0.062863 0.044136 -0.004903
v 0.068253 0.035200 -0.004903
v 0.068253 0.035200 0.005097
v 0.000025 -0.003101 -0.002573
v 0.000559 -0.003880 -0.001441
v -0.000817 -0.003615 -0.001441
v -0.003507 -0.015044 -0.001441
v -0.128937 -0.069140 -0.006602
v -0.031307 -0.069140 -0.006602
v 0.126441 0.045175 -0.006602
v 0.143185 0.091141 -0.006602
v 0.122745 0.095100 -0.006602
v -0.137765 -0.039504 -0.006602
v -0.031307 -0.069140 0.003398
v -0.137232 -0.069140 0.003398
v -0.144952 -0.043220 0.003398
v 0.114337 0.090757 0.003398
v 0.146542 0.084515 0.003398
v 0.143852 0.073091 0.003398
v 0.136286 0.052304 0.003398
v 0.147383 0.085028 0.002266
v 0.028257 -0.001159 -0.004408
v 0.028257 -0.001159 0.005592
v 0.012149 0.025556 0.005592
v 0.012149 0.025556 -0.004408
v 0.001062 -0.020864 -0.004408
v -0.019039 0.009442 -0.004408
v -0.024973 -0.015818 -0.004408
v -0.020343 0.008766 0.005592
v -0.005447 -0.025581 0.005592
v -0.031050 -0.020621 0.005592
v -0.023628 0.007068 0.001910
v -0.031584 -0.019842 0.004460
v -0.006484 0.000528 -0.004762
v -0.002295 -0.005589 0.004106
v 0.004316 -0.001565 -0.004762
v 0.010260 0.023695 -0.004762
v 0.000025 0.018411 -0.004762
v 0.005661 0.021321 0.001555
v 0.003844 0.021559 0.003019
v -0.000345 0.027676 -0.005849
v 0.010455 0.025583 -0.005849
v -0.017088 -0.018295 -0.005849
v 0.003680 -0.003242 -0.005849
v 0.000323 0.009621 0.004151
v -0.004010 -0.008818 0.004151
v -0.007254 -0.011166 0.004151
v -0.002870 -0.028837 0.002261
v -0.003414 -0.028053 0.001129
v -0.004256 -0.028567 0.002261
v 0.001863 -0.002528 0.002261
v 0.007827 0.000550 0.002261
v 0.004542 -0.001143 -0.001422
v 0.021522 0.009735 -0.004939
v -0.004523 0.014781 -0.004939
v -0.011298 -0.014044 -0.004939
v 0.015013 0.005018 0.005061
v -0.018998 -0.019620 0.005061
v -0.014666 -0.001181 0.005061
v -0.010600 0.009978 0.005061
v -0.011134 0.010762 0.003929
v 0.027230 -0.010863 -0.005781
v 0.018411 0.018773 -0.005781
v -0.038945 -0.010863 -0.005781
v 0.018935 -0.010863 0.004219
v -0.038945 -0.010863 0.004219
v 0.011215 0.015057 0.004219
v -0.016144 -0.002452 -0.003604
v 0.004296 -0.006411 -0.003604
v 0.010804 0.011476 -0.003604
v 0.007642 -0.013038 0.006396
v -0.024562 -0.006801 0.006396
v 0.013761 0.013002 0.006396
v 0.016440 0.014386 0.002713
v 0.008484 -0.012524 0.005264
v -0.023166 0.036947 0.005489
v 0.013894 -0.004275 0.005489
v -0.000324 -0.014595 0.005489
v -0.025927 0.035498 0.005489
v 0.008761 0.001432 -0.004511
v -0.027611 0.041891 -0.004511
v -0.028853 0.041237 -0.004511
v -0.000324 -0.014595 -0.004511
v 0.005723 -0.010209 -0.004511
v 0.013894 -0.004275 0.005022
v 0.001668 0.001426 -0.000523
v -0.001094 -0.000018 -0.000523
v -0.006432 0.010432 -0.000523
v -0.006432 0.010432 -0.010523
v -0.004030 0.005721 -0.010523
v -0.002778 0.006370 -0.010523
v -0.007931 -0.006963 0.000084
v 0.000251 -0.001029 0.000084
v -0.004882 0.004677 0.000084
v 0.000251 -0.001029 0.009618
v -0.008383 -0.026901 0.004505
v -0.008383 -0.026901 -0.005495
v 0.058644 -0.041565 0.004505
v 0.046602 -0.050300 0.004505
v 0.046602 -0.050300 -0.005495
v 0.058644 -0.041565 -0.005495
v -0.048359 0.051303 0.004505
v -0.048359 0.051303 -0.005495
v -0.034130 0.061618 0.004505
v -0.034130 0.061618 -0.005495
v 0.001360 0.006186 0.005000
v 0.017795 -0.012086 0.005000
v 0.016522 -0.014130 0.005000
v -0.010682 -0.002549 0.005000
v -0.002726 0.003227 -0.005000
v -0.010682 -0.002549 -0.005000
v 0.021450 -0.016223 -0.005000
v 0.021481 -0.016186 -0.005000
v 0.004727 0.002438 -0.005000
v 0.001360 0.006186 -0.000915
v 0.005815 -0.003696 -0.001946
v 0.000785 -0.001554 -0.001946
v 0.002047 0.000490 -0.001946
v 0.005815 -0.003696 -0.011946
v 0.005743 -0.003610 -0.011946
v 0.005712 -0.003653 -0.011946
v -0.000375 -0.003523 0.001666
v -0.004461 -0.006487 0.001666
v 0.002992 -0.007271 0.001666
v -0.000375 -0.003523 0.005751
v -0.006771 -0.030963 0.004385
v -0.016411 -0.045735 0.004385
v -0.006771 -0.030963 -0.005615
v -0.016411 -0.045735 -0.005615
v -0.009748 0.024209 0.004385
v 0.019079 0.014581 0.004385
v 0.019079 0.014581 -0.005615
v -0.009748 0.024209 -0.005615
v 0.028585 0.014673 -0.005307
v 0.028585 0.014673 0.004693
v 0.031377 0.012504 0.004693
v 0.031377 0.012504 -0.005307
v -0.017386 0.016799 0.004693
v -0.017386 0.016799 -0.005307
v -0.008465 0.019563 -0.005307
v -0.008465 0.019563 0.004693
v -0.020794 -0.019020 0.004693
v 0.008033 -0.028648 0.004693
v 0.008033 -0.028648 -0.005307
v -0.020794 -0.019020 -0.005307
v -0.021000 -0.030557 -0.004628
v 0.021851 0.003292 -0.004628
v 0.000579 0.022289 -0.004628
v -0.025455 -0.027723 -0.004628
v -0.004133 0.013240 0.005372
v 0.007622 0.015998 0.005372
v 0.021851 0.003292 0.005372
v -0.027170 -0.035436 0.005372
v -0.028905 -0.034338 0.005372
v 0.000579 0.022289 -0.004050
v -0.005159 -0.008207 0.001011
v -0.000447 0.000842 0.001011
v 0.006595 -0.005443 0.001011
v -0.000447 0.000842 -0.008411
v -0.000694 0.002189 0.000062
v -0.006319 -0.008613 0.000062
v 0.003772 -0.000645 0.000062
v -0.004133 -0.004426 0.010062
v -0.002408 -0.005524 0.010062
v -0.006319 -0.008613 0.010062
v 0.071014 0.013981 -0.005088
v 0.071014 0.013981 0.004912
v 0.005569 0.072425 -0.005088
v 0.005569 0.072425 0.004912
v -0.060195 -0.053865 -0.005088
v -0.038924 -0.072861 -0.005088
v -0.060195 -0.053865 0.004912
v -0.038924 -0.072861 0.004912
v -0.050525 0.070922 -0.004970
v -0.050525 0.070922 0.005030
v -0.047784 -0.107945 -0.004970
v -0.047784 -0.107945 0.005030
v -0.113230 -0.049500 -0.004970
v -0.113230 -0.049500 0.005030
v 0.172094 0.065740 -0.004970
v 0.172094 0.065740 0.005030
v 0.166293 0.070922 -0.004970
v 0.166293 0.070922 0.005030
v 0.006965 0.004412 -0.005093
v 0.006965 0.004412 0.004907
v 0.000395 -0.000775 -0.005093
v 0.000395 -0.000775 0.004907
v -0.005406 0.004412 -0.005093
v -0.005406 0.004412 0.004907
v 0.050534 0.026735 -0.004999
v 0.050534 0.026735 0.005001
v -0.003517 -0.008981 -0.004999
v -0.009440 0.002135 -0.004999
v -0.003517 -0.008981 0.005001
v -0.009440 0.002135 0.005001
v 0.056149 0.017826 -0.005135
v -0.015703 -0.029654 -0.005135
v -0.025661 -0.036231 0.004865
v 0.045514 0.010795 0.004865
v 0.059383 0.025572 -0.005135
v 0.046181 0.032788 -0.005135
v -0.056130 -0.009175 -0.005135
v -0.046942 -0.026414 -0.005135
v 0.040648 0.030516 0.004865
v -0.056130 -0.009175 0.004865
v 0.047895 0.033491 -0.003129
v -0.042641 -0.034474 0.004865
v 0.052433 0.027363 0.004865
v 0.057997 0.029575 -0.001165
v -0.001669 0.006413 0.004809
v -0.005139 -0.001889 0.004809
v 0.000436 0.000328 -0.001221
v 0.007786 -0.005346 0.004809
v 0.013248 -0.001733 0.004809
v 0.010486 -0.003561 0.000731
v 0.006636 -0.000191 0.000322
v 0.002622 -0.002841 -0.005599
v -0.005262 -0.008050 -0.005599
v -0.015898 -0.015082 0.004401
v 0.003936 -0.001976 0.004401
v -0.002028 -0.000305 -0.005599
v -0.008989 0.001486 0.004401
v -0.003414 0.003703 -0.001629
v 0.004871 0.005775 -0.002772
v -0.003065 0.000528 -0.002772
v 0.000949 0.003184 0.003150
v -0.005437 0.008534 -0.002772
v -0.007716 0.003071 -0.002772
v -0.009101 0.007073 0.001198
v 0.008741 -0.002182 0.005500
v 0.002807 0.008934 0.005500
v 0.002807 0.008934 -0.004500
v 0.008741 -0.002182 -0.004500
v 0.001431 -0.007012 0.005500
v 0.002581 -0.006249 -0.004500
v -0.001340 -0.008835 0.001422
v -0.003630 0.006294 -0.004500
v -0.007716 -0.003491 -0.004500
v -0.012931 0.002481 0.005500
v -0.013495 0.001140 0.005500
v -0.011381 -0.004946 -0.000531
v -0.009420 0.004136 -0.004215
v -0.012951 0.002687 -0.004215
v 0.000261 -0.004529 -0.004215
v 0.002540 0.000934 -0.004215
v -0.011237 0.003390 -0.002210
v -0.001125 -0.000521 -0.000246
v 0.004347 -0.000905 -0.001967
v 0.008433 0.008875 -0.001967
v -0.007613 0.002297 -0.001967
v -0.000868 0.005061 0.008033
v -0.002583 0.004358 0.008033
v -0.009430 0.001551 0.000038
v -0.001422 0.003720 0.008033
v 0.000682 -0.002365 0.002002
v 0.020701 0.009843 -0.005398
v -0.001115 -0.004572 -0.005398
v -0.001115 -0.004572 0.004602
v 0.010753 0.003265 0.004602
v -0.010528 0.013083 -0.005398
v -0.006227 0.005029 0.004602
v 0.002232 0.003422 0.001816
v 0.004337 -0.002663 -0.004214
v -0.001238 -0.004875 0.001816
v -0.005775 0.001253 -0.006178
v 0.001072 0.004060 0.001816
v -0.013023 -0.001722 0.001816
v -0.004646 0.005640 0.013158
v -0.005940 0.004634 0.011472
v -0.002767 -0.001316 0.003158
v 0.004953 -0.002117 0.003158
v -0.000704 0.005229 0.013158
v 0.002982 -0.012107 0.003158
v -0.005375 0.003568 0.013158
v -0.002203 -0.002371 0.013158
v -0.004102 -0.007683 0.004192
v -0.002808 -0.006676 0.005878
v 0.001134 -0.007088 0.005878
v 0.006790 -0.014438 -0.004122
v -0.000930 -0.013633 -0.004122
v 0.025105 0.078521 -0.004122
v 0.020588 0.076677 -0.004122
v -0.006905 -0.002420 -0.004122
v 0.022651 0.077521 -0.000955
v 0.006472 0.020017 0.005878
v -0.070307 -0.106517 0.005191
v 0.178736 0.058037 0.005191
v 0.170636 0.052682 -0.004810
v -0.079146 -0.112358 -0.004810
v 0.187359 0.125039 -0.004810
v -0.143781 -0.010777 -0.004810
v -0.162096 -0.103736 -0.004810
v 0.194936 0.128149 0.005191
v -0.167752 -0.096385 0.005191
v -0.162414 -0.069281 0.005191
v -0.141790 -0.009954 0.005191
v -0.146235 -0.011777 -0.001643
v 0.044015 0.002411 -0.004813
v 0.044015 0.002411 0.005187
v 0.025413 0.037310 0.005187
v 0.025413 0.037310 -0.004813
v -0.039540 -0.052799 0.005187
v -0.047640 -0.058149 -0.004813
v -0.030917 0.014208 -0.004813
v -0.023330 0.017318 0.005187
v -0.029808 0.010286 -0.004836
v -0.000139 -0.045362 -0.004836
v 0.027363 0.033734 -0.004836
v 0.013237 -0.022925 0.005164
v 0.003957 -0.049619 0.005164
v 0.002027 -0.049419 0.005164
v -0.029808 0.010286 0.005164
v 0.024140 0.032415 0.005164
v 0.029417 0.034578 -0.001669
v 0.002663 -0.050625 0.003478
v 0.000764 0.000285 0.000506
v 0.000046 -0.001792 0.000506
v -0.001166 0.000485 0.000506
v -0.000519 -0.000721 -0.001180
v -0.010929 -0.030752 -0.003987
v -0.010929 -0.030752 0.006013
v 0.061241 0.016939 0.006013
v 0.052402 0.011098 -0.003987
v -0.030547 0.019720 -0.003987
v -0.032518 0.009729 -0.003987
v -0.037703 0.019465 0.006013
v -0.036214 0.027065 0.006013
v 0.006174 0.006300 0.002428
v -0.014450 -0.053027 0.002428
v -0.003548 0.002313 0.002428
v 0.001729 0.004477 -0.004406
v -0.007192 -0.034717 -0.003661
v 0.018463 0.019249 -0.003661
v -0.007192 0.008728 -0.003661
v -0.007192 0.008728 0.006339
v -0.007192 -0.053822 0.006339
v 0.029735 0.023879 0.006339
v -0.082206 0.015690 -0.006026
v -0.082206 -0.066290 -0.006026
v -0.037579 -0.101205 -0.006026
v -0.037374 -0.101205 -0.006026
v 0.065707 -0.033094 -0.006026
v 0.082276 0.026200 -0.006026
v 0.059701 0.068542 -0.006026
v -0.012274 0.087819 -0.006026
v -0.056561 0.069656 -0.006026
v -0.082206 -0.003415 0.003974
v -0.082206 -0.057121 0.003974
v 0.063572 0.061272 0.003974
v 0.083036 0.024782 0.003974
v 0.057823 -0.038303 0.003974
v -0.031143 -0.097083 0.003974
v -0.045279 0.074286 0.003974
v -0.003322 0.091492 0.003974
v -0.037374 -0.101205 -0.005848
v -0.001505 0.092239 0.002240
v 0.067052 -0.032202 -0.004320
v 0.058552 0.070694 -0.003937
v 0.084863 0.021353 0.000069
v -0.025702 0.002703 -0.005451
v 0.024345 -0.019907 -0.005451
v 0.005476 0.015490 -0.005451
v -0.032118 0.000069 0.004549
v 0.005476 0.015490 0.004549
v 0.021327 -0.014244 0.004549
v -0.034376 -0.000856 0.002816
v 0.025670 -0.022395 -0.003362
v 0.001195 -0.003572 0.006065
v -0.014614 -0.014017 0.006065
v 0.010599 0.049064 0.006065
v 0.014079 0.042530 0.006065
v -0.005385 -0.007915 -0.002229
v 0.012426 0.045634 0.002160
v 0.012108 -0.014303 0.006020
v -0.054796 0.015917 0.006020
v -0.050710 0.017588 0.006020
v 0.002735 0.003276 0.006020
v -0.052978 0.016664 0.004287
v 0.007078 -0.004875 -0.001891
v -0.013444 0.023955 -0.003885
v -0.013444 -0.010960 -0.003885
v 0.031172 -0.010960 -0.003885
v -0.013444 0.033118 0.006115
v -0.013444 -0.010960 0.006115
v 0.037619 -0.006839 0.006115
v 0.031377 -0.010960 0.006115
v 0.031377 -0.010960 -0.003707
v -0.019727 -0.003702 -0.006270
v 0.052248 -0.022979 -0.006270
v 0.049774 -0.018333 -0.006270
v -0.000273 0.004271 -0.006270
v -0.008947 0.000718 0.001997
v 0.051098 -0.020821 -0.004181
v 0.013720 -0.003545 -0.005161
v 0.000097 0.022002 -0.005161
v -0.018669 -0.024943 -0.005161
v 0.013720 -0.003545 0.004839
v -0.013988 -0.021854 0.004839
v -0.001104 0.024247 0.004839
v -0.020569 -0.026198 -0.003455
v -0.002757 0.027352 0.000935
v 0.003844 0.001210 -0.004110
v -0.001587 0.011411 -0.004110
v -0.018166 -0.047883 -0.004110
v -0.014912 -0.045735 -0.004110
v -0.016811 -0.046990 -0.002404
v 0.000990 0.006565 0.001985
v 0.007735 -0.048023 -0.004382
v 0.007735 -0.048023 0.005618
v 0.004573 -0.042214 0.005618
v 0.004573 -0.042214 -0.004382
v 0.007879 -0.047498 0.005618
v 0.007879 -0.047498 -0.004382
v 0.007683 -0.047985 0.005618
v 0.006072 -0.045421 0.005618
v 0.007683 -0.047985 -0.004382
v 0.006072 -0.045421 -0.004382
v 0.007735 -0.048023 0.005618
v 0.007766 -0.047947 0.005618
v 0.007735 -0.048023 -0.004382
v 0.007766 -0.047947 -0.004382
v -0.016698 0.017918 0.005618
v -0.016698 0.017918 -0.004382
v 0.014592 0.022981 -0.004382
v 0.014592 0.022981 0.005618
v -0.002141 -0.003853 -0.007724
v -0.004430 0.002611 -0.007724
v -0.004430 0.002611 0.002276
v 0.001041 -0.012848 0.002276
v 0.009326 0.000680 0.002276
v 0.001319 0.001799 -0.007724
v 0.002530 0.005878 -0.000587
v 0.001996 0.000263 0.004759
v -0.003671 -0.004167 0.004759
v -0.010806 -0.005319 0.000204
v 0.002109 0.001448 -0.005241
v 0.001647 -0.003307 -0.005241
v 0.001647 -0.003307 0.004759
v -0.004307 -0.004269 -0.005241
v 0.027507 0.007690 0.003937
v -0.004543 0.030981 0.003937
v -0.004543 0.030981 -0.006063
v 0.016851 0.015430 -0.006063
v -0.010713 -0.021303 0.003937
v -0.009409 -0.025008 -0.000113
v -0.012253 -0.016975 -0.006063
v -0.028217 0.028158 -0.006063
v -0.025034 0.019168 0.003937
v -0.016750 0.032691 0.003937
v -0.024747 0.033816 -0.006063
v 0.025618 -0.018847 -0.001409
v 0.026101 -0.013757 0.003937
v 0.028020 0.006327 0.003937
v 0.026450 -0.010090 -0.006063
v 0.026080 -0.013957 -0.006063
v 0.005907 -0.029741 -0.006063
v 0.008854 -0.029129 0.003937
v 0.008977 -0.030579 0.002152
v 0.012283 -0.030044 -0.000618
v 0.005866 -0.031082 -0.004715
v 0.002910 -0.031558 -0.002190
v 0.005117 0.006240 0.001178
v 0.005589 0.011130 -0.003476
v 0.004696 0.001810 -0.003476
v -0.014594 -0.004653 -0.003476
v -0.013054 -0.005741 -0.003476
v -0.001710 -0.003907 -0.003476
v -0.008219 -0.004956 0.001969
v -0.014625 -0.005995 -0.002128
v 0.001216 0.004942 0.002094
v 0.003136 -0.000499 -0.003857
v -0.001628 0.012969 -0.003857
v 0.016533 0.000204 -0.003857
v 0.008115 -0.002490 -0.003857
v 0.014377 -0.001478 -0.003857
v 0.016492 -0.001132 -0.002509
v 0.013535 -0.001614 0.000017
v -0.002911 -0.001998 -0.001475
v 0.000785 -0.001397 -0.001475
v -0.000765 -0.000315 -0.001475
v -0.000796 -0.001651 -0.000126
v 0.000241 0.000079 -0.000016
v 0.000241 0.000079 0.009984
v -0.000355 0.000518 0.009984
v -0.011011 0.008258 -0.000016
v 0.000148 -0.000846 0.009984
v -0.001412 -0.017262 -0.000016
v 0.003331 0.000880 0.002452
v 0.003875 0.006495 -0.002894
v -0.009461 -0.004702 -0.002103
v -0.002326 -0.003550 0.002452
v 0.004357 0.011584 0.002452
v -0.010282 -0.004837 0.002452
v -0.012890 -0.003793 0.002452
v -0.012766 -0.005238 0.000668
v -0.006145 0.004250 0.003836
v -0.008075 0.009713 -0.000214
v -0.009389 0.013418 0.003836
v 0.008176 0.003795 0.003836
v -0.002942 0.002000 0.003836
v 0.010188 0.005591 0.003836
v 0.010312 0.004142 0.002051
v 0.004244 0.003163 -0.002290
v -0.004051 0.005213 0.000718
v -0.002121 -0.000251 0.004767
v -0.001197 -0.002874 0.004767
v -0.001197 -0.002874 -0.005232
v -0.002131 -0.000229 -0.005232
v 0.002848 -0.002219 -0.005232
v 0.001082 -0.002506 0.004767
v 0.008269 -0.001343 -0.001359
v 0.000415 -0.001111 0.000713
v 0.003033 -0.002155 0.000713
v -0.001597 -0.002901 0.000713
v 0.000538 -0.002555 -0.001071
v 0.049774 0.012277 0.005337
v 0.050482 0.012655 0.005337
v 0.050482 0.012655 -0.004663
v 0.049774 0.012277 -0.004663
v -0.008085 -0.011447 0.005337
v -0.010323 -0.010744 0.005337
v -0.001320 0.003227 0.005337
v 0.003177 -0.006828 -0.004663
v -0.003496 0.002833 -0.004663
v -0.006350 -0.003826 -0.004663
v -0.007346 0.002129 -0.000118
v -0.011925 -0.006633 0.000922
v -0.011935 -0.006601 0.000950
v -0.011812 -0.007033 0.001366
v -0.000180 0.001881 0.002832
v 0.010486 0.003822 0.002832
v 0.001473 -0.010149 0.002832
v 0.001052 -0.010019 0.002832
v -0.001546 -0.001284 0.002832
v 0.004450 0.002724 -0.002623
v -0.000006 -0.006438 -0.001139
v -0.000139 -0.006011 -0.001555
v 0.002037 -0.002360 0.008424
v -0.000119 -0.003242 0.008424
v -0.000468 -0.002063 0.008424
v -0.000201 -0.001657 0.008424
v 0.013299 0.002259 -0.001576
v 0.000158 -0.003128 -0.001576
v -0.000119 -0.003242 -0.001283
v 0.003762 0.005261 -0.001576
v -0.001813 0.002454 0.004008
v -0.001689 0.002054 0.004453
v 0.001616 -0.001327 -0.005866
v 0.001452 -0.000786 -0.005866
v 0.001873 -0.000921 -0.005866
v 0.000395 0.002789 -0.009837
v -0.001731 -0.001960 0.005250
v -0.002552 0.000810 0.005250
v -0.000365 0.001204 0.005250
v -0.002059 -0.000862 -0.004751
v -0.000765 0.001134 -0.004751
v -0.002552 0.000810 -0.004751
v 0.004265 0.002048 -0.000205
v -0.000324 -0.006682 0.000863
v -0.001340 -0.001614 0.002953
v -0.002829 0.003417 -0.002632
v 0.004234 0.001188 -0.002632
v 0.000354 -0.007315 -0.002338
v 0.000631 -0.007201 -0.002632
v 0.000354 -0.007315 -0.002632
v -0.004492 -0.001181 -0.002158
v -0.003003 -0.006211 0.003427
v 0.002581 -0.003404 -0.002158
v 0.005435 0.003255 -0.002158
v -0.003455 0.001637 -0.002158
v -0.004738 -0.000359 -0.002158
v 0.001575 0.002551 0.002387
v -0.003014 -0.006179 0.003455
v -0.052773 -0.037708 0.004999
v -0.052773 -0.037708 -0.005001
v -0.064949 0.003282 -0.005001
v -0.064949 0.003282 0.004999
v 0.075552 0.014927 0.004999
v 0.071620 0.028147 0.004999
v 0.075552 0.014927 -0.005001
v 0.071620 0.028147 -0.005001
v -0.001936 -0.008142 0.002742
v -0.004020 -0.001094 0.002742
v 0.016081 0.030083 0.002742
v 0.020660 0.030916 0.002742
v 0.018914 0.030597 0.000185
v -0.002767 -0.005313 -0.001320
v -0.026153 -0.022914 0.005962
v -0.002244 0.033567 0.005962
v 0.000805 0.034124 0.005962
v 0.012981 -0.006866 0.005962
v 0.002284 0.029175 -0.004038
v 0.012981 -0.006866 -0.004038
v 0.000805 0.034124 0.001548
v -0.018433 -0.019750 -0.004038
v -0.089597 -0.017570 0.004426
v -0.067002 0.021483 0.004426
v 0.102367 0.052315 0.004426
v 0.078457 -0.004167 0.004426
v -0.048964 -0.056434 0.004426
v -0.082257 -0.042268 0.004426
v 0.105416 0.052872 0.000011
v 0.105416 0.052872 -0.005575
v 0.106894 0.047922 -0.005575
v 0.086177 -0.001002 -0.005575
v -0.041234 -0.053259 -0.005575
v -0.060503 0.022668 -0.005575
v -0.088601 -0.020902 -0.005575
v -0.084454 -0.034868 -0.005575
v -0.068747 0.021164 0.001869
v -0.090429 -0.014741 0.000364
v -0.002480 -0.019734 0.005798
v -0.010241 0.006376 0.005798
v 0.017621 0.011449 0.005798
v -0.010241 0.006376 -0.004202
v -0.002459 -0.019810 -0.004202
v 0.015383 0.011038 -0.004202
v 0.020454 0.011963 0.003241
v -0.001227 -0.023948 0.001736
v -0.012849 0.013937 0.004137
v 0.020444 -0.000234 0.004137
v -0.005478 -0.010863 0.004137
v 0.028174 0.002941 -0.005863
v -0.005478 -0.010863 -0.005863
v -0.015045 0.021332 -0.005863
v -0.014922 -0.025403 -0.005101
v -0.011863 -0.035701 -0.005101
v 0.016235 0.007868 -0.005101
v 0.002920 0.005445 -0.005101
v 0.007991 0.006365 0.002343
v -0.013690 -0.029540 0.000838
v -0.172105 -0.134357 -0.004847
v -0.172105 -0.134357 0.005153
v -0.172105 0.038792 0.005153
v -0.172105 0.038792 -0.004847
v 0.205089 0.020347 0.005153
v 0.205089 0.020347 -0.004847
v 0.180543 0.102992 -0.004847
v 0.180543 0.102992 0.005153
v 0.013597 0.049550 0.005423
v 0.013597 0.049550 -0.004577
v -0.014594 -0.013914 -0.004577
v 0.006893 -0.019653 -0.004577
v 0.006893 -0.019653 0.005423
v -0.014594 -0.013914 0.005423
v 0.008186 0.023977 -0.004620
v -0.001505 0.026562 -0.004620
v -0.004092 0.025118 -0.004620
v -0.018957 -0.008359 -0.004620
v -0.011627 -0.019042 -0.004620
v 0.014018 -0.022428 -0.004620
v 0.016882 0.007209 -0.004620
v -0.022642 -0.017587 0.005380
v 0.014018 -0.022428 0.005380
v -0.007911 0.016512 0.005380
v 0.006318 0.024474 0.005380
v 0.008659 0.023847 0.005380
v 0.016964 0.008058 0.005380
v -0.022889 -0.017224 0.005380
v 0.017559 0.014208 0.000290
v 0.013145 0.022651 0.000253
v -0.000334 -0.013595 -0.002415
v 0.000918 -0.000667 -0.002415
v 0.000189 0.000707 -0.002415
v -0.009040 0.003168 -0.002415
v 0.000343 -0.006601 0.002494
v -0.004071 0.001843 0.002458
v -0.001063 -0.001094 -0.001287
v 0.010342 -0.002598 -0.001287
v 0.003012 0.008085 -0.001287
v -0.001063 -0.001094 0.008713
v -0.000673 -0.001143 0.008713
v -0.000919 -0.000775 0.008713
v -0.000683 0.000399 -0.010475
v -0.001535 -0.001511 -0.010475
v 0.001052 -0.000067 -0.010475
v -0.000683 0.000399 -0.000475
v 0.008874 -0.002155 -0.000475
v -0.005354 -0.010117 -0.000475
v 0.000046 -0.012740 0.002171
v -0.008270 0.003054 0.002171
v 0.001319 0.000496 0.002171
v 0.001319 0.000496 0.002052
v 0.000641 -0.006590 -0.002919
v -0.003773 0.001854 -0.002955
v 0.002622 -0.000883 -0.005200
v 0.002735 0.000269 -0.005200
v 0.001893 0.000490 -0.005200
v 0.002735 0.000269 0.004681
v 0.002047 -0.006817 -0.000290
v -0.002367 0.001626 -0.000326
v 0.049733 0.002048 0.005548
v 0.049754 0.000929 0.005548
v -0.008403 -0.007336 0.005548
v -0.008188 0.007268 0.005548
v -0.008403 -0.007336 -0.004452
v 0.043748 0.000074 -0.004452
v 0.043717 0.002589 -0.004452
v -0.000642 0.006586 -0.004452
v -0.008332 -0.002311 -0.004452
v -0.008188 0.007268 0.003719
v 0.007180 -0.000445 0.010813
v 0.007160 0.000674 0.010813
v 0.011995 0.000236 0.010813
v 0.011995 0.000236 0.000813
v 0.001144 0.001215 0.000813
v 0.001185 -0.001300 0.000813
v -0.000427 -0.000624 -0.000100
v -0.000570 -0.010198 -0.000100
v 0.007119 -0.001305 -0.000100
v -0.000427 -0.000624 0.008072
v -0.174590 0.013705 -0.004418
v -0.033186 -0.029503 -0.004418
v -0.004831 -0.037724 -0.004418
v 0.001596 -0.039434 -0.004418
v 0.104677 -0.029346 -0.004418
v 0.206516 -0.014871 -0.004418
v 0.206731 -0.000272 -0.004418
v -0.191498 0.035611 -0.004418
v -0.194023 0.019887 -0.004418
v -0.033186 -0.029503 0.005582
v -0.174590 0.013710 0.005582
v 0.206731 -0.000272 0.005582
v 0.206516 -0.014871 0.001015
v 0.206577 -0.011085 0.005582
v -0.004831 -0.037724 -0.001595
v -0.020148 -0.033284 0.005582
v -0.194886 0.035914 0.005582
v -0.196785 0.036087 0.002683
v -0.198304 0.021250 0.001535
v -0.195686 0.020417 0.005582
v -0.003240 0.007284 -0.003350
v -0.003968 -0.006747 -0.003350
v 0.004162 -0.009332 -0.003350
v 0.006688 0.006386 -0.003350
v 0.001401 0.006862 0.003751
v -0.000108 -0.007975 0.002603
v -0.043944 -0.001554 -0.007633
v -0.032775 -0.004524 -0.007633
v 0.059137 0.008539 -0.007633
v 0.160976 0.023008 0.002367
v 0.160976 0.023008 -0.002199
v -0.032775 -0.004524 0.002367
v -0.050381 0.000155 -0.004809
v -0.050381 0.000155 0.002367
v -0.065698 0.004601 0.002367
v 0.161027 0.026795 0.002367
v 0.006380 -0.008526 -0.004192
v 0.007098 0.005505 -0.004192
v -0.055463 0.011141 -0.004192
v 0.011749 0.005083 0.002909
v 0.009593 0.005277 0.005808
v -0.055463 0.011141 0.005808
v 0.007324 -0.008829 0.005808
v 0.010229 -0.009754 0.001761
v 0.003977 0.015338 0.004041
v -0.000078 0.015706 0.004041
v 0.002078 0.015511 0.001141
v 0.000559 0.000674 -0.000007
v -0.002346 0.001599 0.004041
v 0.003177 -0.000159 0.004041
v -0.002500 -0.003869 0.003840
v -0.001515 -0.004470 0.004033
v -0.003342 -0.006298 0.007314
v -0.004287 -0.006612 0.008237
v -0.002346 -0.005308 0.001734
v -0.004625 -0.007580 0.000642
v -0.004625 -0.007580 0.008331
v -0.004882 -0.007796 0.000501
v -0.004882 -0.007796 0.008549
v -0.004769 -0.007347 0.008549
v -0.004769 -0.007347 0.000431
v -0.003332 -0.005140 0.000843
v -0.000242 -0.003950 0.001467
v -0.001053 -0.002641 0.000303
v -0.000139 -0.001240 -0.001943
v 0.001657 -0.002057 -0.001943
v -0.001905 -0.005622 0.000667
v -0.002849 -0.006563 -0.001943
v -0.003373 -0.006184 -0.001943
v -0.002891 -0.005454 -0.000223
v -0.003260 -0.004681 0.001760
v -0.003373 -0.005135 0.001760
v -0.003106 -0.004919 0.001760
v -0.001782 -0.003588 0.001760
v -0.002295 -0.003209 0.001760
v -0.000837 -0.002641 0.004370
v -0.003106 -0.004919 0.003277
v -0.003373 -0.005135 0.003137
v -0.001823 -0.002479 0.003479
v -0.003260 -0.004681 0.003067
v -0.001967 -0.005146 -0.001527
v -0.001156 -0.006460 -0.000363
v 0.000744 -0.004562 -0.003773
v -0.001053 -0.003745 -0.003773
v 0.000949 -0.004356 0.000645
v 0.006523 0.001221 -0.003773
v 0.008607 0.009605 -0.003773
v 0.004398 0.004607 -0.003773
v 0.004398 0.004607 -0.000643
v 0.003392 0.003071 0.000012
v -0.003168 -0.009202 -0.005428
v -0.003168 -0.009202 0.004572
v 0.010414 0.006705 0.004572
v 0.010414 0.006705 -0.005428
v 0.005394 0.011033 0.004572
v 0.005394 0.011033 -0.005428
v -0.030927 -0.036956 -0.001009
v -0.019306 -0.025332 0.004572
v -0.025353 -0.031380 -0.005428
v -0.023269 -0.022990 -0.005428
v -0.013095 -0.010912 0.004572
v -0.028484 -0.029530 -0.001643
v -0.027478 -0.027994 -0.002298
v -0.027478 -0.027994 -0.001355
v -0.000714 -0.000364 -0.002995
v 0.000117 0.000469 -0.000696
v 0.000949 0.001302 -0.002195
v 0.000138 0.002611 -0.003358
v -0.000868 0.001069 -0.000889
v -0.001700 -0.000202 -0.003885
v 0.000128 -0.002111 0.001527
v -0.001207 -0.003442 -0.002139
v -0.003548 -0.005784 -0.000283
v -0.004554 -0.006790 0.001527
v -0.004862 -0.006649 0.001527
v -0.001238 -0.001111 0.001527
v -0.001946 -0.002192 -0.001024
v -0.004502 -0.006098 0.000640
v -0.004215 -0.009900 0.000321
v 0.008494 0.002816 0.000321
v -0.003127 -0.008813 -0.005260
v -0.005549 -0.011231 -0.003345
v 0.000323 0.000155 0.000321
v 0.014705 0.017231 0.000321
v -0.005590 -0.008894 0.000321
v -0.000683 -0.001386 -0.005894
v 0.000323 0.000155 -0.005606
v -0.006299 -0.009981 -0.002230
v -0.001772 -0.001349 -0.002315
v -0.001505 -0.001067 -0.002315
v -0.000488 -0.000061 -0.004125
v -0.001772 -0.001349 -0.003108
v -0.001802 -0.000932 -0.002315
v -0.002038 -0.001565 -0.002315
v -0.001926 -0.001111 -0.002315
v -0.002038 -0.001565 -0.002890
v -0.001926 -0.001111 -0.002890
v -0.001443 -0.000375 -0.003203
v -0.003127 -0.003144 0.004570
v -0.001299 -0.001316 0.001289
v -0.002285 -0.000716 0.001096
v -0.004071 -0.003458 0.005493
v -0.000776 -0.000802 0.002714
v -0.001525 0.000447 0.003829
v 0.002201 0.005835 0.000080
v 0.000097 0.003731 -0.000929
v -0.000735 0.002898 0.000570
v -0.000221 0.003417 0.001996
v 0.004645 0.013261 -0.000554
v -0.000961 0.004661 0.003110
v -0.001720 0.003503 0.000377
v -0.000714 0.005045 -0.002092
v 0.003567 0.003395 0.002954
v -0.000827 0.003163 0.002954
v -0.001977 0.001799 0.000881
v 0.000949 -0.000050 -0.002287
v 0.001760 -0.004053 -0.001210
v 0.001760 -0.004053 0.002954
v 0.003854 -0.001597 0.002954
v -0.003250 0.000280 0.002954
v -0.003250 0.000280 0.002738
v 0.001319 -0.003669 -0.001998
v 0.003115 0.001388 0.002489
v 0.000497 -0.002052 -0.002751
v -0.002429 -0.000207 0.000417
v -0.001279 0.001161 0.002489
v 0.002848 0.006056 0.002489
v 0.000025 0.002697 -0.003130
v 0.003084 0.000626 -0.000824
v 0.003084 0.000626 0.009176
v 0.001431 0.001004 0.009176
v -0.004605 0.002400 0.000565
v -0.004605 0.002400 -0.000824
v -0.003045 -0.006541 -0.000824
v 0.001914 -0.000737 0.009176
v -0.005293 0.001583 -0.000824
v 0.001852 -0.002295 0.003193
v 0.006318 0.002946 0.003193
v 0.001688 -0.002479 -0.005024
v -0.000252 -0.004745 -0.002221
v -0.000252 -0.004745 -0.000971
v 0.001555 0.002697 0.003193
v -0.000694 -0.004361 -0.001759
v -0.001063 -0.000743 -0.002048
v 0.005384 0.012163 0.005464
v 0.005384 0.012163 -0.003146
v 0.011420 0.010773 0.005464
v -0.017417 -0.025300 0.005464
v 0.011903 0.009031 0.005464
v 0.006944 0.003227 -0.004536
v -0.020825 -0.029281 -0.004536
v -0.022057 -0.030725 -0.002753
v 0.004696 0.011352 -0.004536
v -0.022263 -0.020648 -0.004536
v -0.022458 -0.020881 0.005464
v -0.022191 -0.025549 0.005464
v -0.025281 -0.024240 -0.000155
v -0.024798 -0.028989 0.000224
v 0.004480 -0.003885 -0.002087
v 0.005712 -0.002441 -0.003869
v 0.003474 -0.005059 -0.003869
v 0.004275 0.006186 -0.003869
v -0.000950 -0.000018 -0.003869
v -0.000765 -0.003301 -0.003869
v 0.001401 -0.005167 -0.003869
v 0.001247 0.002600 0.000511
v 0.000210 -0.004145 -0.002147
v 0.001729 -0.002149 0.000890
v 0.001965 0.000804 -0.001552
v 0.000959 -0.000370 -0.003334
v 0.000025 -0.001462 -0.003334
v 0.000025 -0.001462 0.001251
v -0.001115 -0.000478 -0.003334
v -0.002305 0.000545 -0.001612
v -0.000416 -0.001078 0.001714
v -0.000786 0.002541 0.001425
v -0.001258 0.002773 -0.005810
v -0.002788 0.000961 -0.005810
v -0.001073 -0.000516 -0.005810
v 0.000939 0.005386 -0.001430
v -0.001505 0.002481 0.002117
v -0.002788 0.000961 -0.000187
v -0.000098 -0.001359 -0.004088
v 0.001421 0.000637 -0.001051
v -0.001392 0.000258 0.002781
v -0.002675 -0.001262 0.004638
v -0.002675 -0.001262 0.000477
v 0.001904 -0.005205 -0.000098
v 0.000015 -0.003583 -0.003424
v 0.001534 -0.001587 -0.000387
v 0.001113 0.035471 0.005527
v 0.018504 -0.020626 0.005527
v -0.019285 -0.018409 0.005527
v -0.020805 -0.016683 0.005527
v -0.005765 0.036369 0.005527
v -0.018834 -0.009738 -0.004474
v -0.010785 -0.018906 -0.004474
v 0.018504 -0.020626 -0.004474
v -0.000848 0.041778 -0.004474
v -0.004112 0.042205 -0.004474
v -0.002819 -0.000889 0.000453
v 0.000343 0.010238 0.000453
v 0.004060 -0.001781 0.000453
v -0.001156 0.004948 -0.009547
v 0.002109 0.004526 -0.009547
v 0.000343 0.010238 -0.009547
v -0.000817 -0.001484 0.009661
v -0.000365 0.000128 0.009661
v 0.001154 -0.001597 0.009661
v 0.001606 0.007073 -0.000339
v -0.000817 -0.001484 -0.000339
v 0.009655 -0.002095 -0.000339
v 0.000456 -0.003372 0.002503
v 0.000456 -0.003372 -0.007497
v -0.005324 -0.005011 -0.007497
v -0.005324 -0.005011 0.002503
v 0.007242 0.001221 0.002503
v -0.001474 0.008593 0.002503
v 0.002006 -0.002328 -0.007497
v -0.003301 0.002156 -0.007497
v 0.001503 -0.005351 0.008018
v 0.003536 -0.000029 0.006137
v 0.005415 0.002519 0.006137
v 0.003320 -0.001700 0.006137
v -0.001546 -0.004870 0.002579
v 0.002253 -0.002852 -0.002383
v 0.002807 0.002422 -0.002203
v -0.000581 0.002622 0.002579
v 0.007180 -0.006568 0.002579
v 0.004840 -0.011280 0.002579
v 0.007427 0.002151 0.002579
v 0.007714 0.001204 0.002579
v 0.005415 -0.010133 0.001120
v 0.007427 0.002151 0.002235
v 0.000898 -0.003480 -0.009380
v -0.001135 -0.008797 -0.007498
v 0.002776 -0.000927 -0.009380
v 0.002058 0.005553 -0.009380
v -0.001802 0.003503 -0.004341
v -0.003609 -0.013773 -0.004931
v 0.001360 -0.003783 -0.000838
v 0.004686 0.002919 -0.009380
v 0.000579 -0.005470 -0.002081
v -0.003219 -0.007493 0.002881
v -0.002254 0.000004 0.002881
v 0.001134 -0.000196 -0.001900
v -0.001782 -0.000029 -0.004700
v -0.011216 0.000528 0.002881
v 0.024027 0.027341 -0.002557
v 0.026388 0.021894 0.000062
v 0.022590 0.019876 0.005024
v 0.014592 0.027893 0.005024
v -0.015056 -0.033100 0.005024
v -0.023772 -0.025727 0.005024
v -0.012623 0.013629 0.005024
v 0.002776 0.028585 0.005024
v 0.019243 -0.006146 0.005024
v 0.016440 -0.011788 0.005024
v 0.024592 0.004618 -0.000528
v 0.023534 0.002497 -0.001397
v 0.016440 -0.011788 0.002019
v 0.002355 -0.021319 -0.004976
v -0.020291 -0.036643 -0.004976
v -0.008773 0.027195 -0.004976
v -0.025599 -0.032164 -0.004976
v 0.019777 0.002303 -0.004976
v 0.021512 0.027487 -0.004976
v -0.006761 0.029148 -0.004976
v 0.001626 0.001340 0.000560
v -0.001525 0.008626 -0.002943
v -0.003332 -0.008651 -0.003533
v 0.001062 0.000198 0.002019
v -0.008681 -0.019420 0.002019
v -0.005334 0.006603 0.002019
v 0.000241 -0.008840 0.004158
v 0.003567 -0.002144 -0.004383
v 0.000939 0.000490 -0.004383
v -0.002921 -0.001560 0.000655
v 0.002550 0.002497 0.005617
v 0.003823 -0.001624 0.005617
v 0.002006 -0.005276 0.005617
v 0.003823 -0.001624 -0.004383
v 0.001329 0.003498 -0.004383
v 0.002253 0.003444 -0.004383
v 0.002253 0.003444 0.005273
v -0.002367 0.003714 0.000835
v 0.001277 0.004066 0.000511
v -0.001484 -0.001478 0.000511
v -0.001484 -0.001478 0.007506
v 0.005620 0.012807 0.004090
v -0.015569 -0.011009 0.000511
v 0.001863 0.012612 0.000511
v -0.000386 -0.003112 -0.002919
v -0.002408 -0.008434 -0.001037
v -0.004882 -0.013411 0.001530
v -0.003075 0.003866 0.002119
v 0.000785 0.005916 -0.002919
v -0.005940 -0.015536 0.000660
v -0.002429 0.009134 -0.002919
v -0.007962 0.009459 -0.002919
v -0.009687 -0.015731 -0.002919
v -0.005437 0.009313 -0.000500
v -0.005354 -0.015558 0.000318
v -0.000940 0.000042 0.000318
v 0.010034 -0.000602 0.000318
v 0.000497 -0.000040 -0.009682
v -0.000940 0.000042 -0.009682
v -0.001515 -0.001992 -0.009682
v 0.008412 0.010833 -0.002305
v -0.001269 -0.008656 -0.002305
v 0.003074 0.000085 0.001275
v 0.006606 0.007181 -0.000423
v 0.008628 0.012504 -0.002305
v -0.000683 -0.000110 -0.002305
v -0.000314 -0.006379 0.001560
v -0.002675 -0.000932 -0.001060
v 0.000241 -0.001105 0.001740
v 0.003936 -0.001322 -0.003478
v 0.000333 -0.001111 -0.003478
v 0.003546 -0.004329 -0.003478
v -0.000211 -0.000802 0.000882
v 0.000312 -0.000564 0.000376
v -0.000314 -0.000359 0.000381
v -0.000232 -0.000678 0.000993
v 0.000097 -0.000094 0.000932
v -0.000334 -0.000299 0.000457
v 0.000056 -0.011144 0.002459
v -0.003897 -0.013048 -0.001936
v -0.004923 -0.010852 0.000655
v -0.005272 -0.009435 0.002459
v -0.005406 -0.008867 0.002459
v -0.002398 -0.002636 0.002459
v 0.006215 -0.001408 0.002459
v 0.002396 -0.001954 -0.003088
v -0.000283 -0.000802 0.004283
v 0.000497 -0.003950 0.008701
v 0.000097 -0.000207 0.004283
v -0.000478 -0.000018 0.004283
v 0.044374 0.011314 -0.003958
v 0.044374 0.011314 0.006042
v 0.042095 0.011195 0.006042
v 0.042095 0.011195 -0.003958
v 0.047957 0.011092 -0.003958
v 0.047957 0.011092 0.006042
v -0.007582 0.004136 -0.003958
v -0.012294 -0.005589 -0.003958
v -0.000262 -0.009592 -0.003958
v -0.005580 -0.011875 0.000996
v -0.000714 -0.009787 0.006042
v -0.013773 -0.005600 0.006042
v -0.007613 0.004136 0.006042
v -0.011432 0.003590 0.000495
v -0.017509 -0.007980 0.001091
v -0.017725 -0.007504 0.001647
v -0.004584 0.002649 -0.001275
v -0.004923 0.002059 -0.001214
v -0.004892 0.001935 -0.001325
v -0.004369 0.002173 -0.001831
v 0.002160 -0.004042 0.003121
v 0.012426 0.000366 0.003121
v 0.007560 -0.001722 -0.001926
v -0.003917 -0.002019 0.003121
v -0.004164 -0.001029 0.003121
v -0.000632 0.004553 0.003121
v -0.001823 0.001210 -0.000417
v -0.000796 -0.000986 -0.003008
v 0.003156 0.000918 0.001387
v -0.002172 0.002627 0.001387
v -0.000375 -0.004659 0.001387
v -0.001135 -0.001576 -0.002947
v -0.005344 0.002400 0.004567
v -0.000950 0.003027 0.004567
v -0.003958 -0.003204 0.004567
v -0.003404 -0.003350 -0.005433
v 0.000785 0.003271 -0.005433
v -0.005344 0.002400 -0.005433
v -0.003968 -0.003161 -0.005433
v 0.003854 0.003709 -0.000981
v -0.003476 -0.005194 0.002762
v -0.002880 -0.007596 -0.000305
v -0.003003 -0.007093 -0.001015
v -0.002449 -0.007390 0.000171
v -0.000416 -0.003945 0.004858
v 0.004624 -0.001781 0.004858
v 0.010034 0.000539 -0.000189
v 0.005261 -0.001511 -0.005142
v -0.000416 -0.003945 -0.005142
v -0.001443 0.000236 0.004858
v -0.000909 -0.001922 -0.005142
v 0.000097 0.000150 -0.005142
v -0.002418 0.004196 0.000412
v -0.001895 0.004434 -0.000094
v 0.004470 0.001004 -0.002644
v 0.001236 -0.005665 -0.002644
v -0.000755 -0.001381 0.002404
v -0.001525 -0.000608 0.001774
v -0.002295 0.002535 -0.002644
v -0.001926 0.003130 -0.002644
v -0.000406 -0.005135 -0.002644
v -0.001381 -0.001175 0.002409
v -0.003404 -0.006741 0.004306
v -0.003178 -0.007212 0.003750
v -0.003814 -0.007006 0.003756
v -0.003835 -0.006947 0.003831
v 0.002037 -0.004827 -0.001298
v 0.006749 0.004904 -0.001298
v -0.000170 0.003925 -0.001298
v -0.004359 -0.002695 -0.001298
v 0.002899 0.004358 0.003154
v -0.003958 -0.006438 0.003120
v -0.003927 -0.001603 -0.001951
v -0.000704 0.005067 -0.001951
v -0.005919 0.002681 0.003097
v 0.001236 -0.003263 -0.001951
v 0.006010 -0.001213 0.003002
v 0.011318 0.001064 -0.001951
v -0.000827 0.001929 0.010630
v -0.001351 0.001691 0.011135
v -0.001453 0.002140 0.010635
v 0.001165 -0.002349 0.005581
v -0.000478 -0.001825 0.005581
v 0.000158 -0.004426 0.005581
v -0.004708 0.000837 0.002885
v -0.005129 0.000631 0.002409
v -0.005036 0.000247 0.002946
v -0.005724 0.003033 0.005476
v 0.004131 0.001589 0.000886
v -0.007798 0.004152 -0.005506
v -0.003630 0.000766 -0.005743
v 0.002746 -0.001040 -0.002754
v 0.002899 -0.001073 -0.002669
v 0.005928 0.000231 0.000886
v 0.002746 -0.001040 0.000886
v 0.002899 -0.001073 0.000886
v -0.007767 0.001935 -0.003019
v -0.001381 0.000128 0.000886
v 0.016974 -0.008824 -0.004831
v 0.023698 -0.010274 -0.001222
v -0.003383 0.011790 0.000324
v -0.007787 0.009918 -0.004831
v 0.013771 -0.009673 -0.004831
v -0.007982 0.009616 -0.004831
v -0.004502 -0.004497 -0.004831
v 0.017806 -0.010814 0.005169
v 0.023729 -0.012491 0.001264
v -0.004502 -0.004497 0.005169
v -0.006227 0.002492 0.005169
v -0.003168 0.007328 0.005169
v 0.000210 -0.000948 0.008211
v -0.002819 -0.002246 0.004656
v -0.002962 -0.002219 0.004571
v -0.009348 -0.000413 0.001582
v -0.013506 0.002979 0.001819
v -0.001587 0.000409 0.008211
v -0.002962 -0.002219 -0.001789
v -0.002819 -0.002246 -0.001789
v 0.056026 0.022992 -0.001789
v 0.057422 0.025010 -0.001789
v -0.013547 0.006197 -0.001789
v -0.004235 -0.001862 -0.001789
v 0.011400 0.003850 0.008211
v 0.058038 0.023858 -0.000323
v 0.023462 -0.019593 -0.002717
v 0.016738 -0.018144 -0.006326
v -0.008024 0.000599 -0.006326
v -0.003619 0.002470 -0.001171
v 0.023421 -0.016369 -0.006326
v -0.003845 0.007214 -0.006326
v -0.020897 -0.010960 -0.004559
v -0.012284 -0.008678 -0.004559
v 0.003998 -0.001695 -0.004559
v -0.007582 0.008177 -0.004559
v -0.008588 -0.007093 0.005441
v 0.012324 0.001881 0.005441
v -0.020291 -0.012113 -0.003092
v 0.003125 0.009724 0.005441
v 0.051807 0.011920 -0.004711
v 0.040915 0.021218 -0.004711
v -0.053256 0.007836 -0.004711
v -0.059754 -0.002441 -0.004711
v -0.032487 -0.026025 -0.004711
v 0.038482 -0.007212 -0.004711
v 0.051643 0.022743 0.005289
v -0.046377 0.008815 0.005289
v -0.007531 -0.028372 0.005289
v 0.050801 -0.003345 0.005289
v 0.039097 -0.008364 -0.003244
v -0.020528 -0.031812 0.005289
v -0.055381 -0.005427 0.005289
v 0.062514 0.013472 0.005289
v -0.032446 -0.029248 -0.001103
v -0.059528 -0.007185 0.000444
v -0.006299 0.003509 -0.004272
v 0.001442 -0.003182 -0.004272
v 0.007940 0.007095 -0.004272
v -0.006668 0.005018 -0.004272
v 0.014818 0.008074 0.005728
v -0.006668 0.005018 0.005728
v -0.006145 0.002876 0.005728
v -0.004769 -0.002690 0.001250
v 0.005815 -0.006168 0.005728
v 0.001668 -0.007926 0.000883
v -0.005426 0.009507 -0.002529
v -0.002213 -0.003550 -0.002529
v -0.001884 -0.003793 -0.002529
v 0.002304 0.002822 -0.002529
v -0.003907 0.003314 0.002992
v 0.002530 -0.001927 0.002625
v -0.008136 -0.000791 -0.000877
v -0.001238 -0.002744 -0.000877
v -0.004944 0.000058 -0.000877
v 0.005948 -0.004783 0.002493
v 0.001822 -0.003610 0.005217
v 0.001791 -0.001392 0.002731
v -0.001320 0.001513 -0.005676
v 0.010989 -0.001976 -0.005676
v 0.001668 0.006083 -0.005676
v -0.005026 0.004309 -0.005676
v 0.005877 -0.000526 -0.002305
v 0.001709 0.002865 -0.002067
v -0.015220 0.000474 -0.005053
v -0.004317 -0.008824 -0.005053
v 0.004060 0.003211 -0.005053
v 0.013340 0.004531 0.003633
v 0.013340 0.004531 0.004947
v -0.004482 0.002000 0.004947
v 0.013669 0.003190 0.004947
v 0.006390 -0.007271 0.004947
v -0.002038 -0.002571 -0.007492
v -0.001843 -0.002268 -0.007492
v -0.002172 -0.002019 -0.007492
v -0.000283 -0.009689 0.002508
v -0.003866 0.004845 -0.001971
v -0.002624 -0.000180 0.002508
v 0.002776 -0.004859 0.002508
v 0.002561 -0.000397 -0.002338
v 0.001811 -0.000337 -0.001258
v 0.000405 -0.002349 -0.001258
v 0.010435 0.001951 -0.001258
v 0.002417 -0.001489 0.000208
v 0.005025 -0.005762 -0.006045
v 0.000425 0.012877 -0.006045
v -0.008845 0.011557 -0.006045
v -0.017232 -0.000472 -0.006045
v -0.005652 -0.010344 -0.006045
v 0.000425 0.012877 0.002640
v 0.002674 -0.006768 0.003954
v 0.005025 -0.005762 0.003954
v -0.006525 0.001080 0.003954
v 0.000754 0.011536 0.003954
v 0.005979 0.000772 0.002915
v 0.001832 -0.000986 -0.001931
v 0.002037 -0.005449 0.002915
v -0.003363 -0.000775 0.002915
v -0.004605 0.004250 -0.001564
v -0.005981 0.009816 0.002915
v -0.020271 0.022819 0.000050
v -0.016123 0.024577 0.004896
v -0.020055 0.018362 0.004896
v 0.006842 -0.001457 0.000990
v 0.000918 0.000220 0.004896
v 0.013227 -0.003269 0.004896
v 0.018740 -0.001803 0.004896
v 0.006811 0.000761 -0.001496
v -0.044683 0.004731 -0.005536
v 0.011420 -0.014244 -0.005536
v 0.011420 -0.014244 0.004464
v -0.044683 0.004731 0.004464
v 0.011985 0.012780 -0.005536
v 0.019202 -0.016445 -0.005536
v 0.019202 -0.016445 0.004464
v 0.011985 0.012780 0.004464
v -0.010303 -0.004237 0.009532
v -0.010303 -0.004237 -0.000468
v -0.008855 -0.002695 -0.000468
v -0.008855 -0.002695 0.009532
v -0.010508 -0.004632 -0.000468
v -0.010385 -0.004648 -0.000468
v -0.003732 -0.002923 -0.000468
v 0.000282 0.001827 -0.000468
v -0.000930 0.003563 -0.000468
v -0.010385 -0.004648 0.009532
v -0.010508 -0.004632 0.009532
v -0.006792 -0.001062 0.009532
v -0.005221 -0.003312 0.009532
v 0.000518 -0.001819 0.002072
v -0.000447 0.001351 -0.002006
v -0.002634 0.004488 -0.002006
v -0.002398 0.000842 0.000534
v 0.011903 0.018676 -0.002006
v 0.004255 0.012628 -0.002006
v 0.004131 0.002541 -0.002006
v -0.000416 0.001356 0.001718
v 0.009572 0.016831 -0.000655
v -0.000252 0.000377 -0.002608
v -0.002203 -0.000132 -0.000069
v -0.002439 0.003514 -0.002608
v -0.006453 -0.001235 -0.002608
v -0.000334 -0.000889 -0.009867
v 0.000795 -0.000597 -0.009867
v 0.000374 0.000447 -0.009867
v -0.008455 -0.002998 0.000133
v 0.000795 -0.000597 0.000133
v -0.002654 0.007895 0.000133
v 0.016605 -0.006731 -0.005898
v 0.017313 -0.005395 -0.005898
v 0.006760 0.020580 -0.005898
v 0.005990 0.020704 -0.005898
v -0.024316 -0.003236 -0.005898
v -0.032097 -0.019371 -0.005898
v -0.026133 -0.017825 0.004102
v 0.008484 -0.008835 0.004102
v -0.036645 -0.020556 -0.002175
v 0.000754 0.013954 0.004102
v 0.010034 0.012504 0.004102
v 0.014284 0.002054 0.004102
v -0.026656 -0.005081 -0.004547
v -0.000416 0.015641 0.002111
v -0.001505 0.003406 -0.001289
v -0.000293 0.001670 -0.001289
v 0.006595 0.009810 -0.001289
v 0.001924 -0.001462 0.002434
v -0.000057 -0.001976 0.001251
v -0.005796 -0.003469 0.008711
v -0.005744 -0.003453 0.008711
v -0.007367 -0.001219 0.008711
v -0.003014 0.002216 0.008711
v 0.011913 0.014013 0.000062
v -0.003599 -0.006395 -0.003719
v -0.011268 -0.008391 0.002558
v 0.006903 -0.003669 0.002558
v -0.008537 -0.002717 0.002558
v 0.031039 0.028542 0.002558
v 0.033800 0.028109 0.002558
v 0.006390 0.009080 -0.006091
v 0.032630 0.029802 0.000567
v 0.002109 0.000831 0.001874
v -0.000653 0.001264 0.001874
v 0.007889 0.008014 0.001874
v 0.007981 0.007776 0.001874
v 0.000939 0.002524 -0.000118
v 0.007889 0.008014 0.001646
v -0.000191 0.001610 -0.009097
v 0.000579 0.001491 -0.009097
v 0.000354 0.002037 -0.009097
v -0.005426 -0.005140 0.000902
v 0.000446 0.001799 0.000902
v 0.003864 -0.006590 0.000902
v 0.000354 0.002037 0.000675
v -0.006597 -0.003453 -0.001089
v 0.072770 -0.013416 0.004823
v 0.039580 0.068244 0.004823
v 0.039580 0.068244 -0.005177
v 0.072770 -0.013416 -0.005177
v -0.061982 -0.048396 -0.005177
v -0.073182 -0.020827 -0.005177
v -0.061982 -0.048396 0.004823
v -0.073182 -0.020827 0.004823
v 0.116524 -0.040380 0.005723
v 0.050370 0.122416 0.005723
v 0.050370 0.122416 -0.004277
v 0.116524 -0.040380 -0.004277
v -0.085594 -0.092853 -0.004277
v -0.118773 -0.011193 -0.004277
v -0.085594 -0.092853 0.005723
v -0.118773 -0.011193 0.005723
v -0.070349 0.092341 0.004703
v -0.070349 0.092341 -0.005298
v -0.057064 -0.112218 0.004703
v -0.123218 0.050578 0.004703
v -0.123218 0.050578 -0.005298
v -0.057064 -0.112218 -0.005298
v 0.145053 -0.059745 0.004703
v 0.083252 0.092341 0.004703
v 0.083252 0.092341 -0.005298
v 0.145053 -0.059745 -0.005298
v 0.206721 0.055500 0.004998
v 0.206721 0.055500 -0.005002
v 0.206721 -0.007785 -0.005002
v 0.206721 -0.007785 0.004998
v -0.135312 -0.096586 0.004998
v -0.197113 0.055500 0.004998
v -0.197113 0.055500 -0.005002
v -0.135312 -0.096586 -0.005002
v -0.034551 0.002151 -0.005338
v 0.021255 -0.020486 -0.005338
v 0.021738 0.019038 -0.005338
v 0.021543 0.019244 -0.005338
v -0.033730 0.009567 -0.005338
v -0.041994 0.008117 0.004662
v 0.011954 0.017561 0.004662
v 0.021594 0.007609 0.004662
v 0.021255 -0.020486 0.004662
v -0.042302 0.005299 0.004662
v 0.002899 -0.004037 -0.000372
v 0.003721 0.003379 -0.000372
v -0.009625 0.001042 -0.000372
v -0.004862 -0.000889 0.009628
v -0.009625 0.001042 0.009628
v -0.004543 0.001929 0.009628
v 0.000969 0.000161 -0.008964
v 0.000980 0.000404 -0.008964
v 0.000774 0.000366 -0.008964
v 0.000980 0.000399 0.001036
v 0.000836 -0.011269 0.001036
v -0.008804 -0.001311 0.001036
v 0.000200 -0.001673 0.000689
v -0.000293 -0.001787 0.000114
v -0.000345 -0.001208 0.000598
v 0.000066 -0.001213 0.000189
v -0.004584 -0.002549 -0.004375
v -0.004584 -0.002549 0.005625
v 0.015126 0.003925 0.005625
v 0.015126 0.003925 -0.004375
v 0.017149 0.005072 0.005625
v -0.014245 0.001367 0.005625
v 0.036459 0.016036 -0.004375
v -0.030824 0.008096 -0.004375
v 0.003084 0.005380 0.001214
v -0.002049 0.004196 -0.004678
v 0.003649 -0.001689 -0.004678
v -0.020836 -0.032651 -0.003697
v -0.021913 -0.033262 -0.004678
v -0.019101 -0.031666 -0.004678
v 0.070943 0.023165 -0.000315
v 0.065810 0.021981 -0.006207
v 0.045945 -0.015477 -0.006207
v 0.047023 -0.014866 -0.005225
v -0.059959 -0.022822 0.003793
v -0.059959 -0.022822 -0.006207
v -0.059467 0.016939 -0.006207
v -0.059467 0.016939 0.003793
v 0.031080 -0.023910 0.003793
v 0.011143 -0.035220 0.003793
v -0.020250 -0.038925 0.003793
v 0.050246 0.036152 0.003793
v 0.067257 0.023766 0.003793
v 0.030464 -0.024261 -0.006207
v 0.051827 0.036428 -0.006207
v 0.055246 0.037029 -0.002448
v -0.036820 -0.032202 -0.006207
v 0.070891 0.023744 0.000168
v 0.016605 0.031733 0.001492
v 0.017108 0.031852 0.002066
v 0.016553 0.032317 0.001975
v -0.023258 -0.015342 0.005600
v 0.012919 0.032334 0.005600
v 0.018073 0.028590 0.005600
v 0.002776 -0.000256 0.005600
v -0.000314 -0.002322 0.005600
v -0.000314 -0.002322 0.002986
v -0.007315 -0.006298 -0.003419
v 0.000528 -0.000781 -0.004403
v 0.000117 -0.000781 -0.003994
v 0.000661 -0.001246 -0.003903
v 0.008043 0.014467 -0.000370
v 0.007950 0.007409 -0.000370
v 0.003741 -0.000532 -0.000370
v -0.000232 0.003568 -0.000370
v 0.008002 0.011098 -0.002869
v 0.001154 -0.003188 0.003864
v 0.003259 0.000788 0.003864
v 0.000179 0.000074 0.000331
v -0.003999 0.000561 0.003864
v -0.000365 0.000539 0.000239
v -0.000714 0.004888 0.003864
v 0.004532 0.002043 -0.000988
v 0.002427 -0.001933 -0.000988
v 0.001462 0.001334 -0.004521
v 0.008546 -0.006384 -0.000988
v 0.008597 -0.002155 -0.000988
v 0.008566 -0.004702 -0.003333
v 0.012950 -0.012470 -0.000310
v 0.009316 -0.012453 0.003314
v 0.012601 -0.008126 0.003314
v -0.007705 -0.000067 0.003314
v 0.002992 0.001805 0.003314
v -0.002695 0.000810 -0.002927
v -0.000653 0.007630 -0.003950
v -0.001217 0.014700 0.001942
v -0.025137 -0.023331 -0.002968
v -0.023402 -0.022346 -0.003950
v 0.006246 -0.003052 0.006050
v 0.006246 -0.003052 -0.003950
v -0.018136 -0.019361 -0.003950
v -0.018136 -0.019361 0.003436
v -0.015045 -0.017294 0.006050
v 0.000251 0.011552 0.006050
v 0.006369 0.007100 0.006050
v 0.006390 0.008783 0.003705
v 0.006287 0.000463 -0.003950
v -0.000714 0.014814 0.002517
v 0.002530 -0.003950 0.002601
v 0.002941 -0.003956 0.002193
v 0.002571 -0.004529 0.002118
v -0.013115 0.009329 -0.000015
v -0.016544 0.008734 -0.003774
v -0.010108 0.009859 -0.003774
v -0.002552 -0.005714 -0.003774
v 0.001298 0.001556 -0.003774
v 0.003136 0.007923 0.002000
v 0.002992 -0.004221 0.002000
v -0.001073 -0.000023 0.002000
v 0.003177 0.011606 -0.000500
v 0.003053 0.001497 -0.008000
v 0.003023 -0.001273 -0.008000
v 0.002951 -0.006768 -0.000345
v 0.001688 -0.000305 -0.008000
v -0.004153 -0.000732 -0.001533
v -0.004287 -0.000272 -0.002034
v -0.005108 0.002784 0.003648
v -0.004738 0.003363 0.003722
v -0.004605 0.002898 0.004223
v 0.002571 0.002362 -0.002244
v 0.002407 -0.011453 -0.002244
v 0.002509 -0.003134 0.005411
v -0.004533 -0.004286 -0.002244
v 0.001236 0.003330 -0.002244
v 0.001965 -0.004805 0.005561
v -0.007644 0.005121 0.005561
v 0.010271 0.008258 0.005561
v 0.010240 0.006089 0.005561
v -0.013331 0.004125 -0.000680
v -0.010313 0.004655 -0.004439
v 0.007109 0.007706 -0.004439
v 0.010271 0.008258 -0.000693
v 0.010199 0.002719 0.003062
v 0.001093 -0.003647 -0.004439
v 0.002314 -0.009154 0.001937
v 0.002725 -0.009159 0.001528
v -0.005221 -0.001754 -0.004781
v -0.000088 -0.000570 0.001111
v 0.000477 -0.007639 -0.004781
v 0.006256 -0.000029 -0.004781
v -0.001361 0.005515 -0.004781
v 0.000271 0.000004 0.001186
v 0.000908 0.013007 -0.002133
v 0.004060 0.013559 -0.002133
v 0.004060 0.013559 0.001613
v 0.003864 -0.002090 -0.002133
v 0.003988 0.008020 0.005368
v -0.005118 0.001653 -0.002133
v 0.002499 -0.003891 -0.002133
v -0.003476 -0.003858 0.003834
v 0.001668 0.001167 -0.000895
v -0.002080 0.000512 0.002767
v -0.002080 0.000512 -0.005330
v -0.001967 0.000528 -0.005330
v -0.002080 0.000382 -0.005330
v -0.002141 -0.004118 -0.000404
v -0.002110 0.000415 -0.001356
v -0.002316 0.000458 -0.001356
v -0.002131 0.000485 -0.001285
v -0.002059 0.000501 -0.001356
v -0.017807 -0.004172 0.002197
v -0.017735 -0.004161 0.002126
v -0.006545 -0.002203 0.002126
v -0.006545 -0.002203 0.006699
v 0.020362 -0.009381 0.002126
v 0.020362 -0.009381 0.004920
v 0.017487 -0.011442 0.002126
v -0.017787 -0.004242 0.002126
v 0.003249 0.000085 -0.002887
v 0.000107 -0.002014 0.001710
v 0.005620 0.001670 0.001710
v -0.001884 0.006267 0.001710
v -0.001977 -0.001262 0.001710
v -0.001926 0.002627 -0.003839
v 0.003782 0.000025 0.003674
v 0.007468 0.002492 -0.001729
v 0.000990 -0.001841 -0.001729
v -0.001361 0.005683 -0.001729
v -0.001433 -0.000359 -0.001729
v -0.001392 0.002562 0.002722
v 0.007119 0.002330 -0.002962
v 0.007324 0.002292 -0.002962
v 0.007304 0.002362 -0.002891
v -0.000807 0.000939 -0.002962
v 0.002828 0.001578 0.001474
v -0.000930 0.000793 -0.002962
v -0.001073 -0.010890 -0.002962
v -0.000981 -0.003707 0.001965
v 0.018760 -0.001462 -0.004063
v 0.018760 -0.001462 0.005938
v 0.032404 0.008317 0.005938
v 0.032404 0.008317 -0.001268
v 0.029530 0.006257 -0.004063
v -0.006812 -0.018566 0.005938
v -0.014317 -0.013968 0.005938
v -0.014111 0.002827 0.005938
v -0.005673 0.013543 0.005938
v 0.005497 0.015495 0.005938
v -0.010241 0.012742 0.000372
v -0.005765 0.013526 -0.003992
v 0.005497 0.015495 0.000510
v -0.005498 -0.017684 -0.004063
v -0.009184 -0.020156 0.001340
v -0.014142 0.000274 -0.004063
v -0.014317 -0.014493 -0.004063
v -0.005744 0.013456 -0.004063
v -0.014358 -0.017614 0.000389
v -0.014050 0.007457 0.000863
v -0.002726 -0.005714 -0.004860
v -0.002726 -0.005714 0.005140
v -0.000622 -0.004307 0.005140
v 0.002520 -0.002203 0.000543
v -0.000273 -0.004069 -0.004860
v -0.002695 -0.002587 -0.004860
v -0.002706 -0.003550 0.005140
v -0.002654 0.000334 -0.000408
v 0.002386 0.000631 -0.003194
v 0.006944 0.001432 0.002372
v -0.001371 -0.000023 0.002372
v -0.001371 -0.000023 0.000469
v -0.001484 -0.009284 0.002372
v -0.001422 -0.004653 -0.002703
v 0.043142 0.027606 -0.004088
v 0.043142 0.027606 0.005912
v 0.043204 0.027730 0.005912
v 0.042886 0.027709 -0.004088
v 0.042886 0.027709 0.005912
v 0.043204 0.027730 -0.004088
v 0.043204 0.027730 -0.004088
v -0.007336 -0.021584 -0.004088
v -0.007336 -0.021584 0.005912
v -0.021031 0.000290 -0.004088
v -0.021031 0.000290 0.005912
v 0.000641 -0.001046 0.001197
v 0.000415 -0.000505 0.000701
v 0.000764 -0.000180 0.001164
v 0.001052 -0.000699 0.000633
v 0.000815 -0.000840 -0.002261
v -0.000858 0.001837 0.000740
v -0.001648 0.001183 0.001818
v 0.000600 -0.002804 -0.002261
v -0.000170 0.000745 0.001661
v 0.002263 -0.003150 -0.002261
v -0.001156 0.001848 -0.002777
v -0.000416 0.002530 -0.001809
v -0.003168 0.006922 0.002613
v -0.004112 0.007117 0.002613
v 0.001236 -0.004810 0.002613
v -0.001269 0.000983 -0.002745
v -0.005170 -0.002284 0.002613
v 0.001842 -0.001084 0.002613
v -0.005457 0.005916 0.006539
v -0.002716 0.001524 0.002116
v -0.003445 0.000842 0.001148
v -0.006412 0.006111 0.006539
v -0.006278 0.007230 0.006539
v -0.003240 0.002362 0.001090
v 0.009080 -0.025186 0.003577
v 0.033708 -0.001186 0.003577
v 0.037096 0.002113 -0.000994
v 0.032948 -0.001933 -0.006423
v 0.026747 -0.007969 -0.006423
v -0.017027 -0.021687 -0.006423
v -0.005272 -0.023336 -0.006423
v 0.036582 0.020477 -0.006423
v 0.012745 0.025399 -0.006423
v -0.052024 -0.002387 -0.006423
v -0.050607 -0.010182 -0.006423
v -0.017027 -0.021687 0.003577
v 0.008813 -0.025316 0.003577
v 0.021081 0.028975 -0.000293
v 0.016861 0.027168 0.003577
v -0.045915 0.000236 0.003577
v -0.043585 -0.012589 0.003577
v 0.036059 0.019606 0.003577
v 0.039960 0.022873 -0.001781
v 0.039724 0.023409 -0.002276
v 0.001329 0.011639 -0.004283
v 0.003844 0.005845 0.001075
v -0.002572 0.008371 0.001075
v 0.001965 -0.005714 0.001075
v -0.001525 -0.009121 -0.003496
v -0.004913 -0.012421 0.001075
v -0.000406 0.016371 -0.000051
v 0.000230 0.016182 -0.000120
v -0.000180 0.015836 0.000444
v 0.000990 -0.001002 -0.004198
v -0.007192 -0.008965 -0.004198
v -0.003034 -0.004924 0.001231
v 0.002468 0.012196 -0.004198
v -0.003558 0.013440 -0.004198
v 0.001555 0.005245 -0.004944
v -0.000878 0.009134 -0.001023
v -0.002346 0.009578 -0.000866
v -0.000108 0.005586 -0.004944
v -0.002121 -0.008121 0.005056
v 0.005363 -0.000829 0.005056
v 0.005363 -0.000829 -0.004944
v -0.001597 -0.007607 -0.004944
v -0.005621 -0.011528 0.000485
v 0.003649 0.001902 0.005056
v -0.000252 0.003438 0.005056
v -0.002757 0.009232 -0.000302
v -0.001997 0.002946 -0.007889
v -0.011473 -0.001116 -0.007889
v -0.000581 -0.004848 -0.007889
v -0.011473 -0.001116 0.002111
v 0.004111 0.005564 0.002111
v 0.006441 -0.007255 0.002111
v -0.000375 -0.000272 -0.000881
v 0.001298 -0.002950 -0.003881
v 0.001072 -0.004913 -0.003881
v -0.001166 -0.000927 0.000197
v -0.003753 0.003747 -0.003881
v -0.004954 -0.003669 -0.003881
v -0.002613 0.003298 -0.003881
v -0.001813 -0.000737 0.000265
v -0.002295 -0.000191 -0.001954
v -0.002942 0.000004 -0.001886
v -0.002593 0.000328 -0.001423
v -0.004882 0.004488 -0.006033
v -0.003743 0.004039 -0.006033
v -0.004708 0.005575 -0.006033
v -0.002377 0.001854 -0.001481
v -0.001515 0.000469 -0.003032
v 0.004665 -0.002290 -0.005019
v 0.004840 -0.001203 -0.005019
v 0.001267 0.004504 -0.005019
v -0.005365 0.001659 -0.005019
v -0.006781 0.001053 0.004981
v -0.012038 -0.001208 0.001111
v 0.001267 0.004504 0.004981
v 0.004121 -0.000056 0.004981
v 0.003998 -0.001175 0.004981
v 0.007170 -0.004919 -0.000467
v 0.006955 -0.006444 -0.000410
v 0.006606 -0.006774 -0.000873
v 0.002869 -0.001132 -0.004440
v -0.012150 -0.007574 -0.004440
v 0.011687 -0.012497 -0.004440
v 0.012899 -0.005081 -0.004440
v -0.003804 -0.003999 0.001690
v 0.014839 -0.009565 -0.000294
v 0.003207 -0.001484 -0.000407
v 0.003433 -0.002019 0.000088
v 0.003557 -0.001159 0.000056
v -0.010179 0.006338 0.005446
v -0.019655 0.002270 0.005446
v -0.015446 0.004077 0.001577
v 0.000590 0.004115 0.005446
v -0.000468 -0.005286 0.005446
v -0.000622 0.006327 -0.006020
v -0.000211 0.006673 -0.006584
v -0.000509 0.007192 -0.006053
v 0.005784 -0.001002 -0.000662
v 0.001883 0.000534 -0.000662
v 0.002489 0.004261 -0.000662
v 0.000230 0.007874 -0.005085
v 0.001257 0.006229 -0.006741
v 0.001976 0.001226 -0.000562
v 0.003454 0.000788 -0.000718
v 0.002766 0.001886 -0.001640
v 0.002417 0.002432 0.000938
v 0.001893 0.003271 -0.000088
v 0.001688 0.001751 -0.000030
v 0.017785 0.017410 0.000228
v -0.000026 0.000047 0.000228
v -0.000026 0.000047 0.010228
v 0.000117 0.000193 0.010228
v -0.014234 0.002043 0.000228
v -0.000150 0.000063 0.010228
v 0.026511 -0.019858 -0.003365
v 0.026511 -0.019858 0.006635
v -0.009081 0.010562 0.006635
v -0.009081 0.010562 -0.003365
v -0.013588 0.005153 0.006635
v -0.013588 0.005153 -0.003365
v 0.036459 -0.030087 0.002211
v 0.030761 -0.024223 0.006635
v 0.028626 -0.022027 -0.003365
v 0.009613 -0.013838 -0.003365
v 0.019376 -0.020848 0.006635
v 0.011369 -0.015271 0.006635
v 0.011369 -0.015271 -0.002558
v 0.028349 -0.027106 0.002823
v 0.000826 -0.001084 -0.003197
v -0.000386 0.000155 -0.002261
v -0.002028 -0.000710 -0.003698
v 0.000754 -0.002658 -0.004883
v 0.000056 -0.000299 -0.001268
v -0.000868 -0.001527 -0.001408
v 0.002345 0.000063 0.000358
v 0.003557 -0.001175 -0.000578
v 0.003485 -0.002744 -0.002264
v 0.000692 -0.000802 -0.001079
v 0.003916 -0.001554 -0.001506
v 0.000549 0.001913 -0.003693
v 0.003916 -0.001554 -0.003693
v 0.004614 -0.002658 -0.003693
v -0.000642 0.000128 -0.003693
v 0.004152 -0.003209 -0.003693
v 0.000959 -0.000900 -0.000585
v 0.001575 -0.001332 -0.001916
v 0.003557 -0.000613 -0.003791
v 0.002294 0.000696 -0.000585
v 0.005394 -0.002490 -0.002489
v 0.005394 -0.002490 -0.000585
v 0.005774 -0.004259 -0.000585
v 0.006256 -0.003880 -0.000585
v 0.005959 -0.004334 -0.000585
v 0.005753 -0.003069 -0.001989
v 0.003669 -0.001662 0.003063
v 0.004942 -0.002971 -0.000143
v 0.002961 -0.003691 0.001732
v 0.002335 -0.003258 0.003063
v -0.002470 0.004650 0.003063
v 0.003238 -0.001213 -0.001361
v -0.013855 0.008020 0.003063
v -0.004872 0.001767 -0.000749
v -0.002151 0.000626 -0.000300
v -0.001710 0.000171 0.000693
v -0.002398 0.000885 0.002444
v -0.004112 0.002649 0.001226
v -0.004389 0.000166 0.004318
v -0.002634 -0.001056 0.000553
v -0.003804 -0.000240 -0.001737
v -0.012222 0.005624 0.001838
v 0.007109 -0.004929 0.003092
v 0.005137 -0.002906 0.004618
v -0.002695 0.005148 -0.000958
v 0.005312 -0.003085 -0.000958
v -0.021708 0.013337 -0.000958
v -0.019953 0.011904 -0.000958
v 0.004121 -0.004864 -0.000958
v -0.019953 0.011904 -0.000151
v -0.002962 0.000069 0.005230
v 0.005456 -0.005795 0.001655
v 0.000682 -0.000397 0.005050
v 0.000312 -0.000018 0.005336
v 0.000682 -0.000397 0.004409
v 0.002160 -0.002923 0.002221
v 0.002294 -0.002960 0.002221
v 0.001380 -0.001500 0.002221
v 0.000918 -0.002052 0.002221
v 0.002294 -0.002960 0.002835
v 0.002160 -0.002923 0.002838
v 0.000251 -0.001587 0.003650
v 0.003495 -0.002036 0.001123
v 0.003864 -0.002414 0.000837
v 0.003864 -0.002414 0.005608
v 0.002725 -0.001246 0.003051
v 0.005333 -0.004940 0.008008
v 0.004409 -0.004286 0.008008
v 0.004429 -0.004253 0.008008
v 0.005230 -0.004605 0.008008
v 0.005466 -0.004978 0.008008
v 0.005466 -0.004978 -0.001378
v 0.004224 -0.002988 0.006603
v 0.005333 -0.004940 -0.001375
v 0.003423 -0.003604 -0.000563
v 0.001801 -0.002474 0.002912
v 0.000497 -0.001776 0.003965
v 0.000497 -0.001776 0.004460
v -0.001340 0.000106 0.003159
v -0.000642 -0.000608 0.001408
v 0.000857 -0.002349 0.004960
v 0.001062 -0.003615 0.006364
v 0.001041 -0.003647 0.006364
v 0.000877 -0.003539 0.006364
v -0.003322 -0.000613 0.005033
v -0.001566 -0.001835 0.001268
v 0.000969 -0.002641 -0.005841
v 0.001277 -0.002187 -0.005841
v 0.001780 -0.002993 -0.005841
v 0.000764 -0.001376 -0.007245
v 0.000312 0.006365 0.005007
v -0.006083 -0.001300 0.005007
v -0.006083 -0.001300 -0.004993
v 0.000312 0.006365 -0.004993
v 0.013361 -0.004794 0.005007
v 0.023021 -0.013048 -0.004993
v 0.007068 -0.012064 -0.004993
v -0.003045 -0.003783 0.005007
v -0.005303 -0.003307 0.003217
v -0.003989 -0.004383 0.001340
v -0.000529 -0.000721 -0.002994
v -0.004882 0.002903 0.003217
v 0.006246 -0.003382 0.003217
v -0.001156 0.002946 0.003217
v 0.002725 -0.000364 -0.002457
v -0.002778 -0.005373 0.003217
v 0.000312 0.002486 0.003315
v -0.003199 0.005488 0.003315
v 0.002581 0.000550 -0.004949
v 0.004193 -0.000829 -0.002360
v -0.003414 0.002438 0.003315
v 0.000939 -0.001186 -0.002896
v -0.007367 0.015603 -0.004146
v 0.060728 -0.042587 -0.004146
v 0.061806 -0.043512 -0.002410
v 0.056016 -0.038568 0.005854
v -0.017027 0.023858 0.005854
v -0.023320 0.016582 -0.004146
v 0.051478 -0.044632 -0.004146
v 0.055811 -0.041624 0.005854
v 0.047926 -0.041722 0.005854
v -0.033432 0.024864 0.005854
v 0.053172 -0.046016 -0.001511
v 0.060163 -0.045248 -0.000357
v 0.001360 0.000047 0.003214
v -0.000252 0.001426 0.000625
v 0.000959 0.000388 -0.001111
v 0.004316 -0.002474 -0.001111
v 0.000764 -0.002522 -0.001111
v -0.001895 -0.000310 0.002678
v 0.003680 0.000458 -0.003782
v 0.000220 -0.003204 0.000552
v -0.001104 -0.002127 0.002429
v -0.000673 0.004082 0.002429
v -0.008568 0.003979 0.002429
v -0.003311 -0.000315 -0.004936
v 0.008690 -0.001581 -0.004794
v 0.004183 -0.006985 -0.004794
v 0.004183 -0.006985 0.005206
v 0.008690 -0.001581 0.005206
v 0.000795 0.005169 0.005206
v -0.002726 0.008182 -0.000469
v 0.000220 0.005656 -0.004794
v -0.003322 0.005613 -0.004794
v -0.003743 -0.000499 -0.004794
v -0.008229 0.003173 0.005206
v -0.009440 0.004163 0.003328
v -0.005981 0.007825 -0.001006
v -0.001073 0.002508 -0.004157
v -0.002162 0.003433 -0.005892
v 0.000138 0.001470 -0.005892
v -0.011401 0.001388 -0.005892
v -0.007828 -0.001538 -0.005892
v -0.000067 -0.001435 -0.005892
v -0.009707 0.000004 -0.003258
v -0.002716 0.000772 -0.002104
v 0.003669 -0.006795 -0.002447
v 0.004090 -0.000683 -0.002447
v -0.003681 -0.000781 -0.002447
v -0.005560 0.000756 0.000188
v -0.002028 -0.002133 0.005675
v 0.001431 0.001529 0.001342
v -0.028145 0.022424 -0.004708
v -0.028145 0.022424 0.005292
v -0.056500 0.030651 -0.004708
v -0.056500 0.030651 0.005292
v 0.029427 -0.026776 -0.004708
v 0.029427 -0.026776 0.005292
v 0.023031 -0.034441 -0.004708
v 0.023031 -0.034441 0.005292
v -0.043369 -0.014022 -0.004999
v -0.042815 -0.015531 -0.004999
v 0.017200 -0.007866 -0.004999
v 0.011708 0.013305 -0.004999
v -0.037241 -0.010977 0.005001
v 0.011708 0.013305 0.005001
v 0.015260 -0.000386 0.005001
v 0.007632 -0.009089 0.005001
v -0.035886 -0.014649 0.005001
v 0.017200 -0.007866 -0.004666
v -0.006484 -0.001451 -0.010410
v -0.010785 -0.003583 -0.010410
v -0.005929 -0.002960 -0.010410
v 0.001000 -0.002079 -0.000411
v -0.010785 -0.003583 -0.000411
v -0.000355 0.001594 -0.000411
v -0.009646 -0.002176 -0.000044
v -0.002028 0.006527 -0.000044
v -0.000088 -0.000954 -0.000044
v -0.000088 -0.000954 -0.009712
v 0.046202 0.051509 0.004880
v 0.046202 0.051509 -0.005120
v 0.063356 -0.014709 -0.005120
v 0.063356 -0.014709 0.004880
v -0.080122 -0.011161 0.004880
v -0.080122 -0.011161 -0.005120
v -0.074629 -0.032337 -0.005120
v -0.074629 -0.032337 0.004880
v 0.016215 -0.005124 -0.004990
v -0.005067 -0.007839 -0.004990
v -0.005067 -0.007839 0.005010
v 0.023236 -0.004226 0.005010
v 0.023801 -0.004156 0.004593
v -0.011165 0.016588 -0.004990
v -0.011288 0.016160 -0.004990
v -0.010077 0.011476 0.005010
v -0.011771 0.018021 -0.003676
v -0.011955 0.018741 -0.002892
v -0.024028 -0.048364 -0.005457
v -0.036943 -0.050014 0.004126
v -0.036614 -0.049970 0.004543
v 0.072175 -0.036075 0.004543
v 0.072175 -0.036075 -0.005457
v 0.049251 0.052396 -0.005457
v 0.026255 0.066708 -0.005457
v -0.056315 0.025745 -0.005457
v -0.071047 -0.026209 -0.005457
v -0.074578 -0.019875 0.004543
v -0.075697 -0.015547 0.004543
v -0.065246 0.021315 0.004543
v 0.019869 0.063544 0.004543
v 0.051458 0.043887 0.004543
v -0.072740 -0.026966 -0.003526
v -0.072699 -0.027117 -0.003359
v -0.028053 0.019314 -0.004566
v -0.027180 0.022381 -0.004566
v -0.028874 0.021624 -0.002635
v -0.028648 0.020747 -0.003252
v -0.000663 -0.002398 -0.004566
v 0.006914 -0.001424 0.005017
v 0.019828 0.000220 -0.004566
v -0.028833 0.021467 -0.002468
v 0.019869 0.017599 -0.006074
v -0.006792 0.004369 -0.006074
v 0.002982 -0.033338 -0.006074
v 0.005137 -0.034355 -0.006074
v 0.000477 -0.023699 0.003926
v -0.006792 0.004369 0.003926
v 0.010938 0.013164 0.003926
v 0.003444 -0.035117 -0.004143
v 0.000569 -0.001008 -0.001302
v -0.000293 -0.004069 -0.001302
v -0.000899 -0.002636 0.000011
v -0.001125 -0.001765 0.000629
v -0.000591 -0.003842 -0.001302
v -0.001587 0.000014 -0.001302
v 0.032055 -0.019025 0.002831
v 0.031490 -0.019096 0.003248
v 0.032384 -0.018982 0.003248
v -0.001823 -0.003393 0.003248
v -0.005580 0.011119 0.003248
v -0.003702 0.003871 -0.004654
v 0.009552 -0.014498 -0.003920
v 0.003649 0.008296 -0.003920
v -0.013454 -0.000186 -0.003920
v 0.011759 -0.023006 0.006080
v -0.019829 -0.003350 0.006080
v 0.003649 0.008296 0.006080
v -0.002726 -0.001289 0.005746
v -0.002562 -0.001944 0.005746
v -0.002439 -0.001516 0.005746
v -0.003045 -0.000083 0.007060
v 0.034180 0.098156 0.004603
v 0.034180 0.098156 -0.005397
v 0.115302 -0.063423 -0.005397
v 0.115302 -0.063423 0.004603
v 0.072595 0.101364 -0.005397
v 0.072595 0.101364 0.004603
v -0.120519 0.021407 0.004603
v -0.120519 0.021407 -0.005397
v -0.091681 -0.089862 -0.005397
v -0.091681 -0.089862 0.004603
v 0.197369 -0.058749 0.005040
v 0.197369 -0.058749 -0.004960
v 0.197369 0.090735 -0.004960
v 0.197369 0.090735 0.005040
v -0.035321 0.073929 0.005040
v -0.035321 0.073929 -0.004960
v -0.169877 -0.105657 -0.004960
v -0.169877 -0.105657 0.005040
v -0.212584 0.059130 -0.004960
v -0.212584 0.059130 0.005040
v -0.047507 0.001799 -0.005165
v -0.047507 0.001799 0.004835
v -0.051089 0.000193 -0.005165
v -0.051377 0.000447 -0.005165
v -0.051089 0.000193 0.004835
v -0.051377 0.000447 0.004835
v -0.051100 0.000793 -0.005165
v -0.051100 0.000793 0.004835
v -0.051439 0.000620 -0.005165
v -0.051439 0.000620 0.004835
v 0.016564 -0.016937 -0.005165
v 0.018257 0.010194 -0.005165
v 0.016564 -0.016937 0.004835
v 0.018257 0.010194 0.004835
v -0.009830 0.014522 0.005600
v -0.011524 -0.012616 0.005600
v -0.011524 -0.012616 -0.004399
v -0.009830 0.014522 -0.004399
v -0.001689 0.015560 0.005600
v 0.000641 0.015858 -0.004399
v 0.003505 0.016225 0.000234
v 0.001596 -0.015937 -0.004399
v 0.011831 -0.001565 -0.004399
v 0.010055 -0.018079 0.005600
v 0.018986 -0.005546 0.005600
v 0.018791 -0.003604 0.004029
v 0.001370 -0.000651 -0.003697
v 0.002663 -0.001029 -0.002126
v 0.001555 -0.002587 -0.002126
v 0.007694 -0.008862 -0.002126
v -0.002275 -0.004453 -0.004034
v 0.004686 -0.006493 0.004394
v 0.003680 0.003904 -0.004034
v -0.013475 0.012969 -0.004034
v -0.006114 0.013905 -0.004034
v -0.010600 0.013332 0.000600
v 0.013689 -0.020864 0.003565
v 0.012396 -0.020480 0.001993
v 0.012580 -0.022422 0.003565
v -0.002891 -0.000651 -0.001801
v 0.000436 -0.000229 0.003565
v -0.008085 -0.001316 0.003565
v -0.010220 0.002833 0.006682
v -0.013547 0.002411 0.001316
v -0.009060 0.002984 -0.003318
v 0.009552 0.005359 -0.003318
v 0.020526 0.006765 0.006682
v 0.000733 -0.007017 -0.003318
v 0.003043 -0.017797 0.006682
v 0.001739 -0.017419 0.005110
v -0.008732 0.015657 0.002446
v -0.015703 0.017697 -0.005982
v -0.009748 0.026054 -0.005982
v -0.002675 -0.002560 -0.005982
v 0.025197 -0.009619 -0.005982
v -0.002408 0.007447 0.004018
v 0.010712 -0.005952 0.004018
v 0.005333 -0.004589 0.004018
v 0.077379 0.044839 -0.003486
v 0.077379 0.044839 0.006514
v -0.084279 0.024193 0.006514
v -0.095264 0.022792 -0.003486
v -0.069137 -0.025262 -0.003486
v 0.040360 -0.052983 -0.003486
v 0.073098 -0.023699 -0.003486
v -0.104083 0.010411 -0.003486
v 0.048214 -0.054974 0.006514
v -0.083622 -0.021600 0.006514
v -0.096742 -0.008202 0.006514
v -0.101773 -0.000370 0.006514
v 0.072493 -0.033246 0.006514
v -0.103066 0.000009 0.004942
v 0.007807 0.026567 -0.006416
v -0.024921 -0.002717 -0.006416
v 0.005497 -0.010420 -0.006416
v 0.007211 0.017021 0.003584
v 0.005497 -0.010420 0.003584
v -0.017068 -0.004708 0.003584
v -0.003876 0.013818 -0.005508
v -0.014111 -0.000553 -0.005508
v 0.009141 -0.006444 -0.005508
v 0.009408 0.003563 0.004492
v 0.017149 -0.008472 0.004492
v -0.005652 -0.002695 0.004492
v 0.003269 0.009837 0.004492
v 0.003084 0.011774 0.002921
v -0.003281 0.000301 -0.003786
v -0.003804 -0.008040 0.001640
v 0.001195 -0.001013 0.001640
v -0.002962 0.005461 0.001640
v 0.036788 0.018086 0.006606
v -0.010600 0.012033 0.006606
v -0.010600 0.012033 -0.003394
v 0.025803 0.016680 -0.003394
v -0.013783 -0.038904 -0.003394
v -0.009738 -0.047244 0.006606
v -0.013896 -0.040770 0.006606
v -0.014214 -0.045930 0.001179
v 0.093538 0.081188 -0.003970
v 0.093538 0.081188 0.006030
v -0.068152 0.060536 0.006030
v -0.079136 0.059135 -0.003970
v 0.085141 -0.053297 -0.003970
v -0.118712 0.003552 -0.003970
v -0.119225 -0.004643 -0.003970
v -0.057844 -0.067312 -0.003970
v 0.041387 -0.092437 -0.003970
v -0.085470 -0.050230 0.006030
v -0.114677 -0.004789 0.006030
v 0.084545 -0.062844 0.006030
v 0.049240 -0.094422 0.006030
v -0.072330 -0.063650 0.006030
v -0.119153 -0.003474 0.000603
v -0.119328 -0.006309 -0.002376
v -0.003127 -0.001100 0.003068
v -0.002613 0.007241 -0.002359
v 0.001873 0.005927 0.003068
v -0.003332 -0.004378 0.003068
v 0.031080 -0.039515 0.003068
v -0.002788 0.004407 -0.005338
v -0.032559 -0.005378 -0.006305
v 0.008104 -0.015672 -0.006305
v 0.011194 0.033761 -0.006305
v 0.010599 0.024215 0.003694
v 0.008104 -0.015672 0.003694
v -0.024706 -0.007363 0.003694
v -0.002049 -0.003669 -0.005905
v 0.025834 -0.010728 -0.005905
v -0.035547 0.051947 -0.005905
v -0.035742 0.048766 -0.005905
v 0.011359 -0.007061 0.004095
v 0.005959 -0.005697 0.004095
v -0.001782 0.006354 0.004095
v -0.035649 0.050281 -0.004311
v -0.013105 -0.010219 -0.004888
v 0.023298 -0.019436 -0.004888
v -0.010405 0.032999 -0.004888
v 0.023555 -0.009413 0.005112
v 0.031306 -0.021465 0.005112
v -0.013105 -0.010219 0.005112
v -0.010857 0.025729 0.005112
v -0.010313 0.034513 -0.003294
v -0.025866 0.011487 0.005772
v -0.032487 0.010638 -0.001531
v -0.030311 0.010919 -0.004228
v 0.018802 0.017188 -0.004228
v 0.018802 0.017188 0.005772
v 0.016071 -0.026528 -0.004228
v 0.015629 -0.033716 0.005772
v 0.008084 -0.027626 0.005772
v 0.043625 0.115746 0.005124
v -0.108261 0.096344 0.005124
v -0.108261 0.096344 -0.004876
v 0.047074 0.116184 -0.004876
v 0.049528 0.116498 -0.002179
v -0.116145 -0.029881 -0.004876
v -0.116895 -0.041954 0.005124
v -0.047034 -0.105986 -0.004876
v 0.041459 -0.128385 -0.004876
v 0.087512 -0.089938 -0.004876
v 0.096803 0.058892 -0.004876
v 0.090099 0.078229 0.005124
v 0.097480 0.069721 0.005124
v 0.088025 -0.081575 0.005124
v 0.034180 -0.126546 0.005124
v -0.062249 -0.102135 0.005124
v -0.029921 -0.008451 -0.004128
v 0.013053 -0.019328 -0.004128
v 0.016132 0.029997 -0.004128
v 0.013053 -0.019328 0.005872
v -0.037200 -0.006612 0.005872
v 0.016656 0.038359 0.005872
v -0.015549 0.036260 0.003590
v -0.018392 -0.009359 0.003590
v -0.018392 -0.009359 -0.006410
v -0.014789 0.048333 -0.006410
v 0.054322 -0.027772 -0.006410
v 0.039108 -0.023920 0.003590
v 0.002191 0.003525 0.003684
v -0.010333 0.001924 0.003684
v -0.004441 0.002681 -0.003619
v 0.036131 -0.035588 0.003684
v -0.043482 0.037737 -0.002909
v -0.045926 0.037429 -0.005606
v -0.041306 0.038018 -0.005606
v 0.005076 0.000572 -0.005606
v 0.003803 -0.019864 -0.005606
v -0.002911 -0.000526 0.004395
v 0.004624 -0.006617 0.004395
v 0.004480 -0.009040 0.004395
v 0.110652 0.169507 -0.005000
v 0.110652 0.169507 0.005000
v 0.110652 -0.181551 -0.005000
v 0.110652 -0.181551 0.005000
v -0.127838 -0.121175 -0.005000
v -0.111443 0.141136 -0.005000
v -0.127838 -0.121175 0.005000
v -0.111443 0.141136 0.005000
v -0.043985 0.026562 -0.004570
v -0.043985 0.026562 0.005429
v -0.043811 0.027076 -0.004570
v -0.043811 0.027076 0.005429
v -0.044119 0.026962 -0.004570
v -0.044119 0.026968 0.005429
v -0.044150 0.027076 -0.004570
v -0.044150 0.027076 0.005429
v 0.009572 -0.017668 -0.004570
v 0.020526 0.000977 -0.004570
v 0.009572 -0.017668 0.005429
v 0.020526 0.000977 0.005429
v 0.010753 0.008885 -0.000119
v -0.006473 0.006192 -0.000119
v 0.000764 0.000215 -0.000119
v 0.000764 0.000215 0.009183
v 0.013473 -0.014574 -0.004490
v 0.033071 0.002432 -0.004490
v -0.009235 0.019590 -0.004490
v -0.027457 0.011844 -0.004490
v -0.030958 0.005883 -0.004490
v -0.030711 0.005002 -0.004490
v -0.003743 -0.017273 -0.004490
v -0.019552 -0.004221 0.005510
v 0.003495 -0.023244 0.005510
v 0.003495 -0.023244 0.004812
v -0.024706 0.014089 0.005510
v -0.010426 0.020077 0.005510
v 0.033071 0.002432 0.005510
v -0.014327 0.021661 0.000286
v -0.025958 0.014397 0.004154
v -0.024121 0.017529 0.000323
v -0.001710 0.002519 -0.005479
v -0.003240 -0.000094 -0.005479
v 0.000682 0.001551 -0.005479
v -0.001946 0.002102 0.004521
v -0.001710 0.002519 0.004521
v -0.001330 0.002367 0.004521
v 0.004244 0.000106 -0.000704
v -0.005549 -0.004026 -0.000667
v 0.011656 -0.002317 -0.000881
v 0.003002 0.001194 -0.000881
v -0.000930 -0.000451 -0.000881
v -0.006576 -0.010068 -0.000881
v 0.006564 -0.000251 0.003895
v -0.003240 -0.004383 0.003932
v -0.000324 0.000112 0.000859
v -0.002223 -0.000683 0.000859
v -0.000796 0.001756 0.000859
v -0.001576 0.000420 -0.000497
v -0.000150 -0.000434 -0.009098
v 0.000374 -0.000862 -0.009098
v 0.000128 0.000020 -0.009098
v -0.000150 -0.000434 0.000902
v 0.011533 -0.010084 0.000902
v 0.004470 0.007430 0.000902
v 0.006369 0.008225 0.000902
v 0.005127 0.008534 -0.000454
v -0.005354 -0.007937 0.001859
v -0.005816 -0.006292 0.001859
v -0.001166 0.001626 0.001859
v -0.000550 0.001891 0.001859
v 0.008926 -0.001949 0.001859
v 0.005025 -0.000370 -0.003365
v -0.004769 -0.004497 -0.003328
v -0.006607 -0.007628 0.000503
v -0.001084 0.000426 0.000267
v -0.000950 0.000052 0.000239
v -0.001217 0.000188 -0.000016
v -0.000848 0.000274 0.000030
v 0.001924 -0.001884 -0.002674
v -0.000150 -0.006303 0.001507
v 0.000641 -0.006676 0.002242
v 0.006996 -0.004464 0.002242
v 0.004080 0.002616 0.002242
v 0.000723 0.002140 0.002242
v -0.000437 -0.000083 -0.000402
v 0.001791 -0.001511 -0.002646
v -0.000837 -0.005979 0.002242
v -0.001802 -0.002695 0.002242
v -0.000632 -0.001592 0.001941
v 0.002715 -0.001116 0.001941
v 0.000436 -0.005248 -0.002947
v -0.001802 -0.003815 -0.000703
v 0.000374 0.000334 0.001941
v 0.002715 -0.001100 0.001941
v 0.000374 0.000334 -0.000207
v -0.000765 -0.001841 -0.002700
v 0.045678 -0.026647 -0.006917
v 0.045678 -0.026647 0.003083
v 0.015568 -0.005670 0.003083
v 0.015568 -0.005670 -0.006917
v 0.043399 -0.026133 0.003083
v -0.004205 -0.003696 0.003083
v -0.006863 0.002757 0.003083
v -0.001330 0.004682 0.003083
v 0.043399 -0.026133 -0.006917
v 0.000559 0.003525 -0.006917
v -0.006987 0.002454 -0.006917
v -0.005334 -0.003166 -0.006917
v -0.005303 0.007117 -0.001234
v -0.009656 -0.001127 -0.002302
v -0.011935 0.005342 -0.001833
v -0.011822 0.005559 -0.002042
v -0.004584 -0.001749 -0.002724
v -0.004482 -0.001527 -0.002934
v -0.004718 -0.001376 -0.002698
v -0.002429 0.002757 0.002191
v -0.002418 0.002757 0.002191
v 0.006010 -0.002403 0.002191
v 0.000477 -0.004329 0.002191
v 0.002037 0.000031 -0.002126
v 0.000395 -0.003296 0.001347
v 0.000025 -0.003382 0.001301
v 0.000158 -0.003144 0.001584
v 0.002417 0.001015 -0.002734
v 0.000097 0.002438 -0.000370
v 0.000097 0.002438 -0.003528
v 0.001688 0.001464 -0.003528
v -0.000878 0.000566 -0.003528
v -0.002316 -0.002187 -0.000975
v -0.001043 0.000263 0.001831
v -0.000437 0.002265 -0.002280
v 0.009141 -0.003604 -0.002280
v 0.003279 -0.000007 0.003402
v -0.001217 0.002746 -0.001486
v 0.001606 -0.004670 -0.002280
v -0.003240 -0.001565 0.002594
v 0.003926 0.003666 -0.003489
v 0.003187 0.004115 -0.004284
v 0.004706 0.003184 -0.004284
v 0.000620 0.003217 -0.004284
v -0.001987 -0.001765 -0.004284
v -0.000735 -0.004810 -0.004284
v 0.006739 -0.003750 -0.004284
v -0.000817 0.000463 -0.001731
v 0.001524 -0.000732 0.000546
v 0.001893 -0.000645 0.000591
v 0.003084 0.002708 0.005237
v 0.003084 0.002730 0.005237
v 0.003105 0.002714 0.005237
v 0.000744 0.004163 0.003089
v 0.000744 0.004163 -0.001606
v 0.003064 0.002735 -0.003969
v 0.007560 -0.000018 0.000919
v -0.000396 0.001983 0.000596
v 0.000805 -0.001419 0.000348
v 0.001031 -0.001570 0.000111
v 0.002920 0.001497 -0.000967
v 0.002787 0.001870 -0.000940
v 0.002653 0.001632 -0.001222
v 0.000158 -0.002593 0.003949
v -0.001997 -0.001581 0.003949
v -0.000807 0.000685 0.003949
v 0.000846 -0.002917 0.003214
v -0.001997 -0.001581 0.000584
v -0.000735 0.000826 -0.001643
v 0.000559 0.003303 0.001305
v 0.004491 -0.005075 -0.000533
v -0.000180 -0.002874 -0.005148
v -0.000735 -0.002614 -0.005148
v -0.002706 -0.001684 -0.003598
v -0.002706 -0.001684 0.001488
v 0.000138 -0.003020 0.004117
v -0.000314 -0.002555 -0.005148
v -0.001443 0.000718 -0.000739
v 0.002212 0.001394 -0.000064
v 0.001945 0.001529 -0.000319
v -0.001186 0.004634 0.002862
v -0.001299 0.004412 0.003072
v -0.001556 0.004547 0.002817
v 0.000980 -0.002052 0.002602
v 0.005302 -0.004091 -0.002013
v -0.003681 0.000144 -0.002013
v 0.003659 0.001529 -0.002013
v -0.003814 0.000469 -0.002013
v -0.002624 0.001302 -0.002467
v -0.003671 -0.000699 -0.000611
v -0.000283 0.000106 -0.000190
v -0.001351 0.003752 0.000339
v -0.002377 0.001778 0.002337
v -0.000150 0.000344 0.000092
v -0.002685 -0.001251 0.002367
v -0.003476 -0.000878 0.001632
v -0.001402 0.003536 -0.002549
v 0.003669 0.000956 0.002367
v 0.006328 -0.005497 0.002367
v 0.000877 -0.002928 -0.003018
v -0.000293 -0.000516 0.001323
v 0.000754 0.001486 -0.000533
v 0.003095 0.000290 0.001744
v 0.000415 -0.003848 -0.003085
v -0.001556 -0.002923 -0.003085
v -0.001556 -0.002923 -0.001535
v -0.000416 -0.000743 -0.003085
v 0.000836 -0.003788 -0.003085
v 0.003136 -0.007071 0.001832
v -0.000108 -0.005541 -0.002749
v -0.016934 0.002389 -0.002749
v -0.004502 -0.003469 0.007251
v -0.001299 -0.004978 0.007251
v -0.002244 0.006116 -0.002749
v -0.001576 -0.002728 0.007251
v 0.001637 0.002589 0.002257
v 0.004871 -0.008056 0.004343
v 0.009593 0.000977 0.004343
v 0.009593 0.000977 -0.005657
v 0.004871 -0.008056 -0.005657
v -0.007757 -0.002106 -0.001076
v -0.003917 -0.003918 0.004343
v -0.003999 -0.003875 -0.005657
v -0.005724 0.010367 -0.005657
v -0.005375 0.004039 0.004343
v 0.001678 0.005829 0.004343
v -0.007059 0.011184 -0.004059
v -0.009255 0.007555 -0.000652
v 0.007889 -0.007271 -0.004592
v -0.004348 -0.001505 -0.004592
v -0.004348 -0.001505 0.005408
v 0.018001 -0.012037 0.005408
v 0.001175 0.009058 -0.004592
v 0.005733 0.017789 0.005408
v 0.001555 0.008101 -0.001697
v -0.000632 0.004472 0.001710
v -0.004523 0.007998 -0.003296
v -0.000108 0.009118 -0.003296
v 0.000867 -0.005189 0.001285
v 0.004614 -0.006958 -0.003296
v -0.002377 -0.003658 -0.003296
v 0.002889 0.007284 -0.003296
v 0.048840 -0.032424 0.005876
v 0.036408 -0.026560 -0.004124
v -0.043595 0.011146 -0.004124
v -0.033483 0.006381 0.005876
v 0.051098 -0.022833 -0.004124
v 0.050308 -0.018522 -0.004124
v -0.044109 0.039338 -0.004124
v -0.050309 0.027476 -0.004124
v -0.044109 0.039338 0.005876
v -0.045751 0.036206 0.005876
v 0.050164 -0.018436 0.005876
v 0.051776 -0.031677 0.005876
v 0.054127 -0.020864 0.001123
v 0.054979 -0.026360 0.000881
v 0.000158 0.002870 -0.002813
v 0.008474 -0.002225 -0.002813
v 0.001421 -0.004015 -0.002813
v -0.003301 0.004996 -0.007566
v -0.000262 0.003130 -0.011214
v -0.002449 -0.000494 -0.007807
v 0.002232 -0.000278 -0.000375
v 0.000569 0.000739 -0.001973
v -0.003845 -0.000380 -0.001973
v 0.000035 -0.003907 0.003032
v -0.004636 0.003931 -0.001973
v -0.000817 0.001589 0.003274
v 0.000877 -0.002641 -0.003381
v -0.003558 -0.000553 0.002038
v 0.004717 -0.004453 0.002038
v -0.003835 0.001702 0.002038
v 0.003259 0.003498 0.002038
v -0.000622 0.007019 -0.002957
v -0.006022 0.005737 0.003273
v 0.001401 0.001183 0.003273
v 0.002674 -0.005703 0.003273
v -0.004420 -0.007504 0.003273
v -0.002059 0.003309 -0.001480
v -0.001207 -0.002187 -0.001722
v -0.095151 0.024301 0.005011
v -0.072936 0.066816 0.005011
v -0.072936 0.066816 -0.004989
v -0.095151 0.024301 -0.004989
v 0.092255 -0.064023 0.005011
v 0.103979 -0.041597 0.005011
v 0.103979 -0.041597 -0.004989
v 0.092255 -0.064023 -0.004989
v 0.006688 -0.030887 0.003461
v 0.004296 -0.029806 0.000386
v 0.003074 -0.032521 0.003461
v -0.006094 0.007365 0.003461
v 0.002704 0.001973 0.003461
v -0.001977 0.004845 -0.002434
v -0.002049 0.003893 0.003600
v -0.007428 0.006321 -0.003324
v 0.000703 0.010005 -0.003324
v 0.000374 -0.009468 0.004688
v 0.003711 -0.003079 -0.003324
v -0.004410 -0.018614 -0.003324
v 0.002212 -0.000305 -0.004079
v 0.004604 -0.001381 -0.001003
v 0.000990 -0.003020 -0.001003
v 0.005815 -0.011393 -0.001003
v 0.003803 -0.015244 -0.001003
v 0.004624 -0.013660 -0.002991
v -0.008609 0.014862 0.005911
v 0.012293 0.002054 0.005911
v 0.003813 -0.014173 0.005911
v -0.004625 -0.017998 0.005911
v -0.013280 0.017729 0.000016
v -0.010416 0.015971 -0.004089
v 0.012293 0.002054 -0.004089
v 0.008628 -0.004962 -0.004089
v -0.004266 -0.010804 -0.004089
v -0.007017 -0.016921 0.002836
v -0.001761 0.002643 0.003342
v 0.006688 0.006467 0.003342
v -0.000540 -0.007369 0.003342
v 0.011502 0.015679 -0.006658
v 0.001606 -0.003247 -0.006658
v -0.001731 -0.009635 0.001354
v -0.001402 0.009837 -0.006658
v -0.004143 0.003725 0.000267
v -0.022499 0.031641 0.004639
v -0.022499 0.031641 -0.005361
v 0.066918 0.003206 -0.005361
v 0.066918 0.003206 0.004639
v 0.053152 -0.047558 0.004639
v -0.077514 0.014024 0.004639
v -0.088489 0.051411 0.004639
v 0.067370 0.002925 0.004639
v 0.076538 -0.036962 0.004639
v 0.068232 0.002400 -0.005361
v 0.071487 0.000404 -0.001257
v 0.045534 -0.043972 -0.005361
v -0.072740 0.011774 -0.005361
v -0.079064 0.014754 0.002260
v -0.087955 0.051254 -0.005361
v 0.072380 -0.031812 -0.005361
v -0.091661 0.052363 -0.000538
v 0.077759 -0.034246 0.001564
v -0.014994 -0.006974 0.005339
v -0.014994 -0.006974 -0.004661
v -0.002305 0.017313 -0.004661
v -0.002305 0.017313 0.005339
v 0.001924 0.016047 0.005339
v 0.016522 -0.021827 0.005339
v 0.018494 -0.022758 0.002960
v 0.013545 -0.020426 -0.004661
v 0.002941 0.015739 -0.004661
v 0.005897 0.014857 0.000162
v 0.008936 0.009259 0.005248
v 0.011739 -0.002971 0.005248
v 0.007252 -0.011566 0.005248
v -0.014460 -0.001338 0.005248
v 0.012570 -0.001381 0.003261
v 0.007796 -0.010528 -0.004751
v 0.007252 -0.011566 -0.004751
v -0.022067 0.002248 -0.004751
v 0.004768 0.014408 -0.004751
v 0.010158 0.011974 0.002173
v 0.011010 -0.009148 -0.003228
v -0.000242 -0.003842 -0.003228
v 0.004696 -0.006168 0.004393
v -0.004205 0.030332 -0.003228
v -0.010857 0.032328 -0.003228
v -0.007900 0.031441 0.001595
v -0.005508 -0.004810 -0.004151
v -0.000129 -0.007244 0.002773
v 0.002622 -0.001127 -0.004151
v -0.003537 0.025653 -0.004151
v -0.006402 0.027406 -0.000047
v -0.009656 0.029402 -0.004151
v 0.010609 -0.034766 0.001890
v 0.007098 -0.033105 0.001890
v -0.007500 0.004764 0.001890
v -0.000355 0.002627 0.001890
v 0.009069 -0.034035 -0.000489
v -0.003527 0.003574 -0.003286
v -0.003229 -0.000727 -0.004800
v -0.001710 0.002773 -0.004800
v -0.026276 0.010135 -0.004800
v 0.002941 -0.003637 0.005200
v -0.026276 0.010135 0.005200
v 0.004871 0.000799 0.005200
v -0.096517 0.039949 -0.004606
v 0.044046 -0.026295 -0.004606
v 0.044918 -0.024624 -0.004606
v 0.037424 0.003774 -0.004606
v -0.094987 0.043444 -0.004606
v 0.045493 0.001356 0.005394
v 0.049856 -0.015174 0.005394
v 0.044046 -0.026295 0.005394
v -0.090347 0.037039 0.005394
v -0.088406 0.041475 0.005394
v -0.006576 -0.020578 -0.005463
v 0.005250 0.002037 -0.005463
v -0.014060 0.007820 -0.005463
v 0.005250 0.002037 0.004537
v -0.001638 -0.011128 0.004537
v -0.005991 0.005407 0.004537
v -0.016021 -0.003940 -0.005223
v 0.039210 -0.011052 -0.005223
v 0.040134 -0.007569 -0.005223
v -0.010138 0.016128 -0.005223
v -0.016113 -0.003821 -0.005223
v -0.010138 0.016128 0.004777
v 0.045678 -0.010182 0.004777
v 0.045237 -0.011831 0.004777
v -0.006751 -0.005135 0.004777
v -0.013885 0.003649 0.004777
v -0.000160 -0.000921 -0.009989
v -0.000191 -0.001024 -0.009989
v -0.000067 -0.001040 -0.009989
v -0.000191 -0.001024 0.000011
v 0.002078 0.006543 0.000011
v 0.009213 -0.002236 0.000011
v 0.011328 -0.003171 0.000602
v 0.000805 0.001789 0.000602
v -0.000129 -0.001695 0.000602
v 0.006349 -0.000824 0.010602
v 0.011328 -0.003171 0.010602
v 0.005907 -0.002474 0.010602
v 0.003957 -0.009148 -0.004205
v 0.003957 -0.009148 0.005795
v 0.009962 0.010903 0.005795
v 0.009962 0.010903 -0.004205
v 0.000117 -0.008651 -0.004205
v 0.009655 0.011044 -0.004205
v -0.003394 0.003714 -0.004205
v 0.007447 0.012087 0.005795
v 0.005137 0.013175 0.002250
v -0.008444 -0.007547 0.005795
v -0.010220 -0.001316 0.005795
v -0.007664 0.004791 0.000598
v 0.067976 -0.015780 -0.005247
v 0.065450 -0.006925 -0.005247
v -0.018064 0.032436 -0.005247
v -0.049242 0.023317 -0.005247
v -0.061468 -0.017489 -0.005247
v 0.047259 -0.031493 -0.005247
v -0.061468 -0.017489 0.004753
v -0.046542 0.032334 0.004753
v 0.055923 -0.002430 0.004753
v -0.028833 0.037510 0.004753
v 0.042157 -0.030839 0.004753
v 0.049743 -0.031818 -0.002490
v 0.060995 -0.020259 0.004753
v 0.065615 -0.021422 -0.000443
v 0.007047 -0.002371 -0.003583
v -0.001689 0.001745 -0.003583
v -0.007921 -0.002982 -0.003583
v -0.006011 -0.009700 -0.003583
v 0.002520 -0.000240 0.002873
v -0.010282 -0.008624 0.001221
v 0.004686 -0.000413 -0.004494
v 0.002776 0.006311 -0.004494
v -0.017941 -0.009403 -0.004494
v -0.012561 -0.010100 -0.004494
v -0.015446 -0.009727 -0.001737
v 0.000415 0.000669 0.000309
v 0.022682 -0.006633 -0.005633
v -0.002244 0.005121 -0.005633
v -0.008496 -0.015747 -0.005633
v -0.002244 0.005121 0.004367
v -0.005796 -0.006731 0.004367
v 0.011913 -0.001554 0.004367
v -0.001936 -0.001500 -0.005772
v 0.004306 0.003233 -0.005772
v -0.004451 0.007355 -0.005772
v 0.008515 0.001248 0.000683
v 0.006031 0.002416 0.004228
v -0.013988 0.011849 0.004228
v -0.008917 -0.005973 0.004228
v -0.004297 -0.007142 -0.000968
v -0.006453 -0.004156 0.005946
v -0.013003 -0.003312 -0.001297
v 0.002869 0.007079 0.000750
v 0.000312 0.000977 0.005946
v 0.010661 -0.006357 -0.004054
v 0.007139 0.006002 -0.004054
v -0.010108 -0.003685 -0.004054
v 0.002088 -0.005254 0.005946
v -0.008332 -0.003734 -0.005540
v -0.001792 -0.004578 0.001703
v 0.004984 0.000555 0.001703
v 0.007529 0.006662 -0.003493
v -0.015928 -0.002755 0.001703
v 0.002910 0.007825 0.001703
v 0.015013 0.006143 0.004650
v 0.010219 0.008404 0.004650
v 0.012704 0.007236 0.001105
v -0.002654 -0.007255 0.004650
v -0.004728 0.000014 0.004650
v -0.000108 -0.001154 -0.000546
v 0.001616 -0.032532 0.003856
v 0.013515 0.007171 0.003856
v 0.013515 0.007171 -0.006144
v -0.001618 -0.043350 -0.006144
v -0.027775 0.026627 -0.006144
v -0.018936 0.022462 0.003856
v 0.015845 0.011520 -0.003682
v -0.018577 -0.006590 -0.003682
v -0.022345 -0.019171 -0.003682
v 0.025095 0.007165 -0.003682
v 0.019674 0.009718 0.002589
v -0.020096 -0.011685 0.003363
v -0.031871 -0.014498 0.002722
v 0.003741 0.005277 0.002722
v 0.009244 0.002692 0.002722
v -0.033452 -0.019772 0.002722
v 0.006965 0.003763 -0.001008
v -0.032816 -0.017635 -0.000234
v -0.061150 -0.039217 0.005011
v 0.101022 -0.060112 0.005011
v 0.101022 -0.060112 -0.004990
v -0.072279 -0.037784 -0.004990
v 0.107603 -0.038141 0.005011
v 0.104358 -0.048959 -0.004990
v 0.078211 0.021018 -0.004990
v -0.035208 0.074470 -0.004990
v -0.082647 0.048133 -0.004990
v -0.099114 -0.006855 -0.004990
v 0.087050 0.016853 0.005011
v -0.096578 0.001610 0.005011
v -0.081035 0.053483 0.005011
v -0.038349 0.075947 0.005011
v -0.040618 0.077023 0.001281
v -0.080399 0.055619 0.002056
v -0.014727 -0.015504 -0.003811
v 0.019695 0.002605 -0.003811
v -0.005714 0.014586 -0.003811
v -0.015312 -0.017457 0.006189
v -0.005714 0.014586 0.006189
v 0.020300 0.002319 0.006189
v 0.023524 0.000804 0.002460
v -0.016257 -0.020594 0.003234
v -0.012787 -0.007082 0.006063
v 0.033092 -0.012994 0.006063
v 0.021974 -0.011561 -0.003937
v -0.012787 -0.007082 -0.003937
v -0.004862 0.019368 -0.003937
v -0.002336 0.027833 0.006063
v -0.165833 -0.081483 -0.005030
v -0.165833 -0.081483 0.004970
v -0.129758 0.161658 -0.005030
v -0.129758 0.161658 0.004970
v -0.165833 0.172931 -0.005030
v -0.165833 0.172931 0.004970
v 0.217439 -0.001971 -0.005030
v 0.217439 -0.001971 0.004970
v 0.180265 -0.126076 -0.005030
v 0.180265 -0.126076 0.004970
v 0.005733 -0.010522 0.010739
v 0.003331 -0.006698 0.010739
v 0.004183 -0.006157 0.010739
v 0.002017 -0.000018 0.000739
v -0.000047 -0.001316 0.000739
v 0.005733 -0.010522 0.000739
v 0.002643 0.010486 -0.004268
v 0.002643 0.010486 0.005732
v -0.009707 0.004293 0.005732
v -0.009707 0.004293 0.004336
v -0.003342 0.007484 -0.004268
v 0.021214 -0.044967 0.005732
v 0.022066 -0.044426 0.005732
v 0.019900 -0.038282 -0.004268
v -0.004697 -0.003691 -0.004268
v 0.017837 -0.039585 -0.004268
v 0.006072 0.002254 0.000183
v -0.000293 -0.000938 0.000183
v 0.004717 -0.008921 0.000183
v -0.000293 -0.000938 0.008788
v 0.001308 0.000572 -0.000745
v 0.001082 0.000501 -0.000519
v 0.001216 0.000761 -0.000497
v 0.000980 0.000653 -0.000688
v -0.000581 0.008009 0.002138
v -0.006135 -0.001608 0.002138
v -0.004317 -0.005173 -0.002644
v 0.000641 0.004574 -0.001814
v 0.001585 -0.002582 0.002138
v 0.002448 -0.000543 0.002138
v 0.017734 -0.038092 0.004710
v 0.023288 -0.028470 0.004710
v 0.024509 -0.031910 0.000758
v 0.019551 -0.041657 -0.000073
v -0.039530 0.038256 0.004710
v -0.039530 0.038256 -0.005290
v -0.039386 0.038229 -0.005290
v -0.039386 0.038229 0.004710
v 0.004142 0.023317 -0.005290
v -0.007921 0.027449 0.004710
v 0.007591 -0.036810 0.004710
v 0.009110 -0.039233 0.001513
v 0.005230 -0.033046 -0.005290
v 0.012231 0.002795 0.004710
v 0.005610 0.021515 -0.005290
v 0.021738 -0.024083 -0.005290
v 0.016235 -0.037108 -0.005290
v 0.019315 -0.041760 -0.000263
v -0.000488 0.000453 -0.010618
v 0.000456 0.000123 -0.010618
v 0.000456 0.000123 -0.000618
v -0.012551 0.004585 -0.000618
v 0.007601 -0.020069 -0.000618
v 0.000980 -0.001349 -0.010618
v -0.007603 0.004553 0.001865
v -0.005775 0.001643 0.005062
v -0.003455 -0.002063 0.005062
v -0.001156 -0.005724 -0.000390
v -0.003886 -0.001376 -0.004938
v -0.004369 -0.000602 -0.004938
v -0.002100 0.000285 0.005062
v -0.003599 -0.000699 -0.004938
v 0.002704 0.001870 0.000257
v 0.002602 0.002021 0.000088
v 0.000374 0.000009 -0.001694
v 0.006267 0.002600 0.003089
v -0.001443 0.003574 0.003089
v 0.003187 -0.004691 0.003089
v -0.004564 -0.001830 0.003089
v 0.000241 -0.000251 -0.001716
v 0.001206 -0.005865 0.002670
v 0.001206 -0.005865 -0.000411
v -0.000221 -0.003599 -0.002782
v -0.002521 0.000063 0.002670
v 0.006585 -0.000451 0.002670
v 0.005127 -0.003896 0.002670
v -0.001166 0.002411 0.002670
v 0.003639 0.003996 -0.002135
v 0.003515 0.000209 -0.001873
v 0.003618 0.000052 -0.001704
v 0.003752 0.000312 -0.001682
v -0.004862 -0.000175 0.003101
v -0.006689 0.002735 -0.000096
v -0.008208 0.005158 0.003101
v 0.001934 0.003877 0.003101
v -0.001186 -0.001532 0.003101
v -0.006258 0.000220 -0.002807
v -0.006032 0.000296 -0.003032
v -0.006124 0.000480 -0.002785
v -0.000221 0.003076 0.001998
v 0.001431 0.002865 0.001998
v 0.003669 -0.003442 0.001998
v -0.000180 -0.005373 0.001998
v -0.003301 -0.004221 0.001998
v 0.003146 -0.001976 -0.004629
v 0.003669 -0.003442 -0.002800
v -0.001433 0.002827 -0.001547
v -0.006402 0.001188 0.003422
v -0.004523 -0.002517 -0.001547
v 0.001811 0.001626 -0.001547
v 0.003290 -0.002555 -0.001547
v 0.003290 -0.002555 -0.000187
v 0.002776 -0.001084 0.001826
v 0.001780 -0.003312 -0.001547
v 0.001298 0.008739 0.000850
v 0.003105 0.003622 0.004803
v 0.002242 0.001583 0.004803
v -0.003650 -0.001008 0.000019
v 0.003906 0.001372 0.004803
v 0.003156 0.003476 -0.005198
v 0.004655 -0.000754 -0.005198
v 0.005610 -0.003464 -0.001825
v 0.001411 0.000442 -0.005198
v -0.003558 -0.001192 -0.000228
v -0.004615 -0.006054 0.000807
v -0.003188 -0.008321 0.003178
v -0.003188 -0.008321 -0.002568
v 0.002191 -0.002901 0.006259
v 0.005312 -0.004053 0.006259
v 0.000733 -0.006352 0.006259
v 0.008648 -0.000656 -0.000369
v 0.009162 -0.002127 -0.002381
v 0.009162 -0.002127 0.001460
v 0.001360 -0.002090 -0.003742
v -0.001854 -0.007650 -0.003742
v 0.007653 -0.002885 -0.003742
v -0.000529 0.001616 0.001228
v -0.000755 0.001540 0.001454
v -0.003845 -0.004443 0.002229
v -0.004174 -0.004361 0.002286
v -0.003938 -0.004259 0.002477
v 0.001021 0.005488 0.003307
v -0.001751 0.013315 -0.002740
v 0.002879 0.000231 -0.002740
v -0.007254 0.000290 -0.002740
v 0.001123 -0.002804 -0.002740
v 0.004265 0.005056 0.002559
v 0.004039 0.004980 0.002784
v 0.003936 0.005137 0.002616
v 0.000179 -0.002614 0.002138
v 0.001596 -0.004881 -0.001237
v 0.001596 -0.004881 -0.002410
v -0.002552 0.001735 -0.002410
v -0.002264 0.002411 -0.002410
v 0.002941 -0.004210 -0.002410
v 0.006144 0.001351 -0.002410
v -0.000427 -0.002885 -0.001750
v 0.005774 -0.000159 0.003277
v 0.002694 0.004488 -0.001750
v -0.004430 0.002367 0.005053
v -0.001197 -0.002787 -0.001750
v -0.008311 0.008550 -0.001750
v -0.000232 0.000112 0.000536
v 0.004737 0.001751 -0.004433
v 0.001657 -0.003588 -0.004433
v -0.000560 0.000193 0.000593
v -0.006761 -0.002528 -0.004433
v -0.003640 0.004845 -0.004433
v 0.049866 0.005315 -0.005243
v 0.049866 0.005315 0.004757
v 0.048922 0.003260 0.004757
v 0.048922 0.003260 -0.005243
v 0.052146 0.004796 -0.005243
v 0.052146 0.004796 0.004757
v 0.051324 0.004201 -0.005243
v 0.051324 0.004201 0.004757
v 0.052330 0.004715 -0.005243
v 0.052279 0.004753 -0.005243
v 0.052279 0.004753 0.004757
v 0.052330 0.004715 0.004757
v -0.016329 -0.008618 0.004757
v -0.016329 -0.008618 -0.005243
v -0.016945 0.013921 -0.005243
v -0.016945 0.013921 0.004757
v -0.020137 -0.028886 0.005327
v 0.069680 -0.012534 0.005327
v 0.060523 -0.014200 -0.004673
v -0.030373 -0.030747 -0.004673
v 0.071025 -0.000337 -0.004673
v 0.050832 0.019027 -0.004673
v -0.047999 0.031760 -0.004673
v -0.046572 -0.020751 -0.004673
v 0.062093 0.017578 0.002866
v 0.059321 0.017935 0.005327
v -0.047999 0.031760 0.005327
v -0.046798 -0.012426 0.005327
v 0.075552 -0.004783 0.005327
v 0.076230 0.001118 0.000529
v 0.022436 0.000052 0.005541
v 0.012201 -0.001808 -0.004459
v -0.003650 -0.004697 -0.004459
v -0.003650 -0.004697 0.005541
v -0.003999 0.008188 -0.004459
v -0.004225 0.016512 0.005541
v -0.003003 0.005456 0.001048
v -0.008208 0.004001 -0.004154
v -0.002254 0.011855 -0.004154
v 0.006256 -0.005313 -0.000482
v 0.009572 -0.004713 -0.004154
v 0.002263 -0.006044 -0.004154
v 0.000333 -0.003069 -0.004636
v 0.005948 0.004353 -0.004636
v -0.006083 0.005905 -0.004636
v 0.013135 0.003428 0.005364
v -0.010877 0.006522 0.005364
v -0.014563 0.006998 0.002902
v 0.004388 -0.008121 0.005364
v -0.000416 -0.009468 0.000565
v 0.000887 -0.012464 -0.001556
v 0.006544 -0.011436 0.003649
v 0.006544 -0.011436 -0.005228
v 0.004203 -0.011864 -0.005228
v -0.007623 0.004704 -0.005228
v 0.005938 0.011103 -0.005228
v -0.002008 0.012125 -0.005228
v 0.005938 0.011103 0.004772
v 0.005189 0.011200 0.004772
v -0.003568 -0.000348 0.004772
v 0.006503 -0.010008 0.004772
v -0.008373 -0.001695 -0.000026
v -0.013783 0.015825 0.004183
v -0.010097 0.015355 0.006645
v -0.016544 0.016182 0.006645
v -0.000324 -0.006536 0.006645
v 0.005168 0.000712 0.006645
v 0.000364 -0.000635 0.001846
v 0.010260 -0.003685 0.003238
v 0.010260 -0.003685 0.002116
v 0.004604 -0.004713 -0.003090
v -0.001115 -0.005757 0.003238
v -0.005334 0.000155 0.003238
v 0.000148 0.007403 0.003238
v 0.010219 -0.002252 0.003238
v -0.004656 0.006062 -0.001560
v 0.000661 -0.011063 -0.003423
v 0.005877 -0.009608 0.001779
v 0.006616 -0.003209 -0.003423
v 0.000210 0.005764 -0.003423
v -0.019532 0.008307 -0.003423
v -0.008270 0.006857 0.004116
v -0.007798 -0.006433 0.006040
v 0.002294 -0.004594 0.006040
v 0.008012 -0.003555 -0.000288
v 0.004029 -0.004280 -0.003960
v -0.016945 -0.008099 -0.003960
v -0.006443 0.005764 -0.003960
v -0.001926 0.001318 0.006040
v -0.001238 0.007219 0.001241
v 0.001165 0.001248 -0.001264
v 0.001195 0.000133 -0.000156
v 0.000087 -0.000175 -0.001264
v 0.001236 -0.001278 -0.001264
v 0.007242 -0.006644 0.003509
v 0.007242 -0.006644 -0.006491
v -0.023587 -0.012253 -0.006491
v -0.014440 -0.010587 0.003509
v 0.006390 0.024701 -0.006491
v 0.005240 0.025799 -0.006491
v 0.006595 0.017172 0.003509
v 0.006349 0.026113 -0.005383
v 0.055811 -0.034706 0.004544
v 0.046663 -0.036372 -0.005457
v -0.037425 -0.051680 -0.005457
v -0.027180 -0.049814 0.004544
v 0.075490 0.001686 -0.005457
v 0.035761 0.039782 -0.005457
v -0.062824 0.052488 -0.005457
v -0.060380 -0.037513 -0.005457
v 0.047054 0.038327 0.002102
v 0.044313 0.038684 0.004544
v -0.062824 0.052488 0.004544
v -0.060606 -0.029183 0.004544
v 0.076846 -0.006871 0.004544
v 0.076846 -0.006947 0.004544
v 0.076548 0.004001 -0.002771
v 0.076599 0.001994 -0.004349
v 0.026850 -0.000883 0.005862
v 0.016605 -0.002750 -0.004138
v -0.005847 -0.006839 -0.004138
v -0.005847 -0.006839 0.005862
v -0.006340 0.011417 -0.004138
v -0.006566 0.019747 0.005862
v 0.005630 0.006381 -0.005615
v -0.014532 0.008977 -0.005615
v 0.006349 -0.020264 -0.005615
v -0.023032 0.010075 0.001944
v 0.005630 0.006381 0.004385
v -0.019388 0.009605 0.004385
v 0.006205 -0.014941 0.004385
v 0.006462 -0.024250 -0.002930
v -0.026841 0.027628 0.003063
v -0.023197 0.027162 0.005505
v -0.029592 0.027985 0.005505
v 0.002396 0.002616 0.005505
v 0.002941 -0.017570 0.005505
v 0.002653 -0.006698 -0.001810
v 0.023319 -0.033089 -0.004851
v 0.023298 -0.031975 -0.005959
v 0.022210 -0.033403 -0.005959
v 0.023165 -0.027090 -0.005959
v 0.002273 0.002151 -0.005959
v -0.017509 0.004699 -0.005959
v -0.006227 0.003244 0.001600
v 0.023267 -0.031082 -0.003274
v -0.190225 -0.120456 -0.004990
v -0.190225 -0.120456 0.005010
v -0.190225 0.117596 0.005010
v -0.190225 0.117596 -0.004990
v 0.228495 -0.044226 0.005010
v 0.228495 -0.044226 -0.004990
v 0.225559 0.064025 -0.004990
v 0.225559 0.064025 0.005010
v 0.001236 0.001772 -0.001875
v 0.000980 0.002622 -0.002423
v -0.000817 -0.005027 -0.002423
v 0.000939 -0.004329 -0.000513
v -0.009646 0.001735 -0.002423
v 0.000333 0.003384 -0.002423
v -0.003609 0.002730 0.002835
v 0.001062 -0.001835 0.001910
v -0.000416 0.002156 -0.001639
v 0.001380 0.009805 -0.001639
v 0.001637 0.008950 -0.001091
v 0.001339 0.002849 0.000271
v 0.001668 0.009475 -0.001639
v 0.001247 0.000885 -0.001639
v -0.011401 0.000036 0.005146
v -0.006607 0.012131 0.005146
v 0.005148 0.014073 0.005146
v 0.013114 0.004699 0.005146
v 0.011482 -0.028648 0.005146
v 0.006852 -0.048337 0.005146
v 0.001709 -0.034701 -0.004854
v 0.011502 0.006900 -0.004854
v 0.002663 0.013662 -0.004854
v -0.006833 0.012093 -0.004854
v -0.011596 0.000566 -0.004854
v -0.013331 0.005169 0.000191
v 0.013381 0.010092 -0.000520
v 0.013258 0.007598 -0.002944
v -0.010795 0.011438 0.000262
v 0.008700 0.014657 0.000404
v 0.006749 0.001918 -0.002149
v -0.001597 0.000539 -0.002149
v -0.001720 0.000220 -0.002149
v 0.001986 -0.009603 -0.002149
v 0.000251 -0.005005 0.002896
v 0.002797 0.001264 0.002967
v 0.002335 0.002881 0.006168
v 0.002612 0.002546 0.006168
v 0.002674 0.003806 0.006168
v 0.002550 0.003785 0.006168
v 0.002592 0.002027 0.006716
v 0.002674 0.003806 0.006319
v 0.002345 -0.010182 0.002229
v -0.001299 -0.000532 0.002229
v -0.000827 0.000599 0.002229
v 0.007139 0.001913 0.002229
v 0.000405 -0.005048 -0.002726
v 0.002951 0.001221 -0.002654
v -0.002254 -0.000278 0.005083
v -0.001412 -0.000142 0.005083
v -0.001884 -0.001267 0.005083
v -0.002151 -0.000559 -0.004917
v -0.002018 -0.000240 -0.004917
v -0.002254 -0.000278 -0.004917
v -0.000180 -0.005784 0.000128
v 0.002366 0.000485 0.000200
v -0.006843 -0.000434 0.002300
v 0.001657 0.000972 0.002300
v 0.001123 -0.009808 0.002300
v 0.001657 0.000972 0.001859
v 0.001390 -0.004410 -0.003366
v -0.003281 0.000155 -0.002442
v 0.002335 -0.013313 0.009626
v 0.002140 -0.013714 0.009626
v -0.000211 -0.009138 0.009626
v -0.001022 -0.006990 0.009626
v 0.003618 0.012704 0.009626
v 0.002140 -0.013714 -0.000374
v -0.000211 -0.009138 -0.000374
v 0.002335 -0.013313 -0.000374
v -0.006165 0.006646 -0.000374
v 0.005291 0.046976 -0.000374
v 0.003628 0.048247 -0.000374
v 0.005384 0.048945 0.001536
v 0.000692 0.001096 -0.005293
v 0.001339 0.000334 -0.005293
v 0.001544 0.001237 -0.005293
v 0.001678 0.001259 0.004266
v 0.001678 0.001259 -0.005142
v 0.001596 -0.000516 -0.004745
v 0.001411 -0.004123 -0.000960
v -0.003260 0.000442 -0.000035
v -0.051972 0.051352 0.004995
v 0.033646 0.065496 0.004995
v 0.033646 0.065496 -0.005005
v -0.051972 0.051352 -0.005005
v -0.002305 -0.080310 0.004995
v 0.026747 -0.075512 0.004995
v 0.026747 -0.075512 -0.005005
v -0.002305 -0.080310 -0.005005
v -0.073685 0.052055 -0.004843
v -0.073685 0.052055 0.005157
v 0.059003 0.052055 -0.004843
v 0.059003 0.052055 0.005157
v -0.031420 -0.060004 0.005157
v 0.054209 -0.045860 0.005157
v 0.054209 -0.045860 -0.004843
v -0.031420 -0.060004 -0.004843
v -0.003034 -0.010084 -0.010187
v -0.003034 -0.010084 -0.000187
v -0.001576 -0.008543 -0.000187
v -0.001576 -0.008543 -0.010187
v 0.000138 -0.005248 -0.010187
v -0.002757 -0.004475 -0.010187
v -0.002439 0.001913 -0.000187
v 0.003095 0.000426 -0.000187
v -0.008147 0.013023 0.004083
v -0.007972 0.016599 -0.001006
v -0.002757 0.020975 -0.001321
v 0.000600 0.020012 0.004083
v 0.001144 0.019855 -0.005917
v -0.008219 0.011411 -0.005917
v -0.010857 -0.042333 -0.005917
v -0.007962 -0.043112 -0.005917
v 0.021081 0.012661 -0.005917
v 0.020567 0.014284 -0.005917
v -0.010539 -0.035945 0.004083
v 0.013402 0.016339 0.004083
v 0.017005 0.004845 0.004083
v -0.005005 -0.037432 0.004083
v 0.000384 0.000399 -0.005157
v -0.001689 0.000994 -0.005157
v -0.001802 -0.001349 -0.005157
v -0.001689 0.000994 0.004843
v -0.001710 0.000572 0.004843
v -0.001977 -0.004800 -0.000246
v -0.001351 0.000896 0.004843
v 0.003238 -0.000418 -0.000561
v 0.001462 -0.000148 -0.009721
v 0.000282 0.000188 -0.009721
v 0.000785 -0.001435 -0.009721
v -0.006884 0.002243 0.000279
v 0.001462 -0.000148 0.000279
v -0.003281 -0.009251 0.000279
v -0.001679 -0.002939 -0.002650
v -0.001854 -0.006514 0.002439
v 0.006893 0.000474 0.002439
v 0.003536 0.001437 -0.002965
v -0.001412 0.002432 0.002439
v -0.001053 0.002757 0.002439
v 0.000651 0.000831 -0.001830
v -0.001535 -0.000921 -0.001830
v -0.001967 -0.009554 -0.001830
v 0.007406 -0.001111 -0.001830
v -0.001710 -0.004372 0.003082
v 0.003505 0.000009 0.002766
v 0.080675 0.066275 -0.005008
v -0.035916 0.099719 -0.005008
v 0.080675 0.066275 0.004992
v -0.035916 0.099719 0.004992
v -0.016883 -0.121088 -0.005008
v -0.046316 -0.112645 -0.005008
v -0.046316 -0.112645 0.004992
v -0.016883 -0.121088 0.004992
v -0.043729 0.023901 -0.005901
v 0.066056 0.023901 -0.005901
v 0.066056 0.023901 0.004099
v -0.057691 0.023901 0.004099
v 0.046982 -0.012735 0.004099
v 0.041602 -0.023066 -0.005901
v -0.064548 0.007982 -0.005901
v -0.046306 -0.012610 -0.005901
v 0.023842 -0.032732 -0.005901
v -0.069897 0.014570 0.004099
v 0.014942 -0.030179 0.004099
v -0.054180 -0.010349 0.004099
v -0.055699 -0.009916 0.002247
v -0.069897 0.009199 -0.000939
v -0.008465 0.005186 -0.005451
v 0.026470 0.005186 -0.005451
v 0.012498 0.005186 0.004549
v -0.005590 0.005186 0.004549
v -0.010200 0.005186 -0.002315
v -0.010200 0.005186 -0.003427
v 0.005641 -0.010728 -0.005451
v -0.010231 0.004655 -0.002851
v 0.000292 -0.004145 0.004549
v 0.000292 -0.009516 -0.000489
v 0.008751 0.009610 -0.004210
v 0.002058 -0.003231 -0.004210
v 0.002058 -0.003231 0.005790
v 0.014131 0.019941 0.005790
v -0.009009 -0.000056 -0.004210
v -0.017920 0.002497 0.005790
v 0.000661 -0.005384 -0.003734
v 0.000661 -0.000088 0.001228
v 0.006000 -0.001300 -0.003734
v -0.008095 0.014614 -0.003734
v -0.009841 0.014614 -0.001710
v -0.009841 0.014614 -0.003734
v -0.009995 0.011514 -0.003734
v -0.009861 0.014083 -0.001134
v 0.005723 -0.006812 -0.003814
v -0.004923 0.010081 -0.003814
v -0.006063 -0.013178 -0.003814
v -0.003548 -0.013903 -0.003814
v -0.006063 -0.013178 -0.001336
v -0.004800 0.012650 -0.001214
v -0.005139 0.005845 0.006187
v -0.005652 -0.004837 0.006187
v 0.000302 -0.000288 0.006187
v 0.005723 -0.001522 0.001148
v -0.009451 -0.004545 -0.003096
v 0.007334 -0.009359 -0.003096
v -0.000170 0.002546 -0.003096
v -0.011555 0.004520 0.006904
v -0.011966 -0.003821 0.006904
v -0.011966 -0.003821 -0.000618
v 0.011882 -0.010663 0.006904
v -0.005601 0.009069 0.006904
v 0.014018 -0.011274 0.005052
v -0.000180 0.007836 0.001867
v 0.007252 -0.008110 0.002505
v 0.012673 -0.003967 0.002505
v 0.012683 -0.009338 -0.002533
v 0.006790 0.005364 0.002505
v 0.002181 0.005364 0.002505
v 0.002181 0.005364 -0.004359
v 0.001822 -0.001976 0.002505
v 0.002160 0.004834 -0.004895
v -0.001156 0.005440 0.003786
v -0.006576 0.001296 0.003786
v -0.001145 0.000069 -0.001252
v 0.014562 -0.019480 0.003786
v 0.010907 -0.018430 0.003786
v 0.013042 -0.019047 0.001934
v -0.008465 0.015122 0.001345
v -0.008465 0.009826 -0.003617
v -0.003127 0.013905 -0.003617
v -0.000961 -0.002073 -0.003617
v 0.015126 -0.006687 -0.003617
v 0.005723 -0.003994 0.004531
v -0.000006 -0.001522 -0.000887
v 0.002222 -0.000018 -0.000887
v 0.006092 -0.010284 -0.000887
v 0.003115 -0.006011 -0.010887
v 0.006092 -0.010284 -0.010887
v 0.004203 -0.005276 -0.010887
v 0.002592 0.012190 0.005721
v -0.011391 0.004704 0.005721
v -0.011391 0.004704 -0.004279
v -0.004790 0.008236 -0.004279
v 0.002592 0.012190 0.003955
v 0.021450 -0.037805 0.005721
v 0.019222 -0.039309 0.005721
v 0.022343 -0.043799 -0.004279
v 0.023432 -0.043063 -0.004279
v 0.005774 0.003731 -0.004279
v -0.007130 -0.004037 -0.000449
v 0.003433 -0.008543 -0.000449
v 0.000241 -0.000083 -0.000449
v 0.000241 -0.000083 0.007785
v -0.000971 -0.015098 -0.005005
v -0.000971 -0.015098 0.004995
v 0.013001 -0.007612 0.004995
v 0.013001 -0.007612 -0.005005
v 0.003793 0.016783 -0.005005
v -0.004851 0.018708 -0.005005
v -0.011863 0.000555 -0.005005
v 0.006369 0.009978 0.004995
v -0.014943 0.004985 0.002151
v -0.013136 0.002378 0.004995
v -0.008835 0.013353 0.004995
v -0.010816 0.015593 0.002112
v 0.005825 0.002860 0.001713
v 0.001411 0.003833 0.001713
v 0.003834 0.005099 -0.001170
v -0.000293 -0.005514 -0.001131
v -0.001515 -0.003756 0.001713
v 0.001514 -0.008115 0.001713
v 0.000569 -0.006325 -0.003300
v -0.010313 -0.003907 -0.003300
v -0.005395 -0.009435 0.003817
v 0.004573 0.004066 -0.003300
v -0.001186 0.019352 -0.003300
v 0.002242 0.010243 0.003745
v -0.046347 0.065231 -0.004726
v -0.054128 0.036174 -0.004726
v 0.025146 -0.077816 -0.004726
v 0.037486 -0.080559 -0.004726
v 0.046612 -0.057294 -0.004726
v -0.007459 0.086067 -0.004726
v 0.050051 -0.066409 0.002319
v 0.049076 -0.063818 0.005273
v -0.007459 0.086067 0.005273
v -0.037210 0.070126 0.005273
v -0.048482 0.028050 0.005273
v 0.030279 -0.085189 0.005273
v 0.039991 -0.087347 0.005273
v 0.042403 -0.086087 0.002390
v 0.008577 0.006841 -0.004259
v 0.002612 0.003725 0.002858
v -0.002305 0.009253 -0.004259
v -0.006063 -0.000337 -0.004259
v 0.001565 -0.011312 -0.004259
v -0.001505 -0.006887 0.002896
v 0.001123 0.009789 -0.005907
v -0.002891 -0.000597 -0.005907
v 0.005764 -0.002522 -0.005907
v -0.001207 0.015966 0.001139
v 0.008330 -0.009327 0.004093
v 0.000230 0.012142 0.004093
v -0.006863 -0.005952 0.004093
v -0.008855 -0.003712 0.001210
v -0.002326 -0.010371 0.002652
v -0.004317 -0.008132 -0.000231
v -0.006730 -0.009392 0.002652
v 0.004768 0.007722 0.002652
v 0.002355 0.014132 0.002652
v 0.003331 0.011547 -0.000303
v 0.010712 0.011958 -0.003416
v -0.009687 0.001031 -0.003416
v 0.002930 -0.017100 -0.003416
v 0.019849 0.016858 0.006584
v -0.009687 0.001031 0.006584
v 0.008577 -0.025224 0.006584
v -0.002572 -0.004140 -0.005194
v 0.001185 0.005451 -0.005194
v -0.011155 0.008193 -0.005194
v 0.001976 -0.010690 0.001961
v -0.006032 0.000820 0.004805
v 0.000754 -0.008927 0.004805
v 0.003680 -0.001338 0.004805
v 0.006102 -0.000077 0.001922
v 0.015527 0.004207 -0.005816
v 0.006000 0.004207 0.004184
v -0.007859 0.004207 0.004184
v -0.007859 0.004207 -0.005816
v 0.004634 -0.013752 -0.005816
v -0.000457 -0.006433 0.004184
v 0.003515 0.008642 -0.003706
v -0.000889 0.020304 -0.003706
v -0.014666 -0.014833 -0.003706
v -0.003168 -0.008678 -0.003706
v 0.001739 0.013353 0.001668
v -0.007777 -0.011144 0.001757
v -0.011442 0.012526 -0.004677
v -0.000704 -0.002923 -0.004677
v 0.016533 0.006311 -0.004677
v -0.006319 0.005153 0.005323
v -0.000704 -0.002923 0.005323
v 0.008299 0.001902 0.005323
v -0.037918 0.033534 -0.005446
v 0.035751 0.033534 -0.005446
v 0.035751 0.033534 0.004554
v -0.047445 0.033534 0.004554
v -0.048810 0.015582 -0.005446
v -0.015692 -0.032039 -0.005446
v 0.012283 -0.038254 -0.005446
v 0.031839 -0.027777 -0.005446
v 0.045616 0.007365 -0.005446
v 0.048244 0.000415 -0.000072
v 0.046715 0.004466 0.004554
v -0.053902 0.022895 0.004554
v -0.010559 -0.039417 0.004554
v 0.034899 -0.026138 0.004554
v 0.004060 -0.042663 0.004554
v 0.038728 -0.024088 0.000017
v 0.003218 0.014040 -0.003399
v 0.005476 0.008058 0.001226
v 0.001688 0.018097 0.001226
v -0.010128 -0.012507 0.001226
v -0.000591 -0.007396 0.001226
v -0.006299 -0.010457 -0.003311
v 0.000292 0.009621 -0.005004
v -0.006402 -0.007693 -0.005004
v 0.004604 -0.001803 -0.005004
v 0.004593 -0.001803 0.004996
v 0.000764 0.008350 0.004996
v -0.001484 0.014332 0.000370
v -0.005293 -0.007104 0.004996
v -0.011011 -0.010165 0.000459
v -0.047414 0.024869 -0.005001
v -0.047414 0.024869 0.004999
v 0.003218 -0.009965 0.004999
v 0.009685 0.003054 0.004999
v 0.003218 -0.009965 -0.005001
v 0.009685 0.003054 -0.005001
v 0.040976 -0.047407 0.005552
v 0.062124 -0.004848 0.005552
v 0.040976 -0.047407 -0.004448
v 0.062124 -0.004848 -0.004448
v -0.073870 0.031598 0.005552
v -0.067392 0.044623 0.005552
v -0.073870 0.031598 -0.004448
v -0.067392 0.044623 -0.004448
v -0.016123 -0.041608 0.004731
v -0.016123 -0.041608 -0.005268
v 0.156130 -0.029524 0.004731
v 0.156130 -0.029524 -0.005268
v 0.024571 -0.039715 0.004731
v 0.024571 -0.039715 -0.005268
v -0.105150 0.019633 0.004731
v -0.084002 0.062191 0.004731
v -0.105150 0.019633 -0.005268
v -0.084002 0.062191 -0.005268
v -0.045731 -0.016202 0.004564
v -0.045474 -0.015980 0.004564
v -0.045731 -0.016202 -0.005436
v -0.045474 -0.015980 -0.005436
v -0.045423 -0.016294 0.004564
v -0.045423 -0.016294 -0.005436
v -0.045751 -0.016288 0.004564
v -0.045761 -0.016278 0.004564
v -0.045761 -0.016278 -0.005436
v -0.045751 -0.016288 -0.005436
v 0.023288 -0.004264 -0.005436
v 0.012159 0.026357 -0.005436
v 0.023288 -0.004264 0.004564
v 0.012159 0.026357 0.004564
v -0.015528 0.039187 -0.004898
v -0.015528 0.039187 0.005102
v 0.010127 0.032912 -0.004898
v 0.010127 0.032912 0.005102
v 0.078160 -0.008023 -0.004898
v 0.073006 0.006154 -0.004898
v 0.078160 -0.008023 0.005102
v 0.073006 0.006154 0.005102
v -0.059887 -0.032196 -0.004898
v -0.071016 -0.001581 -0.004898
v -0.059887 -0.032196 0.005102
v -0.071016 -0.001581 0.005102
v -0.007110 0.004482 -0.006418
v -0.004564 0.007582 -0.006418
v -0.007541 0.008853 -0.001971
v -0.008362 0.007944 -0.001889
v 0.002017 -0.003734 0.003582
v -0.005129 -0.000970 0.003582
v -0.007336 0.005104 0.003582
v -0.004831 0.007695 0.003582
v 0.015434 -0.000927 0.003582
v 0.016091 -0.001273 0.003582
v 0.015434 -0.000927 -0.002255
v 0.016091 -0.001273 -0.001106
v -0.003753 -0.004745 -0.006418
v 0.012734 -0.001857 -0.006418
v 0.013022 0.000101 -0.006418
v -0.003753 -0.004745 -0.000577
v 0.000374 -0.003734 0.000655
v -0.002172 -0.006839 0.000655
v -0.003424 -0.003377 0.005184
v -0.002613 -0.002468 0.005102
v -0.003968 -0.001889 0.000655
v -0.003968 -0.001889 0.002316
v 0.004162 -0.000689 0.002115
v 0.004162 -0.000689 0.007427
v 0.003505 -0.000342 0.006277
v 0.003505 -0.000342 0.002115
v 0.001093 0.000685 0.002115
v 0.000805 -0.001273 0.002115
v 0.001062 0.006641 -0.002099
v 0.008207 0.003871 -0.002099
v 0.002438 0.002865 -0.002099
v 0.002438 0.002865 -0.006258
v -0.002552 0.002232 -0.002085
v 0.001524 0.000501 -0.002085
v -0.000981 -0.002095 -0.002085
v -0.002552 0.002232 -0.005609
v -0.001186 0.001653 -0.007638
v -0.002008 0.000745 -0.007555
v -0.005673 0.004390 -0.003475
v -0.004307 0.003812 -0.000689
v -0.005673 0.004390 0.001340
v -0.005129 0.002903 -0.000607
v 0.001544 -0.001852 0.001347
v 0.007714 -0.007125 0.001347
v 0.002376 -0.000873 0.001347
v 0.007714 -0.007125 0.011347
v 0.006226 -0.005854 0.011347
v 0.006431 -0.005616 0.011347
v -0.007818 0.002357 -0.005466
v -0.002665 0.007566 -0.005466
v -0.002665 0.007566 0.004534
v -0.004020 0.006197 0.004534
v -0.007818 0.002357 -0.001869
v 0.021563 -0.022758 -0.005466
v 0.022395 -0.021779 -0.005466
v 0.026450 -0.026522 0.004534
v 0.026244 -0.026760 0.004534
v -0.002418 -0.002257 0.004534
v 0.006205 -0.005573 -0.000711
v 0.000805 -0.000959 -0.000711
v 0.004604 0.002881 -0.000711
v 0.000805 -0.000959 -0.007114
v -0.015056 0.035379 -0.004840
v -0.015056 0.035379 0.005160
v -0.088755 0.059027 -0.004840
v -0.071160 0.054348 -0.004840
v -0.088755 0.059027 0.005160
v -0.071160 0.054348 0.005160
v 0.078930 -0.074663 -0.004840
v 0.078930 -0.074663 0.005160
v 0.073766 -0.079872 -0.004840
v 0.073766 -0.079872 0.005160
v -0.030865 -0.040369 -0.005000
v -0.030865 -0.040369 0.005000
v -0.038298 -0.047174 -0.005000
v -0.038298 -0.047174 0.005000
v 0.008197 0.003547 -0.005000
v 0.008197 0.003547 0.005000
v 0.001657 0.008842 -0.005000
v 0.001657 0.008842 0.005000
v -0.012561 -0.009165 -0.004404
v -0.012561 -0.009165 0.005596
v -0.006022 -0.014455 0.005596
v -0.006022 -0.014455 -0.004404
v 0.000046 0.000399 -0.004404
v -0.005991 0.000052 -0.004404
v 0.001524 -0.005968 -0.004404
v 0.004994 -0.002073 0.000816
v 0.001657 -0.005822 0.005596
v -0.001269 0.006673 0.005596
v 0.000271 0.006760 0.005596
v 0.003916 0.004239 0.001297
v 0.004060 -0.001219 0.002396
v 0.001134 -0.004118 -0.001903
v -0.002511 -0.001592 0.002396
v -0.002706 0.000198 0.002396
v 0.002140 0.006998 0.002396
v -0.000191 0.003720 -0.001306
v 0.027476 0.052179 -0.003411
v -0.033370 -0.033143 -0.003411
v -0.031605 -0.049197 -0.003411
v 0.030885 0.021056 -0.003411
v 0.029057 0.050903 -0.003411
v 0.035977 0.045299 0.006588
v 0.027476 0.052179 0.006588
v -0.032179 -0.049841 -0.002588
v -0.026718 -0.043701 0.006588
v 0.037044 0.027979 0.006588
v -0.035311 -0.035864 0.006588
v -0.033391 -0.044085 0.006588
v -0.037651 -0.039142 0.002886
v -0.036317 -0.046979 0.002290
v -0.011647 0.013018 -0.005966
v -0.009810 -0.016829 -0.005966
v 0.004860 -0.000337 -0.005966
v 0.004860 -0.000337 0.004033
v -0.004718 0.007414 0.004033
v -0.003661 -0.009911 0.004033
v -0.001772 0.002957 0.000435
v 0.001144 0.005856 0.004734
v -0.005426 0.005483 0.004734
v 0.002468 0.000209 0.004734
v -0.000704 -0.003355 -0.000046
v -0.004040 -0.007104 0.004734
v 0.002468 -0.001262 -0.006902
v -0.000601 -0.004713 -0.002505
v 0.002571 -0.001148 0.002274
v 0.007930 0.004877 0.002274
v 0.001257 0.004499 0.002274
v -0.001669 0.001599 -0.002025
v -0.005590 0.000393 -0.002603
v -0.004102 -0.005973 -0.002603
v 0.001934 0.000820 -0.002603
v -0.000642 -0.002079 0.002618
v 0.002427 0.001372 -0.001779
v -0.001720 0.004234 0.003098
v -0.007613 -0.003799 -0.002330
v -0.001576 -0.003458 -0.002330
v -0.003003 0.002654 -0.002330
v -0.001351 0.002908 0.007670
v -0.002891 0.002822 0.007670
v -0.001546 0.004699 0.007670
v 0.000969 0.008225 0.003968
v 0.002294 0.000388 0.003371
v -0.004554 0.000523 -0.005391
v -0.003127 -0.005589 -0.005391
v 0.004398 -0.005157 -0.005391
v 0.005466 -0.003961 -0.005391
v 0.003700 0.012093 -0.005391
v 0.004891 -0.004610 -0.004567
v -0.000581 0.006094 0.000907
v 0.000754 -0.001743 0.000310
v 0.016635 0.003617 -0.003070
v 0.008351 0.003060 -0.003070
v -0.005283 -0.006725 -0.003070
v -0.016739 -0.022779 -0.003070
v -0.002408 -0.004653 0.001827
v -0.005283 -0.006725 0.001980
v 0.008351 0.003060 -0.000672
v 0.010568 0.003206 0.000096
v -0.011381 -0.010046 0.001208
v -0.000632 -0.002333 -0.001291
v -0.000632 -0.002333 0.000636
v 0.001585 -0.002182 -0.000522
v 0.007879 -0.001565 0.001985
v 0.012858 0.004028 0.001985
v 0.010774 0.001680 -0.001955
v 0.001893 -0.002814 0.001985
v 0.000035 -0.001305 0.001985
v -0.001535 0.004039 0.001985
v -0.003691 0.001713 -0.001920
v -0.002100 0.000426 -0.004082
v 0.003413 -0.001230 -0.005138
v -0.003363 -0.001224 -0.005138
v 0.000579 -0.004410 -0.005138
v 0.000579 -0.004410 0.004862
v 0.003731 -0.000873 0.004862
v 0.006616 0.002378 0.000922
v -0.002254 -0.002117 0.004862
v -0.006258 0.001123 -0.001206
v 0.000046 -0.001051 -0.003026
v 0.007694 0.007544 -0.003026
v -0.009748 0.003909 -0.003026
v -0.009122 0.000891 -0.003026
v -0.006730 -0.001046 -0.003026
v 0.003249 0.002551 0.003033
v -0.010816 0.002259 -0.000894
v -0.009625 0.001296 0.000906
v 0.001770 -0.004675 0.001612
v 0.006801 -0.004681 0.001612
v 0.004645 -0.007006 -0.002294
v -0.001186 -0.002284 0.001612
v -0.002531 0.004271 0.001612
v 0.002201 0.010903 0.001612
v -0.000170 0.007582 -0.002992
v 0.003156 -0.005795 -0.003858
v 0.000559 -0.000072 0.001043
v -0.004472 -0.000067 0.001043
v -0.001597 -0.002393 -0.002862
v 0.002140 -0.005416 0.001043
v -0.002018 0.001096 -0.004922
v -0.004081 -0.001787 -0.004922
v -0.000252 -0.004881 -0.004922
v -0.004081 -0.001787 0.005078
v -0.001607 0.001680 0.005078
v -0.000262 -0.004875 0.005078
v 0.000754 0.004991 0.000475
v 0.004070 -0.008386 -0.000392
v -0.010908 -0.011047 -0.000643
v -0.010908 -0.011047 -0.005077
v -0.008024 -0.008981 -0.005746
v 0.002735 -0.001262 -0.006318
v 0.002735 -0.001262 -0.000643
v 0.004953 -0.001116 -0.007476
v 0.024684 0.000209 -0.000643
v -0.016175 -0.018430 -0.000643
v 0.003618 0.010000 -0.002159
v -0.001926 0.002221 -0.002159
v -0.000160 -0.003756 -0.002159
v 0.004665 -0.007661 -0.002159
v 0.007139 -0.007142 -0.002159
v 0.000846 0.006116 0.003238
v 0.004162 -0.007261 0.002372
v 0.006072 -0.008797 -0.000027
v 0.039323 0.026557 -0.004819
v 0.013740 0.024842 -0.004819
v -0.019634 -0.001554 -0.004819
v -0.023618 -0.007147 -0.004819
v -0.020107 -0.024288 -0.004819
v -0.002675 -0.020653 -0.004819
v -0.008188 0.014500 0.000231
v -0.005303 0.016572 0.000078
v -0.008188 0.014500 0.000748
v 0.039323 0.026557 0.005181
v 0.027404 0.025756 0.005181
v 0.007673 0.024431 -0.001652
v -0.005026 -0.023304 0.005181
v -0.007110 -0.025646 0.001240
v -0.024018 -0.007704 0.005181
v -0.013454 0.007117 0.005181
v -0.019419 -0.023293 0.005181
v -0.026389 -0.011025 0.000578
v -0.023074 -0.024402 -0.000289
v -0.021575 -0.025614 0.001276
v -0.019983 -0.026901 -0.000887
v -0.021174 -0.025943 -0.002687
v 0.001360 -0.003036 -0.000895
v 0.000744 -0.000018 -0.000895
v -0.001731 -0.000532 -0.000895
v -0.000324 -0.001673 0.001237
v -0.012017 -0.004973 0.005091
v -0.012017 -0.004973 -0.004909
v -0.045823 -0.038768 0.005091
v -0.045823 -0.038768 -0.004909
v 0.009552 0.001913 -0.004909
v 0.003628 0.009031 -0.004909
v 0.003628 0.009031 0.005091
v 0.009552 0.001913 0.005091
v 0.000949 -0.003712 -0.002461
v -0.002336 -0.000386 0.001956
v -0.002069 -0.000148 0.002441
v 0.005025 -0.001624 0.002441
v 0.000713 0.002346 -0.002813
v 0.005107 0.006273 0.002441
v -0.003075 0.007360 0.003502
v -0.003342 0.007122 0.003017
v -0.000067 0.003795 -0.001399
v 0.004018 0.005883 0.003502
v 0.000158 -0.002171 -0.001052
v 0.000138 -0.002187 -0.001020
v 0.000138 -0.002187 0.003502
v 0.003957 0.000620 0.003502
v -0.003650 0.006846 0.003502
v -0.003270 0.001902 0.003502
v 0.002273 0.000074 -0.003588
v 0.002037 -0.000105 -0.003963
v -0.001022 -0.002355 -0.003963
v -0.001022 -0.002355 0.001458
v -0.001002 -0.002338 0.001482
v -0.003938 0.001140 -0.003963
v -0.004584 0.001913 -0.002894
v -0.001227 0.003633 0.001135
v 0.020136 0.008166 -0.005705
v -0.024542 -0.024662 -0.005705
v -0.024788 -0.024840 -0.005329
v -0.018669 -0.020345 0.004295
v 0.026008 0.012477 0.004295
v 0.013114 0.022035 0.004295
v 0.013114 0.022035 -0.005705
v 0.019058 0.019563 -0.005705
v 0.025598 0.016847 0.004295
v -0.025486 -0.012507 -0.005705
v -0.024131 -0.011296 0.004295
v -0.028515 -0.015223 -0.000959
v -0.024213 -0.019193 0.004295
v -0.028289 -0.021281 -0.000606
v 0.002602 -0.001338 0.002737
v 0.008197 0.002773 0.002737
v 0.002078 -0.001716 -0.006887
v -0.001207 -0.004129 -0.001817
v 0.002653 0.003925 0.002737
v -0.001422 0.001843 -0.002164
v -0.004605 -0.006612 -0.001447
v 0.001267 -0.002295 0.008553
v 0.004912 0.000382 0.008553
v 0.004912 0.000382 -0.001447
v 0.000846 0.002070 0.008553
v -0.005693 0.004791 -0.001447
v 0.004871 -0.005216 -0.003360
v 0.005107 -0.005043 -0.002984
v 0.005353 -0.004864 -0.003360
v 0.004409 0.007290 -0.003360
v -0.002593 0.001026 -0.003360
v -0.002624 -0.002149 -0.003360
v -0.001104 -0.003972 -0.003360
v 0.001370 0.004574 0.001386
v -0.001751 -0.003198 -0.002290
v 0.001606 -0.001484 0.001739
v -0.001864 -0.001543 -0.005201
v -0.001823 0.001632 -0.005201
v -0.003363 0.000258 -0.005201
v -0.000909 0.002454 0.004313
v -0.003363 0.000258 -0.000201
v 0.002140 0.005180 -0.000456
v -0.000981 -0.002593 -0.004131
v 0.002366 -0.000873 -0.000103
v 0.003608 -0.006747 -0.002293
v 0.003587 -0.006763 -0.002317
v 0.003587 -0.006763 -0.002261
v 0.000107 0.002551 0.001776
v -0.000201 0.002270 0.002262
v -0.002346 0.000355 0.002262
v -0.002346 0.000355 -0.002739
v 0.000179 -0.002674 0.002262
v 0.000025 -0.002495 -0.006669
v 0.003382 -0.000781 -0.002640
v -0.001977 0.000247 0.001535
v -0.003322 -0.002447 0.000214
v -0.003917 -0.001646 0.001157
v -0.002880 0.000447 0.002184
v -0.002254 0.001302 0.002492
v -0.003743 -0.000721 0.001227
v -0.002326 -0.000445 -0.000338
v -0.002716 0.000680 0.000459
v 0.001401 -0.000180 0.002847
v 0.001216 -0.001105 0.002778
v 0.002253 0.000988 0.003805
v 0.000969 -0.000770 0.003171
v 0.003043 0.004866 0.003964
v 0.002386 0.001545 0.003715
v -0.002100 -0.007466 -0.000736
v -0.001710 -0.004708 -0.000736
v 0.003639 0.004060 0.003021
v -0.000180 -0.003610 -0.000736
v 0.000651 0.002892 -0.004910
v 0.002520 -0.004426 -0.004910
v 0.006811 0.002908 0.005089
v 0.005230 0.009134 0.005089
v -0.000776 0.000945 0.005089
v -0.003876 -0.003280 -0.004910
v -0.000714 -0.005265 -0.004910
v -0.003876 -0.003280 -0.000413
v 0.023462 0.036818 -0.001607
v 0.024119 0.040139 -0.001358
v 0.019366 0.030570 -0.006057
v 0.018976 0.027806 -0.006057
v -0.008506 -0.003696 -0.006057
v -0.003938 0.002546 0.003943
v -0.002346 -0.003680 0.003943
v -0.006648 -0.011020 -0.006057
v 0.017323 0.031544 0.003943
v 0.013432 0.016685 0.003943
v 0.004131 -0.002008 0.003943
v 0.000569 -0.009154 -0.006057
v 0.013525 0.026362 -0.006057
v 0.023863 0.040474 -0.000964
v 0.007940 0.001448 -0.000613
v 0.007940 0.001448 0.001150
v 0.007879 0.001410 0.001067
v 0.007879 0.001410 -0.000608
v 0.007950 0.001442 0.001159
v 0.007981 0.001323 -0.000732
v 0.007981 0.001323 0.001230
v 0.006544 -0.001554 -0.000189
v 0.006113 -0.002436 -0.002572
v 0.005948 -0.001219 -0.001089
v 0.005836 -0.001381 -0.001614
v 0.004501 0.006457 -0.001280
v 0.004439 0.006419 -0.001280
v 0.001031 0.001778 -0.001280
v 0.001739 0.000696 -0.001280
v 0.004542 0.006332 -0.001280
v 0.004511 0.006451 -0.001280
v 0.004501 0.006457 0.000783
v 0.004439 0.006419 0.000847
v 0.004542 0.006332 0.000698
v 0.002325 0.001886 0.001924
v 0.001934 0.003006 0.002721
v 0.007725 0.006019 0.004673
v 0.003166 -0.003150 0.004673
v 0.001247 0.004342 0.004673
v 0.004172 -0.001127 -0.005327
v 0.000661 -0.008169 -0.005327
v 0.000661 -0.008169 -0.001453
v -0.002182 -0.006390 -0.005327
v -0.003045 -0.002993 -0.005327
v 0.001483 0.004228 -0.002344
v 0.001514 0.004109 -0.002344
v 0.000559 0.002173 -0.002344
v 0.000261 0.002627 -0.002344
v 0.001411 0.004196 -0.002344
v 0.001483 0.004234 -0.002344
v 0.001411 0.004196 -0.003629
v 0.001483 0.004234 -0.003546
v 0.001483 0.004228 -0.003535
v 0.001514 0.004109 -0.003465
v 0.000087 0.001237 -0.004885
v -0.000509 0.001567 -0.005784
v 0.001103 -0.005773 0.003320
v 0.002448 -0.003079 0.004641
v 0.002171 -0.002025 0.005598
v 0.001544 -0.002879 0.005290
v 0.000508 -0.004973 0.004263
v -0.000150 -0.008294 0.004014
v 0.002889 -0.002198 0.007023
v 0.002294 -0.001862 0.006123
v 0.000169 -0.004718 -0.001322
v 0.009521 0.008042 -0.001322
v 0.009819 0.007593 -0.001322
v -0.003712 -0.019577 -0.001322
v 0.009347 0.006651 -0.003863
v 0.006318 0.000561 -0.006872
v 0.006718 0.004217 -0.006229
v 0.008002 0.005970 -0.005596
v 0.008751 0.006987 -0.004762
v 0.006965 0.003882 -0.006622
v 0.007068 0.000085 0.005677
v 0.007252 0.001010 0.005746
v 0.008269 0.002405 0.004979
v 0.008669 0.001286 0.004182
v 0.007663 -0.000721 0.004734
v 0.008074 0.000096 0.000977
v 0.003844 -0.008391 0.000977
v 0.007375 0.001177 0.000977
v 0.002992 -0.004805 0.000977
v 0.002325 -0.009489 0.000977
v -0.002634 -0.001981 0.004526
v -0.001967 0.002708 0.004526
v -0.008486 -0.006184 0.004526
v 0.002294 0.008518 0.009296
v 0.001863 0.007928 0.009619
v 0.002109 0.007593 0.009226
v 0.003474 0.005602 0.003086
v 0.005384 -0.001895 0.003086
v 0.002879 -0.006914 0.003086
v -0.007213 -0.000591 0.003086
v -0.004122 0.003639 0.003086
v 0.002879 -0.006914 -0.003040
v -0.000827 -0.001738 -0.006914
v -0.004051 -0.002571 -0.006914
v 0.000035 -0.005135 -0.006914
v -0.007213 -0.000591 -0.002417
v 0.002684 0.002578 -0.001095
v 0.003146 0.003200 0.000938
v 0.003423 0.002146 -0.000019
v 0.003074 0.001453 -0.001892
v 0.005250 0.006029 -0.003033
v 0.005250 0.006029 0.001939
v 0.005189 0.005991 0.001944
v 0.005189 0.005991 -0.002969
v 0.005291 0.005900 -0.003118
v 0.005291 0.005900 0.001820
v -0.003517 -0.034852 -0.005074
v -0.003517 -0.034852 0.004926
v -0.015241 -0.042084 -0.005074
v -0.015241 -0.042084 0.004926
v -0.036245 -0.053102 0.004926
v -0.048318 -0.045546 0.004926
v -0.036245 -0.053102 -0.005074
v -0.048318 -0.045546 -0.005074
v 0.043584 0.059736 0.004926
v 0.043584 0.059736 -0.005074
v 0.033482 0.066059 -0.005074
v 0.033482 0.066059 0.004926
v -0.017828 -0.017078 0.005203
v -0.001289 0.005483 0.005203
v 0.010784 -0.002073 0.005203
v 0.010784 -0.002073 -0.004797
v -0.001289 0.005483 -0.000867
v 0.002489 0.003119 -0.004797
v -0.012623 -0.014352 -0.004797
v -0.004246 0.001459 -0.004797
v -0.014532 -0.012578 -0.004797
v -0.017828 -0.017078 0.002495
v 0.004203 -0.005789 0.001727
v 0.000425 -0.003420 0.001727
v -0.002531 -0.007445 0.001727
v 0.000425 -0.003420 0.005658
v 0.000990 -0.001630 0.001293
v -0.000919 0.000144 0.001293
v -0.004215 -0.004356 0.001293
v -0.004215 -0.004356 0.008585
v 0.021625 0.053991 -0.005001
v 0.021625 0.053991 0.004999
v 0.021163 0.056133 -0.005001
v 0.021296 0.055733 -0.005001
v 0.021163 0.056133 0.004999
v 0.021296 0.055733 0.004999
v -0.009666 -0.005784 -0.005001
v 0.003249 -0.010841 -0.005001
v -0.009666 -0.005784 0.004999
v 0.003249 -0.010841 0.004999
v -0.013814 0.009534 -0.003394
v -0.007572 0.011114 -0.003394
v -0.008732 0.006576 0.001761
v -0.002305 0.001832 -0.003394
v -0.006422 -0.012675 -0.003394
v -0.003938 -0.003934 0.003384
v 0.007971 -0.011112 0.003798
v 0.003197 -0.008332 -0.001047
v 0.002109 -0.012594 0.003798
v -0.000940 0.000750 -0.002449
v -0.000663 0.001313 -0.001857
v -0.000663 0.001313 0.003798
v -0.003055 -0.003496 0.003798
v 0.004511 -0.000710 0.003798
v 0.002314 -0.003501 -0.003586
v 0.004953 0.005829 -0.003586
v 0.001924 0.007014 -0.003586
v -0.002952 0.005781 -0.003586
v 0.000672 -0.001538 0.006414
v 0.003033 -0.000938 0.006414
v 0.001852 -0.005108 0.006414
v 0.000682 -0.009267 0.003192
v 0.004953 0.005829 -0.001216
v -0.004112 0.001242 0.001569
v -0.007839 -0.008283 -0.001892
v 0.007796 -0.000499 -0.001892
v -0.000653 0.006154 -0.001892
v -0.004112 -0.000791 0.008108
v -0.007839 -0.008283 0.008108
v 0.000271 -0.004248 0.008108
v 0.002479 0.002919 0.000640
v -0.003753 0.001340 0.000640
v 0.001329 -0.001619 0.005795
v 0.000189 0.006960 0.000640
v -0.002531 0.008025 0.000640
v -0.004595 0.003866 0.000640
v -0.002531 0.008025 0.003560
v -0.002808 0.007457 0.004394
v 0.006452 -0.021741 -0.002831
v 0.019397 0.023928 -0.002831
v 0.012005 0.046143 -0.002831
v 0.009603 0.045532 -0.002831
v -0.026708 -0.027393 -0.002831
v -0.018269 -0.034046 -0.002831
v 0.004912 0.036114 0.007169
v -0.030167 -0.034338 0.007169
v 0.015999 0.038916 0.007169
v 0.021101 0.029932 0.007169
v 0.006452 -0.021741 0.007169
v -0.025794 -0.037789 0.007169
v 0.021871 0.032669 0.003947
v 0.017087 0.043179 0.002325
v 0.001811 0.002703 -0.007567
v -0.005365 0.005510 -0.007567
v -0.003065 0.001470 -0.007567
v -0.008362 0.006008 -0.003814
v -0.008075 0.006576 -0.004648
v -0.008075 0.006576 -0.003222
v -0.002911 0.004553 0.002433
v 0.004840 0.001513 0.002433
v 0.002920 -0.005254 0.002433
v 0.000549 -0.005854 0.002433
v 0.004840 0.001513 -0.005197
v -0.004225 -0.003069 -0.002412
v -0.003383 -0.002073 -0.006459
v -0.000981 -0.001468 -0.006459
v -0.001823 0.001058 -0.006459
v -0.002151 0.000409 0.003541
v -0.008075 -0.011496 0.003541
v -0.000037 0.004650 -0.002705
v 0.003012 -0.008689 0.003541
v 0.004101 -0.004426 -0.001303
v -0.001258 0.001459 -0.005591
v 0.003515 -0.001322 -0.000746
v -0.002346 -0.002804 -0.000746
v 0.004706 -0.004891 -0.000746
v 0.002756 -0.011793 -0.000746
v 0.003526 -0.009051 -0.003969
v -0.001176 0.000193 -0.000553
v -0.001135 0.000582 -0.000553
v -0.001392 0.000458 -0.000276
v -0.001032 0.000361 -0.000310
v -0.001258 0.000361 -0.000424
v -0.003917 -0.001635 0.002334
v -0.004174 -0.003772 0.002334
v 0.000354 -0.001668 -0.002511
v 0.003711 0.001626 0.002334
v 0.000713 -0.001770 -0.002545
v 0.002787 -0.006206 0.002334
v 0.001123 0.002146 0.002334
v 0.003166 -0.002046 -0.001954
v -0.001012 -0.000586 -0.001954
v -0.002531 -0.001722 0.000232
v -0.001381 -0.004167 0.002924
v 0.001370 0.001199 -0.001954
v 0.003207 -0.001727 -0.001954
v 0.001370 0.001199 0.000513
v -0.000961 -0.000543 0.002920
v 0.000292 -0.000294 0.000563
v 0.004049 -0.005038 -0.004316
v -0.002706 -0.003691 -0.004316
v 0.000713 0.003676 -0.004316
v 0.004891 0.002216 -0.004316
v 0.000343 0.000096 0.000562
v -0.000807 0.002541 -0.002129
v -0.002080 0.001583 -0.004316
v -0.003537 0.000810 -0.003193
v -0.000540 0.004207 0.001686
v -0.001464 -0.003626 0.001686
v 0.000631 0.003974 0.001686
v 0.007324 -0.006698 0.001686
v 0.003916 -0.001257 -0.003898
v -0.001464 -0.004664 0.006420
v 0.001206 -0.002668 0.003662
v 0.002807 -0.004697 0.001575
v -0.001710 -0.006801 0.006420
v -0.002973 -0.006363 0.006420
v -0.003270 -0.006017 0.006420
v -0.003270 -0.006017 0.006100
v -0.000345 -0.003826 0.001873
v 0.003290 -0.002100 0.000992
v 0.003187 -0.001879 0.000749
v 0.002920 -0.001998 0.001027
v 0.003700 0.001816 0.005871
v 0.005928 0.003487 0.005871
v 0.006452 0.002665 0.005871
v 0.006287 0.001296 0.005871
v 0.005928 0.003487 0.004723
v 0.001319 0.000031 0.003113
v 0.003608 0.001745 0.000745
v 0.029950 -0.042041 -0.005280
v 0.029950 -0.042041 0.004720
v 0.028441 -0.038833 0.004720
v 0.028441 -0.038833 -0.005280
v 0.016461 -0.028172 0.004720
v -0.006145 -0.001711 0.004720
v -0.005447 0.004223 0.004720
v 0.003351 0.001150 0.004720
v 0.016461 -0.028172 -0.005280
v 0.002530 0.002454 -0.005280
v -0.003917 0.003741 -0.005280
v -0.004738 -0.003350 -0.005280
v -0.008537 0.001096 -0.000393
v -0.000067 0.006586 -0.000864
v -0.007664 0.008485 -0.000402
v -0.007521 0.008658 -0.000159
v -0.002357 -0.003247 0.004781
v -0.002470 -0.004156 0.004781
v -0.003619 -0.002809 0.004781
v -0.003917 -0.002457 0.004460
v 0.001503 -0.008808 -0.000332
v -0.000786 -0.006125 -0.005219
v -0.002172 -0.004497 -0.005219
v -0.003917 -0.002457 -0.003155
v -0.000632 -0.004810 -0.005219
v -0.000991 -0.000267 0.000234
v 0.002366 -0.001413 -0.000341
v 0.002160 -0.001143 -0.000064
v 0.000579 0.004098 -0.003848
v 0.000733 0.004266 -0.003606
v 0.000364 0.004369 -0.003571
v 0.002109 -0.006098 0.001273
v -0.004256 0.001356 0.001273
v -0.004153 0.002265 0.001273
v 0.002807 -0.000169 0.001273
v -0.000283 -0.003296 -0.003840
v -0.005293 0.001134 0.002945
v -0.005190 0.000912 0.003188
v -0.005344 0.000745 0.002945
v -0.000745 0.003255 -0.001933
v -0.001587 -0.003999 -0.001933
v 0.004860 -0.005292 -0.001933
v -0.000437 0.003146 -0.001933
v 0.002263 -0.001154 0.002483
v 0.005189 -0.000142 -0.001722
v 0.001431 0.004601 0.003157
v -0.001566 0.001204 -0.001722
v -0.001720 -0.000110 -0.001722
v 0.000569 -0.002793 0.003165
v 0.004357 -0.007234 -0.001722
v 0.002181 0.001453 0.008118
v 0.002140 0.001058 0.008118
v 0.001924 0.001329 0.008395
v -0.004153 0.000014 0.003240
v -0.004153 0.000014 0.005304
v -0.002408 -0.002025 0.003240
v -0.000868 -0.002333 0.003240
v -0.000242 0.002941 0.003240
v 0.001031 0.003898 0.005427
v -0.001227 0.002205 0.008693
v 0.003505 0.002513 0.004411
v 0.004511 0.000912 0.004411
v 0.003341 0.001145 0.004411
v 0.004819 0.000409 -0.005589
v 0.004788 0.000090 -0.005589
v 0.005096 -0.000018 -0.005589
v 0.002982 0.003336 0.003263
v 0.002982 0.003336 -0.003121
v 0.007786 -0.004318 -0.001173
v 0.000661 0.001594 -0.000715
v 0.000241 -0.002030 -0.000711
v 0.000343 -0.002252 -0.000467
v -0.000919 0.002952 -0.003123
v 0.000651 0.004125 -0.000436
v -0.001638 0.002416 0.001933
v -0.003178 0.001259 0.000144
v 0.000230 0.000507 -0.000432
v -0.000026 0.000382 -0.000154
v 0.002817 0.000166 0.001233
v 0.000795 -0.002506 -0.001769
v -0.000796 -0.000532 0.000594
v 0.000939 0.001718 -0.001313
v 0.001626 -0.002885 0.002703
v 0.017097 -0.002252 0.002703
v -0.000478 -0.005643 -0.000405
v -0.002069 0.004088 -0.002068
v -0.002357 -0.004091 -0.002951
v 0.001596 0.001042 -0.007297
v 0.001832 0.002984 -0.007297
v 0.001370 0.003108 0.002703
v 0.003690 0.002454 -0.007297
v 0.010312 0.000577 -0.003275
v 0.018535 -0.001749 0.002703
v 0.004224 0.001946 -0.007297
v -0.000006 -0.001570 -0.004079
v 0.003197 -0.004221 0.000267
v 0.003485 0.003958 0.001150
v -0.000283 0.005029 -0.004079
v -0.007798 0.007154 0.005921
v -0.011370 0.004477 0.005921
v -0.011370 0.004477 -0.004079
v -0.007798 0.007154 -0.004079
v -0.000067 0.004964 0.005921
v -0.001053 -0.003345 0.005921
v -0.004574 -0.003491 0.005921
v -0.001535 -0.007050 0.001644
v -0.004800 -0.003226 -0.004079
v 0.001462 -0.006471 0.002174
v -0.000991 0.001626 0.002882
v 0.002910 0.000518 -0.002348
v 0.002674 -0.001419 -0.002348
v -0.001279 -0.006552 0.001998
v -0.004482 -0.003902 -0.002348
v -0.004769 0.002692 -0.002348
v -0.006237 -0.000862 0.001098
v -0.004348 -0.002420 0.003644
v -0.006381 -0.005086 0.000642
v 0.013730 -0.007612 -0.003248
v 0.016184 0.001042 0.006688
v 0.006441 0.003806 0.000774
v 0.000343 0.005175 -0.003248
v 0.016009 0.001091 0.006752
v 0.014654 0.001475 0.006752
v 0.013217 0.000977 0.006752
v -0.002285 0.004266 -0.003248
v -0.003763 -0.008332 -0.003248
v -0.008013 0.007090 0.000361
v 0.001729 0.004331 0.006275
v -0.000724 -0.004329 -0.003661
v -0.014111 0.008463 -0.003661
v -0.013547 0.008658 -0.003661
v 0.007098 0.002811 -0.003661
v 0.007098 0.002811 0.004252
v 0.011277 -0.003837 -0.003661
v -0.009902 0.008609 0.011010
v -0.010005 0.008642 0.010946
v -0.004625 0.007117 0.008923
v -0.004625 0.007117 0.011010
v 0.000928 -0.001727 0.011010
v -0.000457 0.000474 0.001010
v 0.018278 -0.029367 0.001010
v -0.012448 -0.000018 0.001010
v 0.004152 -0.001706 0.004420
v -0.002316 -0.003945 0.004420
v -0.004728 -0.001132 0.004420
v -0.004276 0.002616 0.004420
v 0.003947 0.002952 0.004420
v -0.003424 -0.002658 0.002494
v -0.001761 -0.000510 0.000673
v 0.001852 0.000188 0.001313
v 0.001339 -0.000370 -0.003012
v -0.000540 0.001183 -0.005558
v -0.002275 -0.001067 -0.003651
v 0.003187 0.008382 0.000096
v -0.003814 0.010367 0.000096
v -0.000252 0.009361 -0.004675
v 0.003433 0.002389 0.000096
v -0.004790 0.002054 0.000096
v -0.019419 0.042611 0.003762
v -0.019316 0.042584 0.003826
v -0.019593 0.042659 0.003826
v 0.035022 -0.037075 0.003826
v -0.008496 0.032242 0.003826
v 0.008864 0.004601 -0.006174
v 0.039334 -0.043934 -0.006174
v 0.015609 -0.034928 0.003826
v -0.037220 0.026935 0.003826
v -0.037662 0.037256 0.003826
v -0.022386 0.042546 0.003826
v -0.039766 0.029905 -0.006174
v -0.042117 0.032658 -0.002698
v 0.021635 -0.041976 -0.006174
v -0.021872 0.033956 -0.006174
v -0.039366 0.033242 -0.006174
v -0.039951 0.039149 0.000718
v -0.041984 0.036482 -0.002285
v 0.017765 0.002714 -0.000044
v 0.002294 0.002081 -0.000044
v 0.000189 -0.000678 -0.003151
v 0.002489 -0.002576 -0.000044
v 0.001390 -0.005519 -0.002087
v -0.000078 -0.003799 -0.004043
v -0.003065 -0.000305 0.000159
v -0.001720 -0.001873 0.002509
v 0.001524 -0.001695 -0.001674
v -0.000067 0.000274 0.000689
v 0.000395 -0.000618 0.002706
v 0.002746 -0.003372 -0.000770
v 0.000004 -0.000164 -0.000770
v -0.001073 0.001102 0.000751
v 0.003136 -0.000040 -0.000770
v 0.000528 0.003206 0.003119
v 0.001185 -0.000148 -0.002273
v 0.003218 0.002519 0.000730
v -0.000406 0.001821 0.000090
v 0.005948 -0.009700 0.003837
v -0.000961 -0.001614 0.003837
v 0.005507 0.000626 0.003837
v 0.001052 -0.003972 -0.002686
v -0.002059 -0.000326 0.001911
v 0.004244 0.003211 0.000917
v 0.004090 -0.001013 0.000460
v 0.002509 0.000956 0.002824
v -0.000488 0.000377 0.002293
v 0.002499 -0.003117 -0.001908
v 0.001360 -0.001781 -0.003429
v -0.003753 0.004201 -0.003429
v 0.001031 0.005862 -0.003429
v -0.001515 -0.007234 -0.004849
v -0.001515 -0.007234 0.005151
v 0.007560 -0.000434 0.005151
v 0.007560 -0.000434 -0.004849
v 0.000107 0.011444 0.005151
v 0.004419 0.004585 -0.004849
v -0.019306 0.013591 0.005151
v -0.013290 0.006543 -0.004849
v 0.000087 0.003904 0.002144
v -0.000355 0.000161 0.002144
v -0.003424 0.003763 0.002144
v 0.000949 -0.001370 0.000218
v -0.000386 0.000204 -0.002133
v 0.002612 0.000783 -0.001603
v -0.000919 0.003038 0.006305
v 0.000179 0.002724 0.006305
v 0.005712 0.001161 0.010328
v -0.000386 0.002530 0.006305
v 0.003957 0.006527 -0.004698
v 0.000004 0.001394 -0.000352
v -0.003209 0.004044 -0.004698
v -0.002880 -0.003599 -0.004698
v -0.001741 -0.004935 -0.003176
v -0.000663 -0.006200 -0.004698
v 0.002468 -0.006071 -0.004698
v -0.000139 -0.002831 -0.000808
v -0.005180 0.005067 -0.005000
v -0.005180 0.005067 0.005000
v 0.002550 0.002870 -0.005000
v -0.001022 0.000193 -0.005000
v 0.002550 0.002870 0.005000
v -0.001022 0.000193 0.005000
v 0.026583 0.009291 0.006170
v 0.027199 0.007387 0.006170
v 0.007591 -0.036561 0.006170
v -0.036276 0.021786 0.006170
v -0.034038 0.024642 0.006170
v -0.031348 0.015230 -0.003830
v 0.007591 -0.036561 -0.003830
v 0.022785 -0.002517 -0.003830
v 0.018278 0.011395 -0.003830
v -0.025640 0.022516 -0.003830
v 0.001544 -0.000164 0.009183
v 0.000846 -0.001733 0.009183
v 0.000230 0.000166 0.009183
v -0.003578 -0.011637 -0.000818
v 0.001544 -0.000164 -0.000818
v -0.008085 0.002270 -0.000818
v -0.002121 0.003974 0.008529
v -0.004359 0.001118 0.008529
v -0.007541 0.005348 0.008529
v 0.000569 -0.005432 -0.001471
v 0.006277 0.001848 -0.001471
v -0.007541 0.005348 -0.001471
v 0.018524 -0.103039 0.005057
v 0.079782 0.034238 0.005057
v 0.018524 -0.103039 -0.004943
v 0.079782 0.034238 -0.004943
v -0.055997 0.068612 -0.004943
v -0.055997 0.068612 0.005057
v -0.076313 0.023089 0.005057
v -0.076313 0.023089 -0.004943
v 0.018750 -0.014617 -0.006123
v -0.005857 -0.014617 -0.006123
v -0.005857 -0.014617 0.003877
v 0.018750 -0.014617 0.003877
v -0.045443 0.038922 -0.006123
v -0.045187 0.037694 -0.006123
v 0.031439 0.013813 -0.006123
v -0.045844 0.038565 -0.005597
v -0.037107 0.026952 0.003877
v 0.027836 0.005737 0.003877
v -0.004646 0.011200 -0.006174
v 0.014202 -0.057283 -0.006174
v 0.022107 -0.067799 -0.006174
v 0.023000 -0.068091 -0.006174
v 0.002889 0.028082 -0.006174
v 0.018699 -0.063260 -0.002528
v 0.022600 -0.068448 -0.005648
v -0.001330 0.018632 0.000690
v -0.001186 -0.000775 -0.001603
v -0.000037 -0.002295 -0.001603
v -0.000293 -0.001062 -0.001603
v -0.000694 -0.001419 -0.001077
v -0.052321 0.056674 -0.004718
v -0.071509 0.013683 -0.004718
v -0.051397 -0.082495 -0.004718
v 0.025485 -0.107604 -0.004718
v 0.084596 0.024864 -0.004718
v 0.065912 0.082562 -0.004718
v 0.015773 0.095257 -0.004718
v -0.047866 -0.088077 0.005282
v -0.043061 -0.094460 0.005282
v -0.051798 -0.082847 -0.004192
v -0.055699 -0.077659 -0.001072
v 0.009993 0.096717 0.005282
v 0.074217 0.080458 0.005282
v 0.089021 0.034768 0.005282
v 0.021881 -0.115674 0.005282
v -0.074209 0.007625 0.005282
v -0.054282 0.052287 0.005282
v 0.007488 0.097356 0.002571
v -0.075728 0.004228 0.002146
v -0.050494 0.060769 -0.001436
v -0.013044 0.002227 -0.004729
v 0.017970 -0.039012 -0.004729
v -0.000889 0.029472 -0.004729
v -0.013044 0.002227 0.005271
v 0.014510 -0.034419 0.005271
v 0.022456 -0.044989 -0.001083
v 0.000508 0.032582 0.005271
v 0.002427 0.036899 0.002135
v 0.007119 -0.018587 -0.000921
v -0.000827 -0.008023 0.005433
v 0.014952 -0.029000 0.005433
v -0.014840 0.058984 0.005433
v -0.011391 0.066697 0.005433
v -0.012910 0.063300 0.002297
v 0.045534 0.028774 0.005156
v 0.051119 0.027357 0.005156
v -0.013157 -0.017073 0.005156
v -0.005632 -0.000213 0.005156
v 0.048614 0.027995 0.002446
v -0.009368 -0.008591 -0.001562
v -0.023618 -0.026885 -0.004766
v 0.025782 0.007263 -0.004766
v -0.004913 0.015035 -0.004766
v 0.029437 0.006338 0.005234
v -0.021729 -0.022649 0.005234
v -0.004913 0.015035 0.005234
v 0.032517 0.005559 0.002524
v -0.025466 -0.031028 -0.001484
v -0.023043 0.018232 -0.006492
v -0.004348 -0.039471 -0.006492
v 0.016892 0.008123 -0.006492
v 0.000076 -0.029562 0.003508
v -0.014727 0.016128 0.003508
v 0.016892 0.008123 0.003508
v -0.044858 -0.028567 -0.005836
v -0.048533 -0.036805 -0.005836
v 0.019561 0.001778 -0.005836
v 0.004542 0.005580 -0.005836
v 0.011277 0.003877 0.001453
v -0.046706 -0.032710 -0.002554
v 0.356369 -0.071974 0.005002
v 0.356369 -0.071974 -0.004998
v 0.356369 -0.010257 -0.004998
v 0.356369 -0.010257 0.005002
v -0.316415 -0.071974 0.005002
v -0.223384 0.136517 0.005002
v -0.316415 -0.071974 -0.004998
v -0.223384 0.136517 -0.004998
v 0.000282 -0.000456 -0.000235
v 0.000210 -0.000375 -0.000365
v 0.000158 -0.000548 -0.000371
v 0.000117 -0.000434 -0.000247
v -0.045063 -0.028680 0.005211
v -0.045063 -0.028680 -0.004789
v -0.037662 -0.021887 -0.004789
v -0.037662 -0.021887 0.005211
v -0.041470 -0.027674 -0.004789
v 0.004645 -0.004800 -0.004789
v 0.006965 0.004033 -0.004789
v -0.002880 0.005905 -0.004789
v -0.041470 -0.027674 0.005211
v -0.002624 0.006111 0.005211
v 0.007550 0.005164 0.005211
v 0.004419 -0.004908 0.005211
v 0.008351 -0.002960 -0.000022
v 0.000857 0.008885 -0.000248
v 0.011328 0.007387 0.000362
v 0.011287 0.007495 0.000486
v 0.001103 -0.002512 0.003269
v -0.000437 0.000031 0.000001
v -0.001659 -0.000910 -0.001445
v 0.000764 -0.003810 0.003269
v -0.005560 -0.003220 0.003269
v -0.001823 -0.000889 -0.001456
v -0.003527 0.003276 0.003269
v -0.002254 0.003033 0.003269
v -0.001607 -0.002912 0.002227
v -0.000375 -0.001971 0.003673
v 0.001165 -0.004513 0.006940
v 0.000826 -0.005811 0.006940
v 0.002017 -0.005919 0.006940
v 0.000354 -0.003171 0.002365
v 0.002674 -0.000748 0.008141
v 0.001401 0.001351 0.004652
v -0.001299 0.001605 0.004652
v 0.001360 -0.001570 0.009808
v -0.000529 0.004531 0.004652
v 0.001934 0.000463 0.009884
v -0.001145 -0.001067 0.001605
v 0.000723 -0.005605 -0.003546
v -0.005508 -0.004421 -0.003546
v -0.001053 0.002021 -0.003546
v 0.000220 -0.000077 -0.000056
v -0.001094 -0.000900 0.001611
v -0.003753 0.002275 -0.003546
v 0.001688 -0.002495 -0.003546
v -0.002254 -0.003285 -0.005083
v 0.002787 -0.000786 -0.005083
v 0.002232 0.000128 -0.005083
v -0.001002 0.000739 -0.005083
v 0.002787 -0.000786 0.004917
v -0.005837 -0.005065 -0.000316
v -0.001772 -0.003047 0.004917
v -0.000324 0.002470 0.004917
v 0.000877 0.002357 0.004917
v -0.000796 0.005110 0.000341
v -0.002860 0.005277 0.000067
v -0.002747 0.005369 0.000203
v 0.001175 0.005207 -0.003573
v 0.001021 0.005229 -0.003585
v 0.001062 0.005121 -0.003709
v -0.005847 -0.007174 0.001140
v 0.002160 -0.003204 0.001140
v -0.001915 -0.005221 -0.004092
v 0.003608 0.002308 0.001140
v -0.002716 0.002898 0.001140
v 0.003125 0.001718 -0.001183
v 0.001267 0.006257 0.003967
v -0.003096 0.002903 -0.001183
v -0.005416 -0.005930 -0.001183
v 0.001873 -0.002306 -0.001183
v -0.001710 -0.004086 0.003584
v 0.005620 -0.001435 0.003616
v 0.005712 -0.001376 0.003498
v 0.005661 -0.001549 0.003492
v -0.001926 0.002259 -0.001659
v -0.008547 -0.003031 -0.001659
v 0.001298 -0.004902 -0.001659
v 0.003053 0.001794 -0.001659
v -0.004810 -0.000050 0.002881
v 0.004860 -0.001056 -0.003380
v 0.001123 -0.003388 0.001345
v 0.003146 0.003108 0.001345
v -0.001084 0.003914 0.001345
v -0.009050 -0.002441 0.001345
v -0.005570 0.000328 -0.004114
v 0.000271 -0.001159 -0.005393
v 0.001041 0.001772 -0.005393
v 0.000179 0.003200 -0.005393
v -0.004697 -0.000694 -0.005393
v 0.000179 0.003200 0.004607
v -0.003106 0.000582 0.004607
v -0.007592 -0.003004 -0.000853
v 0.001514 0.001004 0.004607
v 0.001134 -0.000224 0.004607
v 0.003515 -0.002301 -0.000161
v 0.002930 -0.004329 -0.000236
v 0.002838 -0.004388 -0.000118
v -0.003968 0.000079 0.000946
v -0.004061 0.000025 0.001064
v -0.003897 0.000004 0.001076
v -0.005765 0.004185 0.005789
v -0.005385 0.005413 0.005789
v -0.004492 0.003941 0.005789
v -0.002675 0.000945 0.002522
v -0.003383 0.002113 0.001021
v 0.001637 0.003049 -0.000169
v 0.002366 0.001843 -0.001911
v 0.003074 0.000680 0.000024
v 0.002345 0.001881 0.001332
v 0.001123 0.000939 -0.000114
v 0.001052 0.001015 -0.000244
v -0.001433 0.002816 0.009121
v -0.001371 0.002741 0.009251
v -0.001484 0.002649 0.009115
v 0.000384 -0.001889 0.003964
v 0.003608 -0.002501 0.003964
v 0.001349 0.001226 0.003964
v 0.000590 0.002476 0.009389
v -0.000119 0.003644 0.007454
v -0.059744 -0.047996 -0.004360
v -0.068090 -0.034225 -0.004360
v -0.059744 -0.047996 0.005640
v -0.068090 -0.034225 0.005640
v 0.064331 0.013559 0.005640
v 0.040627 0.052617 0.005640
v 0.064331 0.013559 -0.004360
v 0.040627 0.052617 -0.004360
v 0.000220 0.013256 0.003920
v -0.000622 0.014392 0.002460
v 0.001370 0.013748 0.002648
v -0.003989 0.012504 -0.002650
v -0.005991 -0.014547 -0.002650
v 0.002746 -0.010214 -0.002650
v 0.005261 0.008961 -0.002650
v -0.002336 -0.012735 0.002916
v -0.001063 0.000642 -0.001754
v -0.000221 -0.000494 -0.000295
v 0.000928 -0.000002 -0.001567
v -0.000057 0.001210 -0.000229
v 0.001380 -0.003453 0.003750
v -0.000601 -0.000775 0.000320
v -0.003702 -0.002106 0.003750
v -0.002901 0.003969 0.003750
v 0.001791 0.002173 0.003750
v -0.000427 0.000929 0.000386
v -0.002891 -0.001760 0.004182
v -0.000416 -0.004800 0.000818
v 0.003207 0.032231 0.002249
v 0.001370 0.030759 0.004182
v 0.001801 -0.003555 0.004182
v 0.004511 0.033269 0.004182
v 0.001503 -0.003837 -0.001562
v 0.004881 -0.001949 0.003548
v 0.001945 0.002037 -0.001562
v -0.023956 0.008907 -0.001562
v -0.026020 0.007263 -0.001562
v -0.025568 0.006532 -0.001562
v -0.025291 0.007836 0.000710
v -0.026020 0.007263 -0.000660
v 0.083375 0.009226 0.004283
v -0.007798 0.002162 0.004283
v -0.007798 0.002162 -0.005716
v 0.026881 0.004850 -0.005716
v -0.032426 -0.017516 0.004283
v -0.017160 -0.005324 -0.005716
v -0.010272 -0.011545 0.006873
v -0.008660 0.010330 0.006873
v 0.019017 0.002989 0.006873
v -0.005590 0.008712 -0.003127
v -0.008106 -0.010468 -0.003127
v 0.014818 0.000902 -0.003127
v 0.020567 0.003752 0.004996
v -0.013177 -0.012989 0.002439
v -0.010631 0.013007 0.003443
v -0.009481 0.013499 0.002170
v -0.000694 0.023025 0.001938
v 0.001288 0.020352 0.005368
v -0.003794 0.021699 0.005368
v -0.000324 -0.001522 0.005368
v -0.007284 -0.004973 0.005368
v -0.003240 -0.002966 0.000934
v -0.003661 0.002589 -0.001760
v -0.003825 0.000891 -0.001825
v -0.002675 0.001383 -0.003098
v -0.001854 -0.001787 0.001605
v -0.001443 0.003833 0.001605
v 0.028698 -0.007704 0.001605
v 0.025823 -0.009127 0.001605
v 0.027363 -0.008364 -0.000272
v 0.004604 -0.021151 0.005069
v -0.016144 0.013045 0.005069
v 0.009542 0.006235 0.005069
v 0.006041 -0.020437 0.005069
v 0.008423 0.006814 -0.004931
v -0.018649 0.017183 -0.004931
v 0.004604 -0.021151 -0.004931
v 0.006431 -0.020242 -0.004931
v 0.010086 -0.018425 0.000635
v -0.018372 0.018486 -0.002659
v -0.019101 0.017913 -0.001435
v -0.019101 0.017913 -0.004029
v 0.011800 0.008701 0.000180
v 0.012642 0.007566 0.001639
v 0.028041 -0.008202 -0.001450
v 0.027035 -0.008764 -0.002975
v 0.027877 -0.009900 -0.001516
v -0.000909 -0.004421 0.001914
v -0.003856 0.000447 0.001914
v 0.000939 0.004271 0.001914
v 0.025577 -0.005162 0.001914
v 0.024776 -0.011231 0.001914
v -0.003856 0.000447 -0.004590
v -0.003137 0.001021 -0.005814
v 0.011194 -0.015358 0.001715
v 0.008720 -0.012318 0.005079
v 0.012981 0.020201 0.005079
v 0.014818 0.021672 0.003146
v -0.015918 -0.002885 0.005079
v 0.007242 -0.011934 -0.004921
v 0.009398 0.017340 -0.004921
v -0.018649 -0.005065 -0.004921
v -0.019994 -0.006136 -0.002649
v 0.010188 -0.015921 0.000190
v 0.168583 0.054484 -0.004154
v 0.168583 0.054484 0.005846
v 0.102572 0.050859 0.005846
v 0.102582 0.050859 -0.004154
v 0.062186 0.047728 0.005846
v 0.005692 0.043352 -0.004154
v -0.075050 -0.066392 0.005846
v -0.105191 -0.054860 0.005846
v -0.102471 -0.018035 0.005846
v -0.053625 0.020991 0.005846
v -0.038360 0.033183 -0.004154
v -0.096085 -0.012929 -0.004154
v -0.101639 -0.055255 -0.004154
v -0.069681 -0.063731 -0.004154
v -0.076375 -0.067052 0.003969
v -0.103775 -0.019074 0.003913
v -0.106423 -0.057311 0.001143
v -0.107409 -0.056099 0.002481
v 0.006031 0.001772 -0.003919
v 0.005137 -0.005065 -0.003919
v 0.001247 -0.000278 0.001378
v -0.000745 0.000366 0.001191
v -0.004112 -0.001522 -0.003919
v -0.003681 0.004353 -0.003919
v -0.019039 0.004493 -0.003448
v -0.018146 0.011336 -0.003448
v -0.022930 0.009280 0.001849
v 0.001360 -0.003317 -0.003448
v 0.013802 0.002860 -0.003448
v 0.007109 -0.000461 0.004675
v -0.004810 -0.017495 0.001965
v -0.003804 -0.016932 0.003490
v -0.002819 -0.018144 0.002152
v -0.007757 -0.013508 -0.003145
v 0.001965 -0.016088 -0.003145
v 0.007509 0.026238 -0.003145
v -0.005590 0.015766 -0.003145
v -0.000170 0.020098 0.004921
v -0.011586 0.044677 -0.004417
v -0.011586 0.044677 0.005583
v -0.012120 0.044239 0.005583
v -0.011873 0.044926 0.005583
v -0.012120 0.044239 -0.004417
v -0.011873 0.044926 -0.004417
v 0.031182 -0.012215 0.005583
v -0.010908 -0.028378 0.005583
v 0.031182 -0.012215 -0.004417
v -0.010908 -0.028378 -0.004417
v 0.008679 0.000766 -0.004296
v 0.003598 -0.009819 -0.004296
v 0.000384 -0.002014 0.003789
v -0.019388 -0.005292 -0.004296
v -0.019388 -0.004729 -0.004296
v -0.019388 -0.004729 -0.003664
v 0.002458 0.003666 -0.004296
v -0.006391 0.000263 0.004853
v -0.005170 0.008123 -0.004905
v -0.005170 0.008123 0.004463
v -0.004605 -0.025776 0.004463
v -0.004317 -0.043128 -0.005537
v -0.005159 0.007560 -0.005537
v 0.007006 0.012796 0.004463
v 0.012632 0.010178 0.004463
v 0.017816 0.003033 -0.005537
v 0.007827 0.013115 0.003612
v 0.014603 0.010838 0.002548
v -0.039130 0.009605 0.004913
v -0.037158 0.010265 0.002998
v -0.037928 0.012109 0.004913
v -0.000591 0.004753 0.004913
v 0.014551 -0.015385 0.004913
v 0.006246 -0.004334 -0.003822
v -0.049673 -0.070709 -0.003653
v -0.051274 0.024918 -0.003653
v -0.051562 0.042270 0.006347
v -0.049673 -0.070709 0.006347
v 0.051150 -0.031991 0.006347
v -0.034325 0.078224 0.006347
v 0.019356 0.053239 0.006347
v 0.059455 -0.000099 0.006347
v 0.011051 0.064285 -0.002388
v 0.012036 0.062965 -0.003653
v 0.063726 -0.005779 -0.003653
v 0.057535 -0.029540 -0.003653
v -0.029141 0.071078 -0.003653
v -0.032364 0.078884 0.004431
v -0.015302 -0.012415 0.005672
v -0.006997 0.019482 0.005672
v 0.009757 -0.002793 0.005672
v -0.002716 0.013797 -0.004328
v 0.009757 -0.002793 -0.004328
v -0.008906 -0.009960 -0.004328
v 0.001195 0.009053 0.004039
v 0.015445 -0.009906 0.004039
v -0.021893 -0.002549 0.004039
v -0.020281 0.000810 0.004039
v 0.001195 0.009053 -0.005961
v 0.021081 -0.017397 -0.005961
v 0.022282 -0.018993 -0.004696
v -0.009728 0.004866 -0.005961
v -0.012828 -0.001614 -0.005961
v -0.021123 -0.004394 0.002124
v -0.004615 -0.005887 -0.005636
v 0.000466 0.004699 -0.005636
v -0.007839 0.001918 0.002449
v 0.034365 -0.011079 -0.005636
v 0.036562 -0.014000 -0.005636
v 0.035576 -0.012681 -0.004371
v -0.000150 -0.001473 0.004357
v -0.004862 -0.000543 0.004357
v 0.001462 0.001886 0.004357
v 0.012026 0.005937 -0.005643
v 0.002694 0.002357 -0.005643
v 0.008915 -0.000537 -0.005643
v -0.006155 -0.001040 0.003507
v 0.000620 -0.003323 0.002442
v -0.001002 0.001486 -0.002672
v -0.002962 0.000826 -0.000757
v -0.001761 0.003336 -0.000757
v -0.008598 0.003449 -0.000757
v -0.006473 0.004266 -0.000757
v -0.007777 0.003763 -0.001607
v -0.003702 -0.027436 0.005650
v -0.004143 -0.001332 0.005650
v 0.026727 0.047544 0.005650
v 0.033492 0.050140 0.005650
v -0.003948 -0.013043 -0.002253
v 0.030341 0.048928 0.002801
v 0.090684 -0.049186 0.006618
v -0.095901 -0.049186 0.006618
v -0.096096 -0.037708 0.006618
v -0.058902 0.039868 0.006618
v 0.009716 0.066216 0.006618
v 0.047403 0.048674 0.006618
v 0.101895 -0.023818 0.006618
v 0.083868 -0.049186 -0.003382
v -0.095901 -0.049186 -0.003382
v 0.056909 0.036017 -0.003382
v 0.097603 -0.018100 -0.003382
v 0.000025 0.062494 -0.003382
v -0.052989 0.042140 -0.003382
v -0.096280 -0.026425 -0.003382
v -0.096342 -0.023315 -0.001284
v -0.062054 0.038657 0.003769
v -0.001731 0.016572 0.004152
v 0.017344 -0.008797 0.004152
v -0.012941 -0.008797 0.004152
v 0.017344 -0.008797 -0.005848
v -0.019768 -0.008797 -0.005848
v -0.006032 0.022289 -0.005848
v -0.017458 0.000247 0.003327
v 0.001555 0.007549 0.003327
v 0.020229 -0.017294 0.003327
v 0.001555 0.007549 -0.006674
v 0.029745 -0.029946 -0.006674
v -0.027139 -0.003469 -0.006674
v -0.026780 -0.049835 -0.005537
v -0.026667 -0.056764 -0.005537
v 0.016625 0.011795 -0.005537
v -0.000355 0.005272 -0.005537
v -0.026718 -0.053654 -0.003440
v 0.007560 0.008317 0.001613
v -0.009338 -0.028567 0.004996
v -0.009954 0.008215 0.004996
v 0.021532 0.020309 0.004996
v -0.009204 -0.036459 -0.005004
v 0.017221 0.018654 -0.005004
v -0.009954 0.008215 -0.005004
v -0.009143 -0.040277 -0.002908
v 0.025146 0.021694 0.002146
v 0.044713 0.040095 -0.004997
v 0.044713 0.040095 0.005003
v 0.043820 0.037851 -0.004997
v 0.043820 0.037851 0.005003
v 0.044579 0.039219 -0.004997
v 0.044579 0.039219 0.005003
v 0.044826 0.039906 -0.004997
v 0.044826 0.039906 0.005003
v 0.044764 0.040079 -0.004997
v 0.044733 0.040106 -0.004997
v 0.044733 0.040106 0.005003
v 0.044764 0.040079 0.005003
v -0.011360 -0.000537 -0.004997
v -0.002008 -0.011323 -0.004997
v -0.002008 -0.011323 0.005003
v -0.011360 -0.000537 0.005003
v 0.000692 0.009010 -0.005568
v 0.010055 -0.001776 -0.005568
v 0.010055 -0.001776 0.004432
v 0.000692 0.009010 0.004432
v -0.004543 0.005207 -0.005568
v -0.004040 0.005575 0.004432
v -0.007562 0.003022 -0.000871
v 0.005753 -0.006390 0.004432
v -0.001217 -0.013871 -0.005568
v -0.004574 -0.013481 -0.005568
v -0.004810 -0.005157 0.004432
v -0.007993 -0.008645 -0.000224
v 0.004860 -0.008175 -0.002008
v -0.002223 -0.007347 -0.002008
v 0.001431 -0.003339 0.003336
v -0.001258 0.006062 -0.002008
v 0.004881 0.010513 -0.002008
v 0.001863 0.008328 0.002689
v 0.003844 -0.003388 0.001317
v 0.000661 -0.006882 -0.003339
v -0.002326 -0.002668 0.001317
v -0.002316 0.002319 0.001317
v 0.001093 0.004785 -0.003986
v 0.004614 0.007344 0.001317
v -0.033812 -0.005784 -0.002752
v 0.031193 0.041329 -0.002752
v 0.041058 0.048474 0.007248
v -0.043462 -0.012772 0.007248
v -0.026595 -0.051090 0.007248
v 0.046961 0.027844 0.007248
v 0.049487 0.030559 0.003314
v 0.045349 0.026113 -0.002752
v -0.026595 -0.051090 -0.002752
v -0.045464 -0.029335 0.007248
v -0.037744 -0.038238 -0.002752
v 0.046314 0.039565 -0.002752
v 0.046982 0.047782 0.007248
v 0.049969 0.043574 0.002592
v 0.003002 0.007403 0.001056
v -0.000406 0.004937 0.006359
v -0.006340 0.000637 0.006359
v -0.016206 -0.006509 -0.003641
v -0.000119 0.005142 -0.003641
v -0.001084 -0.008267 -0.003641
v -0.000416 -0.000050 0.006359
v 0.002571 -0.004264 0.001703
v -0.001176 0.004623 -0.001824
v 0.002006 0.008112 0.002831
v -0.004164 0.008831 0.002831
v -0.004184 -0.011106 0.002831
v 0.001031 -0.005508 0.002831
v -0.001659 -0.008391 -0.001102
v -0.000622 -0.008018 0.002760
v 0.010927 0.004374 0.002760
v 0.003957 -0.003107 -0.007240
v 0.000590 -0.006714 -0.007240
v -0.003311 -0.010901 -0.001173
v 0.000600 -0.002717 -0.007240
v 0.000354 0.005607 0.002760
v -0.002829 0.002113 -0.001895
v 0.002715 0.001924 -0.001397
v -0.000714 0.006760 0.003947
v -0.004369 0.002751 -0.001397
v -0.001197 -0.006255 0.004669
v 0.002715 -0.002068 -0.001397
v -0.005334 -0.010701 -0.001397
v 0.005517 0.008637 0.003556
v -0.004543 0.001351 0.003556
v -0.004543 0.001351 -0.006444
v 0.015157 0.015625 -0.006444
v 0.003505 -0.007926 0.003556
v 0.011225 -0.016824 -0.006444
v -0.071026 -0.015472 -0.005108
v -0.026554 -0.066744 -0.005108
v -0.026554 -0.066744 0.004892
v -0.071026 -0.015472 0.004892
v 0.041151 0.065815 0.004892
v 0.041151 0.065815 -0.005108
v 0.068068 0.034784 -0.005108
v 0.068068 0.034784 0.004892
v 0.032989 -0.033159 0.004892
v 0.032989 -0.033159 -0.005108
v 0.026029 0.058373 -0.005108
v 0.070501 0.007095 -0.005108
v 0.070501 0.007095 0.004892
v 0.026029 0.058373 0.004892
v -0.086148 -0.022914 -0.005108
v -0.077258 -0.033159 -0.005108
v -0.077258 -0.033159 0.004892
v -0.086148 -0.022914 0.004892
v -0.014152 -0.005871 -0.005000
v -0.014152 -0.005871 0.005000
v -0.000016 0.004374 -0.005000
v 0.008874 -0.005871 -0.005000
v 0.008874 -0.005871 0.005000
v -0.000016 0.004374 0.005000
v 0.047054 0.012244 0.007081
v 0.047156 0.012125 0.007081
v 0.046520 0.011866 0.007081
v -0.018495 -0.009597 0.007081
v -0.020014 -0.003739 0.007081
v -0.013413 0.005456 0.007081
v 0.040114 0.012412 0.007081
v 0.044631 0.012628 0.007081
v 0.046859 0.012342 0.007081
v -0.018495 -0.009597 0.001393
v 0.046520 0.011866 0.002772
v 0.045503 0.011530 0.001655
v 0.037804 0.008988 -0.002919
v -0.012797 -0.007720 -0.002919
v 0.047156 0.012125 0.003513
v 0.044631 0.012628 0.002372
v 0.040114 0.012412 0.000821
v 0.045627 0.012499 0.002555
v 0.046859 0.012342 0.003446
v 0.047054 0.012244 0.003530
v -0.002305 0.006900 -0.002919
v 0.031121 0.011244 -0.002919
v 0.003403 0.003893 0.001110
v -0.001125 0.003682 0.001110
v -0.002028 0.003563 0.001110
v 0.000117 0.001426 0.001110
v 0.005281 0.003130 0.001110
v 0.005918 0.003395 0.001110
v 0.005815 0.003514 0.001110
v 0.005620 0.003612 0.001110
v 0.004265 0.002795 0.005684
v 0.005281 0.003130 0.006287
v 0.005918 0.003395 0.006710
v -0.001125 0.003682 0.001949
v 0.003403 0.003893 0.005872
v 0.004388 0.003768 0.006584
v 0.005620 0.003612 0.006813
v 0.005815 0.003514 0.006788
v -0.002572 -0.003269 0.002039
v 0.005127 -0.000727 0.006613
v 0.000969 -0.002100 0.002039
v -0.000273 0.000161 0.002878
v 0.004255 0.000371 0.006801
v 0.004255 0.000371 0.007329
v -0.000273 0.000161 0.005779
v 0.005240 0.000247 0.007513
v -0.009255 -0.001008 0.002039
v -0.001166 0.000042 0.002039
v -0.000611 -0.005281 0.004441
v -0.002706 0.002784 0.004441
v 0.005990 0.003914 0.004441
v 0.000918 -0.011139 -0.005559
v 0.000918 -0.011139 -0.001248
v 0.006606 -0.009257 -0.005559
v -0.002706 0.002784 -0.005559
v 0.017108 0.005359 -0.005559
v -0.003496 -0.001668 0.001745
v -0.003496 -0.001668 0.001231
v -0.004513 -0.002003 0.000628
v -0.002860 -0.001408 0.002486
v -0.002860 -0.001408 0.001654
v -0.003157 -0.001192 0.001757
v -0.003157 -0.001192 0.002419
v -0.004389 -0.001029 0.001528
v -0.002962 -0.001284 0.002503
v -0.002962 -0.001284 0.001732
v -0.054364 -0.035344 0.005924
v -0.064610 0.003990 0.005924
v -0.054364 -0.035344 -0.004076
v -0.064610 0.003990 -0.004076
v 0.076948 0.008004 0.005924
v 0.073324 0.021921 0.005924
v 0.076948 0.008004 -0.004076
v 0.073324 0.021921 -0.004076
v -0.005621 0.028461 0.005394
v -0.005621 0.028461 -0.004606
v -0.059487 -0.045492 0.005394
v -0.070030 -0.005016 0.005394
v -0.059487 -0.045492 -0.004606
v -0.070030 -0.005016 -0.004606
v 0.071826 -0.002144 0.005394
v 0.061580 0.037196 0.005394
v 0.071826 -0.002144 -0.004606
v 0.061580 0.037196 -0.004606
v -0.002182 -0.000153 0.000779
v -0.006278 -0.002365 -0.003386
v -0.002870 0.004039 -0.003386
v 0.002910 -0.005573 -0.003386
v 0.000908 0.002113 -0.003386
v 0.001955 -0.001922 0.000408
v -0.007202 0.012964 -0.006314
v -0.020907 -0.012762 -0.006314
v 0.005569 -0.004021 -0.006314
v 0.001986 0.009756 -0.006314
v -0.012397 -0.009954 0.003686
v -0.002141 0.009302 0.003686
v 0.002746 0.006803 0.003686
v 0.005569 -0.004021 0.003686
v 0.001031 0.013407 -0.002521
v -0.003106 0.015176 -0.002149
v 0.003967 0.008966 -0.005011
v -0.012017 0.000658 -0.005011
v 0.005148 -0.008115 -0.005011
v 0.007345 -0.003994 -0.005011
v -0.013885 -0.000310 0.004989
v 0.003967 0.008966 0.004989
v 0.008412 -0.008099 0.004989
v -0.017633 -0.002263 0.001262
v 0.009059 -0.010566 0.002425
v 0.005836 -0.012307 -0.000846
v -0.000550 0.003227 -0.001309
v 0.003228 0.001307 -0.001309
v 0.001647 0.007349 -0.001309
v 0.003361 0.000777 0.006127
v 0.004275 -0.002733 0.002484
v 0.000138 -0.000965 0.002856
v 0.036931 0.034524 -0.004455
v 0.032281 0.032112 -0.004455
v -0.106095 -0.044886 -0.004455
v -0.103169 -0.050376 -0.004455
v 0.048922 -0.000169 -0.004455
v 0.062627 0.025556 -0.004455
v 0.032281 0.032112 0.005545
v -0.100212 -0.041613 0.005545
v 0.039919 0.036077 0.005545
v 0.067688 0.021894 0.005545
v 0.057433 0.002638 0.005545
v -0.096691 -0.048240 0.005545
v 0.043255 0.037813 0.001818
v 0.066723 0.027768 -0.000290
v 0.001308 -0.004675 -0.004086
v -0.001618 0.000815 -0.004086
v -0.030157 -0.015060 -0.004086
v -0.030157 -0.015060 0.005914
v 0.004255 0.004082 0.005914
v 0.007776 -0.002539 0.005914
v 0.014859 -0.012827 -0.005613
v 0.018956 -0.010609 -0.001448
v 0.018268 -0.006417 -0.005613
v 0.001103 0.002351 -0.005613
v -0.010836 -0.003853 -0.005613
v -0.004513 -0.000570 0.000660
v 0.005733 0.001037 0.004398
v 0.002509 -0.000699 0.001127
v 0.003474 -0.006574 0.006963
v 0.006318 -0.001230 0.006963
v -0.024295 0.007609 0.006963
v -0.017212 0.011292 0.006963
v 0.005086 0.003509 0.006963
v -0.020959 0.009340 0.003236
v -0.002470 0.000891 -0.001890
v 0.000754 0.002627 0.001381
v 0.001339 0.000361 0.003945
v -0.001505 -0.004983 0.003945
v 0.003382 -0.007482 0.003945
v 0.001668 -0.000878 -0.002261
v -0.005046 0.008609 0.009011
v -0.004718 0.006868 0.009011
v -0.004718 0.006868 -0.000989
v -0.005046 0.008609 -0.000989
v -0.003743 0.003709 0.009011
v -0.001494 -0.003523 -0.000989
v 0.005805 -0.000359 -0.000989
v -0.000704 0.005023 0.009011
v -0.002285 0.002719 -0.002212
v -0.003270 0.005921 0.002334
v -0.000889 -0.001770 0.002334
v 0.008761 0.003914 0.002334
v 0.000487 -0.002338 0.002334
v 0.004655 0.000810 -0.003337
v -0.005159 -0.023152 0.000085
v -0.006833 -0.017770 -0.005369
v -0.021205 0.028590 -0.005369
v -0.023443 0.035822 0.004631
v -0.006155 -0.019945 0.004631
v 0.022323 0.001843 0.004631
v -0.020415 0.037137 0.004631
v -0.013896 0.031760 -0.005369
v 0.028585 -0.003323 -0.005369
v 0.020044 -0.011247 0.004631
v 0.005887 -0.021952 0.004631
v 0.004963 -0.022655 -0.005369
v 0.028287 -0.005016 -0.005369
v 0.001780 -0.025056 -0.001040
v 0.001473 -0.000932 0.000755
v -0.005714 0.005007 0.000755
v 0.000549 -0.000164 -0.009245
v 0.001473 -0.000932 -0.009245
v -0.007993 -0.008088 0.000755
v 0.000251 -0.001857 -0.009245
v -0.002819 0.003168 0.002955
v -0.001628 -0.000678 -0.002499
v -0.004482 0.008545 -0.002499
v 0.000990 -0.001111 -0.002499
v 0.007304 0.003660 -0.002499
v 0.004121 0.001259 0.001830
v -0.001073 -0.001987 0.004788
v -0.000673 -0.003301 0.004788
v -0.000673 -0.003301 -0.005212
v -0.001279 -0.001343 -0.005212
v -0.002470 0.002497 0.000241
v 0.000302 -0.002560 0.004788
v 0.001339 -0.001781 -0.005212
v 0.004470 0.000588 -0.000883
v 0.003125 -0.002155 0.001229
v -0.003209 0.002541 -0.002582
v 0.029827 -0.004426 -0.005402
v -0.004122 -0.001311 -0.007191
v -0.003640 -0.001581 -0.007427
v -0.003640 -0.001581 -0.006821
v 0.001626 -0.003447 0.003200
v -0.002357 -0.001224 0.003200
v -0.003979 0.004033 0.003200
v -0.002901 0.004850 0.003200
v 0.004696 0.003806 0.003200
v 0.010958 -0.005038 0.003200
v 0.005784 -0.004599 0.003200
v 0.010065 -0.004962 0.002137
v -0.002357 -0.001224 0.001752
v -0.003096 0.001172 -0.001091
v -0.003979 0.004033 0.002083
v 0.003731 -0.000267 -0.001674
v -0.025681 0.004298 -0.001596
v -0.019347 -0.000397 0.002215
v 0.007355 -0.002668 -0.004416
v 0.031254 0.000685 0.003278
v 0.030166 -0.001581 0.003278
v 0.026460 -0.004297 0.003278
v -0.018454 -0.000472 0.003278
v -0.024726 0.008371 0.003278
v 0.030854 -0.000148 0.002251
v 0.018699 -0.003637 -0.003729
v -0.000232 0.001259 0.003109
v -0.001628 -0.001657 0.003109
v -0.003938 -0.001462 0.003109
v -0.001628 -0.001657 -0.003288
v 0.000456 0.002687 0.002082
v -0.011709 -0.000797 -0.003898
v -0.002552 -0.002928 -0.002457
v -0.002069 -0.003198 -0.002087
v 0.004686 -0.003772 0.005963
v -0.001648 0.000923 0.002152
v 0.000405 -0.003409 0.007026
v -0.002069 -0.003198 0.007026
v -0.003763 -0.002252 0.007026
v -0.007736 -0.000034 0.000070
v -0.007736 -0.000034 0.005578
v -0.008486 0.002367 0.002735
v 0.003002 0.012769 -0.002547
v 0.005928 0.010357 -0.002547
v 0.005928 0.010357 0.002472
v 0.001206 0.000501 -0.002547
v 0.001206 0.000501 0.001055
v 0.003290 0.004845 0.006426
v -0.011945 0.001816 -0.002547
v -0.010919 0.001534 -0.002547
v -0.011914 0.001616 -0.002301
v -0.008876 0.001356 0.000445
v 0.002746 -0.003399 -0.000302
v -0.002983 0.004682 -0.000302
v -0.003394 0.004374 -0.000302
v -0.001761 -0.000883 -0.000302
v 0.003413 -0.003777 0.000215
v -0.001761 -0.000883 0.002742
v -0.003394 0.004374 0.002023
v -0.002511 0.001518 0.005408
v -0.002449 0.005094 0.000754
v 0.004326 0.000074 0.004825
v -0.003814 -0.002084 -0.005505
v -0.002911 0.001767 -0.000895
v 0.030125 -0.005200 -0.003715
v -0.003332 -0.002355 -0.005741
v -0.004492 -0.001706 -0.006022
v -0.003332 -0.002355 -0.006022
v 0.038153 -0.005887 -0.006022
v 0.038389 -0.005708 -0.006022
v -0.008896 0.007382 -0.006022
v -0.010220 0.006376 -0.006022
v 0.038430 -0.005908 -0.005775
v -0.009676 0.006787 -0.004966
v -0.001012 -0.002268 -0.002572
v 0.006113 -0.008148 -0.002572
v 0.001883 -0.004659 0.002186
v -0.001012 -0.002268 -0.000441
v -0.011329 -0.010068 -0.002572
v -0.004451 -0.004870 0.002770
v 0.003290 -0.002365 -0.000470
v 0.002263 -0.002084 -0.000470
v 0.002027 -0.002257 -0.000470
v 0.002294 -0.002284 -0.000223
v 0.033266 -0.009451 0.004431
v 0.007920 0.011482 0.004431
v 0.002140 0.016252 -0.000811
v 0.006369 0.012758 -0.005569
v 0.030341 -0.007039 -0.005569
v 0.033266 -0.009451 -0.000549
v 0.031028 -0.014130 0.004431
v -0.024952 -0.006444 0.004431
v -0.028083 -0.002025 0.004431
v -0.009194 0.012261 0.004431
v 0.030628 -0.014963 0.003404
v -0.011073 0.010838 -0.005569
v -0.031892 -0.004902 -0.005569
v 0.015393 -0.017992 -0.005569
v -0.032683 -0.005497 -0.004513
v -0.004194 0.016036 -0.000227
v 0.018473 -0.018447 -0.002577
v 0.015424 -0.018192 -0.005323
v 0.007129 -0.017484 -0.003263
v -0.025917 -0.010511 -0.000443
v 0.006657 0.005104 0.006663
v 0.009788 0.000685 0.006663
v 0.002191 0.001729 0.006663
v 0.001996 -0.001944 0.002372
v 0.001113 0.000912 -0.001013
v 0.001113 0.000912 0.005546
v 0.002058 0.001632 -0.002282
v 0.008833 -0.003388 0.001789
v -0.000540 0.001015 0.003086
v -0.000540 0.001015 -0.002800
v 0.002355 -0.001376 -0.000173
v -0.003979 -0.001587 0.000411
v 0.008258 -0.006839 0.003518
v -0.000406 0.000323 0.003518
v -0.000406 0.000323 0.001535
v 0.002489 -0.002068 -0.001724
v -0.008855 -0.006060 0.003518
v -0.003856 -0.002279 -0.001140
v -0.000170 0.000231 -0.001525
v -0.000139 0.000204 -0.001565
v -0.000170 0.000188 -0.001527
v -0.000211 0.000215 -0.001569
v 0.038174 0.031279 -0.005593
v 0.038174 0.031279 0.004408
v 0.037465 0.030906 0.004408
v 0.037465 0.030906 -0.005593
v 0.040576 0.032220 -0.005593
v 0.040576 0.032220 0.004408
v 0.000395 -0.006330 0.004408
v -0.005087 -0.005400 0.004408
v -0.003917 0.003563 0.004408
v -0.001946 -0.008580 -0.000154
v 0.001123 -0.005633 -0.005593
v -0.002860 0.004261 -0.005593
v -0.004677 -0.005124 -0.005593
v -0.008229 0.000712 -0.000344
v -0.009563 -0.007569 -0.000646
v -0.009533 -0.007596 -0.000685
v 0.001390 0.002600 -0.002511
v 0.005158 -0.000721 0.002544
v -0.001402 -0.000142 0.002544
v -0.002110 0.000815 0.001024
v 0.002160 -0.004951 -0.000403
v 0.002160 -0.004951 0.002544
v 0.004953 -0.002268 0.002544
v 0.000528 -0.002755 -0.002706
v 0.000046 0.002898 -0.000921
v -0.000488 -0.001170 -0.000921
v 0.000148 -0.002036 -0.000015
v 0.003690 -0.000321 0.003981
v -0.002316 0.003108 -0.000921
v -0.003209 0.002513 -0.000921
v -0.003209 0.002513 0.000215
v -0.001628 0.000366 0.003609
v 0.005055 0.002459 -0.003060
v 0.003895 -0.003491 -0.003060
v 0.000189 -0.000013 0.001847
v -0.004061 -0.000856 -0.003060
v -0.003527 0.003211 -0.003060
v 0.000117 -0.000007 0.001842
v -0.003414 -0.001722 -0.002154
v -0.002973 -0.002322 -0.003060
v 0.003598 -0.003382 0.004130
v -0.000170 -0.000061 -0.000925
v -0.003671 -0.001846 0.002610
v -0.002952 -0.002809 0.004130
v -0.003979 0.003563 0.004130
v -0.000160 -0.000018 -0.000923
v 0.004316 0.002151 0.004130
v -0.004738 -0.000391 0.004130
v 0.002325 -0.004399 0.005140
v 0.003813 -0.002966 0.005140
v 0.006390 -0.000494 0.000578
v 0.003598 -0.003171 -0.004860
v 0.002222 -0.004497 -0.004860
v -0.000478 -0.007082 -0.002405
v -0.000478 -0.007082 0.002193
v 0.002509 -0.002988 -0.004860
v 0.002520 -0.002852 0.005140
v -0.002100 -0.004886 -0.000110
v -0.001197 0.000485 0.000047
v -0.001238 0.000469 0.000085
v -0.005067 0.001188 -0.004384
v -0.005098 0.001215 -0.004345
v -0.005108 0.001167 -0.004347
v -0.000057 -0.002263 0.000709
v 0.004860 0.002454 0.000709
v 0.002520 0.000209 -0.003853
v -0.000622 0.003384 0.000709
v -0.001351 -0.002149 0.000709
v -0.001073 -0.002301 -0.000824
v 0.000076 0.003644 -0.000824
v -0.004790 0.001172 0.004082
v 0.005877 0.003136 -0.000824
v 0.000015 -0.002484 -0.000824
v 0.002807 0.000193 0.004613
v 0.001288 0.002892 0.002351
v 0.001360 0.002881 0.002356
v 0.001319 0.002865 0.002394
v 0.004768 -0.002100 -0.002551
v 0.002078 -0.004681 -0.002551
v 0.002078 -0.004681 -0.000095
v 0.005066 -0.000591 -0.002551
v -0.001813 0.000577 -0.002551
v 0.000456 -0.002484 0.002199
v -0.002254 0.001177 -0.001645
v 0.000292 -0.004356 0.002366
v 0.000333 -0.004334 0.002410
v 0.000364 -0.004361 0.002371
v -0.003096 0.000799 -0.002536
v -0.003353 -0.001138 -0.002536
v 0.005230 -0.001889 -0.002536
v 0.007037 0.007495 -0.002536
v 0.001668 0.003947 0.002712
v -0.002849 0.003871 -0.004992
v -0.005467 0.002146 -0.004992
v -0.003106 0.001940 -0.004992
v 0.001914 0.007025 0.000256
v -0.002952 0.003806 0.005008
v -0.004800 0.002584 0.005008
v -0.006360 0.001556 0.002775
v -0.006360 0.001556 -0.003856
v -0.003240 0.002319 0.005008
v -0.004779 -0.000591 -0.000462
v 0.000579 -0.001257 -0.000046
v 0.000538 -0.001278 -0.000090
v 0.000302 -0.004529 -0.002565
v -0.003517 -0.000954 0.002489
v 0.004778 -0.002360 0.002489
v 0.001637 0.003752 -0.002263
v 0.005948 0.006603 0.002489
v -0.003229 0.000534 0.002489
v 0.003279 -0.000034 -0.003048
v 0.003238 -0.000056 -0.003093
v 0.003269 -0.000083 -0.003050
v -0.003671 0.002779 0.002005
v -0.003671 0.002779 -0.000228
v -0.002110 0.003806 0.002005
v -0.000540 0.003541 0.002005
v -0.001310 -0.000407 0.002005
v -0.002080 0.000631 -0.003464
v -0.000232 -0.001862 0.000485
v -0.003661 -0.001695 -0.004267
v -0.005437 0.000707 -0.000644
v -0.003599 -0.001787 0.003306
v -0.000950 -0.005357 -0.000424
v -0.000088 -0.000007 -0.000229
v -0.000129 0.000020 -0.000272
v 0.008813 -0.001100 0.005007
v 0.001113 0.009307 0.005007
v 0.001113 0.009307 -0.004993
v 0.008813 -0.001100 -0.004993
v 0.002941 -0.006736 0.005007
v 0.004029 -0.005687 -0.004993
v 0.000631 -0.008948 0.001134
v -0.004451 0.005634 -0.004993
v -0.006935 -0.004681 -0.004993
v -0.013403 -0.000288 0.005007
v -0.013608 -0.001100 0.005007
v -0.010508 -0.006736 -0.000911
v -0.008598 0.001507 -0.002838
v -0.007161 0.007452 -0.002838
v -0.010734 0.005397 0.001244
v 0.000405 0.003184 0.003288
v 0.003803 0.006446 -0.002838
v -0.003240 -0.000315 -0.002838
v 0.001093 -0.004713 -0.004228
v -0.001043 -0.000824 -0.000146
v 0.002530 0.001226 -0.004228
v -0.008999 0.002281 -0.004228
v -0.012551 -0.000067 -0.004228
v -0.010775 0.001107 -0.001932
v -0.012951 -0.019171 0.003434
v 0.005897 -0.001089 0.003434
v 0.008043 0.000972 -0.000439
v 0.004398 -0.002522 -0.006566
v -0.003147 -0.009765 -0.006566
v -0.000961 -0.000699 -0.006566
v -0.008270 0.000209 0.003434
v -0.003096 0.003190 -0.002484
v 0.051211 0.030695 -0.006855
v -0.029808 -0.047039 -0.006855
v -0.029808 -0.047039 0.003145
v 0.041418 0.021294 0.003145
v 0.053408 0.039766 -0.006855
v 0.039765 0.044412 -0.006855
v -0.031923 -0.002955 -0.006855
v -0.038247 -0.035631 -0.006855
v 0.041541 0.045586 -0.004559
v 0.035566 0.041637 0.003145
v -0.042158 -0.009722 0.003145
v 0.046099 0.040674 0.003145
v -0.045320 -0.026062 0.003145
v 0.051273 0.043649 -0.002773
v 0.010414 -0.019139 -0.005678
v 0.016738 0.013537 -0.005678
v -0.003753 0.000004 -0.005678
v 0.006493 0.006770 0.004323
v -0.003753 0.000004 0.004323
v 0.003331 -0.009570 0.004323
v -0.007059 0.001167 -0.002028
v 0.004470 0.000112 -0.002028
v 0.006955 0.010427 -0.002028
v -0.001997 0.004509 0.007972
v -0.002880 0.003925 0.007972
v -0.008835 -0.000007 0.000267
v -0.002192 0.003693 0.007972
v 0.000898 -0.001938 0.002053
v -0.004821 -0.002452 0.004753
v 0.000354 0.000523 -0.001165
v -0.002737 0.006159 0.004753
v 0.013802 0.000523 0.004753
v 0.011502 -0.001689 0.000879
v 0.009347 -0.003750 0.004753
v 0.004419 -0.001765 -0.004184
v -0.000755 -0.004745 0.001734
v 0.001319 0.003866 0.001734
v 0.000641 0.004098 0.001734
v -0.011288 -0.003777 0.001734
v -0.005313 0.000166 -0.005971
v 0.042547 0.004710 -0.005427
v 0.042547 0.004710 0.004573
v 0.019951 0.035265 0.004573
v 0.019951 0.035265 -0.005427
v -0.003866 -0.039823 -0.005427
v -0.045577 -0.008029 -0.005427
v -0.046850 -0.025181 -0.005427
v -0.035803 -0.001570 0.004573
v -0.037220 -0.020724 0.004573
v 0.002088 -0.034111 0.004573
v -0.068942 -0.057002 -0.004183
v 0.106946 0.037126 -0.004183
v 0.127898 0.048782 -0.004183
v -0.017858 0.019774 -0.004183
v -0.081621 -0.022363 -0.004183
v -0.000878 0.030992 0.005817
v -0.088458 -0.026874 0.005817
v 0.149837 0.060991 0.005817
v 0.106946 0.037126 0.005817
v -0.076036 -0.060799 0.005817
v -0.021113 0.022451 -0.005344
v -0.025568 -0.037703 -0.005344
v 0.021871 0.007814 -0.005344
v 0.027815 0.013526 0.004656
v -0.015569 -0.028102 0.004656
v -0.011483 0.026914 0.004656
v 0.103517 0.101580 -0.005195
v -0.206496 -0.103266 -0.005195
v -0.060740 -0.074257 -0.005195
v 0.085212 0.006954 -0.005195
v 0.115353 0.035876 -0.005195
v 0.119809 0.096030 -0.005195
v 0.111247 0.106686 0.004805
v -0.189516 -0.092047 0.004805
v -0.038801 -0.062049 0.004805
v 0.085212 0.006954 0.004805
v 0.129438 0.100493 0.004805
v 0.125352 0.045472 0.004805
v 0.000692 -0.019453 -0.005771
v -0.056294 -0.019453 -0.005771
v -0.056294 -0.019453 0.004229
v 0.000692 -0.019453 0.004229
v 0.043430 0.003417 -0.005771
v 0.030741 0.038062 -0.005771
v 0.023914 0.033551 0.004229
v 0.036336 -0.000380 0.004229
v 0.002099 -0.011344 -0.004825
v 0.003372 0.005813 -0.004825
v -0.014193 -0.005795 -0.004825
v 0.013145 0.012271 0.005175
v -0.006463 -0.000689 0.005175
v 0.011728 -0.006882 0.005175
v -0.022755 -0.053389 -0.005000
v -0.022755 -0.053389 0.005000
v -0.022724 -0.055677 -0.005000
v -0.022642 -0.055774 -0.005000
v -0.022724 -0.055677 0.005000
v -0.022642 -0.055774 0.005000
v -0.003075 0.010849 -0.005000
v 0.009757 0.005418 -0.005000
v -0.003075 0.010849 0.005000
v 0.009757 0.005418 0.005000
v 0.040134 0.053602 0.004590
v 0.040134 0.053602 -0.005410
v -0.004759 0.028131 -0.005410
v -0.004759 0.028131 0.004590
v -0.026338 -0.042268 -0.005410
v -0.013506 -0.047699 -0.005410
v -0.026338 -0.042268 0.004590
v -0.013506 -0.047699 0.004590
v 0.006657 -0.003377 0.000845
v 0.006657 -0.003377 0.010845
v 0.008874 -0.003674 0.010845
v 0.008874 -0.003674 0.000845
v 0.005907 -0.003123 0.010845
v 0.006410 -0.001776 0.010845
v 0.001349 0.002108 0.000845
v 0.000138 -0.001165 0.000845
v -0.000180 0.000610 0.000680
v -0.000519 -0.000040 -0.000105
v 0.000282 -0.000240 0.000680
v -0.000786 -0.000564 0.000680
v 0.040997 -0.021265 0.005004
v -0.007982 -0.004594 0.005004
v -0.016010 0.009881 0.005004
v -0.002552 0.013948 0.005004
v 0.041500 -0.019912 0.005004
v -0.018813 -0.000905 -0.004996
v 0.035237 -0.019301 -0.004996
v 0.036449 -0.016029 -0.004996
v -0.001361 0.013034 -0.004996
v -0.017684 0.008393 -0.004996
v -0.020712 0.002508 -0.004996
v -0.005221 0.015998 -0.000017
v -0.015302 0.013023 -0.000150
v -0.016811 0.010086 0.004218
v -0.006658 -0.006460 0.001058
v -0.006319 -0.005816 0.001843
v -0.005847 -0.006666 0.001843
v 0.001052 0.002438 0.001843
v 0.007601 -0.002598 0.001843
v -0.002613 0.001399 0.001843
v 0.004942 -0.000548 -0.003177
v -0.005149 -0.003523 -0.003311
v 0.004532 0.008453 0.001371
v 0.012560 -0.006017 0.001371
v -0.001381 -0.001273 0.001371
v 0.003454 0.008128 0.001371
v -0.000170 0.001085 -0.008629
v -0.001381 -0.001273 -0.008629
v 0.001719 -0.002328 -0.008629
v 0.003721 0.008658 0.000585
v -0.002685 -0.000164 0.004611
v -0.001269 0.002600 0.004611
v 0.000980 0.000875 0.004611
v -0.001269 0.002600 -0.005389
v -0.003537 -0.001825 -0.005389
v 0.002222 -0.000083 -0.005389
v 0.004871 -0.002111 -0.000410
v -0.005221 -0.005086 -0.000543
v 0.002530 0.001048 -0.002217
v -0.003229 -0.000694 -0.002217
v -0.007295 -0.008580 -0.002217
v 0.009028 -0.003945 -0.002217
v 0.005179 -0.000981 0.002762
v -0.004913 -0.003956 0.002629
v -0.004174 0.024745 -0.006562
v -0.004174 0.024745 0.003438
v -0.042446 -0.001154 -0.006562
v -0.042446 -0.001154 0.003438
v 0.019756 -0.022325 -0.006562
v 0.030320 -0.001770 -0.006562
v 0.019756 -0.022325 0.003438
v 0.030320 -0.001770 0.003438
v 0.027117 0.043492 -0.004516
v 0.027117 0.043492 0.005484
v 0.001719 -0.019615 0.005484
v -0.018926 -0.005908 0.005484
v -0.018926 -0.005908 -0.004516
v 0.001719 -0.019615 -0.004516
v -0.003866 -0.096661 0.005514
v -0.088643 -0.040364 0.005514
v -0.088643 -0.040364 -0.004486
v -0.003866 -0.096661 -0.004486
v 0.075039 0.099427 -0.004486
v 0.075039 0.099427 0.005514
v 0.054404 0.113134 0.005514
v 0.054404 0.113134 -0.004486
v 0.063305 -0.034879 -0.005437
v 0.063305 -0.034879 0.004563
v -0.091558 -0.034879 -0.005437
v -0.091558 -0.034879 0.004563
v 0.076702 -0.001587 0.004563
v -0.008065 0.054716 0.004563
v -0.008065 0.054716 -0.005437
v 0.076702 -0.001587 -0.005437
v 0.054404 -0.010890 -0.005025
v 0.054404 -0.010890 0.004975
v 0.049877 -0.011101 -0.005025
v 0.049877 -0.011101 0.004975
v -0.012274 -0.006211 0.004975
v -0.009173 0.010751 0.004975
v -0.009173 0.010751 -0.005025
v -0.012274 -0.006211 -0.005025
v 0.004747 0.008042 -0.003052
v 0.001267 0.009226 0.001993
v -0.007695 0.001383 0.001993
v 0.000641 0.000307 -0.008007
v 0.003844 0.003103 -0.008007
v 0.002756 -0.002841 -0.008007
v 0.001637 -0.008921 -0.001183
v -0.000909 -0.008721 0.001993
v 0.001637 -0.008921 0.001993
v 0.004747 0.008042 0.001993
v 0.002725 0.002184 0.004513
v 0.006195 0.000999 -0.000533
v 0.005291 -0.003940 -0.005488
v 0.002099 -0.006736 -0.005488
v -0.006237 -0.005660 0.004513
v 0.006195 0.000999 -0.005488
v -0.005847 0.005099 -0.005488
v -0.015713 0.008453 0.004513
v -0.010385 0.021321 0.000058
v -0.004595 0.022960 0.003027
v -0.004595 0.022960 0.005260
v -0.010385 0.021321 0.005260
v -0.050740 0.001237 0.005260
v -0.050740 0.001237 0.001079
v -0.047620 0.002784 -0.004739
v -0.016791 0.018129 -0.004739
v -0.043657 -0.007477 -0.004739
v 0.043994 -0.014374 -0.004739
v 0.053593 -0.005979 -0.004739
v 0.045647 0.005856 -0.004739
v 0.040319 0.007674 -0.004739
v 0.035217 -0.013681 0.005260
v -0.050237 -0.006958 0.005260
v -0.052886 -0.000094 0.005260
v 0.035792 0.009215 0.005260
v 0.045257 -0.004902 0.005260
v -0.010765 -0.003756 0.003360
v -0.010765 -0.003756 -0.006640
v 0.000959 0.003476 -0.006640
v 0.000959 0.003476 -0.000822
v -0.001197 0.002146 0.003360
v 0.004070 0.005023 -0.006640
v 0.008033 -0.005238 -0.006640
v 0.001452 -0.004718 0.003360
v -0.004851 -0.002549 -0.005144
v 0.005743 -0.003382 -0.005144
v 0.006852 0.002697 -0.005144
v 0.004747 0.005845 -0.005144
v -0.013629 -0.001857 0.004855
v 0.003187 -0.003182 0.004855
v 0.005743 -0.003382 0.001680
v -0.003589 0.006922 0.004855
v -0.007541 -0.002246 0.004539
v -0.007541 -0.002246 -0.000259
v -0.001751 -0.000608 -0.000259
v -0.001751 -0.000608 0.007508
v -0.013947 -0.005438 -0.000259
v 0.043163 -0.015893 -0.000259
v 0.054907 0.001415 -0.005000
v 0.054907 0.001415 0.005000
v -0.007336 0.006316 -0.005000
v -0.007336 0.006316 0.005000
v -0.006781 -0.006606 -0.005000
v -0.006781 -0.006606 0.005000
v -0.041419 0.016334 -0.004344
v -0.041419 0.016334 0.005656
v -0.062505 0.005277 0.005656
v -0.062505 0.005277 -0.004344
v -0.061284 -0.023645 -0.004344
v -0.061284 -0.023645 0.005656
v 0.075542 0.007133 -0.004344
v 0.075542 0.007133 0.005656
v 0.076086 -0.005789 -0.004344
v 0.076086 -0.005789 0.005656
v -0.010990 0.006024 -0.004954
v -0.049539 -0.016813 -0.004954
v -0.049539 -0.016813 0.005047
v -0.010990 0.006024 0.005047
v 0.017539 0.020991 0.005047
v 0.017539 0.020991 -0.004954
v 0.018771 -0.007931 -0.004954
v 0.018771 -0.007931 0.005047
v 0.000446 -0.002025 0.002141
v -0.001659 -0.002906 0.002141
v -0.000365 0.000858 -0.002791
v 0.001093 0.000344 -0.001077
v -0.000570 -0.005005 0.002141
v -0.000386 -0.005075 0.002141
v -0.000386 -0.005075 0.001910
v 0.000661 -0.001224 -0.002716
v -0.002346 -0.003793 0.006514
v -0.000242 -0.002912 0.006514
v 0.000836 -0.005011 0.006514
v 0.000056 -0.004713 -0.003486
v -0.010498 -0.000683 -0.003486
v 0.001031 -0.005086 0.006283
v 0.001031 -0.005086 -0.002354
v -0.003240 0.002357 -0.003486
v 0.002078 -0.001235 0.001657
v 0.001052 0.000848 0.001582
v -0.052373 0.016431 -0.004393
v -0.052373 0.016431 0.005607
v -0.046039 0.012975 0.005607
v -0.046039 0.012975 -0.004393
v 0.007868 -0.007618 0.005607
v 0.003906 0.005029 0.005607
v 0.009973 -0.006731 0.005607
v -0.000273 -0.004502 -0.004393
v 0.003947 0.005018 -0.004393
v 0.007714 0.004261 0.000412
v 0.006975 -0.001462 -0.004393
v 0.011266 -0.002971 0.000675
v -0.001156 -0.008007 0.001835
v 0.000949 -0.007131 0.001835
v 0.001585 -0.004756 -0.001383
v 0.000138 -0.004248 -0.003097
v 0.002427 -0.001668 0.001835
v -0.007223 0.003752 0.001835
v 0.000641 0.002162 0.001835
v -0.003424 0.002984 -0.003360
v -0.000755 -0.001554 0.002590
v -0.005046 -0.000045 -0.002478
v 0.000569 0.002313 -0.002478
v -0.000776 -0.007488 -0.001345
v -0.000776 -0.007488 -0.002478
v -0.001751 -0.007115 -0.002478
v 0.001431 0.000647 -0.002478
v 0.000271 -0.003637 0.002666
v -0.002110 -0.003307 -0.001024
v 0.002181 -0.004816 0.004044
v 0.003505 -0.000948 -0.001024
v 0.002140 0.001702 -0.001024
v -0.001371 0.002416 0.003780
v -0.005139 0.003173 -0.001024
v 0.004060 0.001783 -0.000958
v 0.002581 0.001161 -0.000958
v 0.003444 -0.000505 -0.000958
v 0.002273 -0.004783 0.004185
v 0.002704 -0.003215 0.005824
v 0.001247 -0.002701 0.004110
v 0.001852 0.001978 0.004889
v 0.004532 0.001437 0.004889
v 0.003639 -0.001852 0.004889
v -0.002203 0.002800 -0.000307
v 0.001308 0.002086 -0.005111
v 0.004532 0.001437 -0.005111
v 0.002674 -0.000564 -0.005111
v 0.004162 0.000058 -0.005111
v 0.002797 -0.004940 0.001671
v 0.001349 -0.004432 -0.000043
v -0.008670 -0.003123 0.004509
v -0.008670 -0.003123 -0.005491
v -0.005467 0.008674 -0.005491
v -0.005467 0.008674 0.004509
v -0.000971 -0.006065 0.004509
v 0.001811 0.007198 0.004509
v 0.007068 -0.000434 0.004509
v 0.003639 -0.007823 -0.000633
v -0.000755 -0.006146 -0.005491
v 0.012909 0.004953 -0.005491
v 0.013145 0.004612 -0.005491
v 0.012344 -0.001419 -0.000314
v 0.001216 0.002962 -0.006251
v 0.000918 0.002730 -0.006251
v 0.000128 -0.003301 -0.001073
v 0.007037 0.001783 -0.000820
v -0.005159 -0.002317 0.003749
v -0.010405 0.005315 0.003749
v 0.002119 0.002779 0.003749
v 0.000682 0.003071 -0.006251
v -0.002747 0.002124 -0.002409
v -0.002439 0.002357 -0.002409
v 0.003372 0.001183 0.003022
v -0.003537 -0.003902 0.002768
v 0.009213 -0.000002 -0.002409
v 0.002130 -0.004956 -0.002409
v 0.027825 -0.026349 0.006870
v -0.060021 0.007203 0.006870
v -0.063604 0.012407 0.006870
v -0.051059 0.022110 0.006870
v 0.054866 0.000653 0.006870
v 0.051848 -0.010452 0.006870
v 0.034714 -0.028983 -0.003130
v -0.047075 0.002254 -0.003130
v -0.055956 0.023106 0.002301
v -0.050114 0.021921 -0.003130
v 0.054866 0.000653 -0.003130
v -0.057198 0.016966 -0.003130
v 0.049466 -0.019225 -0.003130
v -0.062865 0.018021 0.002047
v 0.004203 -0.000824 0.002606
v -0.000334 0.005775 0.002606
v 0.004942 0.004791 -0.002217
v 0.000887 -0.003393 0.002606
v -0.008383 0.000144 0.002606
v -0.003763 -0.001614 -0.002536
v -0.015959 0.001756 0.006541
v 0.008074 0.017648 0.006541
v 0.001893 -0.005065 0.006541
v -0.009060 -0.000878 -0.003459
v 0.001893 -0.005065 -0.003459
v 0.005692 0.008880 -0.003459
v -0.007551 -0.002198 0.003527
v -0.003014 -0.008797 0.003527
v -0.002264 -0.003177 -0.001296
v -0.000273 0.002898 0.003527
v 0.009531 0.000912 0.003527
v 0.004634 0.001902 -0.001042
v -0.002285 -0.003285 0.006633
v 0.001031 -0.000716 0.006633
v 0.004614 -0.005919 0.006633
v -0.006935 -0.001511 0.001491
v 0.017559 -0.010868 -0.003367
v -0.002583 -0.003171 -0.003367
v 0.007437 0.003844 -0.003367
v 0.001770 0.004899 0.001811
v -0.010190 -0.000797 -0.004168
v -0.005796 -0.002474 0.000690
v -0.001433 -0.004134 -0.004168
v 0.003711 0.009962 -0.004168
v 0.008587 0.002881 -0.004168
v 0.002920 0.003936 0.001009
v -0.024737 -0.011523 0.004538
v -0.024737 -0.011523 -0.005462
v -0.015549 0.022294 -0.005462
v -0.015549 0.022294 0.004538
v 0.009778 0.017167 0.004538
v 0.024725 -0.004545 0.004538
v 0.000815 -0.021281 0.004538
v 0.001832 -0.021670 -0.005462
v 0.005825 -0.023196 -0.001046
v 0.020875 0.014916 -0.005462
v 0.030679 0.000664 -0.005462
v 0.029868 -0.005503 -0.000164
v 0.016348 0.008193 -0.003861
v 0.010548 0.009275 0.001437
v 0.011359 0.015441 -0.003861
v -0.017489 -0.006893 -0.003861
v -0.013495 -0.008418 0.000555
v -0.009543 -0.009927 -0.003861
v -0.022766 -0.004215 0.003186
v -0.023186 -0.012545 -0.006813
v 0.007088 0.008999 -0.006813
v -0.002798 0.009994 0.003186
v 0.005548 -0.004118 0.003186
v 0.019736 -0.012394 -0.006813
v 0.103373 -0.046471 -0.005179
v 0.103784 -0.038146 0.004821
v 0.123761 -0.023931 0.004821
v 0.133647 -0.024927 -0.005179
v -0.001884 -0.038520 0.004821
v -0.109431 0.002562 0.004821
v -0.129152 0.031219 0.004821
v -0.104350 0.050411 0.004821
v 0.104862 0.008025 0.004821
v 0.019715 -0.046763 -0.005179
v -0.096486 -0.002387 -0.005179
v -0.108610 0.051276 0.000846
v -0.102132 0.049962 -0.005179
v 0.115425 0.005883 -0.005179
v -0.122633 0.035611 -0.005179
v -0.128434 0.036693 0.000119
v -0.005200 -0.009181 0.003010
v -0.015261 -0.005340 0.003010
v 0.008648 0.011395 0.003010
v 0.013073 0.004964 0.003010
v -0.010251 -0.007255 -0.002574
v 0.013792 0.010438 -0.001692
v 0.010804 -0.006265 0.005944
v -0.005293 -0.007147 0.005944
v -0.064045 0.015290 0.005944
v 0.041623 0.015663 0.005944
v -0.042456 0.007041 -0.004056
v -0.005293 -0.007147 -0.004056
v 0.023031 -0.005595 -0.004056
v 0.041202 0.007338 -0.004056
v -0.016729 0.013997 0.005558
v 0.011585 0.014100 0.005558
v 0.022015 -0.003550 0.005558
v 0.002355 -0.005189 0.005558
v -0.047548 -0.007931 0.005558
v 0.002355 -0.005189 -0.004442
v -0.035321 -0.007261 -0.004442
v 0.030679 -0.002825 -0.004215
v 0.030679 -0.002825 -0.004442
v -0.017150 0.005672 -0.004442
v 0.030741 -0.002582 -0.004442
v 0.025772 0.005824 -0.004442
v -0.007900 -0.008142 0.006637
v -0.018341 0.009507 0.006637
v 0.005374 0.009588 0.006637
v 0.000754 -0.007418 0.006637
v 0.000754 -0.007418 -0.003136
v 0.003115 0.001259 -0.003363
v -0.004153 0.001232 -0.003363
v 0.000826 -0.007174 -0.003363
v -0.009892 -0.019193 0.005016
v -0.028792 0.012764 0.005016
v 0.020875 0.002703 0.005016
v -0.018228 0.010622 -0.004984
v 0.029663 0.000923 -0.004984
v -0.000006 -0.020188 -0.004984
v 0.005497 0.023479 0.005885
v 0.015968 0.021359 0.005885
v 0.006790 -0.012443 0.005885
v -0.016924 -0.012529 0.005885
v -0.025270 0.001583 0.005885
v 0.014284 0.021699 -0.004115
v 0.015968 0.021359 -0.004115
v 0.004522 -0.020778 -0.004115
v -0.015384 0.000588 -0.004115
v -0.002737 -0.020799 -0.004115
v -0.010436 -0.011956 0.003161
v -0.014861 -0.005524 0.003161
v 0.005836 0.008966 0.003161
v 0.014367 0.007241 0.003161
v 0.010116 0.008101 -0.000814
v -0.009707 -0.006482 -0.001541
v 0.021779 -0.016959 0.004082
v -0.016216 -0.002447 0.004082
v 0.002058 0.011698 0.004082
v 0.034724 -0.021903 -0.005918
v -0.017304 -0.002030 -0.005918
v -0.021267 -0.000516 -0.001502
v 0.008577 0.016096 -0.005918
v 0.002776 0.017172 -0.000620
v -0.010066 -0.008797 0.002335
v -0.004266 -0.009873 -0.002963
v -0.009255 -0.002625 -0.002963
v 0.009757 0.005786 0.003062
v 0.003310 0.007095 -0.002963
v 0.016235 0.004477 -0.002963
v -0.007387 -0.009922 0.005224
v -0.022324 0.011785 0.005224
v 0.013309 0.004569 0.005224
v -0.011237 0.009540 -0.004776
v 0.011133 0.005007 -0.004776
v 0.017590 0.003703 0.001248
v -0.001422 -0.004713 -0.004776
v -0.002234 -0.010885 0.000521
v 0.118731 -0.006163 0.005521
v 0.118731 -0.006163 -0.004479
v -0.054826 0.028996 0.005521
v -0.068634 -0.021811 0.005521
v -0.054826 0.028996 -0.004479
v -0.068634 -0.021811 -0.004479
v -0.040854 0.035931 0.005414
v -0.040854 0.035931 -0.004586
v -0.034489 0.033810 0.005414
v -0.034489 0.033810 -0.004586
v -0.041203 0.036444 0.005414
v -0.041203 0.036444 -0.004586
v -0.040823 0.037267 -0.004586
v -0.040823 0.037267 0.005414
v -0.041747 0.037532 0.005414
v -0.041747 0.037532 -0.004586
v -0.041747 0.037537 0.005414
v -0.041614 0.037521 0.005414
v -0.041614 0.037521 -0.004586
v -0.041747 0.037537 -0.004586
v -0.041747 0.037532 0.005414
v -0.041747 0.037532 -0.004586
v 0.004552 -0.014563 0.005414
v 0.004552 -0.014563 -0.004586
v 0.016071 -0.000970 -0.004586
v 0.016071 -0.000970 0.005414
v 0.032661 -0.042522 -0.005462
v 0.055266 -0.015856 -0.005462
v -0.032067 0.044223 -0.005462
v -0.055011 0.040166 -0.005462
v -0.054169 0.030981 -0.005462
v 0.014480 -0.045367 -0.005462
v -0.044837 0.020601 0.004538
v 0.009439 -0.039769 0.004538
v -0.047034 0.044525 0.004538
v -0.035937 0.046889 0.004538
v 0.055266 -0.015856 0.004538
v 0.038913 -0.035150 0.004538
v -0.038257 0.048485 0.000962
v -0.050432 0.046072 0.000652
v 0.010363 0.006251 -0.004649
v -0.007818 0.003401 -0.004649
v 0.000292 -0.005627 -0.004649
v -0.012859 0.009004 0.005351
v 0.000292 -0.005627 0.005351
v 0.016615 0.013624 0.005351
v 0.002417 0.011081 -0.004793
v 0.002417 0.011081 0.005207
v -0.009101 -0.002512 0.005207
v -0.009101 -0.002512 -0.004793
v 0.004470 0.009670 -0.004793
v -0.006237 -0.005703 -0.004793
v 0.005641 -0.003177 -0.004793
v -0.006463 -0.005454 0.005207
v -0.003702 -0.008516 0.000946
v 0.013412 0.003514 0.005207
v 0.013905 -0.001852 0.005207
v 0.010989 -0.005605 0.001321
v 0.001729 -0.010387 -0.006774
v 0.000887 -0.001203 -0.006774
v -0.005508 -0.002333 -0.006774
v -0.009225 0.001794 -0.001034
v -0.007346 -0.000294 0.003227
v 0.011061 -0.020762 0.003227
v 0.008874 0.003157 0.003227
v 0.005476 0.004704 -0.000659
v 0.005404 0.004071 -0.002547
v 0.008802 0.002524 0.001339
v 0.008320 0.007825 0.001339
v -0.012048 0.004223 0.001339
v -0.007418 -0.000927 0.001339
v -0.009286 0.001161 -0.002922
v 0.005240 0.001302 -0.004221
v -0.009297 0.011298 -0.004221
v -0.008116 -0.001543 -0.004221
v 0.000138 -0.000224 0.005779
v -0.000345 0.005142 0.005779
v 0.005959 0.000804 0.005779
v 0.009398 -0.001565 0.002203
v -0.002767 -0.003977 0.001893
v 0.002869 -0.001143 -0.000868
v -0.000529 0.000404 -0.004754
v 0.002386 0.004158 -0.000868
v 0.008197 0.005186 -0.000868
v 0.013966 0.001221 -0.000868
v 0.011646 0.002816 -0.004443
v -0.008958 -0.008526 -0.003589
v -0.009717 -0.000191 -0.003589
v -0.004369 -0.002620 0.002524
v 0.003639 0.002654 -0.003589
v 0.013997 -0.004470 -0.003589
v 0.007807 -0.000207 0.002835
v -0.003045 0.002492 0.000076
v -0.002285 -0.005843 0.000076
v 0.002304 0.000058 0.006190
v -0.008681 -0.006979 0.000076
v -0.014922 -0.000040 0.000076
v -0.012397 -0.002852 0.005815
v -0.033627 -0.019875 0.005593
v -0.033627 -0.019875 -0.004407
v -0.032970 -0.020215 0.005593
v -0.032970 -0.020215 -0.004407
v -0.006063 -0.027393 -0.004407
v -0.006063 -0.027393 0.005593
v 0.027805 -0.025121 -0.004407
v 0.069095 -0.021205 -0.004407
v 0.069095 -0.021205 0.005593
v 0.027805 -0.025121 0.005593
v -0.053245 0.001940 0.005593
v -0.053245 0.001940 -0.004407
v -0.020569 0.040480 -0.004407
v -0.020569 0.040480 0.005593
v 0.007673 -0.006222 0.010991
v 0.007673 -0.006222 0.000991
v 0.007632 -0.006211 0.000991
v 0.007632 -0.006211 0.010991
v 0.005456 -0.004540 0.010991
v 0.005979 -0.003729 0.010991
v 0.002181 0.001870 0.000991
v 0.000518 -0.000748 0.000991
v -0.005108 -0.000342 0.001209
v 0.005456 -0.002425 0.002242
v 0.008915 -0.007526 -0.003342
v -0.005837 -0.003534 -0.003342
v -0.007017 -0.002106 -0.001849
v 0.001996 0.002676 -0.003342
v -0.001433 0.003071 -0.003342
v -0.005909 -0.001084 -0.003342
v -0.001115 0.000934 0.005274
v 0.001113 0.003000 0.005274
v 0.003331 -0.000267 0.005274
v 0.001113 0.003000 -0.004726
v 0.002602 0.000804 -0.004726
v 0.006061 -0.004302 0.000858
v -0.000827 0.001199 -0.004726
v -0.004502 -0.002214 -0.000175
v 0.000138 0.013461 0.001457
v -0.010426 0.015549 0.000424
v -0.012325 0.013781 -0.002633
v -0.011155 0.012353 -0.004127
v 0.003598 0.008366 -0.004127
v 0.031983 -0.035058 0.005873
v -0.018505 0.003747 0.005873
v -0.018618 0.007950 0.005873
v -0.014830 0.011460 0.005873
v 0.002879 0.009426 0.005873
v 0.032496 -0.034246 0.005873
v 0.028708 -0.028648 -0.004127
v -0.010754 -0.002209 -0.004127
v 0.027045 -0.031266 -0.004127
v -0.001258 0.003244 0.001580
v 0.003187 0.002043 0.001580
v 0.008659 -0.006027 0.001580
v -0.009050 -0.003988 0.001580
v 0.005928 -0.001992 -0.002836
v -0.004646 0.000096 -0.003869
v -0.001967 0.000025 0.008499
v 0.000456 0.002275 0.008499
v 0.000579 -0.001933 0.008499
v 0.005815 0.007246 -0.001501
v -0.001967 0.000025 -0.001501
v 0.008320 -0.007883 -0.001501
v 0.007920 0.006678 -0.001501
v 0.006749 0.008106 -0.000007
v -0.000499 -0.000467 -0.001593
v 0.001606 -0.001035 -0.001593
v 0.001534 0.001421 -0.001593
v 0.000436 0.000393 -0.000099
v -0.001269 0.029342 -0.006077
v -0.001269 0.029342 0.003923
v -0.023628 -0.001111 -0.006077
v -0.006935 0.032501 -0.006077
v -0.006935 0.032501 0.003923
v -0.023628 -0.001111 0.003923
v 0.010989 -0.027723 0.003923
v 0.027220 -0.012659 0.003923
v 0.027220 -0.012659 -0.006077
v 0.010989 -0.027723 -0.006077
v 0.000538 0.007906 -0.001669
v 0.001082 0.006830 -0.001669
v 0.002191 0.001497 -0.001669
v -0.000139 0.001848 -0.001669
v 0.000415 0.007522 -0.001669
v 0.000487 0.007793 -0.001669
v 0.000538 0.007906 -0.003000
v 0.001082 0.006830 -0.004434
v 0.000487 0.007793 -0.003152
v 0.000415 0.007522 -0.003505
v 0.000169 0.005007 -0.006836
v 0.001483 0.004904 -0.006989
v -0.000386 0.007685 0.001279
v -0.000447 0.007419 0.001279
v -0.001053 0.001248 0.001279
v 0.001349 0.001269 0.001279
v 0.000220 0.006722 0.001279
v -0.000324 0.007798 0.001279
v -0.000324 0.007798 0.001345
v 0.000220 0.006722 0.002952
v -0.000386 0.007685 0.001546
v -0.000447 0.007419 0.001993
v -0.000694 0.004899 0.006111
v 0.000620 0.004796 0.005958
v 0.000703 0.010903 0.003481
v 0.000703 0.010903 -0.005123
v 0.001236 0.009821 -0.003515
v 0.001236 0.009821 0.002046
v 0.000641 0.010784 -0.004921
v 0.000641 0.010784 0.003328
v 0.000569 0.010519 0.002975
v 0.000569 0.010519 -0.004474
v 0.000323 0.007998 -0.000356
v 0.001637 0.007895 -0.000509
v -0.005272 0.042578 -0.004965
v -0.004923 0.046235 -0.000132
v -0.005221 0.043076 0.005035
v -0.009923 -0.005481 0.005035
v -0.010251 -0.008786 0.001145
v -0.009605 -0.002171 -0.004965
v -0.002901 0.042724 0.005035
v 0.009932 -0.019069 0.005035
v 0.008002 -0.019193 0.005035
v 0.005004 -0.019388 -0.004965
v 0.009932 -0.019069 -0.004965
v -0.002880 0.042605 -0.004965
v -0.003609 0.046132 -0.000285
v 0.001257 -0.019626 -0.001100
v -0.000221 -0.002014 -0.004366
v 0.000928 0.009794 -0.004366
v 0.000282 0.003173 0.001744
v 0.007529 -0.007937 -0.004366
v 0.015537 -0.007423 -0.004366
v 0.011790 -0.007666 -0.000501
v -0.008095 0.010665 0.000211
v -0.007777 0.013970 0.004102
v -0.008506 0.006451 0.004102
v -0.002562 -0.000553 0.004102
v 0.010158 0.000263 0.004102
v 0.003403 -0.000169 -0.002033
v -0.003702 0.002476 0.004826
v -0.004420 -0.004956 0.004826
v -0.004420 -0.004956 -0.005174
v -0.003794 0.001502 -0.005174
v -0.003291 0.006689 0.000935
v 0.002242 -0.004529 0.004826
v 0.003957 -0.004421 -0.005174
v 0.008207 -0.004145 -0.001309
v 0.001031 0.013786 0.000992
v -0.000170 0.001286 0.000992
v -0.000170 0.001286 -0.007316
v 0.002622 -0.000883 0.000992
v 0.002622 -0.000883 -0.005575
v 0.010383 -0.003826 0.000992
v -0.008865 -0.000905 0.001685
v 0.000651 0.007073 0.001685
v 0.001986 0.000674 0.001685
v -0.000745 -0.002420 0.001685
v -0.006165 -0.001527 0.001685
v -0.006165 -0.001527 -0.001814
v 0.001308 0.003925 -0.002795
v -0.004523 -0.001798 -0.003806
v 0.001739 0.000864 0.004953
v 0.002499 -0.002804 0.004953
v -0.000991 -0.002230 0.004953
v -0.001063 -0.002219 -0.005047
v 0.002499 -0.002804 -0.005047
v 0.001863 0.000236 -0.005047
v 0.001062 0.004115 0.000473
v -0.004769 -0.001608 -0.000539
v -0.005878 -0.001349 0.000473
v -0.005878 -0.001349 -0.001656
v -0.007274 -0.001029 -0.001656
v -0.000529 -0.002230 -0.001656
v 0.002396 0.000225 -0.001656
v 0.000764 0.008112 -0.001656
v 0.001596 0.004104 0.003864
v -0.004235 -0.001619 0.002852
v 0.002520 -0.024077 0.004878
v 0.002520 -0.024077 -0.005122
v -0.015538 -0.017240 -0.005122
v -0.015538 -0.017240 -0.001689
v -0.007787 -0.020177 0.004878
v 0.008802 -0.025527 -0.005122
v 0.016841 -0.016391 -0.005122
v 0.007201 0.030029 -0.005122
v -0.014101 0.028661 -0.005122
v -0.018341 -0.015066 -0.005122
v 0.007201 0.030029 0.004878
v -0.014101 0.028661 0.004878
v -0.017129 -0.002566 0.004878
v -0.018341 -0.015066 -0.003430
v 0.007499 -0.025229 0.004878
v 0.017015 -0.017246 0.004878
v 0.010199 -0.025852 0.001378
v 0.010199 -0.025852 -0.002993
v 0.017672 -0.020394 0.000398
v 0.011841 -0.026117 -0.000614
v 0.031090 -0.038866 0.004986
v 0.031090 -0.038866 -0.005014
v 0.035556 -0.039169 -0.005014
v 0.035556 -0.039169 0.004986
v 0.037876 -0.043745 0.004986
v 0.037907 -0.043745 0.004986
v 0.037907 -0.043745 -0.005014
v 0.037876 -0.043745 -0.005014
v 0.037907 -0.043745 0.004986
v 0.037907 -0.043745 -0.005014
v -0.001227 0.013710 -0.005014
v -0.001227 0.013710 0.004986
v -0.013228 0.003184 0.004986
v -0.013228 0.003184 -0.005014
v -0.036050 0.086732 -0.005004
v -0.036050 0.086732 0.004996
v -0.079916 0.048269 0.004996
v -0.079916 0.048269 -0.005004
v 0.070881 -0.094806 0.004996
v 0.070881 -0.094806 -0.005004
v 0.082892 -0.084280 0.004996
v 0.082892 -0.084280 -0.005004
v -0.099566 0.048014 -0.004558
v -0.099566 0.048014 0.005441
v 0.013874 0.048014 0.005441
v 0.013874 0.048014 -0.004558
v 0.070203 -0.032981 -0.004558
v 0.070203 -0.032981 0.005441
v 0.026337 -0.071439 0.005441
v 0.026337 -0.071439 -0.004558
v 0.042259 -0.030557 -0.005023
v 0.042259 -0.030557 0.004977
v -0.011411 -0.001619 -0.005023
v -0.002254 0.011682 -0.005023
v -0.002254 0.011682 0.004977
v -0.011411 -0.001619 0.004977
v 0.000415 0.023311 -0.004418
v -0.003794 0.017204 -0.004418
v -0.000119 -0.000543 -0.004418
v 0.011102 -0.006595 -0.004418
v 0.004029 -0.002782 0.002407
v -0.001987 0.019833 -0.000067
v 0.009726 0.003844 -0.005577
v 0.000579 -0.009457 -0.005577
v 0.000579 -0.009457 0.004423
v 0.009726 0.003844 0.004423
v -0.000765 0.013802 -0.005577
v -0.025116 0.004390 -0.005577
v -0.016698 -0.000148 0.004423
v 0.005066 0.008263 0.004423
v -0.006278 -0.001662 -0.005066
v 0.005302 -0.007910 -0.005066
v 0.001637 0.009837 -0.005066
v 0.006164 -0.008375 0.004934
v -0.006278 -0.001662 0.004934
v 0.000333 0.007944 0.004934
v 0.009459 -0.010149 0.001759
v 0.003444 0.012466 -0.000714
v 0.008453 -0.003431 -0.004389
v -0.000570 0.005126 -0.004389
v -0.008085 -0.005789 -0.004389
v -0.000570 0.005126 0.005611
v 0.016163 -0.010749 0.005611
v -0.014501 -0.015120 0.005611
v 0.059578 -0.030044 -0.005316
v -0.022252 0.047592 -0.005316
v -0.038791 0.045234 -0.005316
v -0.049149 0.030181 -0.005316
v -0.038452 0.000274 -0.005316
v 0.035227 -0.039450 -0.005316
v 0.043656 -0.043988 0.004684
v -0.043595 0.003049 0.004684
v -0.049190 0.030110 0.004684
v -0.045207 0.035903 0.004684
v -0.014542 0.040279 0.004684
v 0.065419 -0.035582 0.004684
v -0.045525 0.004088 0.001509
v -0.051541 0.026703 -0.000964
v -0.003383 -0.001781 0.002557
v 0.002078 0.006148 0.002557
v 0.007673 -0.020913 0.002557
v 0.002458 -0.018100 0.002557
v 0.005743 -0.019875 -0.000618
v -0.000273 0.002741 -0.003091
v -0.245815 0.082913 -0.004649
v -0.245815 0.082913 0.005351
v -0.001905 0.082913 -0.004649
v -0.001905 0.082913 0.005351
v 0.143267 -0.126855 -0.004649
v 0.173264 -0.083274 -0.004649
v 0.173264 -0.083274 0.005351
v 0.143267 -0.126855 0.005351
v -0.003250 -0.045297 -0.005998
v -0.003250 -0.045297 0.004002
v 0.016584 0.019449 -0.005998
v 0.016584 0.019449 0.004002
v -0.012633 0.022884 -0.005998
v -0.012633 0.022884 0.004002
v -0.000786 -0.013530 -0.006218
v -0.001474 -0.008586 -0.003073
v 0.001626 0.001221 -0.001001
v 0.006092 -0.000835 -0.006218
v 0.008033 0.011319 -0.006218
v 0.002520 0.006532 -0.006218
v -0.002192 -0.003323 -0.006218
v 0.002520 0.006532 -0.001045
v -0.002192 -0.003323 -0.004318
v 0.002263 0.005997 -0.000859
v 0.006452 0.010822 -0.000770
v 0.004203 0.006132 -0.001050
v 0.005558 0.005505 -0.002634
v 0.007540 0.011768 -0.001311
v 0.007417 -0.023747 0.002148
v 0.005096 -0.023477 0.002148
v 0.001739 0.000961 0.002148
v 0.006452 0.010822 0.002148
v 0.011389 0.015106 0.002148
v 0.005096 -0.023477 -0.000169
v 0.003382 -0.010982 -0.003125
v 0.001739 0.000961 0.000743
v 0.002581 -0.007883 0.002148
v 0.001226 -0.007261 0.003732
v 0.003474 -0.002571 0.004013
v 0.004563 -0.001624 0.003471
v 0.003474 -0.002571 0.002490
v 0.003218 -0.003107 0.002291
v -0.021523 -0.011799 -0.000831
v -0.019809 -0.024288 -0.004878
v -0.019193 -0.024364 -0.005558
v -0.014881 0.002638 -0.005558
v -0.019347 0.004688 -0.000340
v 0.009459 0.034243 -0.005558
v -0.004164 0.022413 -0.005558
v -0.007592 -0.025727 -0.005558
v 0.012899 -0.016359 -0.005558
v 0.030833 0.042162 -0.005558
v 0.023760 0.039836 -0.005558
v -0.004892 -0.026046 0.004442
v -0.017489 -0.024564 0.004442
v -0.013516 0.014289 0.004442
v -0.011032 0.016447 0.004442
v 0.027579 0.031555 0.004442
v 0.013053 -0.015839 0.004442
v 0.030833 0.042162 -0.005105
v -0.017366 0.010952 0.000983
v -0.019809 -0.024288 0.002125
v 0.011595 -0.020626 -0.000987
v -0.000026 -0.026614 -0.000139
v 0.002284 0.003238 0.001693
v 0.002961 -0.001711 -0.001453
v 0.009839 0.010984 -0.001453
v 0.005384 0.013039 0.003765
v 0.003197 -0.003447 0.003274
v 0.005528 -0.016012 -0.001453
v 0.004922 -0.015937 -0.000773
v 0.004922 -0.015937 -0.001453
v -0.000817 -0.006963 0.010279
v -0.000560 -0.006428 0.010478
v 0.000528 -0.005476 0.011460
v -0.001453 -0.011739 0.010137
v 0.003012 -0.013795 0.004919
v 0.013730 0.005981 0.004919
v 0.004953 -0.001641 0.004919
v -0.000560 -0.006428 0.010093
v 0.010178 0.006733 0.003277
v -0.009533 0.000258 0.003277
v -0.009533 0.000258 -0.006723
v 0.003105 0.004412 -0.006723
v 0.010178 0.006733 -0.006270
v -0.011196 -0.001181 -0.006723
v 0.006924 -0.003875 0.003277
v -0.031687 -0.018977 0.003277
v 0.006082 -0.012340 0.003096
v 0.008258 0.004147 0.003587
v 0.005158 -0.005654 0.001515
v 0.004439 -0.000397 0.006965
v 0.004439 -0.000397 0.004862
v 0.006914 0.004774 0.005171
v 0.005825 0.010248 0.001312
v 0.005189 0.005472 0.001169
v 0.003834 0.006094 0.002753
v 0.001370 0.000929 0.002444
v 0.002088 -0.004334 -0.000903
v 0.001370 0.000929 -0.002148
v -0.002880 -0.002906 -0.005175
v 0.000826 -0.003339 -0.005175
v 0.001760 -0.000267 -0.005175
v -0.002223 -0.002982 0.004825
v 0.001452 -0.001305 0.004825
v 0.000826 -0.003339 0.004825
v 0.003002 0.003763 -0.000604
v -0.008619 -0.002230 0.000244
v -0.015569 -0.000315 -0.002292
v -0.002254 -0.001879 -0.002292
v 0.002386 0.000756 -0.002292
v 0.004932 0.009053 -0.002292
v 0.003628 0.004785 0.002279
v -0.008003 -0.001203 0.003127
v 0.005189 0.009388 0.002099
v 0.002171 -0.000461 0.002099
v -0.001505 -0.002138 0.002099
v -0.012756 -0.000818 0.002099
v 0.003721 0.004601 -0.003330
v -0.007900 -0.001386 -0.002482
v 0.003752 -0.009029 -0.008585
v 0.003916 -0.009111 -0.008585
v 0.003895 -0.006817 -0.008585
v 0.003361 -0.002982 -0.008585
v 0.000631 -0.004421 -0.008585
v 0.003752 -0.009029 0.001415
v 0.003916 -0.009111 0.001415
v 0.003895 -0.006817 0.001415
v 0.003495 -0.003923 0.001415
v -0.002213 -0.000229 0.001415
v 0.002807 0.001026 -0.002377
v -0.002716 0.000512 0.001066
v -0.005324 -0.002847 0.002697
v -0.005940 -0.001927 0.002697
v -0.000632 0.000858 0.002697
v 0.000384 -0.006547 0.002697
v -0.000293 -0.001592 -0.001095
v -0.005827 -0.002106 0.002347
v -0.008301 -0.001532 0.001902
v 0.000569 0.002140 0.001902
v 0.000928 0.001875 0.001902
v 0.002078 -0.006417 0.001902
v 0.001637 -0.003204 -0.002859
v -0.004256 0.000144 -0.003769
v 0.001144 0.001513 0.004791
v 0.000785 0.001778 0.004791
v 0.001093 0.001902 0.004791
v 0.001093 0.001902 -0.005208
v 0.001360 -0.000029 -0.005208
v 0.001842 -0.003566 0.000031
v -0.000950 0.001058 -0.005208
v -0.004040 -0.000218 -0.000880
v 0.004378 -0.008337 0.002442
v -0.000807 -0.000694 0.002442
v -0.000529 0.000837 0.002442
v 0.007827 0.004293 0.002442
v 0.001596 -0.004248 -0.002189
v 0.003053 0.002324 -0.002592
v 0.008392 0.015089 0.006512
v 0.015178 -0.034257 0.006512
v 0.009870 -0.037043 0.006512
v -0.016996 0.002562 0.006512
v -0.013547 0.015192 0.006512
v -0.001987 0.019974 0.006512
v 0.007950 0.018302 0.001751
v 0.008720 0.012715 -0.003488
v 0.014408 -0.028599 -0.003488
v 0.015516 -0.036707 0.002720
v -0.001618 0.020125 -0.003488
v -0.014768 0.014684 -0.003488
v -0.016975 0.002530 -0.003488
v -0.003897 -0.016759 -0.003488
v -0.019768 0.006651 0.001882
v 0.009993 -0.037221 0.006162
v -0.018310 0.013218 0.001479
v 0.002068 0.021651 0.000840
v 0.001483 -0.000305 -0.002108
v 0.002735 -0.009430 -0.002108
v 0.001965 -0.003842 0.003131
v -0.000827 0.000783 -0.002108
v -0.007603 -0.002019 -0.002108
v -0.003917 -0.000494 0.002221
v -0.001073 0.000307 0.005245
v -0.001351 -0.001230 0.005245
v -0.002110 -0.000121 0.005245
v 0.001052 -0.004783 0.000615
v -0.002110 -0.000121 -0.004663
v 0.002509 0.001789 0.000212
v 0.006174 0.003493 -0.002230
v -0.001977 0.000117 -0.002230
v 0.003977 -0.008656 -0.002230
v -0.001977 0.000117 -0.002138
v 0.001185 -0.004540 0.003140
v 0.002643 0.002032 0.002737
v 0.001431 0.001459 0.003563
v 0.000312 0.009561 -0.002644
v 0.001986 -0.002555 -0.002644
v -0.017982 0.021407 -0.002644
v -0.000755 -0.003994 -0.002644
v -0.004102 0.000939 0.007006
v 0.020680 0.014981 -0.005586
v 0.020680 0.014981 0.004414
v -0.034212 0.019655 -0.005586
v -0.034212 0.019655 0.004414
v -0.006104 -0.021779 0.004414
v 0.024017 -0.009316 0.004414
v -0.006104 -0.021779 -0.005586
v 0.024017 -0.009316 -0.005586
v -0.001720 -0.000564 -0.004484
v 0.000764 0.003038 -0.004484
v 0.000764 0.003038 0.005516
v 0.000497 0.002643 0.005516
v -0.001720 -0.000564 0.000860
v 0.002602 -0.003215 0.005516
v 0.025700 -0.017365 0.005516
v 0.020875 -0.014411 -0.004484
v 0.021286 -0.013757 -0.004484
v 0.025700 -0.017365 0.004797
v 0.002602 -0.001922 0.001890
v 0.007417 -0.004875 0.001890
v 0.003012 -0.001267 0.001890
v 0.007417 -0.004875 0.011171
v 0.001555 -0.000683 -0.001214
v 0.003762 0.002524 -0.001214
v 0.005877 -0.003334 -0.001214
v 0.001555 -0.000683 -0.005871
v -0.000858 0.004472 0.002542
v 0.004070 0.001096 -0.004065
v 0.000641 -0.003112 0.000419
v -0.000940 -0.002138 0.002542
v -0.003455 -0.000597 -0.005249
v -0.009830 0.003309 0.002542
v 0.013812 -0.011939 -0.004940
v 0.013812 -0.011939 0.005060
v 0.016297 -0.008337 0.005060
v 0.016297 -0.008337 -0.004940
v 0.003095 0.002470 -0.004940
v 0.000774 0.002173 -0.004940
v 0.000703 -0.003907 -0.004940
v 0.004368 0.001426 0.005060
v 0.000672 0.004450 -0.001165
v -0.005190 -0.000299 0.002938
v -0.003650 -0.001240 0.005060
v -0.001761 0.003909 -0.001547
v 0.003998 -0.005838 -0.002490
v 0.004080 0.000242 -0.002490
v -0.004174 -0.000829 -0.002490
v -0.005981 0.000280 -0.000280
v -0.001884 -0.002230 0.005388
v 0.001544 0.001973 0.000903
v -0.008527 -0.002127 -0.005874
v -0.000273 -0.001062 -0.005874
v -0.000242 0.001113 -0.005874
v -0.002613 0.003054 -0.005874
v -0.011925 -0.000040 -0.005874
v -0.001566 0.002194 -0.004101
v -0.010333 -0.001019 -0.003664
v -0.002798 0.000674 -0.002480
v -0.041060 0.015728 -0.006844
v 0.052084 -0.041348 -0.006844
v 0.061395 -0.038254 -0.006844
v -0.009338 0.019633 -0.006844
v -0.038267 0.019768 -0.006844
v -0.041060 0.015728 0.003156
v -0.033011 0.027384 0.003156
v 0.056324 -0.034100 0.003156
v -0.018721 0.027319 0.003156
v 0.062453 -0.039114 -0.005072
v 0.047310 -0.038422 0.003156
v 0.053685 -0.042327 -0.004635
v 0.056283 -0.037259 0.003156
v 0.061210 -0.040634 -0.003452
v 0.005866 -0.002279 -0.009714
v 0.001883 0.000983 -0.003489
v -0.001453 0.003714 -0.003489
v 0.004676 -0.001305 -0.011717
v -0.001494 0.000550 -0.003489
v 0.003444 -0.002825 -0.010096
v 0.003690 -0.002539 -0.000960
v 0.001401 -0.000667 -0.000960
v 0.001370 -0.002841 -0.000960
v 0.000076 0.000415 0.000812
v 0.001267 -0.000559 0.002815
v -0.001156 -0.001105 0.002433
v -0.010826 -0.011225 -0.005138
v 0.018103 -0.011355 -0.005138
v -0.000437 0.003822 -0.005138
v -0.000437 0.003822 0.004862
v -0.005570 -0.003604 0.004862
v 0.008720 -0.003669 0.004862
v -0.004872 0.002146 0.003578
v -0.004954 -0.004464 0.003578
v -0.003363 -0.005438 0.001456
v 0.000066 -0.001230 -0.003029
v 0.006195 -0.003712 0.003578
v -0.001494 0.002578 0.003578
v 0.002489 -0.000683 -0.002647
v -0.001833 -0.006379 0.003578
v 0.003895 0.021894 -0.005406
v 0.003895 0.021894 0.004594
v -0.137509 0.065101 -0.005406
v -0.137509 0.065101 0.004594
v 0.083108 -0.042933 -0.005406
v 0.083108 -0.042933 0.004594
v 0.069926 -0.062016 -0.005406
v 0.069926 -0.062016 0.004594
v 0.007612 0.048577 0.005593
v 0.006852 0.047214 0.005593
v 0.006852 0.047214 -0.004407
v 0.007612 0.048577 -0.004407
v 0.008782 -0.021010 0.005593
v -0.018474 -0.015742 0.005593
v -0.018474 -0.015742 -0.004407
v 0.008782 -0.021010 -0.004407
v 0.005250 0.019406 0.005934
v 0.005384 0.011303 -0.004066
v 0.005671 -0.005876 -0.004066
v 0.005671 -0.005876 0.005934
v -0.008824 -0.003074 -0.004066
v -0.015661 -0.001754 0.005934
v -0.000735 0.004288 -0.000201
v -0.002254 -0.000510 0.004469
v 0.003115 -0.001614 -0.000201
v 0.013504 0.007636 0.002663
v 0.013463 0.009848 0.000167
v 0.013463 0.009848 -0.000201
v 0.013545 0.004926 -0.000201
v 0.012919 0.009956 -0.000201
v 0.004203 -0.029995 0.004732
v 0.003618 0.005094 0.004732
v 0.003505 0.011428 -0.002405
v 0.003557 0.008712 -0.005268
v 0.003936 -0.014357 -0.005268
v -0.013968 -0.002203 0.004732
v -0.006874 0.002178 -0.005268
v -0.012243 0.003276 -0.000598
v 0.018524 0.006797 -0.000858
v 0.020033 0.011601 -0.005528
v 0.023893 0.005699 -0.005528
v -0.007736 -0.014136 -0.005528
v -0.000878 0.002925 -0.005528
v -0.003999 -0.004854 0.001725
v -0.007202 -0.007569 -0.005068
v 0.000651 0.011936 -0.005068
v 0.000651 0.011936 0.000927
v -0.000868 0.008161 0.004932
v -0.008917 -0.011826 0.004932
v -0.010323 -0.015347 0.002185
v 0.006061 -0.002436 0.004932
v 0.013710 0.001107 -0.005068
v 0.007488 0.010616 -0.005068
v 0.012201 -0.003691 -0.000398
v 0.030679 -0.029952 0.005526
v 0.029468 0.042146 0.005526
v 0.029211 0.057783 -0.004474
v 0.030813 -0.038060 -0.004474
v -0.013228 0.054478 -0.004474
v -0.009502 0.063760 0.002778
v -0.010682 0.060812 0.005526
v -0.050997 -0.039369 0.005526
v -0.050997 -0.039369 -0.004474
v 0.009767 -0.051112 0.005526
v 0.016605 -0.052432 -0.004474
v 0.011297 0.069932 0.005526
v 0.018401 0.074313 -0.004474
v 0.013022 0.075411 0.000196
v 0.002787 -0.003485 0.005305
v -0.001618 0.003244 0.005305
v 0.004511 0.001989 -0.000025
v -0.018002 -0.009662 0.002558
v -0.016596 -0.006146 0.005305
v -0.019193 -0.012605 0.005305
v -0.015282 -0.002420 0.005099
v -0.010877 -0.009154 0.005099
v -0.009153 -0.003674 -0.000231
v 0.006708 -0.001857 0.005099
v 0.006564 0.006689 0.005099
v 0.006564 0.006689 0.000300
v 0.006606 0.004472 -0.002038
v 0.000969 0.007771 0.005099
v 0.013566 0.002221 -0.003301
v 0.013607 0.000009 -0.000805
v 0.013566 0.002221 0.001533
v -0.013690 0.007490 0.002327
v -0.013690 0.007490 0.006332
v -0.015210 0.003709 0.006332
v 0.007971 0.003303 0.006332
v -0.008280 -0.006887 0.006332
v -0.006853 0.006170 -0.003668
v -0.000632 -0.003345 -0.003668
v 0.013032 0.002324 -0.003668
v -0.002141 -0.008142 0.001001
v 0.054035 -0.043344 -0.005000
v 0.054035 -0.043344 0.005000
v -0.069353 -0.043344 -0.005000
v -0.069353 -0.043344 0.005000
v 0.052638 0.039917 0.005000
v -0.029469 0.055782 0.005000
v -0.029469 0.055782 -0.005000
v 0.052638 0.039917 -0.005000
v -0.003075 0.009626 -0.011026
v -0.002716 0.009113 -0.011026
v -0.002716 0.009113 -0.001026
v -0.003075 0.009626 -0.001026
v -0.002541 0.007084 -0.011026
v -0.001258 0.000902 -0.001026
v 0.001134 0.001572 -0.001026
v -0.001792 0.007295 -0.011026
v -0.005108 -0.007158 -0.003765
v -0.016185 0.046224 -0.003765
v -0.014902 0.040041 0.006235
v -0.003578 -0.014498 0.006235
v -0.012510 0.040712 0.006235
v 0.008977 -0.001316 0.006235
v 0.003033 -0.016207 0.006235
v 0.001257 -0.016862 0.006235
v 0.008238 0.000128 -0.003765
v -0.015436 0.046435 -0.003765
v 0.003536 -0.011377 -0.003765
v 0.010856 -0.004989 0.001094
v 0.005866 -0.015158 0.000236
v 0.006914 -0.014774 0.001151
v 0.001811 -0.002046 0.002358
v -0.007880 -0.005627 0.002358
v -0.001936 0.009264 0.002358
v 0.002715 0.000171 0.002358
v -0.000057 0.005591 -0.002783
v -0.003999 -0.004194 -0.002726
v 0.000518 -0.001403 0.001938
v -0.001823 0.002378 -0.002064
v 0.003587 -0.000267 -0.002064
v -0.004051 -0.003090 -0.002064
v -0.004728 0.008977 -0.000534
v -0.003209 0.001637 0.009466
v -0.002408 -0.002225 0.009466
v -0.002408 -0.002225 -0.000534
v 0.001637 -0.000732 0.009466
v 0.001678 -0.000716 -0.000534
v 0.003906 0.004753 -0.000534
v 0.006246 0.000972 0.003467
v 0.004244 -0.001803 0.004443
v 0.002530 -0.002436 0.004443
v 0.003444 -0.000218 0.004443
v 0.002448 0.001729 -0.005557
v 0.000477 -0.003193 -0.005557
v 0.004244 -0.001803 -0.005557
v 0.000672 0.005202 -0.000698
v -0.003270 -0.004578 -0.000641
v -0.006586 0.000225 -0.002078
v -0.004256 -0.003555 0.001923
v -0.001176 -0.002420 -0.002078
v 0.000538 -0.001787 -0.002078
v 0.002509 0.003141 -0.002078
v -0.001884 0.011730 -0.002078
v 0.000733 0.006614 0.002781
v -0.003209 -0.003171 0.002838
v -0.011329 -0.022152 0.004977
v -0.011329 -0.022152 -0.005023
v -0.008095 -0.023796 0.004977
v -0.008095 -0.023796 -0.005023
v 0.008453 -0.030671 0.004977
v 0.034098 -0.036951 0.004977
v 0.008453 -0.030671 -0.005023
v 0.034098 -0.036951 -0.005023
v -0.023238 0.035189 0.004977
v -0.023238 0.035189 -0.005023
v -0.006022 0.041551 0.004977
v -0.006022 0.041551 -0.005023
v 0.003772 0.010394 -0.005126
v 0.010558 0.003092 -0.005126
v 0.010558 0.003092 0.004875
v 0.009151 0.004607 0.004875
v 0.003772 0.010394 -0.002201
v -0.028196 -0.025532 -0.005126
v -0.026769 -0.026722 -0.005126
v -0.032754 -0.031504 0.004875
v -0.033186 -0.031142 0.004875
v -0.001689 0.004255 0.004875
v -0.001115 -0.000548 0.000643
v -0.008260 -0.008586 0.000643
v 0.000312 -0.001743 0.000643
v -0.008260 -0.008586 0.010643
v -0.006104 -0.006157 0.010643
v -0.005673 -0.006520 0.010643
v -0.005580 -0.006731 0.000382
v -0.000119 -0.000591 0.000382
v 0.005261 -0.006384 0.000382
v -0.000119 -0.000591 -0.006694
v -0.008968 -0.001376 -0.004148
v -0.008968 -0.001376 0.005852
v -0.002182 -0.008683 0.005852
v -0.002182 -0.008683 -0.004148
v 0.005887 -0.002236 -0.004148
v 0.005928 0.005662 -0.004148
v -0.002141 0.006300 -0.004148
v 0.003156 0.012255 0.005852
v 0.004860 0.012120 0.005852
v 0.006102 -0.002063 0.005852
v 0.009182 0.000399 0.001897
v 0.008915 0.008918 0.001325
v 0.003567 -0.001397 0.001273
v 0.001093 -0.004091 -0.003255
v -0.002962 -0.000889 0.001273
v -0.003127 0.000988 0.001273
v 0.003618 0.008566 0.001273
v 0.000795 0.005391 -0.003892
v -0.000971 0.003752 -0.003437
v -0.001022 -0.006011 -0.003437
v 0.006872 -0.006633 -0.003437
v 0.005343 0.010849 -0.003437
v 0.001678 0.006722 0.001398
v 0.001965 -0.002760 0.002036
v -0.038976 -0.044096 -0.005629
v -0.037898 -0.044183 -0.005629
v 0.036613 0.015338 -0.005629
v 0.038759 0.044033 -0.005629
v 0.030361 0.053056 -0.005629
v -0.040505 -0.026614 -0.005629
v 0.044826 0.037505 0.004371
v 0.043584 0.020904 0.004371
v -0.030629 -0.038379 0.004371
v -0.041398 -0.037530 0.004371
v -0.041347 -0.027566 0.004371
v 0.030361 0.053056 0.004371
v -0.044170 -0.030741 -0.000794
v -0.043872 -0.040223 -0.000157
v -0.004092 0.001372 -0.001752
v -0.004133 -0.006530 -0.001752
v 0.003875 -0.000137 -0.001752
v 0.003793 0.000750 -0.001752
v -0.000837 -0.003896 0.004293
v -0.001104 0.004623 0.003720
v -0.009717 0.015111 -0.005208
v -0.011863 -0.013578 -0.005208
v 0.004686 -0.000370 -0.005208
v -0.003650 0.008588 0.004792
v 0.004686 -0.000370 0.004792
v -0.004892 -0.008013 0.004792
v 0.003361 -0.001186 -0.007355
v 0.003433 -0.002073 -0.007355
v 0.004439 -0.001273 -0.007355
v 0.011708 0.004531 0.002645
v 0.000877 -0.004113 0.002645
v 0.000928 0.005380 0.002645
v -0.001279 -0.005833 -0.001310
v -0.001546 0.002687 -0.001882
v -0.000817 -0.004778 -0.003457
v -0.000765 0.004991 -0.003457
v -0.008886 -0.004145 -0.003457
v -0.003589 0.001816 0.006542
v -0.002038 0.003552 0.006542
v -0.001874 0.001680 0.006542
v 0.001873 0.007960 0.001378
v 0.002171 -0.001522 0.002015
v -0.001802 0.003222 -0.001483
v 0.000672 0.005916 0.003044
v -0.005847 0.006424 0.003044
v 0.000620 -0.003577 0.003044
v -0.004615 -0.007758 0.003044
v -0.001535 -0.005297 -0.000911
v -0.004400 0.033096 -0.003522
v -0.004400 0.033096 0.006477
v 0.036890 0.037018 -0.003522
v 0.036890 0.037018 0.006477
v 0.074413 0.036374 -0.003522
v 0.074413 0.036374 0.006477
v 0.072277 0.038662 -0.003522
v 0.072277 0.038662 0.006477
v -0.033719 -0.049997 -0.003522
v -0.033719 -0.049997 0.006477
v -0.056510 -0.025489 -0.003522
v -0.056510 -0.025489 0.006477
v 0.004029 0.003341 -0.005000
v 0.004029 0.003341 0.005000
v 0.000857 0.000810 -0.005000
v 0.000857 0.000810 0.005000
v -0.001279 0.003098 -0.005000
v -0.001279 0.003098 0.005000
v -0.000037 -0.000883 -0.000331
v -0.000314 -0.000689 -0.000750
v 0.000241 -0.000564 -0.000750
v 0.000343 -0.001148 -0.000750
v -0.000837 0.001594 -0.005029
v 0.002427 0.004774 -0.000234
v -0.001166 0.001269 0.004971
v -0.003311 -0.000818 0.004971
v -0.003311 -0.000818 -0.005029
v -0.000488 -0.002787 0.004971
v -0.000355 -0.002885 -0.005029
v 0.003885 -0.005843 0.000172
v 0.027271 0.042016 0.005656
v 0.027271 0.042016 -0.004344
v 0.027199 0.041751 -0.004344
v 0.027199 0.041751 0.005656
v -0.013896 0.001902 -0.004344
v -0.013670 0.002124 0.005656
v -0.017212 -0.001327 0.000452
v -0.005129 -0.019350 0.005656
v -0.011832 -0.014671 0.005656
v 0.000641 -0.018041 0.005656
v 0.003628 -0.011323 -0.004344
v -0.011103 -0.014666 -0.004344
v -0.011391 -0.014985 -0.003924
v -0.015744 -0.011939 0.000858
v 0.001668 0.005191 -0.002443
v 0.005209 0.008642 0.002761
v -0.001926 0.001686 0.002761
v 0.007037 -0.008153 0.002761
v -0.001248 -0.002371 0.002761
v 0.003125 -0.005422 -0.002037
v 0.000302 -0.002468 0.009032
v -0.003661 0.000296 0.009032
v 0.002109 0.001605 0.009032
v 0.005096 0.008323 -0.000968
v 0.000302 -0.002468 -0.000968
v -0.009635 0.004980 -0.000968
v -0.009543 0.004396 -0.000968
v -0.009923 0.004666 -0.000548
v 0.006226 -0.008835 -0.003211
v 0.006503 -0.009029 -0.002791
v 0.006780 -0.008710 -0.003211
v 0.000682 0.004628 0.001585
v -0.002583 0.001448 -0.003211
v 0.003988 0.007858 -0.003211
v -0.002100 -0.003031 -0.003211
v 0.002140 -0.005984 0.001991
v -0.000735 -0.008424 -0.000653
v 0.001493 -0.003409 -0.005441
v 0.000559 0.001670 -0.005441
v -0.003209 0.004293 -0.000467
v 0.002017 0.000653 0.004558
v 0.002992 -0.000034 0.004558
v 0.002427 -0.001316 0.004558
v 0.002992 -0.000034 -0.005441
v 0.000230 -0.001397 -0.001188
v -0.001997 -0.006411 0.003601
v -0.004472 0.006311 0.003787
v -0.000714 0.003687 -0.001188
v -0.004892 -0.012935 -0.001188
v -0.007777 0.008620 -0.001188
v -0.009348 0.008501 -0.001188
v -0.008742 0.009291 -0.000328
v -0.001381 0.001967 0.002113
v -0.006740 -0.003253 -0.003432
v 0.005979 -0.001630 -0.002683
v 0.000610 0.002124 0.002113
v -0.010765 -0.007174 0.002113
v 0.009264 -0.003923 0.002113
v 0.018832 -0.006325 0.005743
v -0.002213 -0.028935 0.005743
v -0.021308 -0.015055 0.005743
v -0.024706 0.000436 0.005743
v -0.003260 0.021337 0.005743
v 0.016769 0.024588 0.005743
v 0.018822 0.023154 0.005743
v 0.022672 0.002330 0.005743
v 0.025095 0.007787 0.000531
v 0.022200 0.001259 -0.004257
v 0.010445 -0.025197 -0.004257
v -0.003537 0.021066 -0.004257
v -0.030475 -0.005184 -0.004257
v -0.029634 -0.009008 -0.004257
v 0.000292 -0.030752 -0.004257
v 0.007304 -0.028578 -0.004257
v 0.017754 0.022695 -0.004257
v 0.000292 -0.030752 0.001175
v 0.000764 0.025258 0.000198
v 0.022620 0.020504 0.000717
v 0.013484 0.026881 0.000947
v 0.018350 0.023484 -0.003398
v -0.003486 -0.013286 0.002473
v -0.007336 0.007544 0.002473
v 0.001688 0.001248 0.002473
v 0.002099 -0.000721 0.002473
v -0.001063 -0.007829 -0.002738
v -0.003537 0.004888 -0.002553
v -0.012089 -0.008970 -0.001102
v 0.009203 -0.007342 -0.001102
v 0.008905 -0.005925 -0.001102
v 0.001360 -0.000662 -0.001102
v -0.004554 -0.001624 -0.001102
v -0.007787 -0.004778 0.003353
v 0.009798 -0.006547 -0.000243
v 0.004932 -0.003150 0.004101
v 0.005743 -0.001505 -0.000396
v -0.006966 -0.003128 -0.001144
v -0.001618 0.002092 0.004400
v 0.000374 0.002248 0.004400
v -0.000694 0.002989 0.004400
v 0.002181 0.000988 -0.005600
v -0.000694 0.002989 -0.005600
v -0.003732 0.000025 -0.005600
v -0.008681 -0.003577 -0.000391
v 0.000241 -0.000813 -0.000391
v 0.000241 -0.000813 -0.010391
v -0.001659 -0.001403 -0.010391
v -0.008681 -0.003577 -0.004959
v 0.009870 0.020845 -0.000391
v -0.011185 -0.001760 -0.000391
v 0.001483 0.001973 -0.010391
v -0.000016 -0.000391 -0.001922
v 0.001544 -0.000272 -0.001922
v -0.000314 0.001026 -0.001922
v 0.000579 0.000399 -0.001062
v 0.009305 -0.009062 0.000923
v -0.001751 -0.001029 0.000923
v 0.005907 0.006435 0.000923
v -0.001751 -0.001029 -0.009077
v 0.000980 -0.003009 -0.009077
v 0.000138 0.000815 -0.009077
v -0.059785 0.006197 -0.005000
v -0.059785 0.006197 0.005000
v 0.008536 0.005716 -0.005000
v 0.007283 -0.007396 -0.005000
v 0.007283 -0.007396 0.005000
v 0.008536 0.005716 0.005000
v 0.062586 0.013753 -0.005691
v 0.058808 -0.025933 -0.005691
v 0.058808 -0.025933 0.004309
v 0.062586 0.013753 0.004309
v -0.075943 0.014727 -0.005691
v -0.077196 0.001621 -0.005691
v -0.077196 0.001621 0.004309
v -0.075943 0.014727 0.004309
v -0.004081 0.001486 -0.001529
v -0.002295 0.002881 -0.001529
v -0.002264 0.001145 -0.003198
v -0.006843 0.007641 -0.002847
v -0.006966 0.005910 -0.001529
v -0.005642 0.007371 -0.001529
v -0.019686 -0.023536 0.003413
v -0.019645 -0.025267 0.001744
v -0.024223 -0.018777 0.002095
v -0.023032 -0.019042 0.003413
v 0.030228 0.015479 0.003413
v 0.008269 0.015636 0.003413
v -0.002552 0.015712 -0.006587
v 0.043604 0.015387 -0.006587
v -0.023382 -0.007369 -0.006587
v -0.010570 -0.026977 -0.006587
v -0.001689 0.000518 0.006386
v -0.002880 0.000783 0.005068
v -0.003003 -0.000948 0.006386
v -0.020096 0.025204 0.006386
v 0.002817 -0.011918 -0.005543
v 0.002643 -0.003258 0.002788
v 0.011718 -0.004962 -0.005543
v -0.001936 0.003238 0.003138
v -0.009800 0.005002 -0.005543
v -0.001094 0.014646 -0.005543
v 0.008556 -0.027399 -0.006518
v 0.016420 -0.029162 0.002164
v 0.017262 -0.017754 -0.006518
v -0.008537 0.005651 0.003482
v -0.016123 0.005705 -0.006518
v 0.002017 0.005580 -0.006518
v -0.007582 0.005645 0.003482
v -0.000796 -0.004740 0.003482
v -0.063337 0.019238 -0.005626
v 0.045883 0.018470 -0.005626
v 0.045883 0.018470 0.004374
v -0.054436 0.019179 0.004374
v 0.045883 0.008052 0.004374
v 0.045883 -0.000737 -0.005626
v -0.007911 -0.038179 0.004374
v -0.008927 -0.047845 -0.005626
v 0.020793 0.057383 0.005333
v 0.020793 0.048593 -0.004667
v 0.020793 -0.053540 -0.004667
v 0.020793 -0.053540 0.005333
v 0.019541 -0.053632 0.005333
v -0.033001 0.011146 0.005333
v 0.011184 -0.054238 -0.004667
v -0.034017 0.001486 -0.004667
v -0.059117 0.026968 0.005519
v -0.062906 -0.012718 0.005519
v -0.062906 -0.012718 -0.004481
v -0.059117 0.026968 -0.004481
v 0.038718 0.026281 -0.004481
v 0.046304 0.026227 0.005519
v 0.047895 -0.035166 0.005519
v 0.054045 0.015831 0.005519
v 0.071138 -0.010322 0.005519
v 0.050647 -0.033018 0.005519
v 0.063397 -0.006828 -0.004481
v 0.039375 -0.033440 -0.004481
v 0.048265 -0.035242 0.005176
v 0.071261 -0.008591 0.004201
v -0.017458 0.028650 0.003269
v -0.019234 0.027254 0.003269
v -0.017417 0.026914 0.001600
v 0.006667 -0.003712 0.003269
v 0.000128 -0.002382 0.003269
v 0.003752 -0.003117 -0.000020
v -0.248618 0.065372 0.005864
v -0.235241 0.065275 -0.004136
v 0.197943 0.062229 -0.004136
v 0.206844 0.062164 0.005864
v 0.253370 0.004807 0.005864
v 0.166263 -0.070060 0.005864
v 0.074484 -0.076691 0.005864
v -0.274406 -0.006006 0.005864
v -0.298531 0.026357 0.005864
v 0.177422 -0.069254 -0.004136
v 0.074484 -0.076691 -0.004136
v -0.289415 0.022916 -0.004136
v -0.269940 -0.006909 -0.004136
v 0.252353 -0.004854 -0.004136
v -0.277322 -0.005411 0.002575
v -0.298490 0.024620 0.004196
v 0.029170 0.005927 0.007111
v -0.027324 0.006321 0.007111
v -0.017725 0.006257 -0.002889
v 0.018350 0.006002 -0.002889
v -0.002131 -0.028756 0.007111
v -0.020538 -0.004064 0.007111
v -0.002480 -0.017078 -0.002889
v -0.003322 -0.028486 0.005792
v 0.009110 0.049902 0.006083
v 0.061652 -0.014882 0.006083
v -0.077997 -0.024964 0.006083
v 0.053295 -0.015488 -0.003917
v -0.066838 -0.024159 -0.003917
v 0.008094 0.040242 -0.003917
v -0.000981 0.019720 0.006551
v 0.018381 -0.009922 0.006551
v -0.026420 -0.000846 0.006551
v -0.024357 0.001442 0.006551
v 0.016050 -0.009446 -0.003449
v 0.001011 0.010719 -0.003449
v -0.016380 -0.002879 -0.003449
v 0.022005 -0.010658 0.003261
v -0.026738 -0.000781 0.006208
v 0.000836 0.019379 0.004883
v 0.013576 0.008858 0.002008
v 0.011759 0.009204 0.003677
v 0.008874 0.013624 0.003677
v 0.009008 0.015355 0.002359
v -0.011606 -0.009073 0.003677
v 0.001144 0.017118 -0.006323
v -0.022878 -0.009495 -0.006323
v -0.003630 -0.013395 -0.006323
v 0.013751 0.000198 -0.006323
v -0.013988 -0.011296 0.003333
v 0.002694 0.007733 0.002476
v 0.000631 0.005440 0.002476
v -0.000057 0.005580 0.002476
v 0.000312 0.005505 0.002132
v -0.005590 0.009497 0.002751
v -0.005416 0.000837 -0.005581
v 0.003474 0.007793 -0.005581
v 0.009613 -0.019328 -0.005581
v 0.022959 -0.022033 -0.005581
v 0.015578 -0.020534 0.001130
v -0.006884 -0.006898 0.005291
v -0.011083 0.003081 0.005291
v 0.048594 0.022781 0.005291
v 0.048901 0.021927 0.005291
v -0.007110 -0.006374 -0.004709
v -0.006884 -0.006898 -0.004709
v 0.043450 0.019108 -0.004709
v 0.042834 0.020877 -0.004709
v -0.003732 0.005505 -0.004709
v -0.011083 0.003081 0.004337
v 0.012354 0.004872 0.010703
v 0.007242 0.002227 0.010703
v 0.006934 0.003081 0.010703
v 0.001791 -0.000591 0.000703
v 0.012354 0.004872 0.000703
v 0.001165 0.001177 0.000703
v 0.003454 -0.010236 -0.000016
v 0.006831 0.001643 -0.000016
v -0.000519 -0.000786 -0.000016
v -0.000519 -0.000786 0.009030
v 0.004450 0.007490 0.004873
v 0.004450 0.007490 -0.005127
v 0.008638 -0.002490 -0.005127
v 0.008638 -0.002490 0.004873
v 0.000446 -0.006720 0.004873
v -0.007562 -0.003853 0.004873
v -0.004410 0.004569 0.004873
v 0.000107 -0.006893 -0.005127
v -0.004636 -0.009349 -0.000013
v -0.011966 0.002075 -0.005127
v -0.012787 -0.000126 -0.005127
v -0.011360 -0.006395 0.000585
v -0.006987 -0.001478 -0.003148
v -0.003363 0.008182 -0.003148
v -0.001926 0.001913 0.002564
v -0.000519 -0.003788 -0.003148
v 0.004799 -0.001040 0.001966
v 0.009542 0.001415 -0.003148
v -0.011062 0.000447 0.003651
v -0.002993 0.003108 0.003651
v 0.007725 -0.000727 0.003651
v 0.005014 -0.007980 0.003651
v -0.007346 0.001675 0.000365
v 0.003936 -0.003274 -0.000637
v 0.060831 0.018497 0.003772
v 0.060286 0.017058 0.003772
v -0.020990 -0.024937 0.003772
v -0.050638 -0.018809 0.003772
v -0.055894 -0.006303 0.003772
v 0.044764 0.026924 0.003772
v 0.052074 0.012812 -0.006228
v -0.030445 -0.029827 -0.006228
v 0.054702 0.019817 -0.006228
v 0.039590 0.025221 -0.006228
v -0.055894 -0.006303 -0.006228
v -0.047486 -0.026306 -0.006228
v 0.048481 0.028152 0.000486
v 0.059753 0.023203 -0.000516
v -0.008280 0.012655 0.005957
v 0.021368 0.006527 0.005957
v -0.000868 -0.004967 0.005957
v 0.011913 0.001637 -0.004043
v -0.000868 -0.004967 -0.004043
v -0.005129 0.005158 -0.004043
v 0.002407 -0.003312 0.007848
v 0.003515 -0.003902 0.007848
v 0.001863 -0.004756 0.007848
v 0.008053 -0.001560 0.002962
v 0.002725 -0.004307 -0.002153
v -0.006360 -0.009002 -0.002153
v -0.003732 -0.001998 -0.002153
v 0.001329 0.001394 0.003559
v -0.005508 0.002568 0.002997
v 0.008382 0.007154 0.002997
v 0.005220 -0.001267 0.002997
v -0.002264 0.003639 -0.007003
v -0.000006 0.002454 -0.007003
v 0.000815 0.004655 -0.007003
v -0.009851 0.001134 -0.000288
v 0.001421 -0.003815 -0.001291
v -0.000283 -0.007001 -0.003001
v 0.004768 -0.003610 0.002711
v 0.003341 0.002660 -0.003001
v 0.001082 0.003844 -0.003001
v -0.015384 -0.001597 -0.003001
v -0.006504 0.001334 0.003713
v 0.008844 0.002357 0.002428
v -0.000776 -0.002609 0.002428
v -0.001884 -0.002025 0.002428
v 0.000836 0.005229 0.002428
v 0.003762 -0.000267 -0.002458
v -0.002962 0.002681 -0.001860
v 0.072667 0.012093 0.005240
v 0.059999 0.042221 0.005240
v 0.072667 0.012093 -0.004760
v 0.059999 0.042221 -0.004760
v -0.050320 -0.051458 0.005240
v -0.071457 -0.001170 0.005240
v -0.050320 -0.051458 -0.004760
v -0.071457 -0.001170 -0.004760
v -0.064928 -0.084778 -0.005070
v -0.064928 -0.084778 0.004930
v -0.251277 -0.084778 0.004930
v -0.032662 0.032225 0.004930
v -0.251277 -0.084778 -0.005070
v -0.032662 0.032225 -0.005070
v 0.198149 0.051157 0.004930
v 0.177011 0.101439 0.004930
v 0.198149 0.051157 -0.005070
v 0.177011 0.101439 -0.005070
v 0.004357 0.005218 0.005958
v 0.003700 0.003282 0.005689
v 0.003444 0.003298 0.005264
v 0.000774 0.004077 0.000732
v 0.001565 0.007225 0.000732
v 0.007160 0.003206 0.000732
v 0.007016 0.003076 0.000852
v 0.007016 0.003076 0.000732
v 0.003444 0.003298 0.000732
v 0.007109 0.003081 0.000732
v 0.006544 0.002384 -0.000697
v 0.003146 0.002589 -0.000697
v 0.000241 0.003444 -0.000697
v 0.001514 0.006348 -0.000697
v 0.006626 0.002681 -0.000697
v 0.004070 0.004515 -0.005471
v 0.003146 0.002589 -0.005355
v 0.003413 0.002573 -0.005740
v 0.041982 -0.019047 0.001291
v 0.042639 -0.017111 0.001560
v 0.039847 -0.015104 -0.003665
v 0.039056 -0.018246 -0.003665
v 0.041715 -0.019031 0.000867
v -0.014183 -0.002593 0.006335
v -0.019090 0.004802 0.006335
v -0.017643 0.008480 0.006335
v -0.009923 0.011914 0.006335
v 0.038789 -0.014346 0.006335
v 0.040083 -0.015271 0.006335
v 0.038810 -0.018176 0.006335
v 0.038789 -0.014346 -0.003665
v 0.041715 -0.019031 0.001676
v -0.001166 0.007198 -0.003665
v -0.009122 0.003655 -0.003665
v -0.002757 -0.005957 -0.003665
v -0.018433 0.006473 0.004418
v 0.009244 -0.002960 0.005011
v 0.009644 -0.003247 0.005011
v 0.009357 -0.003269 0.005011
v 0.009172 -0.003258 0.005011
v 0.009490 -0.003139 -0.004989
v 0.009644 -0.003247 -0.004989
v 0.006698 -0.001127 0.000237
v 0.006041 -0.003069 -0.000032
v 0.009357 -0.003269 -0.004869
v 0.009439 -0.003263 -0.004989
v 0.001308 0.006873 -0.002615
v -0.004215 -0.007185 -0.002615
v -0.002613 -0.007656 -0.002615
v 0.007848 -0.002998 -0.002615
v -0.004215 -0.007185 -0.001244
v -0.001464 -0.000175 0.005468
v -0.001371 0.004591 0.006949
v 0.003885 0.001756 0.006949
v -0.003835 -0.001684 0.006949
v -0.001854 0.003363 -0.003051
v 0.004686 -0.006503 -0.003051
v 0.012642 -0.002966 -0.003051
v -0.001371 0.004591 -0.003051
v -0.004615 -0.003685 0.005032
v -0.005313 -0.003858 0.006763
v -0.003219 0.001475 0.006763
v 0.001688 -0.005919 0.006763
v -0.003712 -0.004329 -0.003237
v 0.013114 -0.009278 -0.003237
v 0.006749 0.000328 -0.003237
v -0.005313 -0.003858 -0.001866
v -0.002562 0.003152 0.004846
v -0.065328 0.004169 -0.005140
v -0.048769 0.046338 -0.005140
v -0.065328 0.004169 0.004860
v -0.048769 0.046338 0.004860
v 0.067586 -0.034917 0.004860
v 0.073581 -0.019631 0.004860
v 0.067586 -0.034917 -0.005140
v 0.073581 -0.019631 -0.005140
v 0.205674 -0.109145 -0.005001
v 0.222233 -0.066982 -0.005001
v 0.205674 -0.109145 0.004999
v 0.222233 -0.066982 0.004999
v -0.193058 0.008106 -0.005001
v -0.144828 0.130913 -0.005001
v -0.193058 0.008106 0.004999
v -0.144828 0.130913 0.004999
v -0.146666 0.054705 0.004321
v -0.146666 0.054705 -0.005679
v -0.146666 -0.011810 -0.005679
v -0.146666 -0.011810 0.004321
v 0.110960 0.054705 -0.005679
v 0.110960 0.054705 0.004321
v 0.084288 -0.079726 -0.005679
v 0.132518 0.043087 -0.005679
v 0.084288 -0.079726 0.004321
v 0.132518 0.043087 0.004321
v -0.032056 -0.052118 -0.005000
v -0.032056 -0.052118 0.005000
v -0.032385 -0.052296 -0.005000
v -0.032385 -0.052296 0.005000
v -0.032426 -0.052242 -0.005000
v -0.032426 -0.052242 0.005000
v 0.007889 0.003887 -0.005000
v 0.007889 0.003887 0.005000
v -0.000047 0.008902 -0.005000
v -0.000047 0.008902 0.005000
v 0.011554 0.041383 -0.005971
v 0.011554 0.041383 0.004029
v -0.034171 -0.064981 -0.005971
v -0.034171 -0.064981 0.004029
v -0.042107 -0.059966 -0.005971
v -0.042107 -0.059966 0.004029
v 0.033071 0.055771 -0.005971
v 0.046078 0.047549 -0.005971
v 0.033071 0.055771 0.004029
v 0.046078 0.047549 0.004029
v 0.023729 0.022911 -0.005011
v 0.023390 0.023344 -0.005011
v -0.011442 0.000052 -0.005011
v 0.001565 -0.008169 -0.005011
v 0.020465 0.018340 0.004988
v 0.001565 -0.008169 0.004988
v -0.006135 -0.003301 0.004988
v -0.007130 0.002935 0.004988
v 0.018884 0.020325 0.004988
v -0.011442 0.000052 -0.002028
v 0.003413 0.001881 -0.000215
v 0.004409 -0.004351 -0.000215
v -0.000889 -0.001002 -0.000215
v -0.000889 -0.001002 -0.007231
v 0.006380 0.005424 -0.011604
v 0.005137 0.004596 -0.011604
v 0.005476 0.004169 -0.011604
v 0.000631 0.001583 -0.001604
v 0.006380 0.005424 -0.001604
v 0.002222 -0.000402 -0.001604
f 4809 4812 4811
f 4813 4809 4810
f 4808 4815 4812
f 4810 4811 4814
f 4813 4814 4811
f 4809 4813 4815
f 4809 4815 4808
f 4813 4812 4815
f 4813 4811 4812
f 4813 4810 4814
f 4808 4812 4809
f 4809 4811 4810
f 3795 3797 3796
f 3795 3798 3794
f 3799 3796 3797
f 3797 3794 3798
f 3795 3796 3799
f 3795 3799 3798
f 3797 3798 3799
f 3794 3797 3795
f 688 690 689
f 691 690 687
f 692 688 689
f 691 688 692
f 691 689 690
f 692 689 691
f 687 688 691
f 687 690 688
f 679 681 680
f 679 683 682
f 685 682 683
f 681 686 685
f 686 684 685
f 681 684 686
f 682 684 679
f 679 684 681
f 681 683 680
f 681 685 683
f 684 682 685
f 680 683 679
f 3648 3650 3649
f 3651 3653 3652
f 3654 3650 3648
f 3654 3655 3652
f 3651 3649 3650
f 3649 3654 3648
f 3655 3654 3649
f 3655 3651 3652
f 3655 3649 3651
f 3654 3652 3653
f 3651 3654 3653
f 3651 3650 3654
f 932 933 934
f 932 931 936
f 936 934 937
f 937 933 938
f 935 938 933
f 938 936 937
f 935 936 938
f 935 933 932
f 934 933 937
f 931 934 936
f 932 936 935
f 932 934 931
f 1032 1034 1033
f 1035 1034 1031
f 1032 1033 1036
f 1032 1036 1035
f 1036 1034 1035
f 1033 1034 1036
f 1032 1035 1031
f 1031 1034 1032
f 3789 3791 3790
f 3788 3792 3791
f 3791 3793 3790
f 3793 3789 3790
f 3792 3788 3789
f 3792 3789 3793
f 3792 3793 3791
f 3788 3791 3789
f 5390 5392 5393
f 5394 5395 5391
f 5390 5394 5391
f 5391 5395 5392
f 5394 5392 5395
f 5393 5392 5394
f 5391 5392 5390
f 5393 5394 5390
f 33 25 34
f 31 25 26
f 32 31 26
f 35 28 36
f 27 29 32
f 32 30 31
f 29 25 30
f 33 34 35
f 33 35 36
f 35 34 27
f 27 34 29
f 29 34 25
f 29 30 32
f 27 32 28
f 27 28 35
f 28 33 36
f 28 32 33
f 33 32 26
f 30 25 31
f 26 25 33
f 3101 3103 3102
f 3100 3104 3103
f 3101 3102 3105
f 3105 3102 3103
f 3104 3101 3105
f 3100 3101 3104
f 3105 3103 3104
f 3100 3103 3101
f 485 484 486
f 486 484 488
f 487 488 484
f 485 487 483
f 487 486 488
f 485 486 487
f 487 484 483
f 483 484 485
f 6075 6078 6079
f 6074 6075 6077
f 6074 6080 6081
f 6075 6081 6078
f 6077 6079 6080
f 6079 6078 6081
f 6079 6081 6080
f 6077 6080 6076
f 6074 6081 6075
f 6076 6080 6074
f 6074 6077 6076
f 6075 6079 6077
f 2960 2962 2961
f 2963 2960 2961
f 2965 2963 2964
f 2965 2961 2962
f 2962 2963 2965
f 2960 2963 2962
f 2964 2961 2965
f 2963 2961 2964
f 631 633 632
f 631 635 634
f 635 636 634
f 634 636 632
f 631 632 636
f 631 636 635
f 634 632 633
f 631 634 633
f 5380 5384 5385
f 5387 5380 5388
f 5386 5385 5382
f 5381 5383 5384
f 5384 5382 5385
f 5387 5386 5382
f 5388 5389 5386
f 5388 5386 5387
f 5387 5382 5381
f 5381 5382 5383
f 5383 5382 5384
f 5381 5384 5380
f 5389 5385 5386
f 5381 5380 5387
f 5385 5389 5388
f 5380 5385 5388
f 4816 4818 4817
f 4819 4816 4817
f 4819 4818 4816
f 4817 4818 4819
f 5270 5273 5272
f 5271 5274 5270
f 5272 5273 5275
f 5270 5274 5275
f 5274 5272 5275
f 5271 5272 5274
f 5270 5275 5273
f 5270 5272 5271
f 7203 7206 7207
f 7202 7203 7205
f 7202 7208 7209
f 7203 7209 7206
f 7205 7207 7208
f 7207 7206 7209
f 7207 7209 7208
f 7205 7208 7204
f 7202 7209 7203
f 7204 7208 7202
f 7202 7205 7204
f 7203 7207 7205
f 3800 3802 3801
f 3803 3800 3801
f 3803 3804 3805
f 3805 3804 3801
f 3800 3803 3805
f 3800 3805 3802
f 3805 3801 3802
f 3803 3801 3804
f 2892 2894 2893
f 2895 2897 2896
f 2893 2896 2897
f 2896 2894 2892
f 2893 2895 2892
f 2897 2895 2893
f 2896 2892 2895
f 2894 2896 2893
f 2605 2602 2603
f 2602 2606 2607
f 2608 2603 2609
f 2606 2605 2608
f 2603 2607 2609
f 2607 2606 2608
f 2607 2608 2609
f 2602 2607 2603
f 2604 2605 2606
f 2605 2603 2608
f 2604 2606 2602
f 2604 2602 2605
f 5965 5967 5966
f 5964 5969 5968
f 5965 5970 5969
f 5967 5971 5970
f 5971 5967 5964
f 5968 5970 5971
f 5969 5970 5968
f 5971 5964 5968
f 5967 5970 5966
f 5966 5970 5965
f 5965 5969 5964
f 5964 5967 5965
f 2994 2996 2995
f 2997 2999 2998
f 2995 2996 2999
f 2998 2994 2995
f 2996 2998 2999
f 2994 2998 2996
f 2998 2995 2997
f 2995 2999 2997
f 6762 6765 6764
f 6764 6765 6766
f 6763 6767 6762
f 6766 6765 6762
f 6767 6764 6766
f 6763 6764 6767
f 6766 6762 6767
f 6762 6764 6763
f 2538 2541 2540
f 2542 2544 2543
f 2542 2538 2539
f 2541 2545 2540
f 2544 2540 2545
f 2544 2538 2543
f 2541 2544 2545
f 2541 2538 2544
f 2539 2544 2542
f 2539 2540 2544
f 2543 2538 2542
f 2538 2540 2539
f 5258 5260 5259
f 5261 5259 5260
f 5258 5259 5261
f 5262 5263 5261
f 5258 5262 5260
f 5263 5262 5258
f 5258 5261 5263
f 5261 5260 5262
f 7658 7660 7659
f 7660 7662 7661
f 7661 7662 7663
f 7663 7662 7660
f 7659 7661 7663
f 7659 7663 7658
f 7663 7660 7658
f 7660 7661 7659
f 5132 5134 5133
f 5135 5137 5136
f 5136 5137 5132
f 5135 5132 5137
f 5134 5136 5133
f 5135 5136 5134
f 5134 5132 5135
f 5136 5132 5133
f 1047 1049 1048
f 1048 1049 1052
f 1047 1054 1053
f 1053 1051 1052
f 1047 1050 1054
f 1050 1053 1054
f 1051 1053 1050
f 1048 1050 1047
f 1047 1052 1049
f 1047 1053 1052
f 1048 1051 1050
f 1048 1052 1051
f 2382 2384 2383
f 2385 2387 2386
f 2382 2387 2385
f 2384 2386 2387
f 2386 2384 2382
f 2386 2382 2385
f 2384 2387 2383
f 2383 2387 2382
f 3448 3450 3449
f 3450 3453 3452
f 3452 3453 3454
f 3449 3451 3455
f 3451 3452 3454
f 3450 3454 3453
f 3455 3450 3448
f 3455 3454 3450
f 3451 3454 3455
f 3449 3455 3448
f 3450 3451 3449
f 3450 3452 3451
f 2940 2943 2942
f 2940 2945 2944
f 2940 2941 2947
f 2941 2948 2947
f 2942 2943 2944
f 2947 2949 2946
f 2949 2945 2946
f 2944 2945 2949
f 2948 2949 2947
f 2942 2944 2948
f 2948 2944 2949
f 2942 2948 2941
f 2940 2947 2945
f 2945 2947 2946
f 2940 2944 2943
f 2940 2942 2941
f 641 643 642
f 638 647 646
f 651 646 647
f 654 639 640
f 644 653 655
f 650 640 641
f 642 649 658
f 651 638 639
f 637 652 645
f 642 658 656
f 643 644 655
f 649 650 656
f 653 648 657
f 653 657 655
f 649 656 658
f 643 655 657
f 642 656 641
f 646 652 637
f 647 638 651
f 651 639 654
f 657 648 643
f 643 648 642
f 642 648 649
f 651 640 650
f 650 641 656
f 651 654 640
f 652 644 645
f 652 653 644
f 648 650 649
f 648 652 650
f 648 653 652
f 650 646 651
f 650 652 646
f 638 646 637
f 640 639 638
f 637 640 638
f 637 645 644
f 637 641 640
f 637 644 641
f 644 643 641
f 3618 3621 3620
f 3622 3623 3619
f 3618 3625 3624
f 3621 3628 3622
f 3625 3626 3628
f 3621 3618 3624
f 3630 3631 3624
f 3628 3626 3623
f 3631 3629 3627
f 3630 3629 3631
f 3628 3623 3622
f 3630 3624 3625
f 3624 3631 3627
f 3621 3624 3627
f 3625 3629 3630
f 3625 3628 3629
f 3627 3629 3621
f 3621 3622 3620
f 3621 3629 3628
f 3623 3618 3619
f 3623 3626 3618
f 3618 3626 3625
f 3622 3619 3620
f 3618 3620 3619
f 4868 4870 4869
f 4871 4873 4872
f 4870 4871 4869
f 4870 4868 4872
f 4868 4869 4871
f 4868 4871 4872
f 4870 4872 4873
f 4873 4871 4870
f 659 661 660
f 662 664 663
f 659 663 661
f 664 666 660
f 666 662 665
f 665 659 660
f 665 660 666
f 664 662 666
f 664 661 663
f 664 660 661
f 662 659 665
f 662 663 659
f 2966 2968 2967
f 2969 2971 2970
f 2966 2971 2969
f 2968 2970 2967
f 2966 2970 2971
f 2967 2970 2966
f 2969 2970 2968
f 2966 2969 2968
f 4840 4842 4841
f 4844 4841 4845
f 4843 4844 4846
f 4846 4847 4842
f 4847 4846 4844
f 4841 4847 4845
f 4842 4847 4841
f 4847 4844 4845
f 4842 4840 4843
f 4846 4842 4843
f 4840 4844 4843
f 4840 4841 4844
f 2978 2980 2979
f 2981 2983 2982
f 2978 2981 2982
f 2979 2982 2983
f 2981 2978 2979
f 2981 2979 2983
f 2980 2982 2979
f 2978 2982 2980
f 702 704 703
f 704 705 703
f 706 701 702
f 702 703 705
f 706 705 704
f 706 704 701
f 702 705 706
f 701 704 702
f 1901 1903 1902
f 1903 1904 1902
f 1902 1904 1901
f 1904 1903 1901
f 5245 5247 5246
f 5249 5242 5243
f 5251 5247 5248
f 5255 5249 5250
f 5244 5250 5243
f 5254 5257 5245
f 5248 5242 5249
f 5256 5244 5245
f 5253 5246 5247
f 5256 5257 5254
f 5256 5254 5255
f 5253 5247 5251
f 5256 5245 5257
f 5248 5249 5252
f 5245 5246 5253
f 5254 5245 5253
f 5255 5244 5256
f 5255 5250 5244
f 5251 5254 5253
f 5251 5249 5254
f 5251 5252 5249
f 5254 5249 5255
f 5251 5248 5252
f 5249 5243 5250
f 5242 5244 5243
f 5242 5245 5244
f 5242 5248 5247
f 5242 5247 5245
f 2594 2596 2595
f 2597 2598 2595
f 2599 2601 2600
f 2601 2597 2600
f 2599 2598 2601
f 2599 2600 2597
f 2599 2596 2594
f 2599 2597 2596
f 2595 2599 2594
f 2595 2598 2599
f 2598 2597 2601
f 2597 2595 2596
f 605 607 606
f 608 612 611
f 612 613 607
f 611 605 606
f 612 608 613
f 610 614 609
f 607 613 608
f 606 609 614
f 606 608 609
f 606 607 608
f 611 606 610
f 610 606 614
f 612 605 611
f 612 607 605
f 608 610 609
f 608 611 610
f 2984 2988 2987
f 2989 2993 2992
f 2992 2984 2985
f 2987 2993 2989
f 2986 2990 2991
f 2992 2988 2984
f 2987 2989 2990
f 2987 2990 2986
f 2993 2988 2992
f 2986 2991 2985
f 2988 2993 2987
f 2992 2985 2991
f 2989 2991 2990
f 2989 2992 2991
f 2987 2986 2985
f 2984 2987 2985
f 3632 3636 3635
f 3633 3638 3632
f 3636 3637 3639
f 3635 3640 3634
f 3640 3641 3638
f 3641 3632 3638
f 3640 3639 3641
f 3636 3639 3635
f 3635 3639 3640
f 3637 3632 3639
f 3639 3632 3641
f 3640 3638 3634
f 3634 3638 3633
f 3632 3634 3633
f 3632 3635 3634
f 3632 3637 3636
f 361 363 362
f 364 366 365
f 363 364 365
f 366 362 363
f 364 362 366
f 361 362 364
f 366 363 365
f 361 364 363
f 5276 5278 5277
f 5279 5281 5280
f 5276 5279 5282
f 5280 5278 5283
f 5279 5283 5282
f 5283 5276 5282
f 5278 5276 5283
f 5280 5283 5279
f 5277 5280 5281
f 5277 5278 5280
f 5281 5276 5277
f 5281 5279 5276
f 577 579 578
f 582 578 579
f 580 581 583
f 575 582 579
f 576 577 584
f 578 584 577
f 584 583 581
f 576 582 575
f 576 584 582
f 582 584 581
f 583 584 580
f 580 584 578
f 580 578 581
f 581 578 582
f 575 577 576
f 575 579 577
f 569 571 570
f 569 570 572
f 573 574 571
f 568 574 573
f 574 572 570
f 568 573 567
f 574 570 571
f 572 574 569
f 569 574 568
f 573 571 567
f 567 571 568
f 568 571 569
f 19 18 22
f 20 18 19
f 17 22 18
f 20 21 17
f 19 23 20
f 24 22 21
f 24 21 23
f 24 23 19
f 23 21 20
f 21 22 17
f 17 18 20
f 19 22 24
f 6416 6418 6417
f 6419 6421 6420
f 6420 6421 6417
f 6419 6420 6418
f 6419 6416 6417
f 6419 6417 6421
f 6419 6418 6416
f 6420 6417 6418
f 3142 3146 3144
f 3142 3147 3146
f 3143 3151 3149
f 3147 3144 3146
f 3148 3144 3145
f 3142 3151 3143
f 3151 3148 3149
f 3150 3148 3151
f 3150 3151 3142
f 3148 3145 3149
f 3145 3144 3147
f 3143 3145 3147
f 3143 3149 3145
f 3143 3147 3142
f 3142 3148 3150
f 3142 3144 3148
f 925 928 927
f 929 927 928
f 930 925 926
f 927 930 926
f 928 930 929
f 925 930 928
f 929 930 927
f 925 927 926
f 1861 1863 1862
f 1864 1866 1865
f 1867 1868 1864
f 1866 1861 1867
f 1868 1863 1866
f 1861 1868 1867
f 1862 1868 1861
f 1862 1863 1868
f 1868 1866 1864
f 1863 1861 1866
f 1866 1867 1865
f 1867 1864 1865
f 4799 4801 4800
f 4799 4804 4798
f 4806 4803 4799
f 4800 4807 4806
f 4807 4801 4798
f 4804 4806 4807
f 4805 4802 4803
f 4805 4806 4802
f 4802 4806 4804
f 4807 4798 4804
f 4801 4807 4800
f 4805 4803 4806
f 4806 4799 4800
f 4802 4804 4803
f 4803 4804 4799
f 4798 4801 4799
f 3400 3402 3401
f 3402 3400 3403
f 3401 3403 3400
f 3402 3403 3401
f 3656 3659 3658
f 3657 3662 3661
f 3664 3662 3663
f 3660 3658 3659
f 3663 3656 3665
f 3662 3664 3665
f 3657 3665 3656
f 3661 3665 3657
f 3662 3665 3661
f 3660 3656 3663
f 3663 3665 3664
f 3660 3659 3656
f 3660 3663 3658
f 3658 3663 3657
f 3657 3663 3662
f 3656 3658 3657
f 3806 3809 3808
f 3811 3814 3813
f 3814 3807 3808
f 3811 3818 3817
f 3809 3817 3818
f 3819 3812 3813
f 3810 3817 3809
f 3811 3812 3820
f 3816 3821 3815
f 3814 3821 3813
f 3815 3821 3814
f 3819 3821 3816
f 3811 3820 3818
f 3810 3809 3806
f 3820 3812 3819
f 3819 3813 3821
f 3808 3819 3816
f 3818 3820 3819
f 3808 3818 3819
f 3809 3818 3808
f 3811 3817 3810
f 3814 3816 3815
f 3814 3808 3816
f 3806 3811 3810
f 3806 3807 3811
f 3811 3807 3814
f 3811 3813 3812
f 3806 3808 3807
f 4880 4883 4885
f 4886 4880 4884
f 4881 4882 4883
f 4881 4887 4882
f 4883 4887 4885
f 4886 4885 4887
f 4884 4885 4886
f 4882 4887 4883
f 4886 4887 4881
f 4881 4883 4880
f 4881 4880 4886
f 4880 4885 4884
f 6748 6749 6750
f 6752 6750 6753
f 6754 6749 6748
f 6754 6753 6750
f 6751 6755 6748
f 6752 6753 6754
f 6752 6754 6755
f 6752 6755 6751
f 6754 6750 6749
f 6754 6748 6755
f 6751 6750 6752
f 6748 6750 6751
f 263 265 264
f 265 263 266
f 266 263 264
f 264 265 266
f 919 921 920
f 920 921 923
f 922 923 924
f 919 924 923
f 920 924 919
f 922 924 920
f 919 923 921
f 920 923 922
f 5480 5482 5481
f 5481 5482 5484
f 5484 5485 5483
f 5484 5482 5480
f 5480 5481 5483
f 5480 5483 5485
f 5484 5480 5485
f 5481 5484 5483
f 4826 4825 4824
f 4827 4830 4829
f 4834 4827 4828
f 4834 4823 4824
f 4831 4832 4825
f 4836 4820 4821
f 4828 4822 4823
f 4825 4832 4833
f 4830 4821 4822
f 4839 4826 4820
f 4831 4837 4839
f 4835 4838 4830
f 4835 4830 4827
f 4831 4839 4836
f 4837 4826 4839
f 4838 4821 4830
f 4830 4822 4829
f 4825 4833 4824
f 4829 4822 4828
f 4828 4823 4834
f 4821 4838 4835
f 4836 4821 4835
f 4836 4839 4820
f 4831 4826 4837
f 4831 4825 4826
f 4834 4824 4833
f 4831 4833 4832
f 4831 4836 4833
f 4833 4836 4835
f 4833 4827 4834
f 4833 4835 4827
f 4827 4829 4828
f 4820 4824 4821
f 4821 4824 4822
f 4820 4826 4824
f 4822 4824 4823
f 5237 5239 5238
f 5240 5236 5237
f 5241 5238 5239
f 5240 5239 5236
f 5237 5241 5240
f 5238 5241 5237
f 5241 5239 5240
f 5236 5239 5237
f 673 676 675
f 674 675 677
f 676 673 678
f 675 678 677
f 678 673 674
f 678 674 677
f 676 678 675
f 673 675 674
f 2402 2404 2405
f 2408 2402 2409
f 2402 2405 2406
f 2411 2407 2410
f 2406 2404 2407
f 2408 2410 2407
f 2410 2409 2411
f 2408 2409 2410
f 2407 2404 2403
f 2408 2407 2403
f 2405 2404 2406
f 2406 2407 2411
f 2402 2406 2409
f 2409 2406 2411
f 2403 2402 2408
f 2403 2404 2402
f 3857 3854 3852
f 3851 3850 3856
f 3852 3853 3859
f 3859 3855 3851
f 3851 3854 3850
f 3852 3854 3855
f 3856 3857 3859
f 3856 3859 3858
f 3852 3855 3853
f 3855 3854 3851
f 3853 3855 3859
f 3859 3851 3858
f 3852 3859 3857
f 3851 3856 3858
f 3850 3857 3856
f 3850 3854 3857
f 309 311 310
f 316 318 317
f 307 313 314
f 312 315 316
f 309 313 308
f 314 315 312
f 318 309 310
f 317 318 320
f 317 310 311
f 320 310 317
f 317 311 316
f 319 309 318
f 318 310 320
f 314 312 307
f 319 313 309
f 312 316 311
f 308 313 307
f 313 315 314
f 313 316 315
f 313 319 316
f 319 318 316
f 307 312 308
f 308 311 309
f 308 312 311
f 7862 7858 7863
f 7860 7858 7859
f 7860 7859 7862
f 7861 7860 7864
f 7865 7863 7867
f 7866 7867 7863
f 7866 7865 7867
f 7864 7865 7866
f 7863 7858 7861
f 7866 7863 7861
f 7862 7863 7865
f 7861 7864 7866
f 7860 7862 7864
f 7864 7862 7865
f 7861 7858 7860
f 7859 7858 7862
f 5264 5266 5265
f 5266 5268 5267
f 5268 5269 5267
f 5267 5264 5265
f 5269 5268 5266
f 5269 5266 5264
f 5269 5264 5267
f 5266 5267 5265
f 911 913 912
f 914 916 915
f 916 914 912
f 915 918 911
f 917 911 918
f 918 916 917
f 915 916 918
f 913 911 917
f 911 912 914
f 915 911 914
f 916 913 917
f 916 912 913
f 2923 2925 2924
f 2926 2929 2925
f 2924 2932 2931
f 2934 2927 2935
f 2937 2924 2931
f 2936 2938 2928
f 2939 2929 2930
f 2937 2931 2932
f 2926 2933 2937
f 2935 2928 2938
f 2935 2938 2936
f 2935 2936 2934
f 2927 2928 2935
f 2937 2939 2930
f 2926 2937 2930
f 2937 2932 2939
f 2932 2929 2939
f 2936 2922 2923
f 2936 2928 2922
f 2936 2923 2934
f 2934 2923 2933
f 2933 2923 2924
f 2933 2924 2937
f 2926 2927 2933
f 2933 2927 2934
f 2929 2924 2925
f 2929 2932 2924
f 2926 2922 2927
f 2927 2922 2928
f 2926 2930 2929
f 2926 2925 2922
f 2922 2925 2923
f 1730 1728 1727
f 1731 1727 1732
f 1728 1732 1727
f 1734 1733 1728
f 1730 1734 1729
f 1734 1732 1733
f 1731 1732 1734
f 1731 1734 1730
f 1734 1728 1729
f 1733 1732 1728
f 1730 1727 1731
f 1729 1728 1730
f 6528 6538 6539
f 6530 6529 6531
f 6541 6537 6536
f 6530 6532 6533
f 6540 6536 6535
f 6533 6534 6537
f 6534 6535 6536
f 6534 6540 6535
f 6539 6538 6541
f 6539 6541 6540
f 6529 6540 6531
f 6531 6540 6532
f 6529 6539 6540
f 6532 6540 6534
f 6534 6536 6537
f 6532 6534 6533
f 6541 6536 6540
f 6531 6532 6530
f 6541 6538 6528
f 6530 6541 6528
f 6530 6533 6541
f 6533 6537 6541
f 6528 6529 6530
f 6528 6539 6529
f 5936 5940 5939
f 5939 5942 5941
f 5938 5944 5937
f 5944 5943 5941
f 5944 5945 5936
f 5942 5936 5945
f 5938 5939 5941
f 5938 5941 5943
f 5940 5936 5942
f 5944 5936 5937
f 5941 5942 5945
f 5944 5941 5945
f 5943 5944 5938
f 5940 5942 5939
f 5936 5939 5937
f 5937 5939 5938
f 7094 7096 7095
f 7098 7096 7094
f 7099 7095 7096
f 7098 7099 7097
f 7099 7094 7095
f 7098 7094 7099
f 7099 7096 7097
f 7097 7096 7098
f 3112 3115 3114
f 3117 3113 3114
f 3118 3114 3115
f 3112 3124 3123
f 3118 3125 3122
f 3120 3123 3124
f 3118 3116 3117
f 3119 3120 3127
f 3115 3112 3123
f 3127 3124 3125
f 3127 3125 3126
f 3115 3123 3121
f 3119 3127 3126
f 3122 3116 3118
f 3121 3123 3120
f 3120 3124 3127
f 3126 3125 3119
f 3119 3125 3118
f 3122 3113 3116
f 3122 3112 3113
f 3122 3125 3112
f 3125 3124 3112
f 3115 3120 3119
f 3118 3115 3119
f 3118 3117 3114
f 3120 3115 3121
f 3116 3113 3117
f 3112 3114 3113
f 6810 6811 6813
f 6815 6813 6816
f 6812 6814 6810
f 6817 6816 6813
f 6810 6817 6811
f 6814 6816 6817
f 6815 6816 6814
f 6814 6817 6810
f 6817 6813 6811
f 6815 6814 6812
f 6812 6813 6815
f 6810 6813 6812
f 5138 5140 5139
f 5139 5142 5141
f 5143 5141 5142
f 5143 5142 5139
f 5138 5141 5143
f 5138 5143 5140
f 5143 5139 5140
f 5139 5141 5138
f 2882 2881 2885
f 2881 2880 2884
f 2878 2879 2880
f 2878 2883 2879
f 2884 2880 2879
f 2882 2885 2884
f 2882 2884 2883
f 2884 2879 2883
f 2882 2883 2878
f 2878 2880 2881
f 2881 2884 2885
f 2878 2881 2882
f 3556 3555 3557
f 3560 3557 3559
f 3558 3559 3557
f 3556 3561 3554
f 3561 3558 3555
f 3560 3559 3558
f 3560 3558 3561
f 3561 3555 3554
f 3560 3561 3556
f 3558 3557 3555
f 3556 3557 3560
f 3554 3555 3556
f 1209 1211 1210
f 1210 1214 1213
f 1213 1216 1212
f 1214 1215 1217
f 1215 1211 1209
f 1218 1209 1210
f 1218 1216 1213
f 1213 1214 1217
f 1218 1213 1217
f 1218 1210 1216
f 1216 1210 1212
f 1215 1209 1217
f 1217 1209 1218
f 1211 1214 1210
f 1210 1213 1212
f 1211 1215 1214
f 2554 2558 2557
f 2556 2557 2559
f 2558 2554 2561
f 2558 2559 2557
f 2561 2554 2555
f 2561 2559 2560
f 2556 2561 2555
f 2556 2559 2561
f 2560 2559 2558
f 2558 2561 2560
f 2554 2556 2555
f 2554 2557 2556
f 473 474 482
f 482 476 480
f 475 477 473
f 477 478 474
f 477 476 478
f 479 480 476
f 481 482 480
f 481 480 479
f 479 476 475
f 475 476 477
f 477 474 473
f 475 481 479
f 475 473 481
f 478 476 474
f 474 476 482
f 473 482 481
f 3434 3436 3435
f 3435 3439 3438
f 3439 3440 3438
f 3436 3440 3441
f 3436 3437 3435
f 3437 3440 3439
f 3441 3440 3437
f 3441 3437 3436
f 3438 3440 3434
f 3434 3440 3436
f 3437 3439 3435
f 3435 3438 3434
f 3128 3130 3129
f 3131 3133 3132
f 3133 3134 3129
f 3128 3135 3131
f 3131 3135 3134
f 3134 3135 3128
f 3134 3128 3129
f 3131 3134 3133
f 3128 3132 3130
f 3128 3131 3132
f 3129 3130 3132
f 3133 3129 3132
f 3136 3139 3138
f 3140 3138 3139
f 3136 3137 3141
f 3140 3139 3136
f 3141 3137 3138
f 3141 3138 3140
f 3140 3136 3141
f 3136 3138 3137
f 3828 3830 3829
f 3832 3828 3833
f 3831 3832 3834
f 3834 3835 3829
f 3829 3835 3833
f 3833 3834 3832
f 3835 3834 3833
f 3829 3833 3828
f 3834 3830 3831
f 3834 3829 3830
f 3830 3832 3831
f 3830 3828 3832
f 2951 2953 2952
f 2955 2952 2956
f 2953 2957 2956
f 2957 2958 2955
f 2954 2959 2950
f 2958 2959 2954
f 2958 2953 2950
f 2957 2953 2958
f 2958 2950 2959
f 2958 2954 2955
f 2954 2950 2951
f 2957 2955 2956
f 2953 2956 2952
f 2951 2955 2954
f 2951 2952 2955
f 2950 2953 2951
f 7125 7127 7126
f 7128 7127 7129
f 7127 7124 7129
f 7128 7125 7126
f 7125 7129 7124
f 7128 7129 7125
f 7126 7127 7128
f 7124 7127 7125
f 3094 3097 3096
f 3097 3098 3096
f 3099 3094 3095
f 3099 3096 3098
f 3094 3098 3097
f 3099 3098 3094
f 3095 3096 3099
f 3094 3096 3095
f 3456 3458 3459
f 3460 3456 3461
f 3461 3459 3462
f 3462 3458 3463
f 3460 3463 3458
f 3463 3461 3462
f 3460 3461 3463
f 3460 3458 3457
f 3459 3458 3462
f 3456 3459 3461
f 3457 3456 3460
f 3457 3458 3456
f 2904 2907 2906
f 2904 2910 2909
f 2905 2906 2911
f 2911 2909 2910
f 2912 2913 2908
f 2904 2908 2913
f 2906 2912 2911
f 2913 2906 2907
f 2913 2912 2906
f 2904 2913 2907
f 2912 2908 2909
f 2912 2909 2911
f 2905 2911 2910
f 2905 2910 2904
f 2904 2909 2908
f 2904 2906 2905
f 3774 3776 3775
f 3774 3775 3778
f 3776 3779 3778
f 3779 3777 3778
f 3779 3774 3777
f 3776 3774 3779
f 3776 3778 3775
f 3774 3778 3777
f 5372 5376 5377
f 5373 5378 5379
f 5374 5372 5373
f 5372 5377 5378
f 5375 5379 5376
f 5377 5376 5379
f 5377 5379 5378
f 5374 5379 5375
f 5372 5378 5373
f 5375 5372 5374
f 5373 5379 5374
f 5375 5376 5372
f 339 341 340
f 340 343 342
f 344 346 345
f 346 342 343
f 344 339 340
f 343 344 345
f 339 344 341
f 341 344 343
f 344 342 346
f 344 340 342
f 346 343 345
f 341 343 340
f 4848 4850 4849
f 4849 4852 4851
f 4853 4851 4852
f 4853 4849 4851
f 4852 4850 4848
f 4852 4848 4853
f 4848 4849 4853
f 4850 4852 4849
f 4380 4382 4381
f 4381 4382 4383
f 4383 4380 4381
f 4382 4380 4383
f 5144 5146 5145
f 5148 5150 5149
f 5150 5151 5149
f 5144 5148 5146
f 5148 5151 5145
f 5145 5150 5147
f 5151 5150 5145
f 5145 5147 5144
f 5149 5151 5148
f 5148 5145 5146
f 5147 5148 5144
f 5147 5150 5148
f 2546 2548 2547
f 2549 2552 2551
f 2551 2546 2547
f 2552 2553 2548
f 2552 2549 2553
f 2547 2549 2550
f 2553 2549 2548
f 2548 2549 2547
f 2552 2546 2551
f 2552 2548 2546
f 2551 2547 2550
f 2549 2551 2550
f 3742 3744 3743
f 3744 3748 3747
f 3749 3745 3740
f 3750 3741 3742
f 3747 3751 3752
f 3750 3749 3740
f 3743 3751 3742
f 3753 3746 3747
f 3746 3753 3743
f 3746 3743 3744
f 3753 3747 3752
f 3752 3743 3753
f 3752 3751 3743
f 3750 3740 3741
f 3749 3750 3748
f 3748 3750 3747
f 3747 3750 3751
f 3750 3742 3751
f 3748 3745 3749
f 3745 3748 3744
f 3744 3747 3746
f 3740 3745 3741
f 3741 3744 3742
f 3741 3745 3744
f 882 884 883
f 885 883 884
f 881 882 886
f 885 886 882
f 881 886 885
f 881 885 884
f 885 882 883
f 881 884 882
f 4189 4191 4190
f 4191 4193 4192
f 4193 4191 4188
f 4192 4189 4190
f 4193 4188 4189
f 4193 4189 4192
f 4191 4192 4190
f 4188 4191 4189
f 3676 3678 3677
f 3679 3681 3680
f 3682 3680 3681
f 3682 3679 3680
f 3682 3683 3678
f 3683 3677 3678
f 3679 3683 3681
f 3679 3677 3683
f 3682 3678 3676
f 3677 3682 3676
f 3677 3679 3682
f 3682 3681 3683
f 6324 6326 6325
f 6327 6329 6328
f 6326 6324 6329
f 6325 6327 6328
f 6325 6328 6329
f 6325 6329 6324
f 6326 6327 6325
f 6326 6329 6327
f 136 137 138
f 136 138 140
f 138 137 141
f 135 141 137
f 136 142 135
f 139 140 141
f 139 141 142
f 139 142 136
f 142 141 135
f 138 141 140
f 136 140 139
f 135 137 136
f 3106 3109 3108
f 3110 3107 3108
f 3111 3109 3106
f 3106 3107 3110
f 3111 3110 3108
f 3111 3108 3109
f 3106 3110 3111
f 3106 3108 3107
f 2510 2513 2512
f 2515 2517 2516
f 2523 2522 2521
f 2517 2518 2522
f 2514 2511 2521
f 2524 2515 2516
f 2521 2518 2514
f 2520 2513 2515
f 2517 2523 2519
f 2525 2520 2524
f 2519 2520 2525
f 2517 2519 2516
f 2516 2519 2525
f 2512 2513 2520
f 2520 2515 2524
f 2522 2518 2521
f 2524 2516 2525
f 2510 2511 2514
f 2517 2522 2523
f 2519 2512 2520
f 2519 2523 2512
f 2512 2523 2521
f 2512 2521 2511
f 2514 2513 2510
f 2514 2517 2513
f 2514 2518 2517
f 2513 2517 2515
f 2510 2512 2511
f 2484 2486 2485
f 2487 2489 2488
f 2486 2488 2489
f 2486 2484 2487
f 2487 2485 2489
f 2484 2485 2487
f 2486 2487 2488
f 2486 2489 2485
f 585 588 587
f 588 591 590
f 585 594 593
f 595 589 590
f 589 592 586
f 594 591 593
f 593 588 585
f 594 595 596
f 591 588 593
f 590 594 596
f 590 591 594
f 589 586 587
f 592 589 595
f 595 590 596
f 592 595 586
f 586 595 585
f 585 595 594
f 590 589 587
f 588 590 587
f 585 587 586
f 2578 2580 2579
f 2581 2583 2582
f 2578 2579 2581
f 2580 2583 2581
f 2582 2580 2578
f 2583 2580 2582
f 2580 2581 2579
f 2578 2581 2582
f 421 423 422
f 424 423 421
f 421 422 424
f 422 423 424
f 5513 5516 5515
f 5513 5514 5519
f 5518 5523 5522
f 5516 5522 5523
f 5512 5518 5520
f 5519 5514 5515
f 5524 5520 5521
f 5517 5525 5521
f 5517 5524 5525
f 5512 5524 5517
f 5517 5522 5516
f 5517 5521 5522
f 5524 5521 5525
f 5519 5515 5523
f 5513 5518 5512
f 5512 5520 5524
f 5516 5523 5515
f 5522 5521 5520
f 5518 5522 5520
f 5518 5519 5523
f 5513 5519 5518
f 5512 5516 5513
f 5513 5515 5514
f 5512 5517 5516
f 3666 3668 3667
f 3669 3671 3670
f 3670 3673 3669
f 3667 3674 3672
f 3669 3673 3675
f 3675 3672 3674
f 3668 3675 3674
f 3668 3674 3667
f 3673 3672 3675
f 3671 3668 3666
f 3671 3669 3668
f 3668 3669 3675
f 3666 3670 3671
f 3666 3667 3670
f 3670 3667 3672
f 3672 3673 3670
f 130 129 133
f 131 130 134
f 127 128 129
f 127 132 128
f 132 133 129
f 131 133 132
f 134 133 131
f 132 129 128
f 131 132 127
f 127 129 130
f 127 130 131
f 130 133 134
f 3060 3062 3061
f 3064 3061 3062
f 3061 3065 3060
f 3064 3065 3063
f 3065 3062 3060
f 3064 3062 3065
f 3063 3065 3061
f 3063 3061 3064
f 2914 2916 2915
f 2916 2919 2918
f 2917 2918 2920
f 2921 2920 2918
f 2921 2916 2914
f 2920 2915 2917
f 2914 2915 2921
f 2921 2915 2920
f 2919 2916 2921
f 2921 2918 2919
f 2916 2918 2915
f 2915 2918 2917
f 5018 5020 5019
f 5021 5024 5023
f 5023 5025 5022
f 5024 5025 5023
f 5020 5021 5019
f 5021 5022 5025
f 5021 5018 5019
f 5021 5025 5018
f 5024 5021 5020
f 5018 5024 5020
f 5018 5025 5024
f 5021 5023 5022
f 333 335 334
f 337 335 333
f 338 336 337
f 334 337 333
f 338 335 336
f 334 335 338
f 338 337 334
f 336 335 337
f 3413 3415 3414
f 3417 3419 3418
f 3417 3422 3421
f 3418 3419 3423
f 3412 3425 3424
f 3424 3427 3426
f 3423 3414 3415
f 3426 3420 3421
f 3425 3416 3427
f 3420 3416 3417
f 3427 3416 3426
f 3426 3416 3420
f 3413 3416 3412
f 3412 3416 3425
f 3426 3421 3424
f 3419 3414 3423
f 3425 3427 3424
f 3421 3422 3423
f 3415 3421 3423
f 3415 3412 3421
f 3412 3424 3421
f 3418 3423 3422
f 3418 3422 3417
f 3417 3421 3420
f 3413 3417 3416
f 3413 3414 3417
f 3417 3414 3419
f 3412 3415 3413
f 2826 2829 2828
f 2830 2826 2827
f 2830 2827 2828
f 2828 2829 2831
f 2826 2831 2829
f 2830 2831 2826
f 2830 2828 2831
f 2826 2828 2827
f 5056 5058 5057
f 5059 5061 5060
f 5056 5063 5060
f 5065 5058 5062
f 5059 5063 5064
f 5059 5065 5062
f 5057 5064 5063
f 5057 5063 5056
f 5059 5062 5061
f 5060 5063 5059
f 5059 5064 5065
f 5057 5065 5064
f 5057 5058 5065
f 5058 5061 5062
f 5058 5056 5061
f 5061 5056 5060
f 1725 1717 1724
f 1720 1717 1718
f 1722 1721 1718
f 1723 1722 1726
f 1722 1720 1721
f 1719 1724 1717
f 1726 1724 1723
f 1725 1724 1726
f 1723 1724 1719
f 1719 1717 1720
f 1719 1720 1722
f 1719 1722 1723
f 1722 1725 1726
f 1722 1718 1725
f 1720 1718 1721
f 1718 1717 1725
f 3822 3824 3823
f 3824 3826 3823
f 3827 3826 3825
f 3824 3822 3827
f 3822 3823 3826
f 3822 3826 3827
f 3824 3827 3825
f 3825 3826 3824
f 3734 3736 3735
f 3735 3738 3737
f 3739 3737 3738
f 3734 3737 3739
f 3739 3735 3736
f 3738 3735 3739
f 3734 3739 3736
f 3735 3737 3734
f 6066 6070 6071
f 6068 6072 6073
f 6069 6066 6067
f 6067 6071 6072
f 6068 6073 6070
f 6072 6070 6073
f 6071 6070 6072
f 6068 6070 6069
f 6066 6071 6067
f 6069 6067 6068
f 6067 6072 6068
f 6069 6070 6066
f 3924 3926 3925
f 3924 3927 3926
f 3926 3927 3925
f 3925 3927 3924
f 2562 2566 2565
f 2567 2568 2563
f 2569 2571 2570
f 2577 2576 2575
f 2569 2570 2576
f 2575 2571 2572
f 2577 2568 2567
f 2565 2566 2573
f 2571 2576 2570
f 2573 2566 2562
f 2575 2576 2571
f 2573 2574 2572
f 2565 2573 2572
f 2577 2567 2569
f 2575 2572 2574
f 2569 2576 2577
f 2563 2568 2562
f 2562 2568 2573
f 2573 2568 2577
f 2573 2575 2574
f 2573 2577 2575
f 2565 2567 2564
f 2565 2572 2567
f 2567 2572 2569
f 2572 2571 2569
f 2567 2563 2564
f 2562 2564 2563
f 2562 2565 2564
f 321 324 323
f 325 327 326
f 328 330 329
f 326 331 328
f 322 325 321
f 330 328 331
f 331 327 332
f 327 325 329
f 327 330 332
f 327 329 330
f 326 327 331
f 330 331 332
f 329 325 322
f 326 323 324
f 326 328 323
f 328 322 323
f 328 329 322
f 325 324 321
f 325 326 324
f 321 323 322
f 7163 7165 7164
f 7166 7170 7169
f 7170 7172 7171
f 7168 7163 7173
f 7165 7172 7170
f 7165 7162 7171
f 7174 7175 7173
f 7173 7167 7168
f 7174 7166 7167
f 7174 7167 7175
f 7175 7167 7173
f 7174 7173 7164
f 7164 7173 7163
f 7165 7171 7172
f 7164 7166 7174
f 7164 7165 7166
f 7166 7165 7170
f 7171 7162 7169
f 7169 7162 7168
f 7168 7162 7163
f 7170 7171 7169
f 7166 7168 7167
f 7166 7169 7168
f 7162 7165 7163
f 4860 4862 4861
f 4863 4865 4864
f 4865 4861 4862
f 4864 4865 4862
f 4864 4867 4866
f 4860 4861 4866
f 4860 4866 4867
f 4864 4866 4863
f 4864 4860 4867
f 4864 4862 4860
f 4866 4861 4863
f 4863 4861 4865
f 125 120 126
f 120 121 124
f 119 121 120
f 123 124 121
f 119 123 122
f 125 126 124
f 125 124 123
f 125 123 119
f 123 121 122
f 122 121 119
f 120 124 126
f 119 120 125
f 3642 3645 3644
f 3642 3643 3646
f 3644 3645 3647
f 3646 3643 3644
f 3642 3646 3647
f 3642 3647 3645
f 3646 3644 3647
f 3642 3644 3643
f 1925 1927 1926
f 1925 1929 1927
f 1931 1925 1926
f 1931 1932 1930
f 1932 1931 1926
f 1930 1932 1929
f 1930 1929 1928
f 1926 1927 1929
f 1932 1926 1929
f 1928 1925 1930
f 1930 1925 1931
f 1928 1929 1925
f 3690 3692 3691
f 3693 3691 3692
f 3694 3695 3693
f 3695 3694 3692
f 3691 3695 3690
f 3693 3695 3691
f 3695 3692 3690
f 3693 3692 3694
f 5200 5202 5201
f 5203 5201 5202
f 5205 5202 5200
f 5205 5203 5204
f 5200 5203 5205
f 5201 5203 5200
f 5204 5202 5205
f 5203 5202 5204
f 3760 3762 3761
f 3762 3765 3764
f 3764 3765 3766
f 3766 3761 3762
f 3761 3763 3760
f 3765 3763 3767
f 3765 3767 3766
f 3767 3763 3761
f 3767 3761 3766
f 3766 3762 3764
f 3763 3765 3760
f 3760 3765 3762
f 5366 5369 5368
f 5370 5367 5368
f 5369 5371 5368
f 5366 5367 5370
f 5371 5366 5370
f 5369 5366 5371
f 5370 5368 5371
f 5366 5368 5367
f 2400 2399 2393
f 2400 2395 2401
f 2395 2397 2392
f 2397 2396 2393
f 2395 2396 2397
f 2399 2392 2393
f 2399 2400 2401
f 2399 2401 2398
f 2398 2392 2399
f 2394 2396 2395
f 2397 2393 2392
f 2392 2398 2401
f 2395 2392 2401
f 2394 2395 2400
f 2400 2393 2394
f 2394 2393 2396
f 896 899 898
f 901 903 902
f 905 898 899
f 905 907 906
f 897 902 906
f 895 908 900
f 903 901 897
f 908 899 900
f 910 906 907
f 895 896 909
f 895 909 910
f 909 906 910
f 905 899 908
f 903 897 904
f 904 897 898
f 907 895 910
f 907 908 895
f 906 909 896
f 897 906 896
f 897 901 902
f 905 906 904
f 904 902 903
f 905 908 907
f 904 906 902
f 904 898 905
f 895 899 896
f 896 898 897
f 895 900 899
f 2221 2223 2222
f 2224 2225 2223
f 2226 2223 2225
f 2227 2224 2220
f 2222 2226 2227
f 2224 2227 2226
f 2224 2226 2225
f 2222 2227 2221
f 2227 2220 2221
f 2222 2223 2226
f 2224 2223 2220
f 2220 2223 2221
f 1385 1387 1386
f 1388 1387 1385
f 1388 1385 1386
f 1386 1387 1388
f 3429 3431 3430
f 3432 3429 3430
f 3431 3433 3432
f 3433 3431 3428
f 3429 3433 3428
f 3432 3433 3429
f 3431 3432 3430
f 3428 3431 3429
f 1219 1222 1221
f 1220 1221 1223
f 1224 1223 1221
f 1224 1226 1219
f 1222 1219 1226
f 1224 1225 1226
f 1222 1226 1225
f 1219 1220 1223
f 1224 1219 1223
f 1224 1222 1225
f 1224 1221 1222
f 1219 1221 1220
f 3442 3444 3443
f 3445 3443 3444
f 3447 3445 3446
f 3447 3446 3444
f 3445 3442 3443
f 3447 3442 3445
f 3447 3444 3442
f 3445 3444 3446
f 353 355 354
f 356 359 358
f 356 355 353
f 360 358 359
f 358 355 357
f 354 359 356
f 360 359 354
f 354 356 353
f 354 358 360
f 354 355 358
f 357 355 356
f 356 358 357
f 6359 6361 6360
f 6362 6363 6359
f 6358 6363 6364
f 6365 6364 6363
f 6362 6360 6361
f 6364 6365 6361
f 6364 6361 6358
f 6362 6361 6365
f 6365 6363 6362
f 6359 6363 6358
f 6362 6359 6360
f 6358 6361 6359
f 5346 5348 5347
f 5349 5351 5350
f 5348 5349 5350
f 5346 5347 5350
f 5346 5349 5348
f 5351 5349 5346
f 5346 5350 5351
f 5348 5350 5347
f 5972 5974 5973
f 5973 5976 5975
f 5977 5975 5976
f 5976 5974 5972
f 5973 5975 5977
f 5973 5977 5972
f 5976 5972 5977
f 5974 5976 5973
f 888 890 889
f 891 893 889
f 890 887 894
f 891 892 894
f 893 888 889
f 888 894 887
f 891 888 893
f 891 894 888
f 890 894 892
f 891 890 892
f 891 889 890
f 887 890 888
f 7385 7383 7387
f 7387 7382 7386
f 7384 7382 7383
f 7384 7386 7382
f 7385 7387 7386
f 7385 7386 7384
f 7384 7383 7385
f 7383 7382 7387
f 6784 6786 6785
f 6787 6789 6788
f 6784 6785 6787
f 6786 6789 6787
f 6788 6789 6786
f 6788 6786 6784
f 6786 6787 6785
f 6784 6787 6788
f 7696 7698 7697
f 7699 7701 7700
f 7697 7699 7696
f 7700 7697 7698
f 7698 7699 7700
f 7696 7699 7698
f 7701 7697 7700
f 7701 7699 7697
f 5325 5327 5326
f 5328 5332 5331
f 5328 5334 5332
f 5331 5324 5325
f 5327 5333 5328
f 5327 5334 5333
f 5326 5337 5335
f 5330 5335 5337
f 5329 5337 5336
f 5330 5337 5329
f 5331 5335 5330
f 5336 5337 5326
f 5326 5335 5325
f 5324 5334 5327
f 5326 5329 5336
f 5326 5327 5329
f 5329 5327 5328
f 5332 5324 5331
f 5331 5325 5335
f 5332 5334 5324
f 5333 5334 5328
f 5328 5331 5329
f 5329 5331 5330
f 5324 5327 5325
f 3405 3407 3406
f 3405 3406 3409
f 3410 3407 3404
f 3410 3404 3405
f 3409 3407 3410
f 3411 3408 3409
f 3406 3407 3409
f 3409 3410 3411
f 3410 3408 3411
f 3410 3405 3408
f 3405 3409 3408
f 3404 3407 3405
f 667 670 669
f 667 668 671
f 672 669 670
f 667 672 670
f 669 671 668
f 672 671 669
f 671 672 667
f 667 669 668
f 2028 2030 2029
f 2031 2033 2032
f 2035 2031 2032
f 2035 2032 2033
f 2030 2033 2031
f 2035 2028 2029
f 2035 2029 2034
f 2030 2034 2029
f 2030 2031 2034
f 2035 2030 2028
f 2035 2033 2030
f 2034 2031 2035
f 6331 6333 6332
f 6334 6333 6330
f 6332 6335 6331
f 6331 6335 6334
f 6334 6332 6333
f 6335 6332 6334
f 6331 6334 6330
f 6330 6333 6331
f 5115 5117 5116
f 5117 5119 5118
f 5120 5123 5122
f 5127 5117 5114
f 5120 5128 5127
f 5125 5129 5122
f 5123 5119 5124
f 5126 5127 5128
f 5129 5125 5126
f 5128 5120 5121
f 5121 5122 5129
f 5121 5129 5131
f 5128 5121 5130
f 5130 5121 5131
f 5126 5130 5131
f 5129 5126 5131
f 5126 5128 5130
f 5118 5119 5123
f 5125 5123 5124
f 5125 5122 5123
f 5127 5114 5115
f 5120 5127 5115
f 5127 5126 5125
f 5124 5127 5125
f 5124 5119 5127
f 5119 5117 5127
f 5116 5120 5115
f 5116 5118 5120
f 5120 5118 5123
f 5120 5122 5121
f 5117 5118 5116
f 5114 5117 5115
f 5532 5534 5533
f 5532 5536 5535
f 5535 5536 5537
f 5535 5533 5534
f 5537 5532 5533
f 5536 5532 5537
f 5537 5533 5535
f 5532 5535 5534
f 2055 2057 2056
f 2059 2060 2055
f 2055 2060 2054
f 2058 2059 2061
f 2059 2056 2057
f 2060 2058 2061
f 2061 2057 2054
f 2060 2061 2054
f 2059 2057 2061
f 2058 2060 2059
f 2059 2055 2056
f 2054 2057 2055
f 5946 5948 5947
f 5949 5951 5950
f 5948 5950 5947
f 5948 5951 5949
f 5946 5950 5951
f 5947 5950 5946
f 5946 5951 5948
f 5949 5950 5948
f 3902 3905 3904
f 3903 3906 3902
f 3902 3907 3905
f 3903 3904 3907
f 3907 3904 3905
f 3903 3907 3906
f 3906 3907 3902
f 3902 3904 3903
f 1887 1889 1888
f 1891 1888 1889
f 1892 1890 1893
f 1887 1891 1889
f 1894 1892 1893
f 1894 1893 1890
f 1894 1890 1891
f 1894 1891 1892
f 1892 1891 1887
f 1888 1890 1887
f 1887 1890 1892
f 1890 1888 1891
f 5187 5189 5188
f 5188 5192 5191
f 5192 5193 5196
f 5190 5189 5186
f 5187 5196 5197
f 5196 5190 5197
f 5198 5188 5191
f 5191 5192 5194
f 5194 5198 5199
f 5195 5198 5194
f 5191 5194 5199
f 5187 5188 5198
f 5198 5191 5199
f 5193 5190 5196
f 5198 5195 5187
f 5187 5197 5186
f 5187 5195 5196
f 5190 5186 5197
f 5192 5195 5194
f 5192 5196 5195
f 5190 5188 5189
f 5190 5192 5188
f 5190 5193 5192
f 5186 5189 5187
f 693 695 694
f 696 698 697
f 695 697 699
f 694 700 698
f 700 697 698
f 700 694 695
f 700 695 699
f 699 697 700
f 694 696 693
f 694 698 696
f 696 697 693
f 693 697 695
f 556 558 557
f 559 555 556
f 560 559 556
f 557 558 560
f 558 559 560
f 555 559 558
f 560 556 557
f 555 558 556
f 5506 5508 5507
f 5509 5510 5507
f 5511 5506 5507
f 5506 5509 5508
f 5510 5509 5511
f 5511 5509 5506
f 5511 5507 5510
f 5509 5507 5508
f 3908 3911 3910
f 3911 3913 3912
f 3908 3909 3913
f 3911 3912 3910
f 3910 3913 3909
f 3912 3913 3910
f 3908 3913 3911
f 3908 3910 3909
f 4754 4756 4755
f 4757 4759 4758
f 4757 4760 4759
f 4760 4761 4758
f 4760 4754 4755
f 4761 4757 4758
f 4756 4757 4755
f 4755 4757 4761
f 4760 4755 4761
f 4760 4758 4759
f 4754 4757 4756
f 4754 4760 4757
f 597 600 599
f 601 602 597
f 597 602 603
f 604 601 598
f 600 603 604
f 603 602 601
f 603 601 604
f 600 604 599
f 604 598 599
f 597 603 600
f 601 597 598
f 597 599 598
f 5486 5489 5488
f 5491 5493 5492
f 5490 5487 5488
f 5492 5493 5488
f 5491 5494 5495
f 5486 5491 5495
f 5489 5486 5495
f 5489 5495 5494
f 5490 5486 5487
f 5490 5491 5486
f 5492 5494 5491
f 5492 5489 5494
f 5492 5488 5489
f 5490 5488 5493
f 5490 5493 5491
f 5486 5488 5487
f 295 299 300
f 296 301 302
f 298 295 296
f 295 300 301
f 298 302 299
f 301 299 302
f 300 299 301
f 297 302 298
f 295 301 296
f 298 296 297
f 296 302 297
f 298 299 295
f 620 622 621
f 622 619 624
f 625 621 626
f 624 619 620
f 625 626 623
f 622 626 621
f 623 626 622
f 625 623 624
f 624 620 625
f 620 621 625
f 622 624 623
f 619 622 620
f 7577 7579 7578
f 7579 7581 7580
f 7580 7582 7578
f 7578 7582 7583
f 7583 7580 7581
f 7581 7576 7577
f 7581 7577 7583
f 7582 7580 7583
f 7578 7583 7577
f 7580 7578 7579
f 7576 7581 7579
f 7576 7579 7577
f 4874 4877 4876
f 4878 4876 4877
f 4874 4875 4879
f 4879 4876 4878
f 4878 4874 4879
f 4877 4874 4878
f 4875 4876 4879
f 4874 4876 4875
f 4636 4639 4638
f 4639 4640 4638
f 4640 4639 4636
f 4641 4636 4637
f 4641 4637 4638
f 4641 4638 4640
f 4640 4636 4641
f 4636 4638 4637
f 4750 4752 4751
f 4750 4751 4753
f 4753 4752 4750
f 4751 4752 4753
f 5312 5314 5313
f 5315 5317 5316
f 5312 5313 5315
f 5314 5315 5313
f 5314 5316 5317
f 5312 5316 5314
f 5317 5315 5314
f 5312 5315 5316
f 4762 4764 4765
f 4766 4764 4762
f 4767 4766 4763
f 4762 4767 4763
f 4765 4764 4766
f 4765 4766 4767
f 4765 4767 4762
f 4766 4762 4763
f 5927 5929 5928
f 5930 5932 5931
f 5929 5931 5933
f 5928 5935 5927
f 5935 5930 5926
f 5934 5930 5935
f 5931 5932 5934
f 5931 5934 5933
f 5932 5930 5934
f 5935 5926 5927
f 5934 5935 5933
f 5933 5935 5928
f 5929 5933 5928
f 5930 5929 5926
f 5930 5931 5929
f 5926 5929 5927
f 615 617 616
f 617 618 616
f 617 615 618
f 615 616 618
f 7176 7178 7177
f 7179 7181 7180
f 7176 7180 7181
f 7176 7181 7179
f 7180 7177 7178
f 7180 7178 7179
f 7176 7179 7178
f 7177 7180 7176
f 7744 7746 7745
f 7747 7744 7748
f 7749 7747 7748
f 7747 7745 7746
f 7749 7744 7745
f 7748 7744 7749
f 7749 7745 7747
f 7746 7744 7747
f 1709 1710 1716
f 1716 1710 1711
f 1709 1711 1710
f 1712 1714 1711
f 1709 1713 1712
f 1713 1716 1714
f 1715 1716 1713
f 1715 1713 1709
f 1713 1714 1712
f 1712 1711 1709
f 1716 1711 1714
f 1709 1716 1715
f 4323 4326 4325
f 4326 4328 4327
f 4330 4327 4328
f 4323 4329 4330
f 4322 4331 4328
f 4322 4323 4330
f 4329 4325 4327
f 4324 4325 4329
f 4322 4330 4331
f 4322 4328 4326
f 4324 4329 4323
f 4329 4327 4330
f 4330 4328 4331
f 4326 4327 4325
f 4322 4326 4323
f 4323 4325 4324
f 2584 2587 2586
f 2587 2588 2586
f 2589 2584 2585
f 2586 2589 2585
f 2587 2584 2589
f 2587 2589 2588
f 2588 2589 2586
f 2584 2586 2585
f 5360 5362 5361
f 5363 5365 5364
f 5362 5364 5365
f 5363 5361 5362
f 5360 5361 5363
f 5360 5363 5364
f 5363 5362 5365
f 5360 5364 5362
f 7152 7156 7155
f 7158 7155 7156
f 7153 7160 7159
f 7153 7154 7160
f 7160 7154 7155
f 7161 7152 7159
f 7156 7157 7161
f 7156 7161 7158
f 7157 7152 7161
f 7159 7158 7161
f 7159 7160 7158
f 7158 7160 7155
f 7153 7159 7152
f 7155 7154 7153
f 7152 7155 7153
f 7152 7157 7156
f 4332 4334 4333
f 4336 4333 4334
f 4332 4337 4336
f 4337 4335 4336
f 4333 4335 4337
f 4333 4337 4332
f 4332 4336 4334
f 4335 4333 4336
f 5352 5356 5355
f 5354 5355 5357
f 5353 5358 5352
f 5359 5354 5357
f 5359 5352 5358
f 5357 5356 5359
f 5355 5356 5357
f 5356 5352 5359
f 5353 5354 5358
f 5358 5354 5359
f 5352 5354 5353
f 5352 5355 5354
f 367 369 368
f 370 372 371
f 372 367 371
f 369 374 368
f 372 370 374
f 370 371 367
f 370 368 374
f 370 367 368
f 372 374 373
f 373 374 369
f 369 372 373
f 369 367 372
f 1601 1603 1602
f 1604 1606 1605
f 1601 1606 1604
f 1604 1605 1602
f 1605 1606 1601
f 1605 1601 1602
f 1604 1602 1603
f 1601 1604 1603
f 1514 1516 1515
f 1514 1515 1518
f 1517 1513 1514
f 1517 1518 1516
f 1516 1518 1515
f 1517 1516 1513
f 1514 1518 1517
f 1513 1516 1514
f 1554 1556 1555
f 1554 1557 1553
f 1556 1557 1558
f 1558 1554 1555
f 1555 1556 1558
f 1557 1554 1558
f 1553 1557 1556
f 1553 1556 1554
f 5340 5342 5341
f 5341 5342 5343
f 5344 5339 5340
f 5340 5341 5343
f 5342 5345 5343
f 5338 5344 5345
f 5339 5344 5338
f 5338 5345 5342
f 5340 5345 5344
f 5340 5343 5345
f 5338 5342 5339
f 5339 5342 5340
f 1615 1618 1622
f 1615 1616 1617
f 1619 1616 1615
f 1617 1622 1618
f 1616 1620 1621
f 1619 1622 1621
f 1619 1621 1620
f 1616 1621 1617
f 1621 1622 1617
f 1620 1616 1619
f 1615 1617 1618
f 1615 1622 1619
f 5296 5285 5284
f 5294 5284 5285
f 5297 5286 5287
f 5286 5288 5289
f 5289 5290 5291
f 5291 5292 5295
f 5295 5293 5294
f 5284 5292 5290
f 5285 5291 5295
f 5298 5296 5297
f 5299 5296 5298
f 5298 5287 5299
f 5299 5287 5285
f 5285 5287 5289
f 5285 5295 5294
f 5285 5289 5291
f 5296 5286 5297
f 5296 5284 5286
f 5286 5284 5288
f 5284 5290 5288
f 5284 5293 5292
f 5292 5293 5295
f 5290 5292 5291
f 5288 5290 5289
f 5286 5289 5287
f 5297 5287 5298
f 5293 5284 5294
f 5299 5285 5296
f 4275 4277 4276
f 4279 4274 4280
f 4278 4279 4281
f 4273 4279 4278
f 4277 4281 4282
f 4275 4280 4274
f 4280 4281 4279
f 4282 4275 4276
f 4283 4275 4282
f 4282 4281 4283
f 4283 4281 4280
f 4283 4280 4275
f 4277 4282 4276
f 4278 4281 4277
f 4273 4274 4279
f 4273 4278 4274
f 4274 4277 4275
f 4274 4278 4277
f 5318 5320 5319
f 5321 5323 5322
f 5321 5318 5323
f 5318 5322 5323
f 5322 5319 5320
f 5322 5320 5321
f 5319 5322 5318
f 5320 5318 5321
f 3780 3782 3781
f 3780 3785 3784
f 3785 3786 3784
f 3786 3787 3781
f 3783 3786 3785
f 3787 3783 3780
f 3787 3780 3781
f 3787 3786 3783
f 3786 3781 3784
f 3784 3781 3782
f 3783 3785 3780
f 3780 3784 3782
f 7146 7148 7147
f 7149 7151 7150
f 7150 7147 7148
f 7146 7147 7150
f 7151 7149 7148
f 7151 7148 7146
f 7146 7150 7151
f 7150 7148 7149
f 4728 4730 4729
f 4731 4734 4733
f 4735 4733 4734
f 4731 4732 4729
f 4728 4731 4730
f 4733 4728 4729
f 4735 4728 4733
f 4733 4729 4732
f 4734 4731 4735
f 4735 4731 4728
f 4731 4729 4730
f 4731 4733 4732
f 5301 5303 5302
f 5304 5306 5305
f 5307 5308 5301
f 5301 5304 5300
f 5307 5305 5310
f 5308 5310 5311
f 5310 5305 5306
f 5311 5306 5304
f 5311 5304 5309
f 5310 5306 5311
f 5307 5310 5308
f 5308 5311 5309
f 5303 5305 5302
f 5302 5305 5307
f 5309 5304 5308
f 5308 5304 5301
f 5307 5301 5302
f 5305 5303 5300
f 5304 5305 5300
f 5300 5303 5301
f 7751 7753 7752
f 7750 7751 7754
f 7755 7751 7752
f 7755 7752 7753
f 7753 7754 7755
f 7750 7754 7753
f 7754 7751 7755
f 7750 7753 7751
f 7722 7724 7723
f 7725 7724 7726
f 7725 7726 7727
f 7724 7722 7727
f 7722 7725 7727
f 7723 7725 7722
f 7724 7727 7726
f 7723 7724 7725
f 4642 4644 4643
f 4645 4648 4647
f 4650 4646 4647
f 4651 4649 4650
f 4653 4648 4645
f 4651 4646 4649
f 4642 4653 4644
f 4647 4643 4651
f 4643 4647 4648
f 4652 4643 4648
f 4652 4642 4643
f 4647 4651 4650
f 4652 4653 4642
f 4653 4643 4644
f 4653 4645 4643
f 4643 4645 4651
f 4645 4646 4651
f 4652 4648 4653
f 4649 4646 4650
f 4645 4647 4646
f 4384 4386 4385
f 4386 4387 4385
f 4384 4387 4386
f 4387 4384 4385
f 3326 3329 3328
f 3329 3333 3332
f 3331 3336 3335
f 3332 3333 3337
f 3327 3338 3335
f 3337 3329 3326
f 3338 3334 3335
f 3327 3328 3330
f 3330 3334 3339
f 3331 3334 3330
f 3330 3339 3338
f 3327 3330 3338
f 3339 3334 3338
f 3333 3329 3337
f 3326 3336 3337
f 3326 3335 3336
f 3326 3327 3335
f 3332 3337 3336
f 3332 3336 3331
f 3331 3335 3334
f 3328 3331 3330
f 3328 3329 3331
f 3331 3329 3332
f 3326 3328 3327
f 7728 7730 7729
f 7730 7733 7732
f 7732 7733 7734
f 7729 7735 7728
f 7730 7735 7734
f 7735 7731 7732
f 7735 7732 7734
f 7728 7735 7730
f 7730 7734 7733
f 7731 7735 7729
f 7732 7731 7729
f 7730 7732 7729
f 3341 3343 3342
f 3344 3341 3342
f 3343 3345 3344
f 3340 3345 3343
f 3341 3345 3340
f 3344 3345 3341
f 3343 3344 3342
f 3340 3343 3341
f 7487 7490 7489
f 7486 7491 7490
f 7488 7493 7492
f 7490 7491 7493
f 7488 7492 7487
f 7487 7492 7493
f 7487 7491 7486
f 7487 7493 7491
f 7490 7493 7489
f 7489 7493 7488
f 7486 7490 7487
f 7487 7489 7488
f 7428 7430 7429
f 7431 7433 7432
f 7430 7428 7434
f 7435 7428 7429
f 7434 7431 7432
f 7435 7429 7430
f 7435 7433 7431
f 7435 7430 7433
f 7435 7431 7434
f 7434 7428 7435
f 7434 7432 7433
f 7430 7434 7433
f 2295 2292 2294
f 2297 2292 2293
f 2292 2298 2294
f 2299 2297 2293
f 2294 2299 2295
f 2296 2297 2299
f 2296 2299 2298
f 2298 2299 2294
f 2299 2293 2295
f 2296 2298 2292
f 2296 2292 2297
f 2293 2292 2295
f 5676 5679 5678
f 5676 5677 5680
f 5676 5680 5681
f 5681 5677 5678
f 5679 5681 5678
f 5680 5677 5681
f 5676 5681 5679
f 5676 5678 5677
f 4714 4717 4716
f 4716 4718 4715
f 4718 4716 4717
f 4718 4714 4715
f 4714 4719 4717
f 4719 4714 4718
f 4718 4717 4719
f 4714 4716 4715
f 4622 4625 4624
f 4626 4629 4628
f 4625 4626 4630
f 4630 4632 4631
f 4627 4628 4634
f 4634 4629 4625
f 4631 4633 4635
f 4631 4624 4630
f 4623 4635 4633
f 4623 4633 4622
f 4622 4633 4634
f 4623 4631 4635
f 4623 4624 4631
f 4632 4633 4631
f 4628 4629 4634
f 4634 4625 4622
f 4627 4634 4632
f 4632 4634 4633
f 4627 4632 4626
f 4626 4632 4630
f 4629 4626 4625
f 4625 4630 4624
f 4626 4628 4627
f 4622 4624 4623
f 4709 4711 4710
f 4712 4709 4710
f 4711 4712 4713
f 4710 4711 4713
f 4708 4709 4712
f 4708 4712 4711
f 4712 4710 4713
f 4708 4711 4709
f 7068 7072 7071
f 7073 7074 7072
f 7075 7077 7070
f 7069 7079 7078
f 7076 7073 7078
f 7072 7076 7071
f 7081 7077 7075
f 7070 7077 7081
f 7079 7080 7078
f 7081 7080 7079
f 7070 7079 7069
f 7070 7081 7079
f 7081 7075 7080
f 7074 7076 7072
f 7078 7080 7075
f 7076 7078 7075
f 7076 7074 7073
f 7078 7073 7068
f 7069 7078 7068
f 7075 7071 7076
f 7075 7070 7071
f 7073 7072 7068
f 7068 7071 7069
f 7069 7071 7070
f 1055 1057 1056
f 1058 1060 1059
f 1055 1059 1060
f 1055 1060 1058
f 1059 1056 1057
f 1059 1057 1058
f 1055 1058 1057
f 1056 1059 1055
f 1015 1017 1016
f 1020 1021 1011
f 1017 1024 1023
f 1023 1015 1016
f 1014 1025 1013
f 1012 1026 1020
f 1018 1028 1027
f 1019 1021 1030
f 1027 1021 1020
f 1015 1023 1024
f 1029 1027 1028
f 1029 1018 1019
f 1028 1018 1029
f 1030 1027 1029
f 1014 1015 1025
f 1025 1015 1026
f 1026 1015 1024
f 1027 1020 1022
f 1022 1026 1024
f 1027 1030 1021
f 1022 1020 1026
f 1011 1021 1019
f 1019 1030 1029
f 1018 1022 1017
f 1018 1027 1022
f 1025 1026 1013
f 1013 1026 1012
f 1022 1024 1017
f 1017 1023 1016
f 1020 1011 1012
f 1015 1013 1012
f 1011 1018 1012
f 1011 1019 1018
f 1013 1015 1014
f 1012 1018 1015
f 1018 1017 1015
f 1559 1561 1560
f 1560 1563 1559
f 1561 1563 1564
f 1563 1562 1564
f 1564 1560 1561
f 1562 1560 1564
f 1559 1563 1561
f 1562 1563 1560
f 7139 7142 7141
f 7138 7139 7143
f 7142 7144 7141
f 7143 7142 7138
f 7145 7143 7139
f 7144 7140 7141
f 7145 7140 7144
f 7145 7139 7140
f 7144 7143 7145
f 7144 7142 7143
f 7138 7142 7139
f 7139 7141 7140
f 7182 7184 7183
f 7185 7188 7187
f 7189 7185 7186
f 7187 7189 7186
f 7185 7183 7184
f 7188 7189 7187
f 7182 7189 7184
f 7184 7189 7188
f 7185 7184 7188
f 7183 7189 7182
f 7183 7185 7189
f 7185 7187 7186
f 3887 3889 3888
f 3890 3894 3893
f 3894 3895 3897
f 3898 3886 3887
f 3897 3895 3890
f 3894 3896 3900
f 3886 3901 3891
f 3899 3896 3897
f 3901 3890 3891
f 3893 3888 3889
f 3893 3889 3892
f 3900 3896 3899
f 3886 3892 3889
f 3886 3891 3892
f 3886 3898 3901
f 3893 3887 3888
f 3893 3900 3887
f 3893 3894 3900
f 3890 3901 3898
f 3899 3890 3898
f 3899 3897 3890
f 3898 3900 3899
f 3898 3887 3900
f 3894 3897 3896
f 3893 3892 3891
f 3890 3893 3891
f 3890 3895 3894
f 3886 3889 3887
f 1443 1445 1444
f 1446 1448 1447
f 1449 1443 1444
f 1446 1447 1449
f 1446 1443 1448
f 1445 1449 1444
f 1450 1449 1445
f 1445 1446 1450
f 1445 1443 1446
f 1446 1449 1450
f 1448 1443 1447
f 1447 1443 1449
f 2532 2534 2533
f 2535 2537 2536
f 2537 2533 2536
f 2533 2534 2535
f 2532 2537 2535
f 2532 2535 2534
f 2533 2535 2536
f 2532 2533 2537
f 2612 2616 2617
f 2615 2610 2611
f 2615 2616 2614
f 2612 2614 2616
f 2618 2620 2611
f 2615 2613 2617
f 2613 2619 2612
f 2618 2619 2621
f 2618 2621 2620
f 2621 2619 2613
f 2620 2621 2611
f 2611 2613 2615
f 2611 2621 2613
f 2618 2611 2610
f 2618 2610 2619
f 2619 2610 2612
f 2612 2610 2614
f 2617 2616 2615
f 2614 2610 2615
f 2612 2617 2613
f 6432 6431 6434
f 6431 6435 6434
f 6433 6430 6432
f 6430 6433 6435
f 6433 6434 6435
f 6432 6434 6433
f 6430 6435 6431
f 6430 6431 6432
f 1565 1568 1567
f 1566 1569 1565
f 1568 1570 1567
f 1569 1567 1570
f 1570 1568 1565
f 1570 1565 1569
f 1566 1567 1569
f 1565 1567 1566
f 2182 2184 2183
f 2185 2188 2187
f 2187 2189 2186
f 2190 2191 2188
f 2189 2190 2185
f 2191 2182 2183
f 2187 2188 2191
f 2187 2191 2184
f 2184 2191 2183
f 2189 2182 2190
f 2190 2182 2191
f 2189 2185 2186
f 2190 2188 2185
f 2182 2189 2184
f 2184 2189 2187
f 2185 2187 2186
f 5900 5902 5901
f 5903 5901 5902
f 5903 5904 5905
f 5902 5905 5904
f 5900 5901 5903
f 5900 5903 5905
f 5900 5905 5902
f 5903 5902 5904
f 4606 4608 4607
f 4607 4608 4609
f 4609 4608 4606
f 4606 4607 4609
f 6394 6396 6395
f 6397 6393 6398
f 6399 6401 6400
f 6394 6398 6393
f 6394 6401 6399
f 6400 6395 6396
f 6400 6392 6397
f 6396 6392 6400
f 6401 6395 6400
f 6395 6401 6394
f 6399 6398 6394
f 6399 6397 6398
f 6399 6400 6397
f 6392 6393 6397
f 6392 6394 6393
f 6392 6396 6394
f 1769 1771 1770
f 1770 1773 1772
f 1769 1772 1774
f 1772 1773 1774
f 1770 1774 1773
f 1771 1774 1770
f 1769 1774 1771
f 1770 1772 1769
f 3614 3612 3617
f 3612 3611 3613
f 3610 3615 3611
f 3615 3613 3611
f 3616 3617 3612
f 3614 3617 3616
f 3614 3616 3615
f 3616 3612 3613
f 3616 3613 3615
f 3614 3615 3610
f 3610 3611 3612
f 3610 3612 3614
f 1881 1883 1882
f 1881 1885 1884
f 1885 1881 1882
f 1884 1885 1886
f 1882 1884 1886
f 1883 1884 1882
f 1885 1882 1886
f 1881 1884 1883
f 2590 2592 2591
f 2593 2590 2591
f 2592 2590 2593
f 2591 2592 2593
f 5553 5555 5554
f 5554 5557 5556
f 5555 5559 5558
f 5553 5559 5552
f 5558 5557 5554
f 5557 5559 5556
f 5558 5559 5557
f 5558 5554 5555
f 5556 5559 5553
f 5552 5559 5555
f 5554 5556 5553
f 5552 5555 5553
f 6386 6388 6387
f 6388 6390 6389
f 6389 6390 6391
f 6389 6386 6387
f 6391 6390 6388
f 6391 6388 6386
f 6391 6386 6389
f 6388 6389 6387
f 1906 1908 1907
f 1910 1907 1908
f 1909 1910 1911
f 1907 1909 1911
f 1908 1911 1910
f 1912 1905 1906
f 1912 1908 1905
f 1912 1911 1908
f 1907 1912 1906
f 1907 1911 1912
f 1909 1907 1910
f 1905 1908 1906
f 6408 6410 6409
f 6409 6413 6412
f 6414 6411 6412
f 6410 6413 6409
f 6414 6410 6408
f 6415 6412 6413
f 6414 6412 6415
f 6415 6410 6414
f 6414 6408 6411
f 6415 6413 6410
f 6409 6412 6408
f 6408 6412 6411
f 4720 4722 4721
f 4723 4725 4724
f 4726 4723 4724
f 4720 4727 4722
f 4724 4722 4727
f 4725 4726 4720
f 4723 4726 4725
f 4725 4720 4721
f 4721 4724 4725
f 4721 4722 4724
f 4726 4727 4720
f 4726 4724 4727
f 1091 1094 1093
f 1095 1093 1096
f 1096 1094 1098
f 1100 1094 1091
f 1099 1097 1098
f 1096 1097 1099
f 1095 1100 1091
f 1095 1091 1092
f 1096 1100 1095
f 1096 1099 1100
f 1098 1100 1099
f 1098 1094 1100
f 1093 1094 1096
f 1096 1098 1097
f 1092 1093 1095
f 1091 1093 1092
f 7130 7132 7131
f 7134 7136 7135
f 7136 7132 7130
f 7135 7137 7134
f 7133 7130 7131
f 7132 7136 7133
f 7132 7133 7131
f 7137 7133 7134
f 7137 7130 7133
f 7136 7137 7135
f 7136 7130 7137
f 7133 7136 7134
f 7190 7192 7191
f 7193 7195 7194
f 7194 7195 7197
f 7198 7200 7199
f 7198 7194 7196
f 7198 7195 7193
f 7199 7191 7201
f 7196 7201 7191
f 7197 7201 7196
f 7196 7191 7192
f 7190 7191 7200
f 7200 7191 7199
f 7201 7197 7199
f 7199 7197 7198
f 7198 7197 7195
f 7192 7190 7200
f 7198 7196 7200
f 7198 7193 7194
f 7200 7196 7192
f 7194 7197 7196
f 4654 4657 4656
f 4655 4660 4659
f 4660 4661 4659
f 4659 4661 4656
f 4656 4661 4660
f 4657 4654 4658
f 4656 4660 4655
f 4656 4657 4658
f 4659 4656 4658
f 4655 4659 4654
f 4654 4659 4658
f 4654 4656 4655
f 1843 1845 1844
f 1846 1848 1847
f 1849 1848 1850
f 1846 1847 1849
f 1850 1845 1849
f 1850 1846 1843
f 1848 1846 1850
f 1850 1843 1844
f 1844 1845 1850
f 1849 1845 1843
f 1846 1849 1843
f 1847 1848 1849
f 4235 4237 4236
f 4235 4236 4239
f 4237 4239 4236
f 4234 4239 4237
f 4238 4234 4235
f 4238 4239 4234
f 4235 4239 4238
f 4234 4237 4235
f 7902 7904 7903
f 7905 7907 7906
f 7906 7907 7904
f 7906 7903 7905
f 7904 7907 7905
f 7904 7905 7903
f 7902 7903 7906
f 7906 7904 7902
f 7710 7712 7711
f 7710 7715 7714
f 7718 7715 7719
f 7712 7717 7718
f 7718 7711 7712
f 7715 7711 7719
f 7720 7708 7721
f 7709 7714 7716
f 7720 7721 7716
f 7720 7716 7717
f 7709 7721 7708
f 7709 7716 7721
f 7713 7708 7720
f 7710 7711 7715
f 7719 7711 7718
f 7720 7717 7713
f 7713 7717 7712
f 7716 7714 7717
f 7717 7715 7718
f 7717 7714 7715
f 7710 7714 7709
f 7708 7713 7709
f 7709 7713 7710
f 7710 7713 7712
f 1115 1117 1116
f 1118 1120 1119
f 1117 1119 1116
f 1115 1118 1117
f 1119 1115 1116
f 1120 1115 1119
f 1120 1118 1115
f 1118 1119 1117
f 4662 4665 4664
f 4666 4668 4667
f 4665 4662 4666
f 4668 4669 4667
f 4669 4666 4662
f 4669 4663 4664
f 4669 4664 4667
f 4668 4666 4669
f 4669 4662 4663
f 4666 4664 4665
f 4666 4667 4664
f 4662 4664 4663
f 5475 5470 5471
f 5474 5475 5471
f 5472 5473 5475
f 5476 5477 5470
f 5478 5476 5472
f 5477 5471 5470
f 5476 5479 5477
f 5478 5479 5476
f 5479 5471 5477
f 5478 5472 5474
f 5470 5473 5472
f 5476 5470 5472
f 5472 5475 5474
f 5474 5471 5478
f 5478 5471 5479
f 5473 5470 5475
f 2650 2653 2652
f 2654 2650 2651
f 2655 2652 2653
f 2655 2650 2654
f 2652 2655 2654
f 2652 2654 2651
f 2653 2650 2655
f 2650 2652 2651
f 303 305 304
f 306 304 305
f 304 306 303
f 303 306 305
f 6062 6060 6061
f 6063 6061 6060
f 6062 6061 6063
f 6064 6060 6065
f 6065 6062 6063
f 6065 6063 6064
f 6063 6060 6064
f 6065 6060 6062
f 6747 6741 6746
f 6740 6742 6741
f 6745 6742 6743
f 6742 6746 6741
f 6747 6745 6743
f 6745 6746 6744
f 6747 6746 6745
f 6747 6743 6740
f 6744 6746 6742
f 6744 6742 6745
f 6743 6742 6740
f 6740 6741 6747
f 5105 5107 5106
f 5108 5105 5106
f 5109 5111 5110
f 5110 5106 5107
f 5109 5113 5112
f 5105 5113 5104
f 5104 5113 5109
f 5104 5110 5107
f 5104 5109 5110
f 5112 5105 5108
f 5112 5113 5105
f 5109 5112 5111
f 5112 5108 5111
f 5111 5108 5110
f 5110 5108 5106
f 5104 5107 5105
f 1081 1085 1084
f 1084 1087 1083
f 1083 1088 1082
f 1085 1081 1090
f 1082 1090 1081
f 1087 1090 1088
f 1089 1084 1085
f 1086 1084 1089
f 1089 1087 1086
f 1089 1090 1087
f 1088 1090 1082
f 1085 1090 1089
f 1087 1088 1083
f 1086 1087 1084
f 1081 1083 1082
f 1081 1084 1083
f 158 160 159
f 157 162 161
f 160 157 161
f 160 163 164
f 159 162 158
f 161 162 164
f 161 164 163
f 164 162 159
f 160 164 159
f 160 161 163
f 158 162 157
f 157 160 158
f 4744 4746 4745
f 4748 4745 4746
f 4748 4744 4749
f 4745 4747 4749
f 4749 4747 4748
f 4745 4749 4744
f 4746 4744 4748
f 4747 4745 4748
f 5172 5174 5173
f 5171 5176 5175
f 5177 5173 5174
f 5170 5171 5175
f 5176 5177 5179
f 5176 5178 5175
f 5178 5177 5174
f 5179 5177 5178
f 5178 5174 5170
f 5179 5178 5176
f 5173 5177 5172
f 5172 5177 5176
f 5170 5175 5178
f 5172 5176 5171
f 5170 5174 5171
f 5171 5174 5172
f 415 417 416
f 418 420 419
f 419 415 418
f 420 415 416
f 419 416 417
f 420 416 419
f 418 415 420
f 417 415 419
f 4096 4098 4097
f 4098 4100 4099
f 4094 4100 4098
f 4095 4101 4094
f 4097 4099 4096
f 4100 4096 4099
f 4095 4096 4101
f 4101 4096 4100
f 4101 4100 4094
f 4098 4099 4097
f 4094 4096 4095
f 4094 4098 4096
f 1477 1481 1480
f 1483 1481 1484
f 1479 1486 1485
f 1484 1481 1482
f 1483 1477 1486
f 1486 1477 1478
f 1478 1479 1485
f 1486 1478 1485
f 1482 1477 1484
f 1484 1477 1483
f 1483 1486 1480
f 1480 1486 1479
f 1480 1481 1483
f 1477 1479 1478
f 1477 1480 1479
f 1477 1482 1481
f 4305 4308 4307
f 4310 4304 4305
f 4307 4311 4306
f 4304 4309 4308
f 4307 4310 4311
f 4310 4306 4311
f 4305 4306 4310
f 4309 4310 4308
f 4308 4310 4307
f 4309 4304 4310
f 4304 4308 4305
f 4305 4307 4306
f 1543 1546 1545
f 1545 1546 1548
f 1543 1548 1546
f 1547 1548 1549
f 1550 1543 1544
f 1550 1551 1549
f 1551 1545 1547
f 1544 1551 1552
f 1544 1545 1551
f 1552 1551 1550
f 1550 1544 1552
f 1547 1549 1551
f 1549 1543 1550
f 1549 1548 1543
f 1545 1548 1547
f 1543 1545 1544
f 5230 5232 5231
f 5231 5232 5234
f 5235 5233 5234
f 5231 5233 5235
f 5234 5230 5235
f 5232 5230 5234
f 5231 5235 5230
f 5231 5234 5233
f 5464 5465 5469
f 5464 5463 5465
f 5462 5467 5463
f 5464 5466 5462
f 5467 5465 5463
f 5468 5469 5467
f 5468 5467 5466
f 5469 5465 5467
f 5468 5466 5464
f 5466 5467 5462
f 5462 5463 5464
f 5464 5469 5468
f 5952 5956 5955
f 5959 5952 5953
f 5960 5954 5955
f 5958 5963 5962
f 5956 5963 5961
f 5959 5953 5954
f 5958 5962 5957
f 5963 5956 5957
f 5963 5957 5962
f 5958 5957 5952
f 5959 5954 5960
f 5956 5961 5955
f 5960 5958 5959
f 5960 5961 5958
f 5958 5961 5963
f 5960 5955 5961
f 5958 5952 5959
f 5952 5954 5953
f 5952 5955 5954
f 5952 5957 5956
f 7703 7705 7704
f 7706 7702 7703
f 7706 7707 7705
f 7704 7705 7707
f 7707 7706 7703
f 7707 7703 7704
f 7706 7705 7702
f 7702 7705 7703
f 5180 5182 5181
f 5183 5182 5180
f 5185 5183 5184
f 5180 5185 5184
f 5181 5183 5185
f 5182 5183 5181
f 5181 5185 5180
f 5183 5180 5184
f 7684 7687 7686
f 7688 7690 7689
f 7688 7692 7691
f 7691 7694 7693
f 7685 7693 7690
f 7694 7691 7692
f 7689 7693 7694
f 7692 7689 7695
f 7688 7689 7692
f 7690 7693 7689
f 7689 7694 7695
f 7694 7692 7695
f 7685 7690 7684
f 7691 7685 7686
f 7691 7693 7685
f 7688 7686 7687
f 7688 7691 7686
f 7684 7688 7687
f 7684 7690 7688
f 7684 7686 7685
f 2137 2139 2138
f 2140 2142 2141
f 2142 2145 2144
f 2140 2143 2142
f 2144 2145 2138
f 2141 2139 2136
f 2138 2140 2137
f 2143 2138 2145
f 2143 2140 2138
f 2144 2139 2141
f 2144 2138 2139
f 2143 2145 2142
f 2142 2144 2141
f 2141 2136 2137
f 2140 2141 2137
f 2136 2139 2137
f 7540 7543 7542
f 7544 7547 7546
f 7540 7544 7545
f 7549 7546 7547
f 7549 7547 7544
f 7549 7541 7542
f 7548 7545 7546
f 7543 7548 7542
f 7543 7545 7548
f 7549 7542 7548
f 7549 7540 7541
f 7549 7544 7540
f 7548 7546 7549
f 7540 7545 7543
f 7544 7546 7545
f 7540 7542 7541
f 5872 5874 5873
f 5872 5876 5875
f 5877 5875 5876
f 5872 5873 5877
f 5873 5874 5875
f 5873 5875 5877
f 5872 5877 5876
f 5872 5875 5874
f 7736 7738 7737
f 7739 7741 7740
f 7736 7737 7741
f 7743 7739 7740
f 7738 7743 7740
f 7743 7736 7742
f 7738 7736 7743
f 7738 7741 7737
f 7738 7740 7741
f 7742 7739 7743
f 7736 7739 7742
f 7736 7741 7739
f 4855 4857 4856
f 4858 4854 4855
f 4856 4857 4859
f 4857 4854 4858
f 4855 4856 4859
f 4855 4859 4858
f 4857 4858 4859
f 4854 4857 4855
f 5586 5588 5587
f 5589 5587 5588
f 5589 5590 5591
f 5586 5589 5591
f 5588 5591 5590
f 5586 5591 5588
f 5587 5589 5586
f 5589 5588 5590
f 1156 1158 1157
f 1160 1162 1161
f 1161 1156 1157
f 1160 1155 1159
f 1155 1156 1162
f 1161 1158 1160
f 1157 1158 1161
f 1155 1162 1159
f 1158 1155 1160
f 1162 1156 1161
f 1159 1162 1160
f 1155 1158 1156
f 7628 7630 7629
f 7629 7632 7631
f 7632 7633 7631
f 7629 7633 7628
f 7632 7628 7633
f 7630 7628 7632
f 7631 7633 7629
f 7630 7632 7629
f 242 241 246
f 244 241 242
f 243 250 247
f 243 244 252
f 245 246 247
f 247 251 248
f 248 244 242
f 250 249 252
f 250 252 251
f 251 244 248
f 248 242 245
f 251 252 244
f 250 251 247
f 245 247 248
f 243 252 249
f 247 246 241
f 243 247 241
f 243 249 250
f 243 241 244
f 242 246 245
f 3957 3955 3949
f 3949 3948 3951
f 3953 3950 3952
f 3954 3948 3949
f 3951 3956 3950
f 3950 3957 3952
f 3954 3957 3956
f 3955 3957 3954
f 3956 3957 3950
f 3954 3956 3948
f 3948 3956 3951
f 3954 3949 3955
f 3951 3950 3953
f 3949 3951 3953
f 3957 3953 3952
f 3957 3949 3953
f 1061 1064 1063
f 1063 1067 1066
f 1067 1069 1068
f 1071 1061 1072
f 1070 1068 1069
f 1067 1063 1064
f 1071 1066 1068
f 1065 1061 1062
f 1072 1061 1065
f 1065 1066 1072
f 1072 1066 1071
f 1067 1070 1069
f 1067 1064 1070
f 1071 1068 1070
f 1064 1071 1070
f 1064 1061 1071
f 1067 1068 1066
f 1063 1065 1062
f 1063 1066 1065
f 1061 1063 1062
f 1579 1581 1580
f 1581 1584 1583
f 1585 1584 1582
f 1586 1583 1584
f 1581 1583 1586
f 1579 1580 1586
f 1579 1585 1582
f 1579 1586 1585
f 1581 1586 1580
f 1586 1584 1585
f 1582 1584 1579
f 1579 1584 1581
f 1074 1076 1075
f 1077 1078 1076
f 1075 1076 1078
f 1074 1075 1079
f 1077 1074 1080
f 1080 1079 1078
f 1080 1078 1077
f 1073 1074 1077
f 1074 1079 1080
f 1075 1078 1079
f 1077 1076 1073
f 1073 1076 1074
f 1895 1898 1897
f 1898 1899 1897
f 1899 1900 1896
f 1900 1895 1896
f 1899 1895 1900
f 1898 1895 1899
f 1899 1896 1897
f 1895 1897 1896
f 1487 1490 1489
f 1490 1493 1492
f 1491 1496 1493
f 1497 1492 1493
f 1498 1496 1494
f 1495 1487 1488
f 1488 1494 1495
f 1492 1489 1490
f 1498 1492 1497
f 1498 1489 1492
f 1498 1494 1489
f 1489 1494 1488
f 1491 1487 1495
f 1497 1496 1498
f 1497 1493 1496
f 1494 1491 1495
f 1494 1496 1491
f 1491 1490 1487
f 1491 1493 1490
f 1487 1489 1488
f 291 290 287
f 293 288 289
f 289 287 290
f 292 287 288
f 293 289 290
f 293 291 292
f 294 291 293
f 293 290 294
f 291 287 292
f 288 287 289
f 292 288 293
f 294 290 291
f 7680 7682 7681
f 7683 7681 7682
f 7682 7680 7683
f 7683 7680 7681
f 1504 1503 1502
f 1507 1509 1508
f 1506 1501 1505
f 1501 1502 1510
f 1506 1511 1499
f 1511 1504 1499
f 1511 1508 1509
f 1509 1502 1503
f 1507 1508 1512
f 1510 1502 1509
f 1509 1503 1504
f 1511 1509 1504
f 1511 1512 1508
f 1499 1500 1506
f 1507 1511 1506
f 1507 1512 1511
f 1501 1510 1505
f 1500 1501 1506
f 1505 1510 1506
f 1506 1509 1507
f 1506 1510 1509
f 1499 1504 1500
f 1500 1504 1501
f 1501 1504 1502
f 6366 6370 6369
f 6372 6369 6370
f 6371 6368 6369
f 6377 6376 6374
f 6374 6376 6373
f 6375 6367 6377
f 6368 6377 6367
f 6372 6370 6366
f 6372 6366 6375
f 6376 6377 6373
f 6373 6377 6368
f 6366 6367 6375
f 6375 6371 6372
f 6375 6377 6371
f 6371 6377 6374
f 6373 6368 6374
f 6374 6368 6371
f 6371 6369 6372
f 6369 6368 6367
f 6366 6369 6367
f 1757 1759 1758
f 1760 1757 1758
f 1759 1757 1760
f 1760 1758 1759
f 1007 1009 1008
f 1010 1009 1007
f 1008 1010 1007
f 1010 1008 1009
f 5042 5044 5043
f 5045 5047 5046
f 5049 5045 5046
f 5046 5047 5049
f 5044 5048 5043
f 5048 5049 5047
f 5048 5042 5043
f 5048 5047 5042
f 5045 5048 5044
f 5048 5045 5049
f 5042 5045 5044
f 5042 5047 5045
f 7598 7600 7599
f 7598 7602 7601
f 7602 7603 7601
f 7602 7599 7600
f 7600 7598 7601
f 7600 7601 7603
f 7602 7600 7603
f 7599 7602 7598
f 3876 3874 3875
f 3881 3876 3877
f 3884 3877 3875
f 3880 3879 3881
f 3882 3874 3876
f 3880 3882 3878
f 3883 3875 3874
f 3882 3885 3883
f 3884 3885 3882
f 3885 3875 3883
f 3884 3882 3880
f 3876 3879 3878
f 3882 3876 3878
f 3882 3883 3874
f 3878 3879 3880
f 3880 3877 3884
f 3884 3875 3885
f 3880 3881 3877
f 3879 3876 3881
f 3876 3875 3877
f 7510 7512 7511
f 7513 7511 7512
f 7512 7510 7513
f 7513 7510 7511
f 2656 2658 2657
f 2659 2657 2658
f 2658 2656 2659
f 2659 2656 2657
f 1762 1764 1763
f 1763 1766 1762
f 1764 1765 1763
f 1764 1768 1767
f 1766 1768 1761
f 1768 1765 1767
f 1766 1765 1768
f 1766 1761 1762
f 1761 1768 1764
f 1767 1765 1764
f 1765 1766 1763
f 1761 1764 1762
f 7120 7119 7116
f 7121 7117 7118
f 7117 7116 7119
f 7120 7116 7117
f 7123 7118 7119
f 7123 7120 7121
f 7123 7121 7122
f 7122 7118 7123
f 7120 7117 7121
f 7117 7119 7118
f 7121 7118 7122
f 7123 7119 7120
f 15 10 14
f 16 9 15
f 13 12 16
f 12 10 9
f 13 14 10
f 16 14 13
f 15 14 16
f 13 10 11
f 11 10 12
f 11 12 13
f 12 9 16
f 9 10 15
f 4610 4612 4611
f 4613 4616 4615
f 4617 4619 4618
f 4617 4610 4611
f 4615 4616 4618
f 4618 4619 4621
f 4611 4619 4620
f 4610 4617 4613
f 4610 4614 4612
f 4610 4613 4614
f 4615 4612 4614
f 4615 4621 4612
f 4612 4621 4619
f 4612 4619 4611
f 4615 4618 4621
f 4617 4611 4620
f 4618 4616 4613
f 4617 4618 4613
f 4617 4620 4619
f 4613 4615 4614
f 3016 3018 3017
f 3019 3021 3020
f 3019 3016 3017
f 3021 3016 3020
f 3019 3018 3021
f 3017 3018 3019
f 3018 3016 3021
f 3020 3016 3019
f 4678 4680 4679
f 4681 4683 4682
f 4681 4685 4684
f 4678 4684 4685
f 4683 4685 4682
f 4679 4684 4678
f 4681 4684 4683
f 4683 4684 4679
f 4680 4685 4679
f 4679 4685 4683
f 4678 4685 4680
f 4682 4685 4681
f 1241 1245 1244
f 1246 1250 1249
f 1246 1244 1245
f 1248 1249 1241
f 1247 1242 1243
f 1249 1245 1241
f 1246 1247 1243
f 1246 1243 1244
f 1250 1245 1249
f 1248 1242 1247
f 1248 1241 1242
f 1246 1245 1250
f 1246 1248 1247
f 1246 1249 1248
f 1244 1243 1242
f 1241 1244 1242
f 5568 5570 5569
f 5571 5574 5573
f 5570 5575 5571
f 5567 5568 5573
f 5576 5579 5577
f 5572 5568 5569
f 5571 5575 5578
f 5579 5576 5570
f 5567 5577 5579
f 5567 5579 5566
f 5579 5570 5566
f 5571 5578 5574
f 5573 5568 5572
f 5576 5577 5575
f 5575 5577 5578
f 5577 5567 5578
f 5578 5567 5574
f 5574 5567 5573
f 5570 5572 5569
f 5570 5571 5572
f 5570 5576 5575
f 5571 5573 5572
f 5566 5570 5567
f 5567 5570 5568
f 1870 1872 1871
f 1871 1876 1875
f 1872 1877 1876
f 1878 1874 1875
f 1869 1870 1873
f 1877 1875 1876
f 1878 1879 1873
f 1869 1880 1877
f 1879 1880 1869
f 1869 1877 1872
f 1880 1879 1878
f 1878 1873 1874
f 1878 1877 1880
f 1878 1875 1877
f 1869 1873 1879
f 1872 1876 1871
f 1870 1874 1873
f 1870 1875 1874
f 1870 1871 1875
f 1869 1872 1870
f 3918 3920 3919
f 3921 3919 3922
f 3921 3920 3918
f 3921 3922 3923
f 3919 3920 3923
f 3919 3923 3922
f 3923 3920 3921
f 3918 3919 3921
f 1830 1832 1831
f 1835 1837 1836
f 1838 1833 1839
f 1836 1831 1832
f 1839 1841 1840
f 1829 1841 1834
f 1840 1841 1829
f 1830 1837 1838
f 1840 1842 1838
f 1840 1838 1839
f 1831 1836 1830
f 1830 1838 1842
f 1830 1836 1837
f 1840 1830 1842
f 1840 1829 1830
f 1829 1835 1832
f 1829 1834 1835
f 1834 1841 1833
f 1833 1841 1839
f 1836 1832 1835
f 1837 1833 1838
f 1833 1837 1834
f 1834 1837 1835
f 1829 1832 1830
f 1529 1531 1530
f 1528 1534 1533
f 1535 1537 1536
f 1536 1540 1533
f 1532 1537 1535
f 1531 1542 1530
f 1541 1538 1539
f 1539 1534 1529
f 1536 1527 1540
f 1533 1540 1527
f 1533 1527 1528
f 1532 1536 1537
f 1532 1527 1536
f 1539 1530 1542
f 1539 1529 1530
f 1541 1539 1542
f 1541 1542 1531
f 1531 1538 1541
f 1531 1535 1538
f 1531 1532 1535
f 1534 1539 1538
f 1535 1534 1538
f 1535 1533 1534
f 1536 1533 1535
f 1529 1534 1528
f 1527 1532 1528
f 1528 1531 1529
f 1528 1532 1531
f 5655 5657 5656
f 5654 5659 5657
f 5659 5661 5660
f 5662 5655 5656
f 5662 5661 5663
f 5659 5658 5663
f 5654 5655 5662
f 5654 5663 5658
f 5654 5662 5663
f 5659 5663 5661
f 5660 5661 5662
f 5662 5656 5660
f 5660 5656 5657
f 5659 5660 5657
f 5658 5659 5654
f 5654 5657 5655
f 1129 1132 1131
f 1133 1135 1129
f 1136 1138 1135
f 1133 1134 1137
f 1138 1136 1131
f 1130 1136 1137
f 1129 1135 1138
f 1129 1138 1132
f 1131 1136 1130
f 1130 1137 1134
f 1138 1131 1132
f 1136 1133 1137
f 1136 1135 1133
f 1133 1130 1134
f 1133 1129 1130
f 1129 1131 1130
f 1587 1589 1588
f 1590 1588 1589
f 1590 1589 1587
f 1590 1587 1588
f 1467 1469 1468
f 1470 1472 1471
f 1468 1471 1472
f 1468 1470 1467
f 1471 1469 1467
f 1471 1467 1470
f 1472 1470 1468
f 1469 1471 1468
f 1360 1362 1361
f 1359 1364 1363
f 1364 1362 1363
f 1363 1362 1359
f 1360 1361 1364
f 1361 1362 1364
f 1360 1364 1359
f 1359 1362 1360
f 7820 7823 7822
f 7821 7822 7824
f 7825 7821 7824
f 7820 7825 7823
f 7822 7823 7825
f 7822 7825 7824
f 7820 7821 7825
f 7820 7822 7821
f 7665 7667 7666
f 7670 7672 7671
f 7670 7667 7664
f 7672 7666 7671
f 7664 7665 7673
f 7671 7666 7667
f 7673 7672 7668
f 7671 7667 7670
f 7664 7668 7669
f 7664 7673 7668
f 7665 7672 7673
f 7665 7666 7672
f 7670 7664 7669
f 7668 7672 7669
f 7669 7672 7670
f 7664 7667 7665
f 254 256 255
f 258 260 259
f 257 261 253
f 258 256 253
f 262 259 260
f 261 257 258
f 256 262 255
f 260 254 255
f 262 260 255
f 259 256 258
f 258 253 261
f 259 262 256
f 257 254 260
f 257 253 254
f 257 260 258
f 253 256 254
f 5444 5446 5445
f 5447 5449 5448
f 5446 5451 5450
f 5449 5450 5451
f 5450 5444 5445
f 5444 5448 5449
f 5444 5449 5446
f 5446 5449 5451
f 5448 5450 5447
f 5448 5444 5450
f 5447 5450 5449
f 5446 5450 5445
f 4212 4214 4213
f 4215 4218 4217
f 4216 4217 4219
f 4220 4213 4214
f 4214 4212 4221
f 4213 4221 4212
f 4218 4215 4221
f 4218 4221 4220
f 4220 4221 4213
f 4219 4215 4216
f 4219 4221 4215
f 4219 4214 4221
f 4218 4219 4217
f 4218 4220 4219
f 4219 4220 4214
f 4215 4217 4216
f 59 61 60
f 62 61 63
f 64 62 63
f 61 64 63
f 62 59 60
f 64 59 62
f 59 64 61
f 60 61 62
f 5206 5209 5208
f 5207 5212 5211
f 5210 5214 5213
f 5213 5209 5206
f 5209 5213 5214
f 5215 5211 5212
f 5215 5212 5207
f 5215 5207 5208
f 5214 5211 5215
f 5209 5215 5208
f 5209 5214 5215
f 5213 5206 5210
f 5211 5214 5210
f 5207 5210 5206
f 5207 5211 5210
f 5206 5208 5207
f 1271 1273 1272
f 1274 1273 1271
f 1273 1274 1272
f 1274 1271 1272
f 1735 1739 1738
f 1741 1744 1743
f 1743 1735 1736
f 1741 1738 1739
f 1736 1737 1742
f 1740 1739 1735
f 1737 1738 1741
f 1737 1741 1742
f 1740 1735 1744
f 1736 1742 1743
f 1741 1739 1740
f 1744 1735 1743
f 1740 1744 1741
f 1741 1743 1742
f 1738 1737 1736
f 1735 1738 1736
f 4151 4153 4152
f 4155 4157 4156
f 4150 4151 4158
f 4159 4156 4157
f 4156 4159 4155
f 4152 4155 4159
f 4157 4154 4152
f 4157 4152 4153
f 4159 4158 4151
f 4152 4159 4151
f 4152 4154 4155
f 4158 4159 4150
f 4150 4159 4153
f 4153 4159 4157
f 4154 4157 4155
f 4150 4153 4151
f 1745 1747 1746
f 1748 1750 1749
f 1748 1747 1745
f 1750 1746 1747
f 1750 1748 1745
f 1750 1745 1746
f 1750 1747 1749
f 1749 1747 1748
f 5665 5667 5666
f 5670 5672 5671
f 5666 5667 5669
f 5669 5667 5664
f 5673 5675 5672
f 5670 5671 5674
f 5666 5671 5672
f 5668 5664 5665
f 5668 5675 5673
f 5668 5665 5675
f 5672 5675 5665
f 5666 5672 5665
f 5666 5674 5671
f 5669 5664 5668
f 5666 5670 5674
f 5666 5669 5670
f 5668 5672 5669
f 5669 5672 5670
f 5668 5673 5672
f 5664 5667 5665
f 6769 6771 6770
f 6772 6768 6769
f 6775 6770 6771
f 6774 6773 6769
f 6775 6768 6772
f 6772 6774 6775
f 6773 6774 6772
f 6771 6768 6775
f 6774 6769 6770
f 6774 6770 6775
f 6772 6769 6773
f 6768 6771 6769
f 3768 3770 3769
f 3771 3773 3772
f 3770 3768 3771
f 3769 3772 3773
f 3771 3768 3769
f 3771 3769 3773
f 3770 3772 3769
f 3770 3771 3772
f 7856 7853 7857
f 7852 7851 7853
f 7854 7855 7851
f 7852 7854 7850
f 7851 7857 7853
f 7854 7857 7855
f 7856 7857 7854
f 7855 7857 7851
f 7856 7854 7852
f 7854 7851 7850
f 7850 7851 7852
f 7852 7853 7856
f 1607 1609 1608
f 1610 1612 1611
f 1611 1608 1609
f 1612 1610 1614
f 1611 1614 1610
f 1608 1613 1614
f 1608 1614 1607
f 1607 1611 1609
f 1607 1614 1611
f 1612 1614 1613
f 1613 1611 1612
f 1613 1608 1611
f 1452 1454 1453
f 1455 1458 1457
f 1456 1457 1459
f 1460 1453 1454
f 1460 1455 1452
f 1455 1456 1459
f 1460 1454 1451
f 1458 1459 1457
f 1458 1460 1459
f 1459 1460 1451
f 1455 1451 1452
f 1455 1459 1451
f 1458 1455 1460
f 1460 1452 1453
f 1455 1457 1456
f 1451 1454 1452
f 405 408 407
f 411 413 412
f 406 412 413
f 407 408 410
f 409 408 405
f 412 406 407
f 409 414 413
f 412 407 411
f 410 408 409
f 409 405 414
f 407 410 411
f 413 414 405
f 406 413 405
f 409 413 410
f 410 413 411
f 405 407 406
f 2130 2133 2132
f 2130 2131 2134
f 2132 2133 2135
f 2131 2132 2135
f 2130 2135 2133
f 2134 2135 2130
f 2131 2135 2134
f 2130 2132 2131
f 5216 5218 5217
f 5219 5221 5220
f 5219 5220 5216
f 5218 5221 5219
f 5221 5216 5220
f 5218 5216 5221
f 5218 5219 5217
f 5219 5216 5217
f 4046 4048 4047
f 4049 4047 4048
f 4048 4046 4049
f 4046 4047 4049
f 5887 5889 5888
f 5887 5893 5892
f 5892 5896 5895
f 5888 5896 5898
f 5893 5887 5888
f 5893 5898 5896
f 5886 5897 5889
f 5890 5891 5894
f 5897 5899 5894
f 5897 5894 5895
f 5890 5894 5899
f 5899 5897 5890
f 5890 5897 5886
f 5893 5896 5892
f 5893 5888 5898
f 5897 5895 5889
f 5889 5896 5888
f 5889 5895 5896
f 5895 5894 5891
f 5892 5895 5891
f 5886 5891 5890
f 5886 5892 5891
f 5886 5887 5892
f 5886 5889 5887
f 1251 1253 1252
f 1254 1256 1255
f 1254 1251 1252
f 1255 1252 1253
f 1255 1253 1251
f 1255 1251 1254
f 1256 1252 1255
f 1254 1252 1256
f 7388 7390 7389
f 7391 7389 7390
f 7389 7391 7388
f 7388 7391 7390
f 1520 1522 1521
f 1523 1525 1520
f 1526 1523 1524
f 1519 1520 1525
f 1523 1519 1525
f 1521 1522 1526
f 1521 1526 1524
f 1522 1523 1526
f 1522 1519 1523
f 1523 1521 1524
f 1523 1520 1521
f 1519 1522 1520
f 2898 2900 2899
f 2900 2902 2901
f 2901 2902 2903
f 2903 2900 2898
f 2898 2899 2901
f 2898 2901 2903
f 2902 2900 2903
f 2900 2901 2899
f 7437 7439 7438
f 7440 7442 7441
f 7437 7442 7436
f 7443 7437 7438
f 7438 7439 7440
f 7442 7439 7436
f 7440 7439 7442
f 7440 7441 7443
f 7438 7440 7443
f 7441 7442 7443
f 7443 7442 7437
f 7436 7439 7437
f 3552 3547 3551
f 3546 3547 3548
f 3546 3551 3547
f 3552 3553 3549
f 3549 3550 3546
f 3552 3551 3550
f 3552 3550 3553
f 3553 3550 3549
f 3552 3549 3548
f 3550 3551 3546
f 3546 3548 3549
f 3548 3547 3552
f 3754 3756 3755
f 3754 3758 3757
f 3757 3758 3759
f 3758 3754 3755
f 3757 3759 3755
f 3757 3755 3756
f 3758 3755 3759
f 3754 3757 3756
f 541 544 543
f 545 541 542
f 546 543 544
f 543 545 542
f 541 545 546
f 541 546 544
f 546 545 543
f 541 543 542
f 5399 5402 5401
f 5398 5408 5407
f 5398 5410 5397
f 5411 5412 5402
f 5403 5414 5413
f 5397 5415 5396
f 5415 5414 5404
f 5416 5401 5402
f 5409 5417 5408
f 5399 5400 5405
f 5414 5410 5406
f 5412 5407 5408
f 5409 5401 5416
f 5400 5409 5405
f 5400 5401 5409
f 5411 5407 5412
f 5412 5408 5417
f 5411 5413 5407
f 5406 5407 5413
f 5414 5406 5413
f 5414 5415 5410
f 5416 5417 5409
f 5416 5402 5417
f 5417 5402 5412
f 5415 5404 5396
f 5410 5415 5397
f 5404 5414 5403
f 5403 5413 5411
f 5411 5402 5403
f 5406 5410 5398
f 5405 5409 5399
f 5399 5408 5398
f 5399 5409 5408
f 5398 5407 5406
f 5396 5398 5397
f 5396 5404 5398
f 5398 5404 5403
f 5398 5402 5399
f 5398 5403 5402
f 5399 5401 5400
f 7560 7562 7561
f 7564 7566 7565
f 7563 7567 7566
f 7560 7564 7565
f 7562 7567 7561
f 7564 7567 7563
f 7561 7567 7560
f 7560 7567 7564
f 7566 7567 7565
f 7565 7567 7562
f 7560 7565 7562
f 7563 7566 7564
f 6155 6154 6157
f 6158 6157 6154
f 6155 6159 6163
f 6163 6158 6162
f 6159 6157 6158
f 6161 6154 6155
f 6163 6160 6161
f 6162 6160 6163
f 6160 6154 6161
f 6156 6157 6159
f 6159 6158 6163
f 6156 6159 6155
f 6155 6163 6161
f 6158 6154 6162
f 6162 6154 6160
f 6155 6157 6156
f 1751 1753 1752
f 1754 1756 1755
f 1753 1754 1752
f 1754 1751 1752
f 1751 1755 1756
f 1751 1756 1753
f 1755 1751 1754
f 1756 1754 1753
f 4293 4296 4295
f 4296 4299 4298
f 4292 4293 4301
f 4297 4292 4300
f 4301 4294 4302
f 4298 4303 4295
f 4298 4301 4302
f 4302 4295 4303
f 4294 4295 4302
f 4299 4300 4298
f 4298 4302 4303
f 4298 4300 4301
f 4298 4295 4296
f 4293 4294 4301
f 4297 4300 4299
f 4292 4301 4300
f 4297 4299 4296
f 4292 4296 4293
f 4293 4295 4294
f 4292 4297 4296
f 5769 5771 5770
f 5772 5774 5773
f 5771 5774 5772
f 5771 5775 5770
f 5773 5769 5770
f 5773 5774 5768
f 5773 5768 5769
f 5770 5775 5772
f 5773 5770 5772
f 5768 5774 5771
f 5771 5772 5775
f 5768 5771 5769
f 4428 4430 4429
f 4431 4428 4429
f 4433 4435 4434
f 4434 4431 4432
f 4429 4430 4435
f 4428 4435 4430
f 4434 4435 4431
f 4431 4435 4428
f 4429 4435 4433
f 4433 4434 4432
f 4431 4433 4432
f 4431 4429 4433
f 1935 1937 1936
f 1934 1942 1941
f 1941 1945 1944
f 1935 1945 1942
f 1946 1938 1947
f 1950 1937 1933
f 1948 1940 1952
f 1945 1936 1937
f 1943 1944 1950
f 1951 1949 1946
f 1952 1940 1941
f 1947 1939 1951
f 1938 1939 1947
f 1952 1941 1943
f 1951 1946 1947
f 1943 1950 1952
f 1952 1950 1948
f 1945 1950 1944
f 1945 1937 1950
f 1951 1939 1949
f 1949 1939 1948
f 1948 1939 1940
f 1948 1946 1949
f 1948 1933 1946
f 1948 1950 1933
f 1934 1946 1933
f 1934 1938 1946
f 1936 1945 1935
f 1942 1945 1941
f 1941 1944 1943
f 1940 1939 1938
f 1934 1940 1938
f 1934 1935 1942
f 1934 1941 1940
f 1933 1937 1934
f 1934 1937 1935
f 496 498 497
f 501 496 502
f 503 505 500
f 504 501 502
f 503 497 498
f 497 502 496
f 507 495 499
f 499 500 505
f 505 507 508
f 503 507 505
f 499 505 508
f 498 495 507
f 507 499 508
f 506 502 497
f 504 497 503
f 503 498 507
f 504 506 497
f 504 502 506
f 503 501 504
f 503 500 501
f 499 495 500
f 500 496 501
f 500 495 496
f 495 498 496
f 6170 6164 6169
f 6167 6166 6171
f 6166 6165 6170
f 6166 6164 6165
f 6167 6169 6164
f 6171 6169 6168
f 6170 6169 6171
f 6168 6169 6167
f 6167 6164 6166
f 6166 6170 6171
f 6167 6171 6168
f 6165 6164 6170
f 5497 5499 5498
f 5500 5502 5501
f 5497 5503 5500
f 5501 5499 5496
f 5497 5498 5505
f 5498 5499 5504
f 5505 5504 5502
f 5505 5500 5503
f 5505 5502 5500
f 5498 5504 5505
f 5497 5505 5503
f 5504 5499 5502
f 5502 5499 5501
f 5497 5501 5496
f 5497 5500 5501
f 5496 5499 5497
f 6336 6339 6338
f 6337 6338 6344
f 6346 6340 6341
f 6348 6343 6344
f 6349 6336 6345
f 6345 6336 6337
f 6351 6342 6343
f 6350 6346 6341
f 6347 6348 6350
f 6349 6344 6338
f 6349 6338 6339
f 6347 6350 6351
f 6350 6342 6351
f 6350 6341 6342
f 6351 6343 6347
f 6345 6337 6340
f 6346 6350 6348
f 6349 6345 6348
f 6349 6339 6336
f 6348 6345 6346
f 6347 6343 6348
f 6348 6344 6349
f 6345 6340 6346
f 6343 6342 6341
f 6340 6343 6341
f 6340 6337 6344
f 6340 6344 6343
f 6336 6338 6337
f 3472 3475 3474
f 3476 3477 3472
f 3477 3474 3475
f 3476 3473 3474
f 3472 3477 3475
f 3476 3474 3477
f 3476 3472 3473
f 3472 3474 3473
f 236 234 235
f 237 238 234
f 234 239 235
f 235 240 236
f 240 237 233
f 238 237 240
f 238 240 239
f 240 233 236
f 239 240 235
f 238 239 234
f 237 234 233
f 233 234 236
f 2082 2085 2084
f 2086 2082 2083
f 2087 2084 2085
f 2084 2087 2086
f 2087 2082 2086
f 2085 2082 2087
f 2084 2086 2083
f 2082 2084 2083
f 3036 3038 3037
f 3040 3041 3037
f 3036 3043 3042
f 3039 3045 3044
f 3043 3040 3044
f 3037 3043 3036
f 3034 3046 3047
f 3039 3034 3047
f 3046 3044 3045
f 3046 3045 3047
f 3039 3047 3045
f 3042 3046 3035
f 3035 3046 3034
f 3041 3043 3037
f 3044 3046 3042
f 3043 3044 3042
f 3043 3041 3040
f 3044 3040 3038
f 3039 3044 3038
f 3036 3042 3035
f 3040 3037 3038
f 3034 3039 3035
f 3035 3039 3036
f 3036 3039 3038
f 7767 7770 7771
f 7768 7765 7766
f 7765 7772 7770
f 7772 7769 7773
f 7771 7769 7767
f 7768 7767 7769
f 7771 7770 7772
f 7771 7772 7773
f 7766 7767 7768
f 7773 7769 7771
f 7768 7769 7764
f 7764 7769 7772
f 7764 7772 7765
f 7764 7765 7768
f 7765 7767 7766
f 7765 7770 7767
f 3152 3154 3153
f 3155 3157 3156
f 3157 3155 3154
f 3157 3153 3156
f 3154 3155 3156
f 3154 3156 3153
f 3152 3153 3157
f 3157 3154 3152
f 267 269 268
f 268 269 270
f 270 267 268
f 267 270 269
f 1593 1595 1594
f 1592 1593 1596
f 1597 1595 1591
f 1599 1597 1598
f 1600 1598 1591
f 1599 1596 1593
f 1599 1595 1597
f 1594 1595 1599
f 1600 1596 1599
f 1599 1593 1594
f 1600 1592 1596
f 1600 1591 1592
f 1599 1598 1600
f 1597 1591 1598
f 1591 1593 1592
f 1591 1595 1593
f 5682 5684 5683
f 5685 5684 5682
f 5685 5683 5684
f 5685 5682 5683
f 6402 6405 6404
f 6406 6404 6405
f 6405 6402 6407
f 6403 6407 6402
f 6407 6403 6404
f 6407 6404 6406
f 6405 6407 6406
f 6402 6404 6403
f 4704 4706 4705
f 4707 4704 4705
f 4706 4704 4707
f 4706 4707 4705
f 1571 1573 1572
f 1574 1576 1575
f 1575 1578 1577
f 1575 1577 1574
f 1573 1578 1572
f 1576 1571 1572
f 1576 1572 1578
f 1577 1578 1574
f 1574 1578 1573
f 1576 1578 1575
f 1571 1576 1573
f 1573 1576 1574
f 5539 5541 5540
f 5544 5540 5541
f 5543 5545 5542
f 5544 5541 5538
f 5545 5540 5542
f 5539 5543 5544
f 5545 5543 5539
f 5539 5544 5538
f 5539 5540 5545
f 5542 5540 5543
f 5543 5540 5544
f 5538 5541 5539
f 2164 2167 2166
f 2168 2171 2170
f 2169 2170 2164
f 2167 2168 2166
f 2170 2171 2167
f 2169 2166 2168
f 2165 2166 2169
f 2170 2167 2164
f 2171 2168 2167
f 2169 2164 2165
f 2168 2170 2169
f 2164 2166 2165
f 2490 2492 2491
f 2493 2496 2495
f 2495 2492 2494
f 2490 2491 2495
f 2493 2497 2496
f 2492 2493 2494
f 2497 2492 2490
f 2497 2493 2492
f 2490 2496 2497
f 2490 2495 2496
f 2491 2492 2495
f 2493 2495 2494
f 4398 4400 4399
f 4401 4402 4398
f 4403 4402 4401
f 4400 4402 4403
f 4400 4401 4399
f 4403 4401 4400
f 4398 4402 4400
f 4401 4398 4399
f 4230 4232 4231
f 4233 4232 4230
f 4231 4232 4233
f 4233 4230 4231
f 2503 2505 2504
f 2505 2506 2504
f 2502 2508 2507
f 2503 2504 2506
f 2506 2507 2509
f 2509 2507 2508
f 2502 2507 2505
f 2505 2507 2506
f 2503 2506 2508
f 2508 2506 2509
f 2503 2508 2502
f 2502 2505 2503
f 7028 7030 7029
f 7031 7029 7030
f 7028 7029 7031
f 7028 7031 7030
f 4791 4794 4795
f 4792 4796 4797
f 4796 4791 4795
f 4792 4791 4790
f 4793 4797 4794
f 4795 4794 4797
f 4795 4797 4796
f 4792 4797 4793
f 4793 4791 4792
f 4790 4791 4796
f 4790 4796 4792
f 4793 4794 4791
f 2363 2365 2364
f 2366 2368 2367
f 2368 2363 2367
f 2366 2363 2364
f 2365 2366 2369
f 2364 2365 2369
f 2368 2366 2362
f 2362 2366 2365
f 2367 2363 2366
f 2366 2364 2369
f 2362 2363 2368
f 2362 2365 2363
f 7114 7108 7112
f 7111 7108 7110
f 7112 7108 7109
f 7114 7115 7111
f 7109 7115 7113
f 7114 7112 7113
f 7114 7113 7115
f 7111 7115 7109
f 7114 7111 7110
f 7112 7109 7113
f 7109 7108 7111
f 7110 7108 7114
f 4312 4315 4314
f 4314 4315 4317
f 4318 4312 4313
f 4318 4319 4321
f 4312 4317 4315
f 4316 4319 4320
f 4316 4313 4314
f 4320 4313 4316
f 4321 4316 4317
f 4321 4319 4316
f 4321 4317 4318
f 4318 4317 4312
f 4313 4320 4319
f 4318 4313 4319
f 4314 4317 4316
f 4312 4314 4313
f 7621 7623 7622
f 7625 7620 7621
f 7623 7626 7622
f 7625 7622 7626
f 7624 7625 7627
f 7626 7624 7627
f 7620 7626 7623
f 7620 7624 7626
f 7621 7622 7625
f 7625 7626 7627
f 7624 7620 7625
f 7620 7623 7621
f 2048 2050 2049
f 2051 2052 2048
f 2051 2050 2053
f 2053 2052 2051
f 2052 2050 2048
f 2053 2050 2052
f 2049 2050 2051
f 2051 2048 2049
f 4204 4206 4205
f 4208 4209 4205
f 4208 4204 4210
f 4211 4209 4207
f 4205 4209 4211
f 4211 4207 4208
f 4211 4208 4210
f 4205 4210 4204
f 4205 4211 4210
f 4206 4204 4208
f 4207 4209 4208
f 4208 4205 4206
f 2462 2464 2463
f 2464 2466 2465
f 2467 2469 2468
f 2468 2465 2466
f 2467 2466 2464
f 2467 2465 2469
f 2463 2465 2462
f 2462 2465 2467
f 2468 2466 2467
f 2467 2464 2462
f 2469 2465 2468
f 2464 2465 2463
f 1343 1347 1346
f 1345 1348 1344
f 1343 1351 1350
f 1350 1352 1349
f 1351 1343 1344
f 1351 1345 1346
f 1346 1347 1349
f 1346 1349 1352
f 1351 1346 1350
f 1350 1346 1352
f 1351 1348 1345
f 1351 1344 1348
f 1350 1349 1347
f 1343 1350 1347
f 1343 1346 1344
f 1344 1346 1345
f 4222 4226 4225
f 4227 4229 4228
f 4224 4225 4227
f 4222 4228 4229
f 4222 4223 4228
f 4229 4227 4225
f 4229 4225 4226
f 4222 4229 4226
f 4227 4223 4224
f 4227 4228 4223
f 4222 4224 4223
f 4222 4225 4224
f 5838 5840 5839
f 5841 5843 5842
f 5845 5843 5841
f 5846 5847 5845
f 5844 5845 5847
f 5847 5839 5840
f 5842 5843 5844
f 5846 5838 5839
f 5846 5844 5838
f 5846 5842 5844
f 5846 5839 5847
f 5844 5847 5838
f 5838 5847 5840
f 5846 5845 5842
f 5842 5845 5841
f 5844 5843 5845
f 6676 6678 6677
f 6680 6677 6678
f 6679 6681 6676
f 6680 6681 6679
f 6676 6681 6680
f 6676 6680 6678
f 6679 6676 6677
f 6679 6677 6680
f 2192 2195 2194
f 2196 2200 2199
f 2202 2199 2200
f 2196 2197 2205
f 2200 2196 2203
f 2197 2198 2202
f 2198 2199 2202
f 2193 2204 2192
f 2192 2204 2205
f 2192 2205 2195
f 2203 2193 2201
f 2203 2204 2193
f 2205 2194 2195
f 2205 2202 2194
f 2205 2197 2202
f 2200 2203 2201
f 2205 2204 2203
f 2196 2205 2203
f 2194 2201 2193
f 2194 2200 2201
f 2194 2202 2200
f 2199 2198 2197
f 2196 2199 2197
f 2192 2194 2193
f 4686 4688 4687
f 4689 4692 4691
f 4696 4687 4688
f 4697 4699 4693
f 4697 4700 4691
f 4690 4691 4700
f 4689 4699 4692
f 4696 4688 4686
f 4701 4697 4698
f 4695 4696 4702
f 4703 4695 4702
f 4694 4695 4698
f 4698 4695 4703
f 4701 4698 4703
f 4702 4701 4703
f 4702 4700 4701
f 4702 4696 4700
f 4696 4686 4700
f 4693 4699 4689
f 4700 4686 4687
f 4690 4700 4687
f 4697 4691 4699
f 4699 4691 4692
f 4697 4701 4700
f 4697 4694 4698
f 4697 4693 4694
f 4693 4690 4694
f 4694 4696 4695
f 4693 4689 4690
f 4694 4690 4696
f 4696 4690 4687
f 4689 4691 4690
f 7644 7647 7646
f 7646 7648 7645
f 7649 7652 7651
f 7651 7653 7650
f 7648 7653 7651
f 7644 7649 7647
f 7646 7647 7649
f 7648 7650 7653
f 7648 7649 7650
f 7648 7646 7649
f 7652 7649 7644
f 7645 7652 7644
f 7645 7648 7652
f 7652 7648 7651
f 7649 7651 7650
f 7644 7646 7645
f 1371 1373 1372
f 1375 1371 1372
f 1372 1376 1375
f 1376 1374 1375
f 1376 1371 1374
f 1373 1371 1376
f 1373 1376 1372
f 1374 1371 1375
f 5080 5083 5082
f 5084 5087 5086
f 5083 5080 5086
f 5089 5091 5090
f 5085 5081 5090
f 5082 5093 5092
f 5082 5083 5088
f 5085 5091 5089
f 5084 5088 5087
f 5093 5084 5092
f 5093 5088 5084
f 5089 5092 5084
f 5085 5089 5084
f 5082 5088 5093
f 5081 5089 5090
f 5081 5092 5089
f 5081 5082 5092
f 5086 5081 5085
f 5085 5090 5091
f 5086 5080 5081
f 5083 5087 5088
f 5083 5086 5087
f 5084 5086 5085
f 5080 5082 5081
f 1982 1985 1984
f 1986 1984 1985
f 1986 1983 1984
f 1985 1982 1987
f 1986 1987 1982
f 1986 1982 1983
f 1986 1985 1987
f 1982 1984 1983
f 2642 2644 2643
f 2645 2647 2646
f 2647 2648 2644
f 2645 2646 2642
f 2648 2645 2649
f 2643 2644 2648
f 2643 2648 2649
f 2647 2645 2648
f 2645 2643 2649
f 2645 2642 2643
f 2647 2642 2646
f 2647 2644 2642
f 5152 5157 5155
f 5159 5154 5156
f 5156 5155 5157
f 5154 5153 5155
f 5160 5152 5153
f 5152 5156 5157
f 5158 5161 5160
f 5159 5161 5158
f 5161 5156 5160
f 5160 5156 5152
f 5160 5153 5158
f 5158 5154 5159
f 5158 5153 5154
f 5154 5155 5156
f 5159 5156 5161
f 5152 5155 5153
f 6919 6921 6920
f 6921 6922 6920
f 6923 6918 6919
f 6923 6921 6918
f 6922 6923 6919
f 6922 6919 6920
f 6922 6921 6923
f 6918 6921 6919
f 4348 4351 4350
f 4353 4355 4354
f 4357 4352 4353
f 4356 4350 4351
f 4355 4349 4354
f 4357 4354 4349
f 4356 4348 4355
f 4351 4348 4356
f 4356 4355 4352
f 4353 4354 4357
f 4357 4349 4350
f 4348 4349 4355
f 4357 4350 4356
f 4356 4352 4357
f 4352 4355 4353
f 4348 4350 4349
f 3868 3860 3862
f 3862 3861 3863
f 3869 3868 3862
f 3864 3865 3870
f 3865 3866 3869
f 3869 3867 3868
f 3863 3873 3871
f 3864 3861 3860
f 3870 3871 3873
f 3870 3873 3872
f 3872 3861 3864
f 3864 3860 3866
f 3872 3873 3861
f 3866 3860 3867
f 3861 3873 3863
f 3866 3867 3869
f 3864 3866 3865
f 3864 3870 3872
f 3863 3871 3870
f 3865 3863 3870
f 3865 3869 3862
f 3865 3862 3863
f 3860 3861 3862
f 3867 3860 3868
f 4194 4196 4195
f 4198 4200 4199
f 4198 4201 4197
f 4202 4199 4200
f 4203 4195 4196
f 4203 4201 4198
f 4200 4203 4202
f 4195 4200 4194
f 4195 4203 4200
f 4198 4199 4202
f 4203 4198 4202
f 4203 4197 4201
f 4203 4196 4197
f 4196 4198 4197
f 4196 4200 4198
f 4196 4194 4200
f 1851 1853 1852
f 1852 1857 1856
f 1855 1856 1858
f 1859 1857 1852
f 1860 1851 1854
f 1858 1856 1857
f 1860 1855 1858
f 1854 1855 1860
f 1858 1859 1860
f 1858 1857 1859
f 1853 1860 1859
f 1853 1851 1860
f 1859 1852 1853
f 1851 1855 1854
f 1851 1852 1855
f 1855 1852 1856
f 1149 1152 1151
f 1153 1149 1150
f 1154 1151 1152
f 1149 1153 1154
f 1151 1154 1153
f 1151 1153 1150
f 1149 1154 1152
f 1149 1151 1150
f 2841 2843 2842
f 2846 2842 2847
f 2846 2847 2849
f 2843 2850 2848
f 2850 2852 2845
f 2849 2842 2843
f 2853 2852 2850
f 2844 2845 2852
f 2840 2844 2853
f 2841 2844 2840
f 2840 2853 2851
f 2844 2852 2853
f 2853 2850 2851
f 2847 2842 2849
f 2850 2846 2848
f 2850 2845 2846
f 2840 2850 2843
f 2843 2848 2849
f 2840 2851 2850
f 2846 2849 2848
f 2844 2841 2845
f 2845 2841 2846
f 2846 2841 2842
f 2840 2843 2841
f 2173 2175 2174
f 2174 2178 2177
f 2179 2176 2177
f 2180 2179 2177
f 2175 2172 2181
f 2180 2173 2174
f 2181 2172 2173
f 2181 2173 2180
f 2180 2174 2179
f 2179 2174 2176
f 2175 2181 2178
f 2180 2178 2181
f 2180 2177 2178
f 2175 2178 2174
f 2174 2177 2176
f 2172 2175 2173
f 5812 5814 5813
f 5815 5818 5817
f 5819 5818 5815
f 5817 5818 5819
f 5812 5817 5814
f 5815 5816 5812
f 5815 5813 5819
f 5815 5812 5813
f 5816 5817 5812
f 5819 5813 5814
f 5817 5819 5814
f 5815 5817 5816
f 4670 4674 4673
f 4672 4675 4671
f 4673 4674 4677
f 4672 4673 4676
f 4676 4671 4675
f 4674 4670 4677
f 4670 4671 4677
f 4677 4671 4676
f 4672 4676 4675
f 4673 4677 4676
f 4673 4672 4671
f 4670 4673 4671
f 1121 1124 1123
f 1126 1124 1121
f 1126 1128 1125
f 1124 1128 1123
f 1123 1127 1122
f 1121 1127 1126
f 1122 1127 1121
f 1128 1127 1123
f 1125 1128 1124
f 1127 1128 1126
f 1125 1124 1126
f 1121 1123 1122
f 4248 4251 4250
f 4252 4255 4254
f 4253 4254 4258
f 4251 4248 4257
f 4260 4251 4259
f 4260 4252 4253
f 4250 4260 4261
f 4256 4257 4248
f 4254 4255 4259
f 4254 4259 4258
f 4248 4249 4261
f 4256 4248 4261
f 4250 4261 4249
f 4260 4256 4261
f 4260 4253 4256
f 4259 4255 4252
f 4260 4259 4252
f 4260 4250 4251
f 4257 4258 4259
f 4251 4257 4259
f 4253 4257 4256
f 4253 4258 4257
f 4252 4254 4253
f 4248 4250 4249
f 5644 5646 5645
f 5648 5645 5646
f 5644 5651 5650
f 5651 5653 5652
f 5650 5652 5653
f 5650 5651 5652
f 5648 5649 5653
f 5644 5649 5646
f 5644 5653 5649
f 5644 5650 5653
f 5648 5653 5647
f 5647 5653 5651
f 5647 5644 5645
f 5647 5651 5644
f 5647 5645 5648
f 5648 5646 5649
f 2629 2631 2630
f 2633 2631 2632
f 2634 2638 2637
f 2638 2627 2628
f 2626 2634 2635
f 2640 2641 2629
f 2632 2626 2635
f 2628 2641 2639
f 2640 2630 2631
f 2639 2636 2637
f 2640 2636 2641
f 2641 2636 2639
f 2640 2631 2636
f 2636 2631 2633
f 2629 2641 2628
f 2640 2629 2630
f 2638 2626 2627
f 2638 2634 2626
f 2638 2628 2637
f 2637 2628 2639
f 2634 2637 2633
f 2633 2637 2636
f 2632 2635 2634
f 2633 2632 2634
f 2626 2628 2627
f 2626 2632 2628
f 2628 2632 2629
f 2632 2631 2629
f 5162 5164 5163
f 5165 5167 5166
f 5163 5165 5166
f 5169 5168 5166
f 5164 5168 5169
f 5169 5167 5165
f 5169 5163 5164
f 5169 5165 5163
f 5162 5168 5164
f 5169 5166 5167
f 5163 5168 5162
f 5163 5166 5168
f 4058 4060 4059
f 4061 4060 4058
f 4062 4064 4061
f 4064 4065 4059
f 4065 4064 4062
f 4058 4065 4063
f 4059 4065 4058
f 4065 4062 4063
f 4064 4060 4061
f 4064 4059 4060
f 4061 4058 4062
f 4062 4058 4063
f 6142 6145 6144
f 6146 6142 6143
f 6146 6143 6144
f 6145 6147 6144
f 6142 6147 6145
f 6146 6147 6142
f 6146 6144 6147
f 6142 6144 6143
f 877 874 879
f 874 875 880
f 880 876 878
f 874 876 875
f 873 878 876
f 878 879 880
f 877 879 878
f 877 878 873
f 873 876 874
f 875 876 880
f 874 880 879
f 873 874 877
f 3914 3916 3915
f 3916 3917 3915
f 3914 3917 3916
f 3914 3915 3917
f 5222 5224 5223
f 5225 5227 5226
f 5226 5228 5223
f 5224 5227 5225
f 5229 5228 5226
f 5229 5223 5228
f 5222 5223 5229
f 5229 5226 5227
f 5229 5224 5222
f 5229 5227 5224
f 5226 5224 5225
f 5226 5223 5224
f 4160 4164 4163
f 4165 4161 4162
f 4163 4166 4165
f 4164 4160 4167
f 4167 4163 4164
f 4167 4165 4166
f 4161 4165 4160
f 4160 4165 4167
f 4166 4163 4167
f 4163 4165 4162
f 4160 4162 4161
f 4160 4163 4162
f 4262 4265 4264
f 4262 4268 4267
f 4262 4263 4266
f 4269 4270 4267
f 4271 4264 4265
f 4272 4267 4270
f 4264 4271 4269
f 4269 4271 4272
f 4269 4272 4270
f 4263 4264 4266
f 4266 4264 4268
f 4268 4264 4269
f 4262 4267 4265
f 4265 4267 4272
f 4271 4265 4272
f 4269 4267 4268
f 4266 4268 4262
f 4262 4264 4263
f 1189 1191 1190
f 1188 1192 1187
f 1191 1193 1190
f 1194 1188 1189
f 1190 1193 1194
f 1194 1187 1192
f 1191 1194 1193
f 1191 1187 1194
f 1190 1194 1189
f 1192 1188 1194
f 1187 1189 1188
f 1187 1191 1189
f 5796 5798 5797
f 5799 5801 5800
f 5800 5796 5797
f 5797 5801 5799
f 5796 5801 5798
f 5800 5801 5796
f 5798 5801 5797
f 5800 5797 5799
f 5600 5602 5601
f 5601 5602 5604
f 5605 5600 5601
f 5600 5605 5604
f 5603 5604 5605
f 5600 5604 5602
f 5605 5601 5603
f 5601 5604 5603
f 187 190 189
f 192 194 193
f 193 189 190
f 190 187 197
f 194 197 198
f 192 195 196
f 188 194 198
f 188 197 187
f 198 197 188
f 193 194 189
f 189 194 188
f 192 196 191
f 196 194 191
f 196 197 194
f 190 197 195
f 195 197 196
f 193 195 192
f 193 190 195
f 191 194 192
f 187 189 188
f 2111 2113 2112
f 2111 2114 2110
f 2115 2114 2111
f 2113 2115 2112
f 2113 2114 2115
f 2110 2114 2113
f 2115 2111 2112
f 2110 2113 2111
f 5760 5762 5761
f 5764 5766 5765
f 5767 5764 5760
f 5767 5766 5763
f 5765 5760 5764
f 5762 5767 5761
f 5766 5767 5765
f 5765 5767 5762
f 5762 5760 5765
f 5763 5764 5767
f 5767 5760 5761
f 5763 5766 5764
f 1473 1475 1474
f 1475 1476 1474
f 1473 1476 1475
f 1474 1476 1473
f 5526 5528 5527
f 5529 5530 5527
f 5530 5529 5531
f 5526 5531 5529
f 5530 5526 5527
f 5531 5526 5530
f 5526 5529 5528
f 5529 5527 5528
f 1337 1340 1339
f 1338 1339 1341
f 1338 1342 1337
f 1342 1341 1339
f 1337 1342 1340
f 1342 1339 1340
f 1341 1342 1338
f 1337 1339 1338
f 2778 2780 2779
f 2781 2783 2782
f 2784 2782 2783
f 2783 2780 2785
f 2785 2778 2784
f 2784 2781 2782
f 2779 2781 2778
f 2778 2781 2784
f 2780 2778 2785
f 2779 2783 2781
f 2779 2780 2783
f 2784 2783 2785
f 7011 7012 7013
f 7012 7016 7014
f 7014 7015 7011
f 7015 7010 7011
f 7010 7016 7012
f 7015 7016 7017
f 7014 7016 7015
f 7017 7016 7010
f 7017 7010 7015
f 7014 7011 7013
f 7012 7014 7013
f 7010 7012 7011
f 171 173 172
f 174 171 172
f 174 176 173
f 172 176 175
f 176 174 175
f 173 176 172
f 174 173 171
f 174 172 175
f 6598 6601 6602
f 6602 6600 6603
f 6603 6605 6599
f 6606 6598 6599
f 6606 6607 6600
f 6600 6604 6603
f 6606 6604 6607
f 6605 6604 6606
f 6607 6604 6600
f 6606 6600 6598
f 6598 6600 6601
f 6606 6599 6605
f 6604 6605 6603
f 6603 6599 6602
f 6601 6600 6602
f 6598 6602 6599
f 6313 6315 6314
f 6316 6318 6317
f 6319 6320 6318
f 6314 6315 6316
f 6321 6322 6319
f 6323 6320 6319
f 6317 6323 6322
f 6317 6318 6320
f 6317 6320 6323
f 6317 6321 6316
f 6317 6322 6321
f 6323 6319 6322
f 6319 6313 6314
f 6321 6319 6314
f 6314 6316 6321
f 6318 6312 6313
f 6319 6318 6313
f 6312 6316 6315
f 6312 6318 6316
f 6312 6315 6313
f 5866 5868 5867
f 5869 5871 5870
f 5871 5867 5870
f 5866 5871 5869
f 5869 5870 5867
f 5869 5867 5868
f 5866 5869 5868
f 5866 5867 5871
f 1140 1142 1141
f 1139 1145 1144
f 1146 1139 1144
f 1143 1148 1147
f 1144 1147 1146
f 1148 1140 1141
f 1142 1146 1147
f 1142 1148 1141
f 1142 1147 1148
f 1143 1140 1148
f 1145 1147 1144
f 1143 1147 1145
f 1142 1139 1146
f 1143 1145 1140
f 1140 1145 1139
f 1139 1142 1140
f 2071 2073 2072
f 2073 2076 2072
f 2076 2078 2077
f 2072 2076 2077
f 2079 2081 2070
f 2079 2077 2078
f 2081 2074 2075
f 2073 2081 2075
f 2070 2081 2073
f 2078 2081 2080
f 2078 2074 2081
f 2079 2078 2080
f 2080 2081 2079
f 2079 2070 2071
f 2072 2077 2071
f 2071 2077 2079
f 2074 2078 2076
f 2074 2073 2075
f 2074 2076 2073
f 2070 2073 2071
f 6594 6596 6595
f 6596 6594 6597
f 6597 6594 6595
f 6597 6595 6596
f 769 771 770
f 772 774 773
f 774 776 773
f 769 770 773
f 772 771 769
f 774 772 775
f 772 776 775
f 772 769 776
f 769 773 776
f 775 776 774
f 772 770 771
f 772 773 770
f 5832 5834 5833
f 5835 5837 5836
f 5837 5833 5834
f 5837 5832 5833
f 5835 5836 5834
f 5835 5834 5832
f 5835 5832 5837
f 5837 5834 5836
f 5051 5053 5052
f 5054 5050 5051
f 5052 5053 5055
f 5051 5055 5054
f 5053 5054 5055
f 5050 5054 5053
f 5052 5055 5051
f 5050 5053 5051
f 5788 5790 5789
f 5791 5793 5792
f 5794 5795 5791
f 5793 5791 5795
f 5789 5795 5794
f 5794 5792 5793
f 5794 5788 5789
f 5794 5793 5788
f 5790 5795 5789
f 5793 5795 5788
f 5788 5795 5790
f 5794 5791 5792
f 1434 1437 1436
f 1434 1438 1433
f 1439 1440 1436
f 1433 1439 1437
f 1442 1441 1438
f 1440 1441 1442
f 1436 1442 1435
f 1440 1442 1436
f 1439 1441 1440
f 1442 1434 1435
f 1442 1438 1434
f 1441 1439 1438
f 1438 1439 1433
f 1439 1436 1437
f 1433 1437 1434
f 1434 1436 1435
f 5752 5755 5754
f 5756 5752 5753
f 5757 5758 5756
f 5753 5759 5758
f 5752 5756 5758
f 5754 5755 5759
f 5752 5759 5755
f 5752 5758 5759
f 5754 5759 5753
f 5753 5758 5757
f 5756 5753 5757
f 5752 5754 5753
f 7757 7756 7758
f 7761 7756 7757
f 7760 7758 7756
f 7758 7763 7759
f 7757 7763 7761
f 7762 7761 7763
f 7760 7761 7762
f 7759 7763 7757
f 7762 7763 7758
f 7762 7758 7760
f 7760 7756 7761
f 7757 7758 7759
f 2104 2106 2105
f 2107 2105 2106
f 2107 2108 2109
f 2106 2109 2108
f 2104 2107 2109
f 2105 2107 2104
f 2104 2109 2106
f 2107 2106 2108
f 2738 2740 2739
f 2741 2740 2742
f 2745 2741 2742
f 2743 2746 2745
f 2738 2741 2745
f 2743 2744 2747
f 2740 2738 2747
f 2740 2747 2744
f 2743 2747 2746
f 2745 2746 2747
f 2738 2745 2747
f 2738 2739 2741
f 2743 2745 2742
f 2744 2743 2742
f 2740 2744 2742
f 2741 2739 2740
f 7654 7656 7655
f 7657 7655 7656
f 7654 7657 7656
f 7654 7655 7657
f 4370 4372 4371
f 4371 4375 4374
f 4376 4378 4377
f 4371 4377 4378
f 4376 4370 4379
f 4379 4378 4376
f 4377 4374 4375
f 4372 4376 4373
f 4372 4370 4376
f 4378 4379 4370
f 4371 4378 4370
f 4371 4374 4377
f 4377 4375 4373
f 4376 4377 4373
f 4373 4375 4372
f 4372 4375 4371
f 1179 1183 1182
f 1179 1185 1184
f 1179 1184 1186
f 1181 1185 1180
f 1183 1186 1182
f 1182 1185 1181
f 1184 1182 1186
f 1184 1185 1182
f 1179 1186 1183
f 1180 1185 1179
f 1179 1181 1180
f 1179 1182 1181
f 3728 3730 3729
f 3731 3733 3732
f 3732 3728 3729
f 3731 3732 3729
f 3731 3728 3733
f 3730 3728 3731
f 3731 3729 3730
f 3733 3728 3732
f 2732 2735 2734
f 2732 2733 2736
f 2737 2734 2735
f 2734 2737 2736
f 2732 2737 2735
f 2736 2737 2732
f 2734 2736 2733
f 2732 2734 2733
f 2147 2149 2148
f 2148 2151 2150
f 2152 2153 2151
f 2151 2153 2155
f 2147 2152 2146
f 2153 2154 2155
f 2155 2154 2152
f 2150 2147 2148
f 2150 2155 2147
f 2147 2155 2152
f 2151 2155 2150
f 2151 2149 2146
f 2152 2151 2146
f 2152 2154 2153
f 2149 2151 2148
f 2146 2149 2147
f 491 489 490
f 491 492 489
f 493 490 494
f 490 492 494
f 491 493 494
f 491 494 492
f 489 492 490
f 491 490 493
f 7083 7085 7084
f 7086 7083 7084
f 7087 7084 7085
f 7087 7085 7082
f 7087 7082 7083
f 7087 7083 7086
f 7086 7084 7087
f 7082 7085 7083
f 2206 2209 2208
f 2210 2206 2207
f 2211 2213 2212
f 2213 2215 2212
f 2215 2209 2206
f 2213 2210 2214
f 2215 2214 2208
f 2215 2208 2209
f 2207 2208 2214
f 2210 2207 2214
f 2213 2211 2210
f 2212 2210 2211
f 2212 2215 2210
f 2210 2215 2206
f 2214 2215 2213
f 2206 2208 2207
f 281 277 278
f 278 284 280
f 282 279 281
f 283 279 280
f 283 285 277
f 285 286 278
f 284 286 285
f 284 285 283
f 285 278 277
f 277 281 279
f 283 277 279
f 283 280 284
f 280 279 282
f 286 284 278
f 278 280 282
f 281 278 282
f 2156 2159 2158
f 2156 2157 2161
f 2160 2162 2159
f 2163 2158 2159
f 2158 2161 2157
f 2160 2163 2162
f 2161 2163 2160
f 2163 2161 2158
f 2163 2159 2162
f 2160 2159 2156
f 2156 2161 2160
f 2156 2158 2157
f 4422 4424 4423
f 4422 4426 4425
f 4426 4427 4425
f 4422 4423 4427
f 4427 4424 4425
f 4423 4424 4427
f 4422 4427 4426
f 4422 4425 4424
f 3182 3185 3184
f 3186 3189 3188
f 3191 3188 3189
f 3194 3186 3187
f 3192 3183 3195
f 3195 3197 3196
f 3194 3187 3188
f 3191 3196 3190
f 3182 3192 3193
f 3198 3197 3184
f 3193 3198 3199
f 3194 3198 3193
f 3198 3185 3199
f 3198 3184 3185
f 3182 3199 3185
f 3182 3193 3199
f 3195 3196 3191
f 3198 3194 3197
f 3197 3194 3196
f 3196 3194 3190
f 3194 3188 3190
f 3184 3197 3183
f 3183 3197 3195
f 3192 3189 3186
f 3192 3191 3189
f 3192 3182 3183
f 3192 3195 3191
f 3192 3194 3193
f 3192 3186 3194
f 3190 3188 3191
f 3186 3188 3187
f 3182 3184 3183
f 1997 1999 1998
f 1999 1996 2000
f 1996 2001 2000
f 1998 2001 1997
f 2001 1999 2000
f 1998 1999 2001
f 1997 2001 1996
f 1996 1999 1997
f 2003 2006 2005
f 2005 2010 2009
f 2008 2014 2013
f 2010 2017 2016
f 2018 2012 2007
f 2013 2017 2018
f 2008 2002 2014
f 2012 2017 2011
f 2009 2021 2020
f 2019 2003 2004
f 2009 2015 2021
f 2019 2021 2015
f 2020 2021 2019
f 2019 2015 2016
f 2010 2015 2009
f 2019 2004 2020
f 2009 2004 2005
f 2009 2020 2004
f 2018 2017 2012
f 2006 2002 2008
f 2003 2016 2002
f 2002 2013 2014
f 2003 2019 2016
f 2002 2016 2013
f 2013 2016 2017
f 2018 2007 2013
f 2011 2017 2010
f 2010 2016 2015
f 2008 2013 2007
f 2010 2006 2008
f 2007 2010 2008
f 2007 2012 2011
f 2006 2010 2005
f 2007 2011 2010
f 2002 2006 2003
f 2003 2005 2004
f 4182 4185 4184
f 4182 4183 4186
f 4187 4184 4185
f 4182 4187 4185
f 4184 4186 4183
f 4187 4186 4184
f 4186 4187 4182
f 4182 4184 4183
f 7534 7536 7535
f 7536 7538 7537
f 7537 7539 7535
f 7537 7538 7539
f 7538 7534 7535
f 7538 7535 7539
f 7537 7535 7536
f 7534 7538 7536
f 1319 1321 1320
f 1322 1324 1323
f 1322 1321 1319
f 1321 1324 1320
f 1319 1320 1324
f 1319 1324 1322
f 1323 1324 1321
f 1323 1321 1322
f 1461 1463 1462
f 1464 1466 1465
f 1462 1466 1464
f 1462 1465 1466
f 1463 1464 1465
f 1461 1464 1463
f 1463 1465 1462
f 1462 1464 1461
f 5729 5731 5730
f 5733 5728 5729
f 5734 5730 5736
f 5733 5738 5732
f 5731 5732 5738
f 5739 5736 5730
f 5740 5741 5739
f 5740 5738 5737
f 5741 5742 5735
f 5735 5737 5734
f 5743 5735 5742
f 5743 5737 5735
f 5741 5735 5736
f 5740 5737 5743
f 5742 5741 5743
f 5743 5741 5740
f 5741 5736 5739
f 5739 5730 5731
f 5738 5740 5739
f 5731 5738 5739
f 5731 5728 5732
f 5737 5738 5734
f 5734 5738 5733
f 5733 5730 5734
f 5734 5736 5735
f 5733 5729 5730
f 5732 5728 5733
f 5728 5731 5729
f 7569 7571 7570
f 7572 7573 7569
f 7572 7571 7574
f 7568 7569 7573
f 7574 7571 7568
f 7573 7572 7574
f 7573 7574 7575
f 7574 7568 7575
f 7568 7573 7575
f 7570 7571 7572
f 7572 7569 7570
f 7568 7571 7569
f 2062 2064 2063
f 2065 2067 2066
f 2068 2069 2066
f 2068 2067 2065
f 2069 2068 2064
f 2066 2063 2065
f 2062 2063 2069
f 2069 2063 2066
f 2069 2064 2062
f 2068 2063 2064
f 2068 2065 2063
f 2068 2066 2067
f 2832 2835 2834
f 2836 2838 2837
f 2839 2834 2835
f 2832 2839 2835
f 2836 2837 2839
f 2838 2836 2833
f 2838 2833 2834
f 2836 2839 2833
f 2833 2839 2832
f 2838 2839 2837
f 2838 2834 2839
f 2832 2834 2833
f 7394 7396 7395
f 7395 7397 7394
f 7392 7398 7396
f 7397 7396 7398
f 7393 7398 7392
f 7397 7399 7393
f 7397 7393 7394
f 7399 7398 7393
f 7395 7396 7397
f 7397 7398 7399
f 7392 7394 7393
f 7392 7396 7394
f 6852 6856 6855
f 6855 6860 6859
f 6868 6867 6866
f 6862 6869 6861
f 6866 6870 6865
f 6871 6852 6853
f 6867 6860 6861
f 6863 6859 6873
f 6862 6867 6869
f 6855 6856 6870
f 6865 6870 6856
f 6873 6859 6860
f 6868 6863 6873
f 6868 6873 6872
f 6873 6860 6872
f 6864 6852 6871
f 6864 6865 6852
f 6852 6865 6856
f 6855 6870 6858
f 6866 6867 6857
f 6857 6867 6862
f 6853 6854 6871
f 6871 6854 6864
f 6864 6854 6859
f 6864 6859 6863
f 6868 6860 6867
f 6867 6861 6869
f 6868 6872 6860
f 6858 6866 6857
f 6858 6870 6866
f 6863 6865 6864
f 6863 6868 6865
f 6865 6868 6866
f 6857 6860 6858
f 6858 6860 6855
f 6855 6859 6854
f 6862 6860 6857
f 6862 6861 6860
f 6852 6854 6853
f 6852 6855 6854
f 5635 5637 5636
f 5638 5640 5639
f 5635 5636 5638
f 5640 5635 5639
f 5643 5641 5642
f 5637 5642 5640
f 5641 5643 5637
f 5641 5637 5634
f 5637 5638 5636
f 5637 5640 5638
f 5637 5643 5642
f 5641 5640 5642
f 5641 5635 5640
f 5641 5634 5635
f 5635 5638 5639
f 5634 5637 5635
f 4022 4024 4023
f 4025 4027 4026
f 4024 4022 4026
f 4026 4029 4025
f 4024 4028 4029
f 4029 4028 4027
f 4029 4027 4025
f 4024 4029 4023
f 4023 4026 4022
f 4023 4029 4026
f 4024 4027 4028
f 4024 4026 4027
f 3304 3306 3305
f 3307 3309 3308
f 3306 3308 3309
f 3306 3307 3308
f 3309 3304 3305
f 3307 3304 3309
f 3304 3307 3306
f 3306 3309 3305
f 3500 3503 3502
f 3501 3505 3504
f 3503 3505 3502
f 3500 3504 3505
f 3501 3504 3500
f 3500 3505 3503
f 3502 3505 3501
f 3500 3502 3501
f 6550 6554 6553
f 6551 6552 6555
f 6553 6557 6556
f 6550 6557 6554
f 6555 6556 6550
f 6557 6553 6554
f 6555 6550 6551
f 6556 6557 6550
f 6553 6555 6552
f 6553 6556 6555
f 6550 6553 6551
f 6551 6553 6552
f 1365 1367 1366
f 1368 1370 1369
f 1369 1366 1367
f 1370 1368 1367
f 1365 1369 1370
f 1366 1369 1365
f 1370 1367 1365
f 1369 1367 1368
f 3168 3170 3169
f 3169 3170 3171
f 3168 3169 3171
f 3168 3171 3170
f 6586 6588 6587
f 6590 6592 6591
f 6590 6588 6586
f 6587 6593 6589
f 6592 6589 6593
f 6592 6588 6591
f 6587 6592 6593
f 6587 6588 6592
f 6587 6590 6586
f 6587 6589 6590
f 6591 6588 6590
f 6589 6592 6590
f 2670 2672 2671
f 2673 2671 2672
f 2674 2675 2669
f 2670 2673 2674
f 2675 2668 2669
f 2668 2673 2672
f 2674 2668 2675
f 2674 2673 2668
f 2671 2673 2670
f 2674 2669 2670
f 2668 2670 2669
f 2668 2672 2670
f 5820 5822 5821
f 5824 5826 5825
f 5828 5824 5825
f 5827 5829 5826
f 5830 5824 5828
f 5822 5829 5827
f 5820 5831 5822
f 5826 5828 5825
f 5831 5830 5829
f 5829 5828 5826
f 5829 5830 5828
f 5830 5820 5823
f 5830 5831 5820
f 5831 5829 5822
f 5822 5827 5821
f 5823 5824 5830
f 5821 5827 5820
f 5820 5824 5823
f 5820 5827 5826
f 5820 5826 5824
f 1978 1980 1979
f 1981 1980 1978
f 1979 1980 1981
f 1981 1978 1979
f 6149 6150 6151
f 6152 6150 6148
f 6151 6153 6149
f 6149 6152 6148
f 6153 6150 6152
f 6151 6150 6153
f 6153 6152 6149
f 6148 6150 6149
f 523 525 524
f 526 523 524
f 526 527 528
f 525 528 527
f 526 525 523
f 528 525 526
f 525 527 524
f 526 524 527
f 2786 2788 2787
f 2790 2786 2787
f 2791 2788 2786
f 2790 2787 2788
f 2791 2789 2790
f 2790 2788 2791
f 2791 2786 2789
f 2789 2786 2790
f 4496 4498 4497
f 4500 4502 4501
f 4503 4497 4498
f 4503 4502 4499
f 4496 4500 4501
f 4496 4503 4498
f 4502 4496 4501
f 4502 4503 4496
f 4497 4500 4496
f 4500 4503 4499
f 4500 4497 4503
f 4499 4502 4500
f 2722 2724 2723
f 2726 2728 2727
f 2728 2729 2727
f 2730 2731 2726
f 2724 2730 2723
f 2722 2723 2730
f 2722 2731 2724
f 2726 2731 2725
f 2725 2731 2722
f 2725 2729 2728
f 2725 2730 2729
f 2725 2722 2730
f 2731 2730 2724
f 2730 2726 2729
f 2729 2726 2727
f 2725 2728 2726
f 6056 6052 6057
f 6058 6054 6056
f 6053 6052 6054
f 6059 6052 6053
f 6058 6059 6053
f 6056 6057 6059
f 6056 6059 6058
f 6058 6053 6055
f 6057 6052 6059
f 6053 6054 6055
f 6055 6054 6058
f 6054 6052 6056
f 4488 4491 4490
f 4489 4493 4488
f 4492 4494 4493
f 4494 4490 4495
f 4495 4491 4488
f 4495 4490 4491
f 4488 4493 4494
f 4495 4488 4494
f 4489 4494 4492
f 4489 4490 4494
f 4492 4493 4489
f 4488 4490 4489
f 2037 2039 2038
f 2040 2044 2043
f 2042 2043 2039
f 2045 2046 2040
f 2045 2041 2042
f 2046 2047 2044
f 2047 2039 2043
f 2046 2045 2037
f 2037 2038 2047
f 2046 2037 2047
f 2038 2039 2047
f 2047 2043 2044
f 2046 2044 2040
f 2045 2036 2037
f 2045 2042 2036
f 2045 2040 2041
f 2042 2039 2036
f 2043 2042 2041
f 2040 2043 2041
f 2036 2039 2037
f 3298 3300 3299
f 3301 3303 3302
f 3302 3300 3298
f 3301 3302 3298
f 3301 3300 3303
f 3299 3300 3301
f 3301 3298 3299
f 3303 3300 3302
f 1405 1408 1407
f 1409 1411 1410
f 1409 1410 1414
f 1413 1406 1407
f 1412 1407 1408
f 1411 1414 1410
f 1405 1406 1413
f 1405 1413 1414
f 1405 1414 1408
f 1408 1414 1411
f 1412 1408 1409
f 1409 1408 1411
f 1413 1407 1412
f 1409 1413 1412
f 1409 1414 1413
f 1405 1407 1406
f 2798 2800 2799
f 2801 2803 2802
f 2804 2805 2801
f 2804 2798 2799
f 2805 2804 2799
f 2805 2803 2801
f 2798 2805 2800
f 2798 2803 2805
f 2805 2799 2800
f 2803 2804 2802
f 2803 2798 2804
f 2804 2801 2802
f 4366 4358 4367
f 4360 4358 4359
f 4360 4365 4358
f 4363 4361 4359
f 4368 4363 4369
f 4361 4362 4364
f 4363 4364 4362
f 4369 4367 4368
f 4366 4367 4369
f 4365 4364 4363
f 4361 4364 4360
f 4365 4363 4368
f 4363 4359 4369
f 4369 4359 4366
f 4363 4362 4361
f 4368 4367 4358
f 4365 4368 4358
f 4360 4364 4365
f 4360 4359 4361
f 4359 4358 4366
f 1823 1825 1824
f 1824 1825 1827
f 1828 1826 1827
f 1825 1828 1827
f 1828 1824 1826
f 1823 1824 1828
f 1823 1828 1825
f 1824 1827 1826
f 4140 4137 4141
f 4137 4142 4141
f 4136 4138 4143
f 4136 4139 4138
f 4140 4143 4138
f 4140 4141 4142
f 4140 4142 4143
f 4140 4138 4139
f 4137 4139 4136
f 4136 4143 4142
f 4136 4142 4137
f 4139 4137 4140
f 6422 6424 6423
f 6424 6427 6426
f 6428 6425 6426
f 6427 6429 6428
f 6422 6428 6429
f 6424 6422 6429
f 6424 6429 6427
f 6425 6422 6423
f 6425 6428 6422
f 6427 6428 6426
f 6424 6425 6423
f 6424 6426 6425
f 1326 1328 1327
f 1329 1331 1330
f 1326 1331 1325
f 1327 1334 1332
f 1332 1329 1330
f 1334 1336 1335
f 1336 1333 1327
f 1329 1336 1328
f 1329 1328 1331
f 1331 1328 1325
f 1329 1335 1336
f 1336 1327 1328
f 1333 1336 1334
f 1335 1329 1334
f 1334 1329 1332
f 1333 1334 1327
f 1327 1332 1326
f 1330 1326 1332
f 1330 1331 1326
f 1325 1328 1326
f 6998 7000 6999
f 7001 7000 7002
f 7001 6998 6999
f 7003 7001 7002
f 6998 7002 7000
f 7003 7002 6998
f 7003 6998 7001
f 6999 7000 7001
f 1285 1287 1286
f 1286 1290 1289
f 1289 1290 1291
f 1289 1292 1288
f 1291 1290 1286
f 1288 1292 1287
f 1288 1287 1285
f 1291 1287 1292
f 1291 1286 1287
f 1291 1292 1289
f 1289 1288 1285
f 1286 1289 1285
f 7635 7637 7636
f 7638 7640 7639
f 7635 7640 7638
f 7640 7637 7639
f 7643 7634 7635
f 7639 7643 7641
f 7642 7636 7637
f 7639 7641 7638
f 7643 7635 7641
f 7634 7643 7639
f 7637 7634 7639
f 7640 7642 7637
f 7636 7640 7635
f 7635 7638 7641
f 7636 7642 7640
f 7634 7637 7635
f 5906 5908 5907
f 5909 5908 5906
f 5910 5912 5909
f 5909 5907 5908
f 5910 5911 5913
f 5913 5906 5907
f 5911 5906 5913
f 5910 5913 5912
f 5913 5909 5912
f 5913 5907 5909
f 5906 5911 5910
f 5909 5906 5910
f 5802 5804 5803
f 5805 5807 5806
f 5805 5809 5808
f 5810 5811 5809
f 5810 5808 5803
f 5802 5810 5804
f 5809 5802 5803
f 5811 5802 5809
f 5809 5803 5808
f 5811 5810 5802
f 5807 5805 5810
f 5810 5803 5804
f 5810 5805 5808
f 5809 5806 5807
f 5810 5809 5807
f 5806 5809 5805
f 3605 3607 3606
f 3608 3605 3606
f 3609 3607 3604
f 3608 3606 3607
f 3605 3608 3609
f 3605 3609 3604
f 3608 3607 3609
f 3604 3607 3605
f 4578 4580 4579
f 4581 4583 4582
f 4583 4585 4584
f 4585 4587 4586
f 4584 4582 4583
f 4578 4587 4580
f 4586 4578 4579
f 4586 4579 4585
f 4585 4579 4584
f 4586 4587 4578
f 4580 4587 4579
f 4579 4587 4584
f 4584 4587 4582
f 4582 4585 4581
f 4582 4587 4585
f 4581 4585 4583
f 6558 6560 6559
f 6560 6563 6562
f 6561 6562 6564
f 6564 6565 6558
f 6562 6565 6564
f 6560 6565 6563
f 6558 6565 6560
f 6563 6565 6562
f 6564 6559 6561
f 6564 6558 6559
f 6562 6561 6559
f 6560 6562 6559
f 6352 6355 6354
f 6353 6356 6352
f 6355 6356 6357
f 6355 6357 6354
f 6356 6354 6357
f 6353 6354 6356
f 6352 6356 6355
f 6352 6354 6353
f 7420 7422 7421
f 7422 7420 7424
f 7423 7424 7426
f 7421 7427 7426
f 7423 7421 7422
f 7425 7426 7427
f 7427 7421 7425
f 7425 7421 7423
f 7421 7424 7420
f 7421 7426 7424
f 7423 7426 7425
f 7422 7424 7423
f 7826 7828 7827
f 7830 7832 7831
f 7827 7831 7832
f 7829 7833 7828
f 7830 7833 7829
f 7827 7828 7833
f 7827 7830 7831
f 7827 7833 7830
f 7829 7826 7832
f 7829 7828 7826
f 7827 7832 7826
f 7829 7832 7830
f 1989 1991 1990
f 1992 1994 1993
f 1995 1994 1992
f 1990 1995 1989
f 1989 1993 1988
f 1994 1991 1988
f 1994 1988 1993
f 1992 1993 1995
f 1995 1993 1989
f 1991 1994 1990
f 1990 1994 1995
f 1988 1991 1989
f 7674 7676 7675
f 7677 7679 7678
f 7675 7677 7678
f 7678 7679 7676
f 7679 7675 7676
f 7677 7675 7679
f 7678 7676 7674
f 7675 7678 7674
f 2470 2473 2472
f 2474 2473 2470
f 2478 2471 2472
f 2474 2478 2479
f 2476 2471 2482
f 2482 2478 2475
f 2481 2472 2473
f 2480 2474 2479
f 2483 2480 2481
f 2477 2480 2483
f 2477 2474 2480
f 2481 2477 2483
f 2481 2473 2477
f 2482 2475 2476
f 2470 2471 2476
f 2475 2478 2474
f 2478 2472 2479
f 2479 2472 2480
f 2478 2482 2471
f 2480 2472 2481
f 2470 2476 2475
f 2474 2470 2475
f 2474 2477 2473
f 2470 2472 2471
f 6047 6049 6048
f 6050 6049 6046
f 6048 6051 6047
f 6049 6050 6051
f 6047 6051 6050
f 6047 6050 6046
f 6049 6051 6048
f 6046 6049 6047
f 6266 6270 6269
f 6266 6273 6272
f 6270 6276 6275
f 6272 6276 6278
f 6271 6278 6276
f 6278 6271 6266
f 6269 6279 6268
f 6277 6273 6267
f 6274 6277 6279
f 6275 6277 6274
f 6277 6268 6279
f 6277 6267 6268
f 6274 6279 6269
f 6278 6266 6272
f 6271 6276 6270
f 6277 6275 6273
f 6273 6276 6272
f 6273 6275 6276
f 6270 6275 6269
f 6269 6275 6274
f 6267 6273 6266
f 6266 6269 6267
f 6267 6269 6268
f 6266 6271 6270
f 4437 4440 4439
f 4442 4439 4440
f 4443 4447 4446
f 4437 4446 4436
f 4446 4447 4441
f 4440 4447 4443
f 4437 4449 4448
f 4444 4439 4442
f 4448 4449 4444
f 4448 4444 4445
f 4438 4439 4449
f 4449 4439 4444
f 4438 4449 4437
f 4441 4447 4440
f 4446 4441 4436
f 4445 4437 4448
f 4445 4446 4437
f 4442 4445 4444
f 4442 4446 4445
f 4442 4443 4446
f 4442 4440 4443
f 4436 4440 4437
f 4437 4439 4438
f 4436 4441 4440
f 2698 2701 2700
f 2705 2704 2703
f 2702 2698 2699
f 2701 2706 2709
f 2707 2700 2701
f 2703 2711 2709
f 2711 2704 2712
f 2704 2705 2710
f 2708 2713 2710
f 2708 2709 2711
f 2711 2712 2713
f 2708 2711 2713
f 2708 2710 2707
f 2710 2713 2712
f 2704 2710 2712
f 2703 2704 2711
f 2703 2706 2702
f 2703 2709 2706
f 2705 2707 2710
f 2705 2700 2707
f 2709 2708 2707
f 2701 2709 2707
f 2701 2698 2706
f 2706 2698 2702
f 2700 2702 2699
f 2700 2703 2702
f 2700 2705 2703
f 2698 2700 2699
f 5592 5596 5595
f 5592 5593 5597
f 5594 5595 5598
f 5594 5597 5593
f 5598 5596 5599
f 5597 5599 5596
f 5597 5596 5592
f 5595 5596 5598
f 5599 5597 5598
f 5598 5597 5594
f 5592 5594 5593
f 5592 5595 5594
f 2769 2772 2771
f 2774 2769 2770
f 2772 2775 2771
f 2777 2769 2774
f 2776 2777 2775
f 2771 2774 2770
f 2776 2773 2768
f 2777 2774 2775
f 2775 2774 2771
f 2776 2772 2773
f 2776 2775 2772
f 2768 2769 2776
f 2776 2769 2777
f 2768 2772 2769
f 2769 2771 2770
f 2768 2773 2772
f 6904 6906 6905
f 6907 6909 6908
f 6906 6904 6909
f 6907 6908 6905
f 6909 6904 6905
f 6909 6905 6908
f 6907 6905 6906
f 6906 6909 6907
f 2748 2750 2749
f 2751 2750 2754
f 2755 2751 2752
f 2748 2749 2751
f 2753 2754 2757
f 2756 2750 2748
f 2755 2757 2756
f 2753 2755 2752
f 2753 2757 2755
f 2754 2756 2757
f 2754 2750 2756
f 2748 2755 2756
f 2748 2751 2755
f 2751 2754 2752
f 2752 2754 2753
f 2751 2749 2750
f 1968 1972 1969
f 1971 1968 1969
f 1969 1973 1970
f 1969 1972 1973
f 1975 1967 1968
f 1967 1970 1973
f 1971 1976 1977
f 1975 1977 1976
f 1975 1976 1974
f 1970 1976 1971
f 1974 1970 1967
f 1967 1973 1972
f 1974 1976 1970
f 1974 1967 1975
f 1969 1970 1971
f 1975 1971 1977
f 1975 1968 1971
f 1967 1972 1968
f 7020 7022 7021
f 7023 7024 7020
f 7026 7018 7019
f 7020 7026 7019
f 7025 7027 7024
f 7026 7027 7025
f 7021 7022 7023
f 7018 7023 7022
f 7018 7025 7023
f 7023 7025 7024
f 7027 7026 7024
f 7024 7026 7020
f 7025 7018 7026
f 7023 7020 7021
f 7018 7022 7019
f 7019 7022 7020
f 7036 7039 7038
f 7039 7041 7040
f 7036 7041 7039
f 7038 7040 7037
f 7040 7041 7036
f 7040 7036 7037
f 7039 7040 7038
f 7036 7038 7037
f 99 101 100
f 102 104 103
f 101 99 102
f 103 100 101
f 100 102 99
f 104 102 100
f 104 100 103
f 101 102 103
f 218 220 219
f 220 217 221
f 218 223 222
f 221 222 224
f 224 222 223
f 224 218 219
f 223 218 224
f 221 219 220
f 221 224 219
f 218 221 217
f 218 222 221
f 217 220 218
f 2676 2678 2677
f 2677 2678 2679
f 2678 2676 2679
f 2679 2676 2677
f 6986 6988 6987
f 6990 6986 6987
f 6990 6991 6989
f 6986 6991 6988
f 6987 6988 6991
f 6987 6991 6990
f 6989 6991 6986
f 6989 6986 6990
f 4572 4574 4573
f 4575 4577 4576
f 4575 4572 4577
f 4572 4576 4577
f 4574 4575 4576
f 4574 4576 4573
f 4573 4576 4572
f 4574 4572 4575
f 5687 5690 5689
f 5693 5695 5694
f 5692 5696 5691
f 5697 5699 5698
f 5695 5697 5694
f 5702 5704 5703
f 5690 5691 5696
f 5698 5704 5705
f 5702 5696 5692
f 5705 5693 5694
f 5701 5688 5689
f 5701 5687 5688
f 5695 5687 5701
f 5701 5689 5697
f 5705 5694 5700
f 5704 5693 5705
f 5704 5692 5693
f 5704 5702 5692
f 5699 5704 5698
f 5698 5705 5700
f 5699 5703 5704
f 5699 5702 5703
f 5699 5690 5702
f 5702 5690 5696
f 5698 5700 5694
f 5697 5698 5694
f 5695 5701 5697
f 5690 5699 5689
f 5689 5699 5697
f 5692 5691 5686
f 5686 5687 5692
f 5692 5687 5693
f 5693 5687 5695
f 5686 5690 5687
f 5687 5689 5688
f 5686 5691 5690
f 2376 2378 2377
f 2377 2378 2380
f 2381 2379 2380
f 2377 2379 2381
f 2380 2376 2381
f 2378 2376 2380
f 2377 2381 2376
f 2377 2380 2379
f 2216 2218 2217
f 2218 2219 2217
f 2216 2217 2219
f 2218 2216 2219
f 4412 4415 4414
f 4416 4418 4417
f 4412 4413 4420
f 4413 4414 4420
f 4416 4419 4418
f 4421 4417 4420
f 4412 4421 4415
f 4419 4421 4412
f 4421 4414 4415
f 4421 4420 4414
f 4421 4416 4417
f 4421 4419 4416
f 4419 4412 4418
f 4418 4412 4417
f 4417 4412 4420
f 4412 4414 4413
f 7554 7556 7555
f 7557 7559 7558
f 7558 7556 7554
f 7556 7559 7557
f 7555 7557 7558
f 7555 7558 7554
f 7556 7557 7555
f 7559 7556 7558
f 6776 6778 6777
f 6779 6781 6780
f 6777 6782 6779
f 6781 6783 6778
f 6783 6781 6779
f 6777 6783 6782
f 6778 6783 6777
f 6783 6779 6782
f 6781 6776 6780
f 6781 6778 6776
f 6777 6780 6776
f 6777 6779 6780
f 2117 2119 2118
f 2120 2119 2121
f 2117 2124 2116
f 2119 2125 2121
f 2127 2117 2118
f 2125 2128 2127
f 2126 2127 2128
f 2128 2125 2124
f 2123 2126 2129
f 2123 2129 2122
f 2124 2122 2129
f 2128 2124 2129
f 2126 2128 2129
f 2125 2120 2121
f 2125 2127 2120
f 2126 2117 2127
f 2127 2118 2120
f 2126 2123 2117
f 2124 2125 2116
f 2116 2125 2119
f 2122 2124 2123
f 2123 2124 2117
f 2118 2119 2120
f 2116 2119 2117
f 3000 3004 3003
f 3005 3009 3008
f 3005 3006 3002
f 3008 3001 3007
f 3009 3003 3004
f 3001 3006 3007
f 3009 3004 3000
f 3009 3000 3008
f 3002 3006 3001
f 3005 3003 3009
f 3000 3001 3008
f 3005 3002 3003
f 3005 3008 3006
f 3006 3008 3007
f 3000 3002 3001
f 3000 3003 3002
f 7494 7497 7496
f 7497 7498 7496
f 7499 7501 7500
f 7501 7495 7496
f 7497 7499 7500
f 7501 7494 7495
f 7499 7494 7501
f 7494 7499 7497
f 7497 7500 7498
f 7496 7498 7500
f 7501 7496 7500
f 7494 7496 7495
f 5706 5708 5707
f 5709 5711 5710
f 5710 5706 5712
f 5709 5712 5713
f 5709 5708 5711
f 5713 5706 5707
f 5712 5706 5713
f 5707 5709 5713
f 5707 5708 5709
f 5710 5712 5709
f 5708 5710 5711
f 5708 5706 5710
f 209 211 210
f 212 214 213
f 215 212 213
f 215 213 214
f 210 212 209
f 210 211 215
f 210 215 216
f 214 212 216
f 216 212 210
f 215 214 216
f 209 215 211
f 209 212 215
f 5879 5882 5881
f 5881 5882 5883
f 5884 5878 5879
f 5883 5884 5885
f 5883 5880 5881
f 5879 5880 5885
f 5879 5885 5884
f 5885 5880 5883
f 5878 5884 5882
f 5882 5884 5883
f 5878 5882 5879
f 5879 5881 5880
f 2242 2246 2245
f 2242 2248 2247
f 2246 2251 2250
f 2250 2247 2248
f 2247 2251 2246
f 2253 2244 2245
f 2252 2248 2243
f 2252 2249 2250
f 2253 2249 2252
f 2243 2244 2253
f 2252 2243 2253
f 2253 2245 2249
f 2247 2246 2242
f 2251 2247 2250
f 2250 2248 2252
f 2250 2249 2245
f 2246 2250 2245
f 2243 2248 2242
f 2245 2244 2243
f 2242 2245 2243
f 6085 6083 6087
f 6083 6088 6087
f 6085 6082 6083
f 6084 6088 6082
f 6086 6089 6084
f 6089 6087 6088
f 6086 6087 6089
f 6086 6084 6085
f 6089 6088 6084
f 6084 6082 6085
f 6082 6088 6083
f 6085 6087 6086
f 5854 5857 5856
f 5858 5860 5859
f 5859 5862 5861
f 5861 5863 5855
f 5858 5863 5864
f 5862 5863 5861
f 5858 5864 5865
f 5860 5862 5859
f 5865 5862 5860
f 5858 5865 5860
f 5864 5863 5865
f 5865 5863 5862
f 5855 5858 5854
f 5855 5863 5858
f 5861 5855 5856
f 5861 5856 5857
f 5859 5861 5857
f 5859 5857 5854
f 5858 5859 5854
f 5854 5856 5855
f 6882 6885 6884
f 6886 6888 6887
f 6884 6887 6888
f 6882 6883 6889
f 6886 6887 6884
f 6882 6886 6885
f 6888 6886 6889
f 6889 6886 6882
f 6886 6884 6885
f 6884 6889 6883
f 6884 6888 6889
f 6882 6884 6883
f 2278 2280 2279
f 2279 2280 2283
f 2282 2284 2281
f 2283 2278 2285
f 2279 2284 2285
f 2282 2283 2285
f 2282 2285 2284
f 2281 2284 2279
f 2279 2285 2278
f 2280 2278 2283
f 2279 2282 2281
f 2279 2283 2282
f 5744 5747 5746
f 5748 5750 5749
f 5750 5745 5746
f 5746 5751 5748
f 5751 5747 5744
f 5751 5745 5750
f 5744 5745 5751
f 5751 5750 5748
f 5747 5751 5746
f 5746 5748 5749
f 5750 5746 5749
f 5744 5746 5745
f 3712 3714 3713
f 3715 3713 3714
f 3714 3712 3715
f 3715 3712 3713
f 5424 5423 5422
f 5426 5421 5422
f 5427 5423 5428
f 5429 5430 5418
f 5431 5432 5425
f 5424 5428 5423
f 5433 5425 5432
f 5419 5420 5429
f 5429 5420 5421
f 5428 5433 5432
f 5427 5431 5426
f 5427 5432 5431
f 5427 5428 5432
f 5430 5426 5431
f 5430 5421 5426
f 5430 5429 5421
f 5424 5425 5433
f 5433 5428 5424
f 5431 5425 5430
f 5430 5425 5418
f 5429 5418 5419
f 5422 5423 5427
f 5426 5422 5427
f 5418 5421 5419
f 5419 5421 5420
f 5418 5425 5422
f 5418 5422 5421
f 5425 5424 5422
f 6127 6130 6129
f 6129 6131 6128
f 6128 6132 6127
f 6133 6127 6132
f 6126 6133 6130
f 6129 6130 6133
f 6129 6132 6131
f 6129 6133 6132
f 6126 6127 6133
f 6131 6132 6128
f 6126 6130 6127
f 6127 6129 6128
f 3494 3497 3496
f 3498 3496 3497
f 3499 3494 3495
f 3499 3496 3498
f 3498 3497 3494
f 3498 3494 3499
f 3495 3496 3499
f 3494 3496 3495
f 1299 1302 1301
f 1306 1301 1302
f 1307 1308 1311
f 1303 1313 1312
f 1318 1317 1316
f 1305 1314 1315
f 1317 1318 1306
f 1316 1311 1312
f 1315 1303 1304
f 1301 1309 1300
f 1309 1316 1300
f 1306 1318 1314
f 1306 1314 1305
f 1317 1299 1300
f 1316 1317 1300
f 1309 1310 1316
f 1307 1309 1301
f 1313 1303 1315
f 1310 1311 1316
f 1317 1302 1299
f 1317 1306 1302
f 1305 1315 1304
f 1312 1313 1315
f 1314 1312 1315
f 1314 1318 1316
f 1314 1316 1312
f 1312 1311 1308
f 1303 1312 1308
f 1307 1310 1309
f 1307 1311 1310
f 1303 1308 1304
f 1304 1308 1305
f 1305 1308 1307
f 1305 1301 1306
f 1305 1307 1301
f 1299 1301 1300
f 5434 5436 5435
f 5438 5440 5439
f 5438 5439 5441
f 5443 5440 5437
f 5443 5436 5434
f 5437 5436 5443
f 5440 5442 5434
f 5439 5435 5441
f 5439 5440 5435
f 5435 5440 5434
f 5441 5435 5438
f 5438 5436 5437
f 5438 5435 5436
f 5443 5434 5442
f 5442 5440 5443
f 5437 5440 5438
f 6874 6877 6876
f 6877 6874 6878
f 6878 6880 6879
f 6875 6879 6881
f 6875 6878 6874
f 6879 6880 6881
f 6880 6878 6881
f 6881 6878 6875
f 6876 6879 6875
f 6878 6876 6877
f 6878 6879 6876
f 6874 6876 6875
f 3928 3930 3929
f 3931 3933 3932
f 3933 3931 3929
f 3932 3929 3931
f 3928 3932 3933
f 3928 3933 3930
f 3928 3929 3932
f 3933 3929 3930
f 4104 4106 4105
f 4102 4103 4107
f 4108 4104 4105
f 4106 4109 4105
f 4106 4108 4109
f 4104 4108 4107
f 4104 4107 4103
f 4107 4106 4102
f 4107 4108 4106
f 4108 4105 4109
f 4102 4106 4103
f 4103 4106 4104
f 6038 6040 6039
f 6041 6043 6042
f 6040 6044 6043
f 6038 6042 6045
f 6044 6038 6045
f 6042 6044 6045
f 6043 6044 6042
f 6040 6038 6044
f 6041 6038 6039
f 6041 6042 6038
f 6040 6041 6039
f 6040 6043 6041
f 2338 2342 2341
f 2345 2338 2346
f 2340 2351 2350
f 2342 2343 2351
f 2345 2349 2350
f 2352 2353 2347
f 2343 2350 2351
f 2345 2348 2349
f 2346 2353 2352
f 2339 2347 2353
f 2340 2347 2339
f 2339 2346 2338
f 2339 2353 2346
f 2352 2348 2346
f 2346 2348 2345
f 2344 2350 2343
f 2352 2347 2348
f 2345 2350 2344
f 2342 2351 2341
f 2349 2348 2347
f 2340 2349 2347
f 2340 2341 2351
f 2340 2350 2349
f 2338 2345 2344
f 2343 2338 2344
f 2343 2342 2338
f 2338 2340 2339
f 2338 2341 2340
f 1257 1259 1258
f 1260 1262 1261
f 1258 1260 1261
f 1261 1262 1259
f 1260 1258 1259
f 1260 1259 1262
f 1261 1259 1257
f 1258 1261 1257
f 6218 6220 6219
f 6221 6223 6222
f 6218 6223 6221
f 6220 6221 6222
f 6222 6223 6218
f 6222 6218 6219
f 6220 6222 6219
f 6218 6221 6220
f 3935 3938 3937
f 3934 3935 3940
f 3941 3943 3942
f 3936 3941 3940
f 3939 3942 3943
f 3941 3942 3939
f 3937 3938 3943
f 3941 3939 3940
f 3943 3938 3934
f 3939 3943 3934
f 3936 3940 3935
f 3937 3943 3936
f 3936 3943 3941
f 3934 3940 3939
f 3934 3938 3935
f 3935 3937 3936
f 2622 2624 2623
f 2623 2624 2625
f 2622 2625 2624
f 2623 2625 2622
f 777 779 778
f 777 778 780
f 779 780 778
f 777 780 779
f 4450 4452 4451
f 4453 4455 4454
f 4457 4459 4458
f 4458 4460 4457
f 4455 4451 4454
f 4461 4459 4456
f 4461 4460 4458
f 4453 4452 4461
f 4451 4453 4454
f 4451 4452 4453
f 4452 4450 4461
f 4461 4458 4459
f 4461 4450 4460
f 4456 4455 4453
f 4461 4456 4453
f 4460 4456 4457
f 4460 4450 4456
f 4456 4450 4451
f 4456 4451 4455
f 4456 4459 4457
f 177 180 179
f 177 181 180
f 180 181 184
f 182 183 185
f 183 186 185
f 184 181 177
f 178 182 185
f 179 182 178
f 178 185 186
f 184 178 186
f 184 177 178
f 184 186 183
f 179 180 182
f 182 184 183
f 182 180 184
f 177 179 178
f 3049 3051 3050
f 3052 3048 3049
f 3053 3050 3051
f 3052 3050 3053
f 3051 3048 3052
f 3051 3052 3053
f 3049 3050 3052
f 3048 3051 3049
f 4240 4243 4242
f 4242 4243 4244
f 4246 4240 4241
f 4240 4247 4244
f 4246 4247 4245
f 4241 4244 4247
f 4242 4244 4241
f 4241 4247 4246
f 4245 4247 4240
f 4240 4244 4243
f 4245 4240 4246
f 4240 4242 4241
f 5714 5716 5715
f 5717 5714 5715
f 5717 5716 5714
f 5716 5717 5715
f 7060 7064 7063
f 7065 7062 7063
f 7064 7060 7066
f 7065 7067 7061
f 7063 7064 7066
f 7060 7061 7067
f 7060 7067 7066
f 7063 7067 7065
f 7063 7066 7067
f 7065 7061 7062
f 7063 7062 7061
f 7060 7063 7061
f 6791 6794 6793
f 6797 6800 6799
f 6795 6796 6797
f 6790 6791 6800
f 6793 6798 6799
f 6796 6790 6801
f 6800 6791 6792
f 6793 6794 6802
f 6798 6803 6802
f 6798 6802 6797
f 6793 6802 6803
f 6800 6792 6799
f 6795 6790 6796
f 6803 6798 6793
f 6793 6799 6792
f 6790 6800 6801
f 6795 6797 6794
f 6794 6797 6802
f 6796 6800 6797
f 6797 6799 6798
f 6796 6801 6800
f 6790 6795 6791
f 6791 6793 6792
f 6791 6795 6794
f 3716 3719 3718
f 3719 3716 3722
f 3719 3723 3718
f 3722 3725 3724
f 3723 3717 3718
f 3726 3723 3720
f 3722 3727 3721
f 3724 3725 3726
f 3724 3726 3727
f 3724 3727 3722
f 3726 3721 3727
f 3726 3720 3721
f 3725 3723 3726
f 3725 3717 3723
f 3717 3722 3716
f 3717 3725 3722
f 3720 3723 3719
f 3719 3722 3720
f 3720 3722 3721
f 3716 3718 3717
f 5996 5999 5998
f 6001 5997 5998
f 6002 5996 6003
f 5996 5997 6000
f 5999 6002 6001
f 6003 6000 6001
f 6003 6001 6002
f 5999 6001 5998
f 5996 6000 6003
f 5999 5996 6002
f 6000 5997 6001
f 5996 5998 5997
f 7336 7339 7338
f 7340 7337 7338
f 7341 7339 7336
f 7340 7338 7339
f 7336 7337 7340
f 7336 7340 7341
f 7340 7339 7341
f 7336 7338 7337
f 4462 4464 4463
f 4465 4467 4464
f 4465 4466 4468
f 4463 4467 4469
f 4462 4468 4466
f 4465 4468 4469
f 4465 4469 4467
f 4469 4462 4463
f 4469 4468 4462
f 4464 4467 4463
f 4465 4462 4466
f 4465 4464 4462
f 6963 6965 6964
f 6962 6963 6966
f 6967 6964 6965
f 6966 6965 6962
f 6963 6967 6966
f 6964 6967 6963
f 6967 6965 6966
f 6962 6965 6963
f 6825 6827 6826
f 6830 6827 6824
f 6829 6831 6828
f 6825 6830 6824
f 6829 6833 6831
f 6832 6825 6826
f 6831 6827 6828
f 6826 6827 6833
f 6833 6827 6831
f 6832 6826 6833
f 6832 6829 6830
f 6832 6833 6829
f 6832 6830 6825
f 6828 6827 6829
f 6829 6827 6830
f 6824 6827 6825
f 5849 5851 5850
f 5851 5852 5850
f 5853 5850 5852
f 5851 5853 5852
f 5848 5849 5853
f 5848 5853 5851
f 5849 5850 5853
f 5848 5851 5849
f 7088 7090 7089
f 7089 7092 7088
f 7091 7089 7090
f 7092 7091 7093
f 7090 7088 7092
f 7090 7092 7093
f 7091 7090 7093
f 7091 7092 7089
f 7342 7344 7343
f 7345 7347 7346
f 7345 7344 7342
f 7347 7343 7344
f 7347 7342 7343
f 7345 7342 7347
f 7347 7344 7346
f 7346 7344 7345
f 2254 2257 2256
f 2256 2257 2258
f 2255 2258 2259
f 2259 2254 2255
f 2258 2257 2254
f 2258 2254 2259
f 2256 2258 2255
f 2254 2256 2255
f 7898 7900 7899
f 7901 7900 7898
f 7900 7901 7899
f 7901 7898 7899
f 7100 7103 7102
f 7104 7106 7105
f 7102 7107 7101
f 7105 7101 7107
f 7106 7104 7107
f 7105 7106 7103
f 7105 7103 7100
f 7107 7102 7103
f 7106 7107 7103
f 7100 7101 7105
f 7105 7107 7104
f 7100 7102 7101
f 2388 2390 2389
f 2388 2389 2391
f 2391 2389 2390
f 2391 2390 2388
f 199 203 202
f 204 200 201
f 205 203 199
f 203 207 202
f 199 204 208
f 201 207 208
f 206 208 207
f 206 207 205
f 202 207 201
f 201 208 204
f 200 204 199
f 199 208 206
f 205 207 203
f 205 199 206
f 199 201 200
f 199 202 201
f 4768 4772 4771
f 4773 4777 4776
f 4777 4768 4776
f 4770 4771 4773
f 4775 4769 4770
f 4772 4773 4771
f 4776 4768 4769
f 4776 4769 4775
f 4777 4773 4772
f 4775 4770 4774
f 4770 4773 4774
f 4772 4768 4777
f 4773 4775 4774
f 4773 4776 4775
f 4768 4770 4769
f 4768 4771 4770
f 3288 3290 3289
f 3292 3294 3293
f 3294 3297 3296
f 3293 3296 3292
f 3289 3297 3288
f 3297 3295 3290
f 3295 3294 3291
f 3291 3289 3290
f 3295 3291 3290
f 3297 3290 3288
f 3292 3296 3291
f 3291 3297 3289
f 3291 3296 3297
f 3295 3297 3294
f 3294 3296 3293
f 3291 3294 3292
f 2236 2239 2238
f 2240 2236 2237
f 2241 2237 2238
f 2238 2239 2241
f 2241 2239 2236
f 2241 2236 2240
f 2240 2237 2241
f 2236 2238 2237
f 7464 7463 7462
f 7467 7465 7458
f 7472 7468 7473
f 7472 7473 7475
f 7460 7471 7472
f 7469 7470 7461
f 7463 7479 7478
f 7468 7459 7475
f 7471 7460 7461
f 7466 7464 7465
f 7476 7462 7463
f 7466 7467 7474
f 7478 7479 7474
f 7478 7474 7476
f 7476 7474 7469
f 7474 7479 7477
f 7466 7474 7477
f 7476 7463 7478
f 7477 7464 7466
f 7471 7461 7470
f 7458 7459 7468
f 7468 7475 7473
f 7477 7479 7464
f 7464 7479 7463
f 7469 7462 7476
f 7469 7461 7462
f 7472 7475 7459
f 7460 7472 7459
f 7469 7471 7470
f 7469 7468 7471
f 7469 7474 7467
f 7471 7468 7472
f 7469 7467 7468
f 7466 7465 7467
f 7467 7458 7468
f 7458 7460 7459
f 7458 7461 7460
f 7458 7462 7461
f 7465 7462 7458
f 7465 7464 7462
f 847 849 848
f 847 848 850
f 848 849 850
f 847 850 849
f 6009 6012 6011
f 6013 6017 6016
f 6009 6013 6014
f 6011 6012 6015
f 6017 6021 6020
f 6014 6015 6012
f 6016 6020 6019
f 6013 6009 6010
f 6020 6021 6010
f 6010 6011 6019
f 6020 6010 6019
f 6013 6021 6018
f 6013 6010 6021
f 6017 6020 6016
f 6014 6012 6008
f 6018 6021 6017
f 6011 6016 6019
f 6011 6015 6016
f 6009 6014 6008
f 6016 6015 6014
f 6013 6016 6014
f 6013 6018 6017
f 6008 6012 6009
f 6009 6011 6010
f 6698 6700 6699
f 6699 6703 6702
f 6703 6704 6702
f 6698 6701 6705
f 6701 6702 6704
f 6698 6705 6704
f 6698 6703 6700
f 6698 6704 6703
f 6701 6704 6705
f 6699 6701 6698
f 6700 6703 6699
f 6699 6702 6701
f 4284 4286 4285
f 4287 4289 4288
f 4290 4291 4287
f 4289 4290 4288
f 4291 4290 4289
f 4287 4291 4286
f 4287 4286 4284
f 4291 4285 4286
f 4291 4289 4285
f 4290 4287 4288
f 4285 4287 4284
f 4285 4289 4287
f 4564 4566 4565
f 4568 4570 4569
f 4569 4570 4571
f 4567 4566 4564
f 4568 4569 4571
f 4565 4571 4570
f 4565 4567 4564
f 4565 4570 4567
f 4571 4565 4566
f 4568 4571 4566
f 4568 4566 4567
f 4567 4570 4568
f 1415 1418 1417
f 1419 1417 1418
f 1415 1419 1418
f 1420 1415 1416
f 1416 1419 1420
f 1417 1419 1416
f 1420 1419 1415
f 1415 1417 1416
f 1293 1296 1295
f 1297 1296 1293
f 1297 1294 1298
f 1294 1295 1298
f 1297 1298 1295
f 1297 1295 1296
f 1293 1294 1297
f 1293 1295 1294
f 5724 5726 5725
f 5725 5726 5727
f 5727 5726 5724
f 5724 5725 5727
f 3248 3250 3249
f 3251 3254 3253
f 3255 3250 3248
f 3253 3255 3252
f 3254 3255 3253
f 3254 3248 3249
f 3251 3248 3254
f 3250 3254 3249
f 3250 3255 3254
f 3255 3251 3252
f 3255 3248 3251
f 3251 3253 3252
f 2261 2263 2262
f 2263 2264 2262
f 2265 2261 2262
f 2265 2260 2261
f 2265 2264 2263
f 2265 2263 2260
f 2265 2262 2264
f 2260 2263 2261
f 1421 1423 1422
f 1424 1427 1426
f 1422 1426 1421
f 1429 1431 1430
f 1427 1424 1431
f 1429 1432 1428
f 1432 1429 1430
f 1431 1428 1432
f 1424 1428 1431
f 1431 1432 1430
f 1424 1425 1428
f 1429 1422 1423
f 1429 1428 1422
f 1426 1427 1421
f 1421 1427 1423
f 1423 1427 1429
f 1427 1431 1429
f 1425 1422 1428
f 1425 1426 1422
f 1424 1426 1425
f 2266 2269 2268
f 2270 2272 2271
f 2274 2266 2267
f 2268 2269 2270
f 2274 2267 2268
f 2277 2273 2274
f 2275 2277 2276
f 2273 2277 2271
f 2273 2271 2272
f 2271 2275 2270
f 2271 2277 2275
f 2277 2274 2276
f 2274 2275 2276
f 2274 2268 2275
f 2268 2270 2275
f 2272 2274 2273
f 2272 2266 2274
f 2266 2270 2269
f 2266 2272 2270
f 2266 2268 2267
f 5920 5922 5921
f 5923 5925 5924
f 5921 5922 5923
f 5923 5920 5925
f 5921 5924 5925
f 5921 5925 5920
f 5922 5920 5923
f 5921 5923 5924
f 1163 1166 1165
f 1167 1169 1168
f 1169 1170 1168
f 1164 1171 1170
f 1171 1172 1167
f 1172 1171 1165
f 1166 1163 1169
f 1166 1167 1172
f 1166 1169 1167
f 1172 1165 1166
f 1171 1168 1170
f 1171 1167 1168
f 1165 1171 1164
f 1164 1169 1163
f 1164 1170 1169
f 1163 1165 1164
f 4544 4546 4545
f 4551 4550 4549
f 4552 4549 4550
f 4553 4551 4547
f 4545 4555 4544
f 4552 4550 4551
f 4544 4553 4547
f 4552 4548 4549
f 4554 4548 4552
f 4555 4553 4544
f 4544 4547 4546
f 4554 4553 4555
f 4554 4552 4553
f 4553 4552 4551
f 4554 4545 4548
f 4554 4555 4545
f 4547 4545 4546
f 4547 4551 4545
f 4545 4551 4548
f 4551 4549 4548
f 4470 4472 4471
f 4472 4474 4473
f 4474 4475 4473
f 4471 4473 4475
f 4475 4472 4470
f 4474 4472 4475
f 4471 4475 4470
f 4472 4473 4471
f 7400 7403 7402
f 7404 7406 7405
f 7405 7403 7400
f 7403 7409 7410
f 7404 7410 7411
f 7412 7407 7408
f 7413 7405 7406
f 7407 7411 7410
f 7413 7404 7411
f 7406 7404 7413
f 7413 7411 7412
f 7412 7411 7407
f 7407 7410 7409
f 7408 7405 7413
f 7412 7408 7413
f 7402 7404 7401
f 7402 7410 7404
f 7403 7410 7402
f 7407 7409 7408
f 7408 7409 7405
f 7405 7409 7403
f 7405 7400 7401
f 7404 7405 7401
f 7400 7402 7401
f 6992 6994 6993
f 6995 6993 6994
f 6997 6996 6994
f 6997 6995 6996
f 6993 6995 6997
f 6993 6997 6992
f 6997 6994 6992
f 6995 6994 6996
f 6030 6033 6032
f 6034 6036 6035
f 6036 6032 6035
f 6032 6034 6035
f 6036 6034 6037
f 6033 6030 6037
f 6036 6030 6031
f 6036 6037 6030
f 6037 6034 6033
f 6033 6034 6032
f 6031 6032 6036
f 6030 6032 6031
f 561 563 562
f 564 566 565
f 565 566 563
f 562 564 565
f 563 564 562
f 566 564 563
f 562 565 561
f 565 563 561
f 4784 4786 4785
f 4787 4789 4788
f 4784 4788 4789
f 4789 4785 4786
f 4787 4784 4785
f 4788 4784 4787
f 4787 4785 4789
f 4784 4789 4786
f 2860 2863 2862
f 2861 2862 2864
f 2865 2860 2861
f 2865 2863 2860
f 2865 2864 2862
f 2865 2862 2863
f 2865 2861 2864
f 2860 2862 2861
f 6286 6288 6287
f 6289 6290 6288
f 6291 6290 6289
f 6291 6287 6288
f 6291 6286 6287
f 6289 6286 6291
f 6291 6288 6290
f 6289 6288 6286
f 1101 1104 1103
f 1103 1104 1106
f 1108 1109 1101
f 1101 1109 1110
f 1111 1108 1102
f 1112 1114 1113
f 1110 1114 1111
f 1113 1110 1109
f 1108 1111 1114
f 1108 1112 1107
f 1108 1114 1112
f 1109 1107 1112
f 1113 1109 1112
f 1111 1105 1106
f 1110 1111 1106
f 1110 1113 1114
f 1102 1103 1105
f 1111 1102 1105
f 1101 1106 1104
f 1101 1110 1106
f 1107 1109 1108
f 1108 1101 1102
f 1103 1106 1105
f 1101 1103 1102
f 2096 2098 2097
f 2099 2101 2100
f 2103 2101 2099
f 2096 2101 2102
f 2097 2098 2102
f 2103 2099 2100
f 2103 2096 2097
f 2103 2100 2096
f 2097 2102 2103
f 2100 2101 2096
f 2096 2102 2098
f 2102 2101 2103
f 6898 6900 6899
f 6901 6902 6900
f 6903 6902 6901
f 6902 6903 6899
f 6899 6903 6901
f 6899 6901 6898
f 6902 6899 6900
f 6901 6900 6898
f 2814 2817 2816
f 2819 2820 2817
f 2820 2821 2816
f 2814 2815 2823
f 2823 2815 2816
f 2825 2824 2821
f 2822 2818 2819
f 2823 2825 2822
f 2824 2825 2823
f 2825 2818 2822
f 2821 2820 2818
f 2825 2821 2818
f 2823 2821 2824
f 2823 2816 2821
f 2814 2823 2819
f 2819 2823 2822
f 2820 2816 2817
f 2818 2820 2819
f 2819 2817 2814
f 2814 2816 2815
f 70 69 68
f 67 68 73
f 69 74 73
f 72 77 76
f 65 76 77
f 74 69 70
f 78 72 75
f 66 76 65
f 66 67 71
f 66 71 78
f 75 66 78
f 75 76 66
f 71 72 78
f 74 70 77
f 65 77 70
f 73 77 72
f 72 76 75
f 73 74 77
f 69 73 68
f 67 72 71
f 67 73 72
f 65 67 66
f 65 68 67
f 65 70 68
f 465 466 472
f 471 472 466
f 466 467 468
f 465 469 467
f 469 471 468
f 469 472 471
f 470 472 469
f 469 468 467
f 470 469 465
f 465 467 466
f 471 466 468
f 465 472 470
f 2326 2323 2327
f 2322 2325 2321
f 2323 2320 2324
f 2321 2320 2323
f 2324 2320 2321
f 2325 2327 2324
f 2326 2327 2325
f 2324 2321 2325
f 2321 2323 2322
f 2323 2324 2327
f 2326 2325 2322
f 2322 2323 2326
f 7054 7056 7055
f 7058 7056 7054
f 7059 7054 7055
f 7059 7057 7058
f 7056 7057 7059
f 7056 7059 7055
f 7058 7054 7059
f 7057 7056 7058
f 7605 7607 7606
f 7611 7604 7612
f 7614 7609 7610
f 7613 7606 7617
f 7611 7618 7616
f 7608 7606 7607
f 7613 7608 7609
f 7615 7612 7604
f 7618 7615 7616
f 7619 7611 7612
f 7618 7611 7619
f 7619 7615 7618
f 7619 7612 7615
f 7615 7604 7605
f 7617 7608 7613
f 7617 7606 7608
f 7616 7614 7610
f 7611 7616 7610
f 7615 7605 7616
f 7616 7605 7614
f 7614 7605 7606
f 7614 7606 7613
f 7613 7609 7614
f 7608 7607 7609
f 7609 7607 7610
f 7610 7607 7604
f 7610 7604 7611
f 7604 7607 7605
f 6022 6024 6023
f 6024 6027 6023
f 6026 6028 6025
f 6023 6029 6022
f 6027 6028 6029
f 6029 6024 6022
f 6026 6024 6028
f 6028 6024 6029
f 6025 6028 6027
f 6027 6029 6023
f 6025 6027 6026
f 6026 6027 6024
f 2286 2288 2287
f 2290 2288 2286
f 2291 2286 2287
f 2289 2290 2291
f 2288 2289 2291
f 2288 2291 2287
f 2290 2286 2291
f 2289 2288 2290
f 7452 7455 7454
f 7452 7457 7455
f 7456 7452 7453
f 7454 7455 7457
f 7453 7457 7456
f 7454 7457 7453
f 7456 7457 7452
f 7452 7454 7453
f 4778 4780 4779
f 4781 4783 4782
f 4780 4778 4782
f 4779 4782 4778
f 4783 4781 4779
f 4783 4779 4780
f 4781 4782 4779
f 4780 4782 4783
f 3315 3310 3311
f 3321 3320 3315
f 3317 3313 3316
f 3320 3314 3315
f 3317 3318 3321
f 3321 3319 3320
f 3312 3323 3313
f 3318 3314 3319
f 3324 3325 3311
f 3323 3325 3324
f 3322 3325 3323
f 3324 3311 3310
f 3323 3324 3313
f 3313 3310 3316
f 3313 3324 3310
f 3316 3314 3318
f 3316 3310 3314
f 3322 3323 3312
f 3318 3319 3321
f 3316 3318 3317
f 3319 3314 3320
f 3312 3313 3317
f 3312 3325 3322
f 3312 3311 3325
f 3312 3317 3311
f 3317 3315 3311
f 3317 3321 3315
f 3314 3310 3315
f 5628 5630 5629
f 5631 5632 5628
f 5630 5631 5629
f 5632 5630 5628
f 5633 5632 5631
f 5633 5630 5632
f 5633 5631 5630
f 5631 5628 5629
f 517 519 518
f 517 520 516
f 521 518 519
f 520 521 522
f 520 522 515
f 519 515 522
f 519 522 521
f 520 515 516
f 518 521 517
f 517 521 520
f 515 519 516
f 516 519 517
f 865 867 866
f 869 867 865
f 868 869 871
f 872 870 865
f 872 866 867
f 870 871 869
f 872 871 870
f 872 867 871
f 871 867 868
f 872 865 866
f 868 867 869
f 869 865 870
f 1276 1278 1277
f 1282 1281 1278
f 1280 1283 1279
f 1282 1284 1281
f 1284 1277 1278
f 1279 1283 1276
f 1283 1275 1276
f 1280 1275 1283
f 1282 1277 1284
f 1282 1276 1277
f 1282 1279 1276
f 1284 1278 1281
f 1279 1275 1280
f 1279 1282 1275
f 1275 1282 1278
f 1275 1278 1276
f 6566 6570 6569
f 6572 6575 6574
f 6575 6576 6577
f 6577 6579 6578
f 6578 6579 6571
f 6568 6573 6574
f 6579 6576 6571
f 6566 6574 6575
f 6573 6568 6569
f 6573 6569 6572
f 6572 6569 6578
f 6567 6574 6566
f 6577 6576 6579
f 6568 6574 6567
f 6578 6571 6572
f 6577 6578 6570
f 6570 6578 6569
f 6575 6570 6566
f 6575 6577 6570
f 6571 6575 6572
f 6572 6574 6573
f 6571 6576 6575
f 6569 6568 6567
f 6566 6569 6567
f 4737 4739 4738
f 4741 4738 4739
f 4740 4742 4737
f 4743 4736 4737
f 4736 4741 4739
f 4743 4740 4741
f 4742 4740 4743
f 4743 4741 4736
f 4743 4737 4742
f 4740 4737 4738
f 4740 4738 4741
f 4736 4739 4737
f 4601 4603 4602
f 4601 4602 4605
f 4602 4603 4605
f 4603 4604 4605
f 4601 4604 4600
f 4600 4604 4603
f 4601 4605 4604
f 4600 4603 4601
f 272 273 274
f 271 275 273
f 275 272 276
f 272 274 276
f 274 273 275
f 274 275 276
f 271 272 275
f 271 273 272
f 5782 5781 5780
f 5783 5779 5780
f 5776 5777 5784
f 5781 5782 5785
f 5785 5786 5783
f 5786 5787 5784
f 5785 5782 5776
f 5778 5779 5783
f 5778 5783 5786
f 5785 5784 5787
f 5785 5776 5784
f 5784 5777 5778
f 5786 5784 5778
f 5785 5780 5781
f 5785 5783 5780
f 5785 5787 5786
f 5776 5778 5777
f 5776 5782 5778
f 5778 5780 5779
f 5782 5780 5778
f 2442 2444 2443
f 2445 2447 2446
f 2442 2445 2446
f 2444 2446 2447
f 2442 2447 2445
f 2443 2447 2442
f 2444 2447 2443
f 2442 2446 2444
f 7585 7587 7586
f 7588 7584 7589
f 7593 7592 7591
f 7588 7595 7586
f 7595 7596 7590
f 7590 7596 7593
f 7591 7592 7597
f 7591 7588 7589
f 7592 7594 7597
f 7596 7595 7593
f 7593 7594 7592
f 7593 7595 7594
f 7594 7591 7597
f 7594 7588 7591
f 7595 7585 7586
f 7595 7590 7585
f 7594 7595 7588
f 7588 7586 7587
f 7589 7584 7585
f 7590 7589 7585
f 7590 7591 7589
f 7593 7591 7590
f 7587 7584 7588
f 7584 7587 7585
f 6543 6545 6544
f 6547 6545 6542
f 6547 6542 6543
f 6544 6548 6543
f 6544 6545 6546
f 6547 6549 6546
f 6548 6549 6547
f 6544 6546 6549
f 6549 6548 6544
f 6547 6543 6548
f 6546 6545 6547
f 6542 6545 6543
f 547 549 548
f 549 552 551
f 550 551 553
f 547 548 550
f 554 551 552
f 554 552 549
f 554 549 547
f 553 551 554
f 550 553 554
f 547 550 554
f 549 550 548
f 549 551 550
f 4476 4478 4477
f 4479 4478 4476
f 4477 4478 4479
f 4479 4476 4477
f 530 532 531
f 533 535 534
f 536 534 537
f 536 538 530
f 538 539 533
f 540 539 538
f 533 539 540
f 537 534 535
f 537 535 540
f 533 540 535
f 540 538 537
f 537 538 536
f 533 529 530
f 538 533 530
f 536 530 531
f 532 536 531
f 532 534 536
f 534 532 529
f 533 534 529
f 529 532 530
f 816 818 817
f 815 816 821
f 822 815 819
f 822 824 823
f 823 825 821
f 826 828 827
f 819 824 822
f 825 823 824
f 828 821 825
f 820 821 828
f 828 825 827
f 824 826 827
f 825 824 827
f 828 819 820
f 828 824 819
f 828 826 824
f 821 816 817
f 823 821 817
f 822 823 818
f 818 823 817
f 818 815 822
f 821 820 819
f 815 821 819
f 815 818 816
f 5618 5620 5619
f 5621 5625 5624
f 5626 5621 5622
f 5620 5627 5623
f 5626 5623 5627
f 5620 5625 5621
f 5619 5625 5618
f 5624 5625 5619
f 5621 5626 5627
f 5620 5621 5627
f 5620 5618 5625
f 5622 5623 5626
f 5620 5624 5619
f 5620 5623 5624
f 5621 5623 5622
f 5621 5624 5623
f 627 629 628
f 627 630 629
f 629 630 628
f 630 627 628
f 1962 1964 1963
f 1965 1962 1963
f 1966 1963 1964
f 1964 1961 1966
f 1966 1961 1962
f 1966 1962 1965
f 1965 1963 1966
f 1961 1964 1962
f 6581 6583 6582
f 6584 6581 6582
f 6585 6583 6580
f 6584 6583 6585
f 6585 6581 6584
f 6580 6581 6585
f 6582 6583 6584
f 6580 6583 6581
f 6100 6104 6103
f 6105 6102 6103
f 6104 6100 6107
f 6101 6105 6106
f 6101 6102 6105
f 6104 6106 6103
f 6107 6106 6104
f 6101 6106 6100
f 6100 6106 6107
f 6105 6103 6106
f 6103 6102 6101
f 6100 6103 6101
f 831 833 832
f 834 829 830
f 833 836 835
f 835 831 832
f 833 829 834
f 835 836 834
f 835 830 831
f 835 834 830
f 833 834 836
f 833 835 832
f 829 833 830
f 830 833 831
f 4588 4590 4589
f 4591 4593 4592
f 4595 4596 4593
f 4594 4595 4597
f 4595 4591 4592
f 4599 4589 4590
f 4599 4593 4596
f 4590 4594 4597
f 4597 4598 4599
f 4590 4597 4599
f 4590 4588 4594
f 4592 4599 4598
f 4592 4593 4599
f 4596 4589 4599
f 4595 4592 4597
f 4597 4592 4598
f 4588 4589 4594
f 4594 4589 4595
f 4595 4589 4596
f 4595 4593 4591
f 4529 4531 4530
f 4535 4534 4533
f 4536 4528 4529
f 4537 4536 4539
f 4539 4536 4532
f 4535 4531 4537
f 4538 4539 4540
f 4542 4543 4541
f 4534 4535 4541
f 4534 4543 4542
f 4534 4540 4533
f 4534 4542 4540
f 4534 4541 4543
f 4542 4541 4538
f 4538 4541 4537
f 4538 4540 4542
f 4530 4531 4535
f 4535 4537 4541
f 4539 4533 4540
f 4539 4532 4533
f 4539 4538 4537
f 4531 4536 4537
f 4531 4528 4536
f 4536 4529 4532
f 4530 4532 4529
f 4530 4535 4532
f 4532 4535 4533
f 4528 4531 4529
f 6846 6849 6848
f 6851 6849 6846
f 6846 6847 6851
f 6849 6850 6848
f 6851 6847 6848
f 6851 6848 6850
f 6850 6849 6851
f 6846 6848 6847
f 7042 7045 7044
f 7045 7042 7048
f 7046 7050 7049
f 7048 7043 7052
f 7049 7052 7043
f 7053 7047 7048
f 7053 7051 7052
f 7047 7050 7046
f 7053 7050 7047
f 7053 7052 7050
f 7050 7052 7049
f 7053 7048 7051
f 7049 7043 7044
f 7042 7043 7048
f 7048 7052 7051
f 7049 7044 7045
f 7046 7049 7045
f 7045 7048 7046
f 7046 7048 7047
f 7042 7044 7043
f 2229 2231 2230
f 2232 2234 2233
f 2235 2232 2233
f 2229 2235 2228
f 2230 2235 2229
f 2233 2234 2230
f 2233 2230 2231
f 2232 2235 2234
f 2234 2235 2230
f 2233 2231 2228
f 2235 2233 2228
f 2228 2231 2229
f 6109 6111 6110
f 6111 6108 6115
f 6117 6115 6120
f 6121 6122 6116
f 6113 6123 6112
f 6122 6112 6123
f 6124 6119 6120
f 6108 6109 6120
f 6113 6116 6122
f 6125 6117 6118
f 6125 6118 6119
f 6125 6119 6124
f 6121 6117 6125
f 6114 6116 6113
f 6113 6122 6123
f 6108 6120 6115
f 6124 6109 6110
f 6124 6120 6109
f 6124 6121 6125
f 6124 6110 6121
f 6121 6110 6111
f 6121 6111 6122
f 6122 6111 6112
f 6121 6116 6117
f 6116 6115 6117
f 6117 6119 6118
f 6116 6114 6115
f 6117 6120 6119
f 6112 6114 6113
f 6112 6115 6114
f 6112 6111 6115
f 6108 6111 6109
f 3507 3509 3508
f 3507 3510 3506
f 3511 3508 3509
f 3510 3509 3506
f 3511 3507 3508
f 3510 3507 3511
f 3511 3509 3510
f 3506 3509 3507
f 6306 6308 6307
f 6309 6310 6308
f 6311 6306 6307
f 6311 6310 6309
f 6308 6311 6307
f 6310 6311 6308
f 6309 6306 6311
f 6309 6308 6306
f 2370 2373 2372
f 2374 2375 2370
f 2375 2372 2373
f 2373 2370 2375
f 2374 2371 2372
f 2374 2372 2375
f 2374 2370 2371
f 2370 2372 2371
f 1195 1197 1196
f 1198 1202 1201
f 1200 1204 1203
f 1205 1198 1195
f 1205 1204 1207
f 1196 1197 1199
f 1208 1202 1198
f 1207 1204 1201
f 1207 1208 1206
f 1207 1206 1205
f 1201 1202 1208
f 1207 1201 1208
f 1208 1198 1206
f 1196 1200 1203
f 1196 1199 1200
f 1196 1203 1195
f 1195 1203 1205
f 1205 1203 1204
f 1199 1197 1195
f 1198 1199 1195
f 1205 1206 1198
f 1201 1204 1200
f 1198 1200 1199
f 1198 1201 1200
f 859 861 860
f 862 864 863
f 860 863 864
f 859 864 862
f 859 863 861
f 862 863 859
f 860 864 859
f 861 863 860
f 2714 2716 2715
f 2718 2720 2719
f 2721 2718 2719
f 2714 2717 2716
f 2721 2714 2715
f 2716 2721 2715
f 2718 2716 2717
f 2718 2721 2716
f 2720 2721 2719
f 2720 2714 2721
f 2720 2717 2714
f 2717 2720 2718
f 4145 4147 4146
f 4148 4145 4146
f 4149 4146 4147
f 4145 4148 4144
f 4148 4147 4144
f 4149 4147 4148
f 4148 4146 4149
f 4144 4147 4145
f 7004 7006 7005
f 7008 7005 7006
f 7009 7007 7008
f 7005 7009 7004
f 7008 7004 7009
f 7006 7004 7008
f 7007 7009 7005
f 7007 7005 7008
f 7316 7319 7318
f 7320 7319 7316
f 7317 7318 7321
f 7318 7320 7321
f 7316 7317 7321
f 7316 7321 7320
f 7319 7320 7318
f 7316 7318 7317
f 2807 2810 2809
f 2811 2807 2808
f 2812 2809 2810
f 2812 2806 2813
f 2807 2811 2813
f 2813 2809 2812
f 2808 2809 2811
f 2811 2809 2813
f 2807 2813 2806
f 2810 2806 2812
f 2806 2810 2807
f 2807 2809 2808
f 1264 1266 1265
f 1263 1268 1266
f 1263 1269 1267
f 1270 1269 1264
f 1270 1265 1266
f 1267 1270 1268
f 1269 1270 1267
f 1270 1266 1268
f 1270 1264 1265
f 1264 1269 1263
f 1267 1268 1263
f 1263 1266 1264
f 3978 3980 3979
f 3981 3978 3982
f 3982 3983 3981
f 3983 3982 3978
f 3979 3981 3983
f 3980 3981 3979
f 3983 3978 3979
f 3980 3978 3981
f 4518 4520 4519
f 4521 4524 4523
f 4523 4525 4522
f 4521 4527 4526
f 4527 4519 4520
f 4518 4526 4520
f 4524 4527 4525
f 4518 4527 4524
f 4524 4525 4523
f 4518 4519 4527
f 4521 4518 4524
f 4521 4526 4518
f 4527 4520 4526
f 4525 4521 4522
f 4525 4527 4521
f 4521 4523 4522
f 4388 4391 4393
f 4391 4390 4392
f 4388 4390 4391
f 4394 4396 4392
f 4396 4397 4389
f 4397 4395 4388
f 4396 4395 4397
f 4394 4395 4396
f 4397 4388 4389
f 4389 4393 4392
f 4396 4389 4392
f 4394 4392 4390
f 4394 4388 4395
f 4394 4390 4388
f 4391 4392 4393
f 4388 4393 4389
f 3055 3057 3056
f 3057 3058 3056
f 3054 3055 3059
f 3059 3055 3056
f 3057 3054 3059
f 3057 3059 3058
f 3059 3056 3058
f 3054 3057 3055
f 3846 3843 3847
f 3848 3842 3846
f 3843 3845 3849
f 3845 3844 3848
f 3845 3842 3844
f 3848 3847 3849
f 3846 3847 3848
f 3843 3842 3845
f 3845 3848 3849
f 3843 3849 3847
f 3844 3842 3848
f 3842 3843 3846
f 1353 1355 1354
f 1356 1358 1357
f 1354 1358 1353
f 1354 1355 1356
f 1355 1353 1358
f 1355 1358 1356
f 1354 1356 1357
f 1357 1358 1354
f 3386 3388 3387
f 3386 3390 3389
f 3391 3389 3390
f 3387 3389 3391
f 3391 3386 3387
f 3390 3386 3391
f 3388 3389 3387
f 3386 3389 3388
f 3346 3348 3347
f 3349 3351 3350
f 3348 3350 3351
f 3350 3346 3349
f 3346 3347 3351
f 3346 3351 3349
f 3348 3346 3350
f 3348 3351 3347
f 2328 2332 2331
f 2334 2328 2329
f 2331 2335 2330
f 2335 2329 2330
f 2333 2334 2336
f 2331 2337 2335
f 2333 2336 2337
f 2333 2332 2328
f 2333 2337 2332
f 2332 2337 2331
f 2336 2335 2337
f 2336 2334 2335
f 2335 2334 2329
f 2333 2328 2334
f 2328 2330 2329
f 2328 2331 2330
f 6656 6658 6657
f 6657 6660 6659
f 6660 6661 6659
f 6659 6661 6658
f 6661 6657 6658
f 6660 6657 6661
f 6659 6658 6656
f 6657 6659 6656
f 6910 6912 6911
f 6913 6915 6914
f 6914 6915 6911
f 6913 6917 6910
f 6916 6917 6913
f 6916 6912 6910
f 6916 6910 6917
f 6916 6913 6914
f 6913 6911 6915
f 6913 6910 6911
f 6914 6912 6916
f 6914 6911 6912
f 1227 1229 1228
f 1227 1228 1232
f 1228 1229 1233
f 1234 1232 1233
f 1234 1230 1231
f 1227 1230 1234
f 1227 1233 1229
f 1227 1234 1233
f 1231 1232 1234
f 1228 1233 1232
f 1232 1231 1230
f 1227 1232 1230
f 3478 3482 3481
f 3486 3488 3487
f 3478 3488 3484
f 3481 3491 3490
f 3486 3480 3493
f 3482 3483 3484
f 3489 3478 3479
f 3480 3481 3490
f 3493 3485 3486
f 3489 3487 3488
f 3492 3487 3489
f 3491 3485 3490
f 3490 3485 3493
f 3480 3490 3493
f 3489 3479 3492
f 3482 3485 3491
f 3482 3484 3485
f 3492 3479 3487
f 3487 3479 3486
f 3486 3479 3480
f 3482 3491 3481
f 3489 3488 3478
f 3478 3484 3483
f 3484 3488 3485
f 3485 3488 3486
f 3481 3480 3479
f 3478 3481 3479
f 3478 3483 3482
f 2758 2760 2759
f 2761 2763 2762
f 2761 2765 2764
f 2763 2765 2762
f 2758 2765 2766
f 2760 2767 2759
f 2764 2763 2761
f 2759 2767 2758
f 2758 2763 2764
f 2758 2767 2763
f 2766 2767 2760
f 2764 2765 2758
f 2758 2766 2760
f 2766 2765 2767
f 2767 2765 2763
f 2762 2765 2761
f 4340 4342 4341
f 4339 4340 4343
f 4344 4346 4345
f 4342 4347 4341
f 4343 4347 4345
f 4344 4339 4343
f 4347 4344 4345
f 4338 4344 4342
f 4342 4344 4347
f 4338 4339 4344
f 4344 4343 4346
f 4340 4347 4343
f 4343 4345 4346
f 4340 4341 4347
f 4338 4342 4339
f 4339 4342 4340
f 3172 3174 3173
f 3175 3174 3172
f 3173 3174 3175
f 3173 3175 3172
f 6134 6137 6136
f 6134 6140 6139
f 6139 6141 6138
f 6135 6136 6140
f 6134 6141 6137
f 6137 6139 6140
f 6141 6139 6137
f 6137 6140 6136
f 6138 6141 6134
f 6135 6140 6134
f 6134 6139 6138
f 6134 6136 6135
f 3075 3077 3076
f 3078 3080 3079
f 3080 3081 3074
f 3077 3074 3081
f 3081 3078 3079
f 3080 3075 3076
f 3080 3076 3079
f 3081 3079 3077
f 3077 3079 3076
f 3078 3081 3080
f 3080 3074 3075
f 3074 3077 3075
f 4511 4513 4512
f 4514 4513 4510
f 4516 4514 4515
f 4510 4516 4515
f 4511 4512 4517
f 4513 4514 4516
f 4513 4517 4512
f 4513 4516 4517
f 4517 4510 4511
f 4517 4516 4510
f 4514 4510 4515
f 4510 4513 4511
f 3392 3396 3395
f 3395 3396 3397
f 3393 3398 3392
f 3394 3398 3393
f 3398 3399 3397
f 3395 3397 3399
f 3395 3399 3394
f 3398 3397 3392
f 3392 3397 3396
f 3399 3398 3394
f 3395 3394 3393
f 3392 3395 3393
f 6668 6672 6671
f 6669 6673 6668
f 6671 6674 6670
f 6673 6669 6670
f 6674 6672 6675
f 6672 6668 6673
f 6672 6673 6675
f 6671 6672 6674
f 6673 6674 6675
f 6673 6670 6674
f 6671 6670 6669
f 6668 6671 6669
f 3208 3210 3209
f 3208 3212 3207
f 3213 3210 3211
f 3209 3212 3208
f 3206 3215 3213
f 3215 3214 3209
f 3212 3206 3207
f 3215 3212 3214
f 3215 3206 3212
f 3215 3209 3213
f 3213 3209 3210
f 3206 3213 3211
f 3214 3212 3209
f 3206 3211 3207
f 3207 3211 3208
f 3208 3211 3210
f 6973 6972 6971
f 6968 6976 6975
f 6975 6976 6981
f 6970 6981 6983
f 6978 6973 6985
f 6983 6976 6977
f 6983 6969 6970
f 6972 6984 6982
f 6973 6968 6974
f 6982 6979 6980
f 6975 6978 6985
f 6975 6985 6974
f 6984 6979 6982
f 6973 6974 6985
f 6972 6982 6971
f 6977 6969 6983
f 6981 6976 6983
f 6984 6972 6979
f 6979 6972 6978
f 6978 6972 6973
f 6982 6980 6971
f 6971 6981 6970
f 6971 6980 6981
f 6978 6975 6979
f 6979 6975 6980
f 6980 6975 6981
f 6969 6976 6968
f 6968 6975 6974
f 6969 6977 6976
f 6971 6970 6969
f 6968 6971 6969
f 6968 6973 6971
f 225 228 227
f 229 231 230
f 227 232 226
f 225 226 232
f 228 225 232
f 228 231 229
f 228 229 227
f 228 230 231
f 228 232 230
f 230 227 229
f 230 232 227
f 225 227 226
f 962 964 963
f 961 962 965
f 966 963 964
f 965 966 964
f 966 962 963
f 965 962 966
f 965 964 961
f 961 964 962
f 3159 3162 3161
f 3160 3164 3159
f 3165 3167 3166
f 3159 3164 3165
f 3166 3163 3160
f 3164 3167 3165
f 3166 3161 3162
f 3163 3167 3164
f 3167 3163 3166
f 3166 3160 3161
f 3159 3165 3158
f 3166 3162 3158
f 3165 3166 3158
f 3163 3164 3160
f 3158 3162 3159
f 3159 3161 3160
f 3266 3268 3267
f 3269 3271 3270
f 3272 3274 3273
f 3275 3277 3276
f 3277 3270 3271
f 3279 3278 3275
f 3277 3272 3273
f 3266 3267 3271
f 3274 3269 3270
f 3269 3274 3272
f 3278 3269 3272
f 3278 3279 3269
f 3266 3269 3279
f 3266 3271 3269
f 3278 3272 3275
f 3275 3272 3277
f 3266 3276 3268
f 3266 3275 3276
f 3266 3279 3275
f 3267 3268 3276
f 3277 3271 3276
f 3277 3273 3274
f 3276 3271 3267
f 3277 3274 3270
f 3361 3363 3362
f 3364 3366 3365
f 3365 3368 3367
f 3369 3370 3367
f 3370 3361 3362
f 3371 3363 3360
f 3366 3369 3368
f 3369 3371 3360
f 3360 3361 3370
f 3369 3360 3370
f 3371 3369 3364
f 3364 3369 3366
f 3364 3363 3371
f 3370 3365 3367
f 3370 3362 3365
f 3369 3367 3368
f 3366 3368 3365
f 3365 3362 3363
f 3364 3365 3363
f 3360 3363 3361
f 4962 4964 4963
f 4965 4968 4967
f 4966 4969 4965
f 4968 4964 4967
f 4967 4969 4966
f 4968 4969 4962
f 4965 4969 4968
f 4968 4962 4963
f 4962 4967 4964
f 4962 4969 4967
f 4963 4964 4968
f 4965 4967 4966
f 509 511 510
f 512 514 513
f 509 510 512
f 511 513 514
f 512 511 514
f 510 511 512
f 509 513 511
f 509 512 513
f 4030 4034 4033
f 4035 4032 4033
f 4030 4036 4034
f 4037 4032 4035
f 4037 4036 4030
f 4033 4036 4037
f 4034 4036 4033
f 4033 4037 4035
f 4037 4030 4031
f 4031 4032 4037
f 4030 4032 4031
f 4030 4033 4032
f 5546 5549 5548
f 5549 5550 5548
f 5548 5551 5547
f 5549 5551 5550
f 5551 5546 5547
f 5546 5551 5549
f 5550 5551 5548
f 5546 5548 5547
f 1235 1237 1236
f 1238 1236 1237
f 1240 1239 1237
f 1238 1235 1236
f 1240 1238 1239
f 1240 1235 1238
f 1240 1237 1235
f 1238 1237 1239
f 851 853 852
f 854 856 855
f 855 852 853
f 854 858 851
f 851 858 857
f 857 854 855
f 858 854 857
f 851 857 853
f 854 852 856
f 854 851 852
f 856 852 855
f 855 853 857
f 5612 5611 5610
f 5611 5612 5613
f 5614 5606 5607
f 5616 5607 5608
f 5608 5609 5616
f 5617 5614 5615
f 5609 5615 5616
f 5613 5610 5611
f 5617 5610 5613
f 5617 5615 5610
f 5610 5615 5609
f 5612 5617 5613
f 5612 5606 5617
f 5617 5606 5614
f 5614 5616 5615
f 5614 5607 5616
f 5609 5608 5607
f 5610 5609 5607
f 5606 5610 5607
f 5612 5610 5606
f 4168 4172 4171
f 4173 4176 4175
f 4168 4177 4174
f 4177 4179 4178
f 4178 4171 4173
f 4175 4176 4172
f 4181 4177 4169
f 4180 4179 4181
f 4170 4171 4180
f 4170 4180 4181
f 4178 4179 4180
f 4179 4177 4181
f 4181 4169 4170
f 4175 4172 4168
f 4172 4176 4173
f 4171 4172 4173
f 4178 4180 4171
f 4178 4173 4174
f 4177 4178 4174
f 4169 4177 4168
f 4168 4174 4175
f 4173 4175 4174
f 4171 4170 4169
f 4168 4171 4169
f 2854 2856 2855
f 2854 2855 2858
f 2858 2859 2857
f 2854 2857 2859
f 2859 2855 2856
f 2858 2855 2859
f 2854 2859 2856
f 2854 2858 2857
f 2792 2795 2794
f 2796 2795 2792
f 2792 2793 2797
f 2795 2797 2794
f 2797 2793 2794
f 2796 2797 2795
f 2792 2797 2796
f 2792 2794 2793
f 838 840 839
f 837 838 843
f 841 842 844
f 839 843 838
f 844 837 841
f 842 845 844
f 839 840 846
f 843 845 842
f 846 844 845
f 846 837 844
f 846 840 837
f 845 843 846
f 846 843 839
f 837 842 841
f 837 843 842
f 837 840 838
f 1953 1957 1956
f 1958 1957 1953
f 1954 1955 1959
f 1953 1960 1958
f 1959 1956 1960
f 1957 1958 1960
f 1957 1960 1956
f 1955 1956 1959
f 1959 1960 1954
f 1954 1960 1953
f 1956 1955 1954
f 1953 1956 1954
f 7232 7235 7234
f 7236 7234 7235
f 7233 7237 7232
f 7237 7234 7236
f 7232 7237 7236
f 7232 7236 7235
f 7233 7234 7237
f 7232 7234 7233
f 7550 7552 7551
f 7553 7552 7550
f 7553 7551 7552
f 7550 7551 7553
f 6834 6837 6836
f 6840 6842 6841
f 6841 6842 6837
f 6844 6839 6840
f 6841 6834 6835
f 6843 6838 6839
f 6842 6836 6837
f 6845 6835 6836
f 6845 6836 6844
f 6843 6844 6838
f 6838 6844 6842
f 6842 6844 6836
f 6835 6845 6840
f 6841 6835 6840
f 6843 6839 6844
f 6844 6840 6845
f 6841 6837 6834
f 6838 6840 6839
f 6838 6842 6840
f 6834 6836 6835
f 6684 6686 6685
f 6682 6687 6686
f 6683 6684 6688
f 6687 6689 6685
f 6683 6687 6682
f 6685 6689 6688
f 6685 6688 6684
f 6689 6687 6688
f 6688 6687 6683
f 6687 6685 6686
f 6682 6686 6683
f 6683 6686 6684
f 4480 4483 4482
f 4484 4486 4485
f 4486 4487 4481
f 4480 4481 4487
f 4485 4480 4487
f 4483 4486 4482
f 4485 4486 4483
f 4483 4480 4485
f 4485 4487 4484
f 4484 4487 4486
f 4486 4481 4482
f 4480 4482 4481
f 4928 4930 4929
f 4932 4934 4933
f 4930 4935 4929
f 4932 4935 4931
f 4934 4930 4928
f 4928 4935 4932
f 4929 4935 4928
f 4928 4932 4933
f 4934 4928 4933
f 4931 4930 4934
f 4931 4935 4930
f 4931 4934 4932
f 4556 4558 4557
f 4560 4562 4561
f 4560 4563 4559
f 4558 4560 4561
f 4558 4561 4562
f 4562 4559 4563
f 4562 4556 4557
f 4562 4563 4556
f 4558 4562 4557
f 4563 4560 4556
f 4556 4560 4558
f 4559 4562 4560
f 2691 2693 2692
f 2690 2695 2694
f 2695 2696 2694
f 2697 2693 2690
f 2691 2697 2696
f 2693 2697 2692
f 2692 2697 2691
f 2691 2696 2695
f 2697 2690 2696
f 2696 2690 2694
f 2691 2695 2690
f 2690 2693 2691
f 5914 5916 5915
f 5917 5919 5918
f 5919 5916 5914
f 5915 5916 5917
f 5919 5914 5915
f 5919 5915 5918
f 5915 5917 5918
f 5917 5916 5919
f 6932 6934 6933
f 6930 6936 6935
f 6937 6936 6931
f 6937 6939 6935
f 6933 6940 6938
f 6934 6939 6941
f 6939 6938 6940
f 6940 6934 6941
f 6933 6934 6940
f 6939 6940 6941
f 6935 6934 6930
f 6935 6939 6934
f 6938 6937 6932
f 6933 6938 6932
f 6938 6939 6937
f 6937 6935 6936
f 6937 6931 6932
f 6931 6936 6930
f 6930 6932 6931
f 6930 6934 6932
f 6954 6956 6955
f 6957 6959 6958
f 6958 6960 6957
f 6957 6961 6955
f 6961 6958 6959
f 6959 6955 6961
f 6954 6955 6959
f 6960 6958 6961
f 6960 6961 6957
f 6957 6955 6956
f 6954 6957 6956
f 6954 6959 6957
f 3512 3514 3513
f 3515 3517 3516
f 3512 3517 3515
f 3519 3516 3517
f 3519 3518 3515
f 3519 3513 3514
f 3519 3514 3518
f 3519 3515 3516
f 3519 3512 3513
f 3519 3517 3512
f 3512 3515 3514
f 3514 3515 3518
f 5991 5988 5989
f 5990 5989 5993
f 5991 5990 5992
f 5995 5989 5988
f 5991 5995 5988
f 5994 5993 5995
f 5992 5993 5994
f 5994 5995 5991
f 5993 5989 5995
f 5991 5992 5994
f 5990 5993 5992
f 5991 5989 5990
f 3520 3522 3521
f 3523 3522 3524
f 3520 3523 3525
f 3520 3524 3522
f 3524 3525 3523
f 3525 3524 3520
f 3521 3523 3520
f 3521 3522 3523
f 3352 3354 3353
f 3356 3354 3357
f 3358 3355 3356
f 3359 3357 3354
f 3358 3353 3355
f 3356 3357 3359
f 3356 3359 3358
f 3352 3358 3359
f 3352 3353 3358
f 3359 3354 3352
f 3353 3356 3355
f 3353 3354 3356
f 7279 7282 7281
f 7284 7278 7279
f 7285 7287 7286
f 7280 7284 7279
f 7287 7283 7286
f 7283 7284 7285
f 7287 7281 7282
f 7283 7285 7286
f 7278 7287 7282
f 7278 7283 7287
f 7285 7284 7280
f 7281 7287 7280
f 7280 7287 7285
f 7283 7278 7284
f 7278 7282 7279
f 7279 7281 7280
f 3944 3946 3945
f 3947 3944 3945
f 3945 3946 3947
f 3944 3947 3946
f 3378 3381 3380
f 3381 3378 3384
f 3379 3384 3378
f 3380 3381 3382
f 3385 3382 3383
f 3384 3379 3380
f 3384 3380 3383
f 3383 3380 3385
f 3380 3382 3385
f 3381 3383 3382
f 3381 3384 3383
f 3378 3380 3379
f 4404 4406 4405
f 4408 4410 4409
f 4410 4411 4409
f 4411 4408 4409
f 4407 4408 4411
f 4410 4407 4405
f 4410 4405 4406
f 4407 4411 4405
f 4405 4411 4404
f 4404 4411 4406
f 4406 4411 4410
f 4407 4410 4408
f 7372 7376 7374
f 7373 7372 7370
f 7373 7375 7377
f 7377 7376 7372
f 7375 7374 7376
f 7378 7374 7375
f 7380 7381 7371
f 7380 7378 7379
f 7380 7379 7381
f 7380 7371 7370
f 7378 7375 7379
f 7375 7376 7377
f 7377 7372 7373
f 7381 7379 7371
f 7371 7379 7373
f 7373 7379 7375
f 7373 7370 7371
f 7370 7378 7380
f 7370 7372 7378
f 7378 7372 7374
f 429 425 430
f 427 431 430
f 427 428 432
f 425 428 427
f 426 432 428
f 432 430 431
f 429 430 432
f 429 432 426
f 426 428 425
f 427 432 431
f 427 430 425
f 426 425 429
f 7032 7034 7033
f 7035 7034 7032
f 7032 7033 7035
f 7034 7035 7033
f 2355 2357 2356
f 2358 2360 2359
f 2355 2358 2354
f 2361 2356 2357
f 2359 2360 2355
f 2354 2358 2359
f 2354 2361 2357
f 2354 2359 2361
f 2355 2356 2361
f 2359 2355 2361
f 2360 2358 2355
f 2354 2357 2355
f 781 784 783
f 785 786 781
f 781 786 784
f 783 785 782
f 784 786 785
f 784 785 783
f 785 781 782
f 781 783 782
f 3023 3025 3024
f 3025 3028 3027
f 3024 3025 3027
f 3026 3022 3023
f 3023 3029 3032
f 3028 3032 3033
f 3033 3032 3029
f 3028 3030 3027
f 3033 3030 3028
f 3033 3029 3030
f 3031 3028 3026
f 3031 3032 3028
f 3024 3029 3023
f 3023 3032 3031
f 3026 3023 3031
f 3024 3030 3029
f 3024 3027 3030
f 3026 3028 3022
f 3022 3028 3025
f 3022 3025 3023
f 3464 3467 3466
f 3466 3469 3465
f 3469 3468 3470
f 3464 3471 3467
f 3469 3464 3465
f 3466 3470 3468
f 3471 3466 3467
f 3471 3470 3466
f 3471 3464 3470
f 3470 3464 3469
f 3468 3469 3466
f 3464 3466 3465
f 2498 2500 2499
f 2499 2500 2501
f 2498 2499 2501
f 2501 2500 2498
f 5002 5004 5003
f 5005 5007 5006
f 5008 5006 5007
f 5004 5008 5003
f 5004 5009 5007
f 5008 5002 5003
f 5009 5002 5008
f 5002 5009 5004
f 5004 5007 5005
f 5006 5008 5005
f 5005 5008 5004
f 5008 5007 5009
f 4504 4506 4505
f 4506 4508 4507
f 4507 4508 4509
f 4507 4504 4505
f 4506 4509 4508
f 4504 4509 4506
f 4509 4504 4507
f 4506 4507 4505
f 5016 5011 5017
f 5012 5010 5016
f 5012 5013 5011
f 5014 5015 5013
f 5011 5015 5017
f 5014 5017 5015
f 5016 5017 5014
f 5013 5015 5011
f 5014 5013 5012
f 5012 5011 5010
f 5012 5016 5014
f 5010 5011 5016
f 6292 6294 6293
f 6293 6296 6295
f 6296 6297 6295
f 6296 6293 6294
f 6295 6294 6292
f 6297 6294 6295
f 6296 6294 6297
f 6293 6295 6292
f 5452 5454 5453
f 5456 5452 5453
f 5457 5459 5458
f 5455 5461 5460
f 5458 5460 5461
f 5455 5460 5458
f 5457 5456 5453
f 5453 5454 5459
f 5457 5453 5459
f 5457 5461 5456
f 5452 5459 5454
f 5452 5458 5459
f 5452 5455 5458
f 5458 5461 5457
f 5456 5461 5455
f 5455 5452 5456
f 979 981 980
f 981 983 982
f 980 981 982
f 982 983 984
f 983 979 980
f 983 980 984
f 980 982 984
f 979 983 981
f 2088 2090 2089
f 2091 2093 2092
f 2091 2095 2094
f 2090 2094 2095
f 2088 2093 2091
f 2095 2092 2093
f 2095 2088 2089
f 2095 2093 2088
f 2088 2094 2090
f 2088 2091 2094
f 2090 2095 2089
f 2092 2095 2091
f 3223 3225 3224
f 3227 3228 3225
f 3227 3222 3223
f 3224 3225 3228
f 3227 3223 3224
f 3229 3228 3226
f 3224 3229 3226
f 3227 3224 3226
f 3224 3228 3229
f 3226 3228 3227
f 3227 3225 3222
f 3222 3225 3223
f 166 168 167
f 168 165 169
f 170 169 165
f 170 166 167
f 168 170 167
f 169 170 168
f 170 165 166
f 165 168 166
f 3010 3012 3011
f 3013 3015 3014
f 3013 3012 3015
f 3013 3010 3011
f 3012 3010 3014
f 3012 3014 3015
f 3014 3010 3013
f 3011 3012 3013
f 3256 3259 3258
f 3258 3260 3257
f 3260 3263 3262
f 3264 3261 3262
f 3259 3264 3265
f 3263 3260 3258
f 3264 3263 3265
f 3262 3263 3264
f 3263 3258 3265
f 3265 3258 3259
f 3261 3259 3256
f 3261 3264 3259
f 3257 3261 3256
f 3257 3260 3261
f 3261 3260 3262
f 3256 3258 3257
f 3372 3374 3373
f 3375 3376 3373
f 3375 3374 3372
f 3376 3375 3377
f 3373 3377 3372
f 3376 3377 3373
f 3375 3372 3377
f 3375 3373 3374
f 2680 2683 2682
f 2684 2687 2686
f 2683 2684 2685
f 2682 2688 2681
f 2686 2689 2685
f 2680 2687 2684
f 2681 2688 2689
f 2680 2686 2687
f 2680 2689 2686
f 2680 2681 2689
f 2680 2684 2683
f 2682 2689 2688
f 2682 2683 2689
f 2689 2683 2685
f 2684 2686 2685
f 2680 2682 2681
f 2873 2875 2874
f 2876 2872 2873
f 2877 2872 2876
f 2873 2877 2876
f 2874 2875 2877
f 2874 2877 2873
f 2875 2872 2877
f 2872 2875 2873
f 2310 2312 2311
f 2313 2315 2314
f 2310 2311 2314
f 2312 2313 2314
f 2312 2315 2313
f 2310 2315 2312
f 2312 2314 2311
f 2310 2314 2315
f 4074 4076 4075
f 4075 4079 4078
f 4080 4078 4079
f 4081 4074 4077
f 4077 4080 4081
f 4080 4079 4075
f 4075 4076 4081
f 4080 4075 4081
f 4078 4080 4077
f 4076 4074 4081
f 4075 4077 4074
f 4075 4078 4077
f 6458 6460 6459
f 6461 6463 6462
f 6463 6467 6466
f 6458 6468 6465
f 6467 6456 6457
f 6456 6463 6461
f 6458 6459 6469
f 6464 6459 6460
f 6464 6468 6469
f 6465 6468 6464
f 6469 6459 6464
f 6464 6460 6462
f 6458 6469 6468
f 6467 6463 6456
f 6467 6457 6466
f 6458 6466 6457
f 6458 6465 6466
f 6462 6465 6464
f 6462 6466 6465
f 6462 6463 6466
f 6461 6462 6460
f 6456 6461 6457
f 6457 6461 6458
f 6458 6461 6460
f 3280 3282 3281
f 3283 3285 3284
f 3286 3284 3285
f 3282 3285 3283
f 3286 3283 3284
f 3286 3287 3280
f 3286 3280 3281
f 3282 3286 3281
f 3282 3283 3286
f 3287 3282 3280
f 3287 3285 3282
f 3286 3285 3287
f 761 763 762
f 766 762 763
f 767 768 765
f 765 768 764
f 764 768 767
f 761 766 763
f 767 766 761
f 767 761 762
f 764 767 762
f 767 765 766
f 764 766 765
f 764 762 766
f 7414 7416 7415
f 7415 7418 7417
f 7418 7419 7417
f 7415 7419 7414
f 7418 7414 7419
f 7416 7414 7418
f 7417 7419 7415
f 7416 7418 7415
f 4016 4018 4017
f 4019 4017 4018
f 4021 4020 4018
f 4016 4017 4019
f 4019 4020 4021
f 4016 4019 4021
f 4021 4018 4016
f 4019 4018 4020
f 3538 3540 3539
f 3541 3544 3543
f 3542 3540 3538
f 3539 3542 3543
f 3543 3538 3539
f 3541 3545 3544
f 3545 3543 3544
f 3545 3538 3543
f 3540 3542 3539
f 3542 3545 3541
f 3542 3538 3545
f 3541 3543 3542
f 3066 3068 3067
f 3068 3071 3070
f 3071 3072 3070
f 3072 3068 3066
f 3066 3069 3073
f 3073 3069 3070
f 3073 3070 3072
f 3067 3069 3066
f 3071 3068 3072
f 3072 3066 3073
f 3070 3069 3067
f 3068 3070 3067
f 4956 4958 4957
f 4958 4960 4959
f 4961 4959 4960
f 4958 4959 4961
f 4956 4957 4961
f 4956 4961 4960
f 4958 4961 4957
f 4956 4960 4958
f 4004 4006 4005
f 4007 4009 4008
f 4006 4009 4007
f 4007 4004 4005
f 4009 4004 4008
f 4006 4004 4009
f 4008 4004 4007
f 4006 4007 4005
f 7834 7836 7835
f 7837 7839 7838
f 7836 7834 7840
f 7835 7840 7834
f 7839 7836 7838
f 7837 7841 7839
f 7840 7841 7837
f 7835 7836 7841
f 7841 7836 7839
f 7841 7840 7835
f 7836 7837 7838
f 7836 7840 7837
f 7444 7447 7446
f 7444 7445 7448
f 7450 7444 7448
f 7449 7451 7446
f 7446 7451 7450
f 7449 7450 7451
f 7446 7450 7445
f 7445 7450 7448
f 7449 7446 7447
f 7447 7450 7449
f 7447 7444 7450
f 7444 7446 7445
f 1645 1647 1646
f 1647 1645 1648
f 1648 1645 1646
f 1647 1648 1646
f 5560 5562 5561
f 5561 5562 5564
f 5565 5563 5564
f 5565 5561 5563
f 5564 5562 5560
f 5564 5560 5565
f 5560 5561 5565
f 5561 5564 5563
f 2973 2975 2974
f 2973 2976 2972
f 2977 2974 2975
f 2975 2972 2976
f 2973 2974 2977
f 2973 2977 2976
f 2975 2976 2977
f 2972 2975 2973
f 6890 6894 6893
f 6895 6892 6893
f 6896 6891 6897
f 6895 6897 6891
f 6896 6894 6890
f 6896 6895 6893
f 6897 6895 6896
f 6896 6893 6894
f 6895 6891 6892
f 6890 6891 6896
f 6890 6893 6891
f 6891 6893 6892
f 3082 3085 3084
f 3083 3086 3082
f 3087 3086 3083
f 3084 3085 3087
f 3087 3082 3086
f 3085 3082 3087
f 3087 3083 3084
f 3082 3084 3083
f 715 717 713
f 714 709 710
f 712 723 724
f 719 707 720
f 715 714 716
f 709 724 721
f 711 718 720
f 718 719 720
f 709 722 710
f 724 723 722
f 724 722 721
f 721 722 709
f 708 718 717
f 719 708 707
f 708 719 718
f 711 720 712
f 717 718 713
f 713 711 714
f 713 718 711
f 714 711 709
f 709 711 724
f 713 714 715
f 710 722 723
f 712 710 723
f 712 720 715
f 712 716 710
f 712 715 716
f 707 715 720
f 712 724 711
f 714 710 716
f 717 707 708
f 707 717 715
f 4922 4925 4924
f 4926 4923 4924
f 4923 4927 4922
f 4927 4924 4925
f 4922 4927 4925
f 4926 4924 4927
f 4926 4927 4923
f 4922 4924 4923
f 1701 1702 1708
f 1706 1702 1703
f 1701 1703 1702
f 1704 1706 1703
f 1701 1705 1704
f 1707 1708 1706
f 1707 1706 1705
f 1707 1705 1701
f 1705 1706 1704
f 1704 1703 1701
f 1708 1702 1706
f 1701 1708 1707
f 7324 7326 7325
f 7330 7332 7331
f 7333 7325 7326
f 7330 7323 7324
f 7333 7326 7327
f 7325 7329 7324
f 7331 7323 7330
f 7334 7322 7335
f 7331 7332 7334
f 7331 7334 7335
f 7327 7322 7334
f 7322 7323 7335
f 7335 7323 7331
f 7328 7329 7325
f 7333 7327 7332
f 7332 7327 7334
f 7330 7324 7329
f 7328 7325 7333
f 7328 7333 7329
f 7329 7332 7330
f 7329 7333 7332
f 7322 7327 7323
f 7323 7327 7324
f 7324 7327 7326
f 6090 6094 6093
f 6094 6095 6093
f 6096 6098 6097
f 6098 6092 6097
f 6099 6090 6091
f 6099 6095 6094
f 6093 6095 6096
f 6093 6097 6092
f 6093 6096 6097
f 6098 6095 6099
f 6099 6094 6090
f 6098 6096 6095
f 6091 6092 6099
f 6099 6092 6098
f 6090 6093 6091
f 6091 6093 6092
f 1811 1813 1812
f 1814 1816 1815
f 1812 1816 1814
f 1815 1812 1813
f 1813 1814 1815
f 1811 1814 1813
f 1816 1812 1815
f 1812 1814 1811
f 7298 7301 7300
f 7302 7304 7303
f 7307 7299 7300
f 7302 7308 7307
f 7304 7298 7299
f 7309 7305 7306
f 7307 7309 7306
f 7308 7302 7303
f 7308 7303 7309
f 7308 7309 7307
f 7304 7305 7303
f 7303 7305 7309
f 7304 7299 7305
f 7302 7300 7301
f 7302 7307 7300
f 7305 7307 7306
f 7305 7299 7307
f 7298 7302 7301
f 7298 7304 7302
f 7298 7300 7299
f 6942 6945 6944
f 6946 6944 6945
f 6942 6943 6947
f 6942 6946 6945
f 6947 6943 6944
f 6947 6944 6946
f 6947 6946 6942
f 6942 6944 6943
f 2866 2868 2867
f 2867 2868 2870
f 2869 2871 2866
f 2870 2868 2866
f 2871 2869 2870
f 2870 2866 2871
f 2869 2866 2867
f 2867 2870 2869
f 144 145 146
f 144 147 145
f 143 148 147
f 144 148 143
f 148 145 147
f 146 145 148
f 146 148 144
f 143 147 144
f 6756 6758 6759
f 6757 6760 6761
f 6756 6757 6761
f 6756 6760 6757
f 6760 6758 6761
f 6759 6758 6760
f 6759 6760 6756
f 6756 6761 6758
f 3230 3232 3231
f 3233 3235 3234
f 3236 3235 3233
f 3236 3237 3231
f 3236 3232 3230
f 3237 3233 3234
f 3237 3230 3231
f 3237 3234 3230
f 3236 3234 3235
f 3236 3230 3234
f 3236 3231 3232
f 3236 3233 3237
f 6818 6820 6821
f 6822 6820 6818
f 6819 6821 6823
f 6823 6822 6818
f 6823 6820 6822
f 6821 6820 6823
f 6823 6818 6819
f 6818 6821 6819
f 7869 7874 7875
f 7873 7871 7869
f 7871 7868 7869
f 7876 7873 7877
f 7873 7870 7871
f 7876 7874 7868
f 7877 7874 7876
f 7875 7874 7877
f 7876 7868 7872
f 7872 7868 7870
f 7872 7870 7873
f 7872 7873 7876
f 7870 7868 7871
f 7869 7875 7877
f 7873 7869 7877
f 7868 7874 7869
f 3958 3962 3963
f 3960 3958 3959
f 3965 3959 3963
f 3960 3961 3965
f 3964 3962 3958
f 3963 3962 3964
f 3963 3964 3965
f 3964 3958 3960
f 3960 3965 3964
f 3961 3959 3965
f 3960 3959 3961
f 3958 3963 3959
f 7878 7884 7885
f 7878 7886 7884
f 7879 7881 7887
f 7878 7883 7879
f 7883 7880 7881
f 7881 7885 7887
f 7885 7884 7886
f 7885 7886 7887
f 7880 7885 7881
f 7882 7880 7883
f 7882 7883 7878
f 7883 7881 7879
f 7879 7887 7886
f 7879 7886 7878
f 7878 7880 7882
f 7878 7885 7880
f 5719 5721 5720
f 5722 5718 5719
f 5723 5719 5720
f 5720 5721 5723
f 5718 5722 5723
f 5718 5723 5721
f 5722 5719 5723
f 5718 5721 5719
f 6004 6006 6005
f 6007 6006 6004
f 6007 6004 6005
f 6005 6006 6007
f 6210 6212 6211
f 6213 6215 6214
f 6216 6215 6211
f 6216 6217 6213
f 6210 6216 6212
f 6210 6211 6215
f 6215 6213 6217
f 6210 6215 6217
f 6217 6216 6210
f 6216 6213 6214
f 6214 6215 6216
f 6216 6211 6212
f 4038 4041 4040
f 4042 4044 4039
f 4039 4045 4038
f 4040 4041 4043
f 4042 4043 4041
f 4042 4045 4044
f 4042 4038 4045
f 4042 4041 4038
f 4044 4045 4039
f 4042 4040 4043
f 4042 4039 4040
f 4038 4040 4039
f 2660 2662 2661
f 2661 2664 2663
f 2663 2666 2665
f 2665 2667 2662
f 2661 2666 2664
f 2665 2666 2667
f 2667 2661 2662
f 2667 2666 2661
f 2662 2660 2663
f 2665 2662 2663
f 2664 2666 2663
f 2661 2663 2660
f 3216 3218 3217
f 3219 3217 3218
f 3221 3218 3216
f 3219 3216 3217
f 3219 3220 3221
f 3221 3216 3219
f 3220 3218 3221
f 3219 3218 3220
f 1390 1392 1391
f 1393 1389 1390
f 1392 1393 1397
f 1397 1394 1399
f 1394 1390 1391
f 1401 1395 1402
f 1396 1397 1398
f 1396 1403 1404
f 1398 1399 1400
f 1402 1400 1401
f 1404 1400 1402
f 1400 1404 1403
f 1398 1400 1403
f 1396 1402 1395
f 1396 1404 1402
f 1396 1398 1403
f 1392 1395 1391
f 1391 1395 1401
f 1399 1401 1400
f 1399 1391 1401
f 1399 1394 1391
f 1393 1394 1397
f 1397 1399 1398
f 1397 1396 1395
f 1392 1397 1395
f 1392 1389 1393
f 1393 1390 1394
f 1389 1392 1390
f 6948 6951 6950
f 6951 6952 6950
f 6953 6948 6949
f 6948 6953 6952
f 6949 6950 6952
f 6949 6952 6953
f 6948 6952 6951
f 6948 6950 6949
f 7520 7522 7523
f 7524 7520 7523
f 7525 7522 7520
f 7524 7525 7521
f 7524 7522 7525
f 7523 7522 7524
f 7525 7520 7521
f 7521 7520 7524
f 1 4 6
f 4 2 3
f 5 6 4
f 2 5 3
f 1 8 2
f 8 6 5
f 7 6 8
f 7 8 1
f 8 5 2
f 5 4 3
f 1 2 4
f 1 6 7
f 6805 6807 6806
f 6808 6806 6807
f 6805 6809 6804
f 6807 6804 6809
f 6805 6806 6808
f 6805 6808 6809
f 6807 6809 6808
f 6804 6807 6805
f 967 969 968
f 971 967 968
f 972 970 971
f 967 972 969
f 971 968 969
f 971 969 972
f 970 972 967
f 970 967 971
f 3584 3586 3585
f 3585 3586 3589
f 3588 3590 3587
f 3585 3591 3584
f 3588 3589 3591
f 3586 3584 3591
f 3586 3591 3589
f 3588 3591 3590
f 3590 3591 3587
f 3587 3591 3585
f 3585 3588 3587
f 3585 3589 3588
f 391 393 392
f 393 394 392
f 392 394 391
f 391 394 393
f 3998 4000 3999
f 4002 4000 3998
f 4003 3999 4000
f 4002 4003 4001
f 3998 4003 4002
f 3999 4003 3998
f 4003 4000 4001
f 4001 4000 4002
f 347 349 348
f 350 349 347
f 350 351 352
f 347 348 352
f 350 352 348
f 350 348 349
f 347 352 351
f 350 347 351
f 6378 6381 6380
f 6381 6378 6382
f 6383 6385 6384
f 6383 6380 6381
f 6380 6383 6384
f 6384 6382 6378
f 6385 6382 6384
f 6384 6378 6379
f 6380 6384 6379
f 6381 6382 6385
f 6383 6381 6385
f 6378 6380 6379
f 7348 7350 7349
f 7351 7353 7352
f 7350 7351 7352
f 7350 7353 7351
f 7354 7348 7349
f 7352 7353 7355
f 7352 7355 7354
f 7355 7348 7354
f 7355 7350 7348
f 7355 7353 7350
f 7352 7354 7349
f 7350 7352 7349
f 1817 1819 1818
f 1818 1821 1817
f 1821 1820 1822
f 1819 1821 1822
f 1822 1818 1819
f 1820 1818 1822
f 1817 1821 1819
f 1820 1821 1818
f 1001 1003 1002
f 1004 1006 1005
f 1004 1001 1006
f 1004 1005 1002
f 1001 1005 1006
f 1002 1005 1001
f 1004 1002 1003
f 1003 1001 1004
f 3703 3706 3705
f 3707 3702 3703
f 3709 3711 3710
f 3704 3709 3708
f 3711 3706 3702
f 3710 3707 3708
f 3706 3711 3705
f 3710 3708 3709
f 3711 3707 3710
f 3711 3702 3707
f 3704 3708 3703
f 3705 3711 3704
f 3704 3711 3709
f 3707 3703 3708
f 3702 3706 3703
f 3703 3705 3704
f 725 728 727
f 727 730 726
f 730 725 726
f 729 727 728
f 725 730 729
f 725 729 728
f 729 730 727
f 725 727 726
f 396 401 402
f 398 396 399
f 395 397 403
f 400 399 396
f 397 400 404
f 398 399 400
f 402 401 403
f 402 403 404
f 398 400 397
f 397 404 403
f 400 396 404
f 404 396 402
f 398 397 395
f 395 403 401
f 395 396 398
f 395 401 396
f 7481 7483 7482
f 7483 7480 7484
f 7485 7481 7482
f 7481 7484 7480
f 7483 7484 7485
f 7483 7485 7482
f 7485 7484 7481
f 7480 7483 7481
f 7258 7260 7259
f 7258 7263 7262
f 7262 7263 7264
f 7265 7259 7260
f 7261 7262 7264
f 7258 7265 7264
f 7259 7265 7258
f 7258 7264 7263
f 7261 7264 7265
f 7265 7260 7261
f 7262 7261 7260
f 7258 7262 7260
f 4976 4979 4978
f 4981 4979 4982
f 4983 4981 4984
f 4977 4983 4985
f 4985 4986 4976
f 4981 4982 4987
f 4984 4985 4983
f 4987 4976 4986
f 4979 4976 4982
f 4982 4976 4987
f 4986 4985 4987
f 4987 4985 4984
f 4981 4987 4984
f 4985 4976 4977
f 4980 4977 4978
f 4980 4983 4977
f 4980 4981 4983
f 4978 4981 4980
f 4978 4979 4981
f 4976 4978 4977
f 7288 7290 7289
f 7291 7293 7292
f 7293 7291 7289
f 7292 7288 7289
f 7288 7292 7293
f 7288 7293 7290
f 7292 7289 7291
f 7293 7289 7290
f 2423 2412 2413
f 2421 2415 2417
f 2417 2414 2416
f 2412 2418 2419
f 2418 2420 2421
f 2418 2415 2420
f 2416 2413 2419
f 2422 2424 2416
f 2423 2425 2424
f 2423 2424 2422
f 2422 2416 2414
f 2424 2413 2416
f 2416 2419 2417
f 2424 2425 2413
f 2417 2419 2421
f 2422 2412 2423
f 2422 2414 2412
f 2412 2414 2418
f 2414 2415 2418
f 2418 2421 2419
f 2412 2419 2413
f 2415 2414 2417
f 2420 2415 2421
f 2423 2413 2425
f 7310 7312 7311
f 7313 7310 7314
f 7313 7314 7315
f 7311 7313 7315
f 7315 7314 7310
f 7315 7310 7311
f 7312 7313 7311
f 7312 7310 7313
f 4996 4999 4998
f 5000 4996 5001
f 5000 4998 4999
f 5001 4996 4997
f 5001 4998 5000
f 4997 4998 5001
f 4999 4996 5000
f 4996 4998 4997
f 3088 3090 3089
f 3089 3092 3091
f 3092 3093 3091
f 3088 3091 3093
f 3093 3089 3090
f 3092 3089 3093
f 3088 3093 3090
f 3089 3091 3088
f 3238 3240 3239
f 3241 3245 3244
f 3242 3247 3246
f 3244 3247 3243
f 3239 3240 3241
f 3245 3241 3240
f 3247 3244 3245
f 3246 3245 3239
f 3239 3245 3238
f 3246 3247 3245
f 3245 3240 3238
f 3241 3242 3246
f 3239 3241 3246
f 3243 3247 3242
f 3244 3243 3242
f 3241 3244 3242
f 5066 5068 5067
f 5068 5070 5069
f 5070 5071 5069
f 5068 5066 5071
f 5067 5069 5071
f 5067 5071 5066
f 5068 5071 5070
f 5068 5069 5067
f 5979 5982 5983
f 5979 5980 5982
f 5982 5981 5983
f 5978 5985 5981
f 5986 5984 5978
f 5981 5985 5987
f 5986 5987 5985
f 5986 5985 5984
f 5981 5987 5983
f 5986 5978 5979
f 5984 5985 5978
f 5978 5981 5980
f 5980 5981 5982
f 5978 5980 5979
f 5979 5987 5986
f 5979 5983 5987
f 2454 2458 2457
f 2457 2459 2456
f 2454 2460 2458
f 2460 2461 2459
f 2459 2455 2456
f 2461 2460 2454
f 2461 2454 2455
f 2461 2455 2459
f 2460 2457 2458
f 2460 2459 2457
f 2454 2456 2455
f 2454 2457 2456
f 2022 2024 2023
f 2025 2027 2026
f 2025 2024 2027
f 2023 2026 2022
f 2024 2026 2027
f 2022 2026 2024
f 2025 2026 2023
f 2023 2024 2025
f 4937 4939 4938
f 4936 4942 4941
f 4940 4944 4943
f 4938 4940 4937
f 4946 4941 4942
f 4945 4939 4946
f 4939 4936 4941
f 4943 4945 4947
f 4944 4945 4943
f 4939 4941 4946
f 4938 4939 4945
f 4945 4946 4947
f 4946 4943 4947
f 4946 4942 4943
f 4944 4940 4945
f 4945 4940 4938
f 4940 4943 4942
f 4940 4942 4937
f 4937 4942 4936
f 4936 4939 4937
f 6727 6738 6739
f 6730 6734 6731
f 6727 6735 6733
f 6732 6729 6731
f 6726 6733 6730
f 6735 6730 6733
f 6728 6737 6729
f 6739 6738 6737
f 6739 6737 6736
f 6736 6737 6728
f 6731 6734 6732
f 6732 6734 6735
f 6735 6734 6730
f 6727 6733 6726
f 6728 6729 6732
f 6728 6739 6736
f 6728 6732 6739
f 6739 6732 6735
f 6739 6735 6727
f 6726 6737 6738
f 6726 6729 6737
f 6726 6730 6729
f 6730 6731 6729
f 6726 6738 6727
f 6522 6524 6523
f 6525 6526 6522
f 6525 6527 6526
f 6527 6525 6523
f 6527 6524 6522
f 6527 6522 6526
f 6527 6523 6524
f 6525 6522 6523
f 1919 1921 1920
f 1922 1920 1921
f 1924 1922 1923
f 1924 1920 1922
f 1921 1919 1924
f 1921 1924 1923
f 1919 1920 1924
f 1922 1921 1923
f 4132 4134 4133
f 4134 4132 4135
f 4134 4135 4133
f 4135 4132 4133
f 1776 1778 1777
f 1780 1782 1781
f 1783 1786 1782
f 1783 1788 1777
f 1786 1790 1789
f 1789 1776 1777
f 1791 1785 1779
f 1784 1791 1788
f 1776 1792 1775
f 1790 1786 1787
f 1787 1778 1775
f 1783 1778 1787
f 1787 1775 1792
f 1790 1787 1792
f 1790 1776 1789
f 1790 1792 1776
f 1785 1791 1784
f 1791 1779 1780
f 1781 1791 1780
f 1781 1788 1791
f 1781 1789 1788
f 1789 1777 1788
f 1786 1781 1782
f 1786 1789 1781
f 1784 1788 1783
f 1783 1777 1778
f 1782 1785 1784
f 1783 1782 1784
f 1783 1787 1786
f 1785 1782 1779
f 1779 1782 1780
f 1775 1778 1776
f 5580 5583 5582
f 5581 5584 5580
f 5585 5582 5583
f 5580 5584 5585
f 5581 5582 5585
f 5581 5585 5584
f 5580 5585 5583
f 5580 5582 5581
f 7294 7296 7295
f 7297 7294 7295
f 7295 7296 7297
f 7294 7297 7296
f 6470 6472 6471
f 6471 6472 6474
f 6473 6474 6475
f 6470 6475 6474
f 6470 6473 6475
f 6471 6473 6470
f 6470 6474 6472
f 6471 6474 6473
f 6924 6927 6926
f 6928 6924 6925
f 6927 6929 6926
f 6928 6926 6929
f 6924 6929 6927
f 6928 6929 6924
f 6925 6926 6928
f 6924 6926 6925
f 7356 7358 7357
f 7359 7361 7360
f 7357 7359 7360
f 7359 7363 7361
f 7363 7362 7360
f 7357 7362 7363
f 7357 7363 7356
f 7363 7360 7361
f 7356 7359 7358
f 7356 7363 7359
f 7358 7359 7357
f 7357 7360 7362
f 3598 3601 3600
f 3598 3599 3602
f 3602 3599 3600
f 3601 3603 3600
f 3602 3601 3598
f 3603 3601 3602
f 3602 3600 3603
f 3598 3600 3599
f 5026 5028 5027
f 5027 5028 5029
f 5029 5028 5026
f 5026 5027 5029
f 1377 1380 1379
f 1382 1377 1383
f 1383 1384 1382
f 1380 1381 1379
f 1379 1382 1384
f 1384 1377 1378
f 1383 1377 1384
f 1381 1382 1379
f 1379 1384 1378
f 1380 1377 1381
f 1381 1377 1382
f 1377 1379 1378
f 3200 3203 3202
f 3203 3204 3202
f 3202 3204 3205
f 3201 3205 3200
f 3205 3203 3200
f 3204 3203 3205
f 3202 3205 3201
f 3200 3202 3201
f 4888 4890 4889
f 4891 4890 4888
f 4889 4890 4891
f 4891 4888 4889
f 6622 6624 6623
f 6626 6627 6624
f 6628 6620 6621
f 6620 6628 6626
f 6622 6630 6629
f 6627 6623 6624
f 6627 6630 6631
f 6622 6631 6630
f 6623 6631 6622
f 6628 6627 6626
f 6628 6629 6627
f 6627 6629 6630
f 6631 6623 6627
f 6622 6629 6621
f 6620 6626 6625
f 6628 6621 6629
f 6626 6624 6625
f 6620 6624 6621
f 6621 6624 6622
f 6620 6625 6624
f 6690 6692 6691
f 6693 6695 6694
f 6691 6694 6695
f 6692 6694 6691
f 6693 6697 6696
f 6692 6690 6696
f 6692 6696 6697
f 6693 6696 6695
f 6693 6692 6697
f 6693 6694 6692
f 6691 6696 6690
f 6691 6695 6696
f 1793 1795 1794
f 1797 1800 1799
f 1800 1802 1801
f 1801 1799 1800
f 1793 1798 1799
f 1797 1794 1795
f 1793 1797 1795
f 1796 1797 1802
f 1802 1797 1793
f 1798 1794 1797
f 1793 1801 1802
f 1793 1799 1801
f 1793 1794 1798
f 1796 1802 1800
f 1796 1800 1797
f 1797 1799 1798
f 150 152 156
f 152 149 151
f 150 153 149
f 155 151 149
f 155 156 152
f 153 156 155
f 154 156 153
f 155 152 151
f 155 149 153
f 154 153 150
f 150 149 152
f 150 156 154
f 6708 6710 6709
f 6715 6714 6713
f 6714 6717 6716
f 6718 6715 6719
f 6719 6708 6709
f 6718 6716 6717
f 6706 6722 6720
f 6721 6724 6712
f 6722 6723 6725
f 6718 6719 6709
f 6722 6721 6720
f 6723 6712 6724
f 6711 6712 6723
f 6723 6724 6725
f 6724 6722 6725
f 6724 6721 6722
f 6718 6709 6710
f 6712 6713 6716
f 6721 6712 6716
f 6711 6723 6707
f 6707 6722 6706
f 6707 6723 6722
f 6720 6721 6706
f 6706 6721 6710
f 6710 6721 6718
f 6721 6716 6718
f 6715 6708 6719
f 6714 6718 6717
f 6714 6715 6718
f 6714 6716 6713
f 6708 6712 6707
f 6707 6712 6711
f 6708 6715 6713
f 6708 6713 6712
f 6706 6710 6707
f 6707 6710 6708
f 4893 4895 4894
f 4899 4898 4897
f 4900 4892 4893
f 4895 4900 4903
f 4896 4903 4900
f 4899 4901 4905
f 4898 4906 4904
f 4905 4898 4899
f 4906 4907 4902
f 4902 4905 4901
f 4907 4905 4902
f 4906 4902 4904
f 4904 4902 4903
f 4906 4898 4907
f 4907 4898 4905
f 4898 4904 4897
f 4895 4899 4894
f 4895 4901 4899
f 4904 4903 4897
f 4897 4903 4896
f 4903 4902 4901
f 4895 4903 4901
f 4895 4892 4900
f 4900 4893 4896
f 4894 4896 4893
f 4894 4897 4896
f 4894 4899 4897
f 4892 4895 4893
f 2526 2528 2527
f 2529 2530 2528
f 2526 2527 2531
f 2529 2531 2530
f 2528 2531 2527
f 2530 2531 2528
f 2526 2531 2529
f 2529 2528 2526
f 433 439 440
f 433 435 436
f 437 438 444
f 440 439 438
f 442 435 434
f 442 436 435
f 444 438 439
f 442 444 443
f 441 444 442
f 443 433 436
f 443 439 433
f 443 444 439
f 443 436 442
f 441 440 437
f 441 442 440
f 440 442 434
f 440 438 437
f 437 444 441
f 434 435 433
f 433 440 434
f 1637 1639 1638
f 1638 1642 1637
f 1637 1642 1643
f 1644 1640 1641
f 1643 1638 1639
f 1642 1640 1644
f 1642 1644 1643
f 1641 1643 1644
f 1641 1638 1643
f 1637 1643 1639
f 1640 1642 1641
f 1641 1642 1638
f 7842 7843 7849
f 7844 7842 7848
f 7849 7845 7847
f 7842 7845 7843
f 7844 7847 7845
f 7848 7849 7847
f 7848 7847 7846
f 7846 7847 7844
f 7844 7845 7842
f 7843 7845 7849
f 7844 7848 7846
f 7842 7849 7848
f 4988 4990 4989
f 4991 4993 4992
f 4993 4995 4992
f 4995 4994 4990
f 4991 4994 4993
f 4991 4992 4995
f 4995 4988 4989
f 4991 4995 4989
f 4990 4994 4989
f 4989 4994 4991
f 4995 4990 4988
f 4994 4995 4993
f 3967 3969 3968
f 3966 3972 3969
f 3972 3974 3968
f 3974 3967 3968
f 3971 3967 3975
f 3977 3975 3976
f 3970 3973 3972
f 3977 3974 3973
f 3976 3974 3977
f 3977 3973 3970
f 3971 3975 3970
f 3970 3975 3977
f 3966 3967 3971
f 3975 3974 3976
f 3975 3967 3974
f 3973 3974 3972
f 3972 3968 3969
f 3970 3972 3971
f 3971 3972 3966
f 3966 3969 3967
f 992 994 993
f 995 999 998
f 996 992 993
f 998 1000 994
f 999 995 993
f 992 996 997
f 1000 998 999
f 992 997 991
f 993 994 1000
f 999 993 1000
f 998 991 997
f 998 994 991
f 996 993 995
f 995 998 996
f 996 998 997
f 991 994 992
f 4917 4919 4918
f 4919 4920 4918
f 4918 4920 4921
f 4917 4921 4916
f 4919 4916 4921
f 4919 4921 4920
f 4918 4921 4917
f 4916 4919 4917
f 2301 2303 2302
f 2304 2308 2307
f 2303 2300 2304
f 2307 2301 2302
f 2306 2303 2305
f 2301 2308 2304
f 2309 2306 2307
f 2301 2304 2300
f 2302 2306 2309
f 2302 2303 2306
f 2308 2301 2307
f 2307 2302 2309
f 2303 2304 2305
f 2307 2306 2305
f 2304 2307 2305
f 2300 2303 2301
f 2316 2318 2317
f 2318 2316 2319
f 2319 2317 2318
f 2319 2316 2317
f 4970 4972 4971
f 4973 4975 4974
f 4973 4974 4971
f 4973 4970 4975
f 4971 4974 4975
f 4971 4975 4970
f 4972 4970 4973
f 4973 4971 4972
f 6191 6193 6192
f 6194 6196 6195
f 6192 6197 6194
f 6198 6195 6199
f 6193 6190 6198
f 6201 6195 6196
f 6200 6194 6197
f 6199 6200 6198
f 6201 6200 6199
f 6196 6194 6201
f 6201 6194 6200
f 6199 6195 6201
f 6198 6200 6197
f 6193 6198 6197
f 6191 6195 6190
f 6190 6195 6198
f 6193 6197 6192
f 6194 6195 6192
f 6192 6195 6191
f 6190 6193 6191
f 7250 7252 7251
f 7253 7255 7254
f 7255 7252 7250
f 7251 7257 7254
f 7254 7257 7256
f 7251 7256 7257
f 7252 7256 7251
f 7254 7256 7253
f 7251 7255 7250
f 7251 7254 7255
f 7256 7252 7253
f 7253 7252 7255
f 2427 2429 2428
f 2430 2432 2431
f 2428 2434 2433
f 2427 2436 2430
f 2433 2435 2427
f 2434 2436 2435
f 2430 2437 2432
f 2434 2431 2432
f 2434 2432 2437
f 2436 2437 2430
f 2437 2436 2434
f 2434 2435 2433
f 2433 2427 2428
f 2435 2436 2427
f 2427 2430 2426
f 2431 2434 2429
f 2429 2434 2428
f 2430 2429 2426
f 2430 2431 2429
f 2426 2429 2427
f 6477 6479 6478
f 6479 6482 6481
f 6483 6481 6484
f 6483 6486 6485
f 6477 6485 6480
f 6483 6487 6486
f 6485 6486 6487
f 6484 6481 6482
f 6484 6482 6487
f 6485 6482 6480
f 6485 6487 6482
f 6484 6487 6483
f 6477 6480 6476
f 6483 6477 6478
f 6483 6485 6477
f 6479 6483 6478
f 6479 6481 6483
f 6480 6479 6476
f 6480 6482 6479
f 6476 6479 6477
f 6516 6518 6517
f 6519 6520 6516
f 6521 6520 6519
f 6520 6518 6516
f 6519 6517 6518
f 6519 6518 6521
f 6521 6518 6520
f 6519 6516 6517
f 6224 6226 6225
f 6226 6224 6228
f 6226 6229 6225
f 6229 6224 6225
f 6229 6227 6228
f 6228 6224 6229
f 6227 6229 6226
f 6226 6228 6227
f 6180 6182 6181
f 6180 6185 6182
f 6184 6187 6183
f 6185 6186 6188
f 6181 6182 6185
f 6187 6184 6180
f 6183 6187 6189
f 6183 6188 6186
f 6183 6189 6188
f 6180 6181 6189
f 6187 6180 6189
f 6181 6188 6189
f 6181 6185 6188
f 6183 6180 6184
f 6183 6186 6180
f 6180 6186 6185
f 7776 7778 7777
f 7774 7779 7778
f 7780 7782 7781
f 7783 7780 7781
f 7781 7779 7783
f 7776 7777 7782
f 7780 7774 7775
f 7779 7780 7783
f 7779 7774 7780
f 7777 7778 7782
f 7782 7779 7781
f 7782 7778 7779
f 7776 7780 7775
f 7776 7782 7780
f 7774 7776 7775
f 7774 7778 7776
f 3526 3530 3529
f 3532 3527 3528
f 3533 3527 3531
f 3532 3535 3533
f 3529 3532 3528
f 3535 3537 3530
f 3536 3530 3537
f 3537 3535 3536
f 3529 3530 3534
f 3534 3530 3536
f 3530 3526 3533
f 3535 3530 3533
f 3534 3532 3529
f 3534 3535 3532
f 3532 3533 3531
f 3534 3536 3535
f 3526 3527 3533
f 3531 3527 3532
f 3526 3528 3527
f 3526 3529 3528
f 973 975 974
f 976 978 977
f 974 978 976
f 976 975 973
f 977 974 975
f 978 974 977
f 977 975 976
f 974 976 973
f 3984 3988 3987
f 3990 3988 3984
f 3987 3993 3992
f 3994 3992 3993
f 3990 3984 3985
f 3993 3988 3989
f 3991 3992 3995
f 3995 3994 3996
f 3986 3996 3985
f 3997 3986 3991
f 3997 3996 3986
f 3995 3996 3997
f 3991 3995 3997
f 3987 3988 3993
f 3990 3985 3994
f 3994 3985 3996
f 3993 3989 3990
f 3994 3993 3990
f 3994 3995 3992
f 3992 3991 3986
f 3987 3992 3986
f 3989 3988 3990
f 3984 3987 3985
f 3985 3987 3986
f 7533 7526 7530
f 7532 7529 7533
f 7528 7526 7529
f 7531 7530 7526
f 7528 7531 7527
f 7532 7530 7531
f 7533 7530 7532
f 7532 7531 7528
f 7531 7526 7527
f 7527 7526 7528
f 7528 7529 7532
f 7529 7526 7533
f 804 807 806
f 806 807 808
f 809 804 805
f 809 805 806
f 803 810 808
f 803 809 810
f 804 809 803
f 803 808 807
f 809 808 810
f 809 806 808
f 803 807 804
f 804 806 805
f 1803 1805 1804
f 1807 1809 1808
f 1810 1806 1807
f 1804 1805 1808
f 1808 1805 1803
f 1809 1806 1810
f 1809 1803 1804
f 1809 1810 1803
f 1808 1803 1807
f 1807 1803 1810
f 1804 1808 1809
f 1806 1809 1807
f 5094 5096 5095
f 5097 5101 5100
f 5099 5103 5102
f 5098 5102 5097
f 5097 5103 5095
f 5094 5101 5096
f 5103 5099 5100
f 5103 5100 5095
f 5095 5100 5094
f 5100 5101 5094
f 5095 5096 5101
f 5097 5095 5101
f 5097 5102 5103
f 5099 5102 5098
f 5097 5099 5098
f 5097 5100 5099
f 3838 3839 3837
f 3840 3838 3837
f 3837 3841 3836
f 3841 3840 3836
f 3841 3838 3840
f 3839 3838 3841
f 3839 3841 3837
f 3840 3837 3836
f 944 939 940
f 943 940 939
f 941 940 942
f 943 939 944
f 943 941 942
f 944 941 943
f 942 940 943
f 944 940 941
f 3177 3179 3178
f 3180 3177 3178
f 3179 3180 3178
f 3181 3177 3180
f 3179 3176 3181
f 3176 3177 3181
f 3181 3180 3179
f 3176 3179 3177
f 4948 4950 4949
f 4951 4953 4952
f 4952 4955 4951
f 4952 4953 4950
f 4953 4951 4955
f 4954 4948 4949
f 4954 4949 4955
f 4955 4949 4950
f 4953 4955 4950
f 4950 4948 4954
f 4952 4950 4954
f 4954 4955 4952
f 6647 6646 6645
f 6648 6644 6645
f 6647 6653 6652
f 6653 6648 6649
f 6651 6650 6655
f 6644 6654 6643
f 6642 6643 6654
f 6655 6645 6646
f 6655 6646 6647
f 6655 6647 6651
f 6650 6645 6655
f 6642 6654 6653
f 6648 6654 6644
f 6649 6650 6652
f 6652 6650 6651
f 6654 6648 6653
f 6653 6649 6652
f 6642 6653 6647
f 6647 6652 6651
f 6645 6650 6649
f 6648 6645 6649
f 6642 6644 6643
f 6642 6647 6644
f 6644 6647 6645
f 1173 1176 1175
f 1173 1177 1176
f 1178 1175 1176
f 1175 1178 1174
f 1178 1173 1174
f 1177 1173 1178
f 1178 1176 1177
f 1173 1175 1174
f 6280 6282 6281
f 6281 6284 6283
f 6285 6283 6284
f 6285 6282 6280
f 6285 6284 6281
f 6285 6281 6282
f 6285 6280 6283
f 6281 6283 6280
f 6230 6232 6231
f 6230 6231 6235
f 6236 6235 6237
f 6237 6232 6238
f 6236 6233 6234
f 6237 6239 6236
f 6239 6238 6232
f 6239 6230 6233
f 6239 6232 6230
f 6238 6239 6237
f 6239 6233 6236
f 6231 6237 6235
f 6231 6232 6237
f 6234 6235 6236
f 6230 6234 6233
f 6230 6235 6234
f 4050 4052 4051
f 4055 4050 4051
f 4054 4057 4053
f 4057 4052 4050
f 4052 4055 4051
f 4056 4054 4055
f 4056 4055 4057
f 4057 4055 4052
f 4057 4050 4053
f 4056 4057 4054
f 4053 4050 4054
f 4054 4050 4055
f 7238 7240 7239
f 7240 7241 7239
f 7238 7241 7240
f 7238 7239 7241
f 6298 6300 6299
f 6300 6303 6302
f 6304 6302 6303
f 6301 6298 6299
f 6304 6305 6299
f 6305 6303 6301
f 6304 6303 6305
f 6304 6300 6302
f 6304 6299 6300
f 6301 6299 6305
f 6301 6303 6298
f 6298 6303 6300
f 6202 6205 6204
f 6202 6208 6207
f 6208 6209 6207
f 6206 6203 6204
f 6205 6202 6207
f 6205 6208 6206
f 6209 6208 6205
f 6205 6206 6204
f 6205 6207 6209
f 6206 6202 6203
f 6206 6208 6202
f 6202 6204 6203
f 740 742 741
f 745 747 746
f 748 741 749
f 751 754 753
f 746 749 741
f 740 748 747
f 757 760 759
f 742 739 752
f 748 746 747
f 756 743 744
f 744 745 755
f 758 759 755
f 756 750 751
f 758 756 757
f 758 750 756
f 758 754 750
f 758 755 754
f 755 759 760
f 744 755 760
f 756 760 757
f 756 744 760
f 749 746 748
f 742 752 753
f 757 759 758
f 752 739 751
f 751 743 756
f 751 739 743
f 739 740 743
f 743 740 747
f 755 753 754
f 755 745 753
f 753 745 742
f 745 741 742
f 745 746 741
f 750 754 751
f 751 753 752
f 740 741 748
f 743 745 744
f 743 747 745
f 739 742 740
f 2438 2440 2439
f 2440 2441 2439
f 2440 2438 2441
f 2439 2441 2438
f 45 42 41
f 43 37 46
f 41 39 40
f 39 44 40
f 44 45 41
f 43 45 44
f 46 45 43
f 44 41 40
f 43 44 38
f 38 44 39
f 38 39 42
f 38 42 37
f 42 39 41
f 38 37 43
f 37 42 45
f 37 45 46
f 4082 4084 4083
f 4085 4082 4083
f 4084 4085 4083
f 4084 4082 4085
f 7267 7274 7275
f 7268 7267 7269
f 7270 7271 7276
f 7270 7269 7272
f 7277 7269 7267
f 7276 7273 7277
f 7273 7270 7272
f 7277 7274 7276
f 7275 7274 7277
f 7271 7270 7273
f 7271 7273 7276
f 7273 7272 7277
f 7277 7267 7275
f 7277 7272 7269
f 7268 7269 7270
f 7276 7274 7266
f 7268 7276 7266
f 7268 7270 7276
f 7266 7267 7268
f 7266 7274 7267
f 1655 1659 1658
f 1661 1663 1660
f 1664 1661 1662
f 1659 1668 1658
f 1665 1656 1657
f 1667 1664 1668
f 1667 1660 1663
f 1655 1656 1666
f 1668 1665 1657
f 1664 1665 1668
f 1668 1657 1658
f 1655 1666 1662
f 1659 1660 1667
f 1661 1667 1663
f 1661 1664 1667
f 1666 1656 1665
f 1667 1668 1659
f 1664 1666 1665
f 1664 1662 1666
f 1660 1655 1662
f 1661 1660 1662
f 1658 1657 1656
f 1655 1658 1656
f 1655 1660 1659
f 6260 6263 6262
f 6262 6264 6261
f 6261 6265 6260
f 6260 6265 6263
f 6265 6262 6263
f 6264 6262 6265
f 6264 6265 6261
f 6260 6262 6261
f 6502 6504 6503
f 6505 6507 6506
f 6506 6502 6503
f 6505 6508 6507
f 6506 6503 6504
f 6502 6509 6504
f 6508 6509 6502
f 6506 6509 6505
f 6506 6504 6509
f 6509 6508 6505
f 6508 6502 6507
f 6507 6502 6506
f 5030 5032 5031
f 5032 5034 5033
f 5035 5032 5033
f 5035 5033 5034
f 5034 5030 5031
f 5034 5031 5035
f 5031 5032 5035
f 5030 5034 5032
f 7364 7366 7365
f 7366 7368 7367
f 7367 7368 7369
f 7368 7366 7364
f 7367 7369 7364
f 7367 7364 7365
f 7368 7364 7369
f 7366 7367 7365
f 951 950 949
f 953 949 950
f 954 952 953
f 954 947 948
f 957 951 959
f 956 960 945
f 952 958 948
f 959 945 960
f 959 960 956
f 947 955 946
f 954 955 947
f 959 956 957
f 951 945 959
f 952 948 949
f 956 945 955
f 955 945 946
f 950 951 953
f 953 951 957
f 954 948 958
f 954 956 955
f 954 957 956
f 954 958 952
f 954 953 957
f 952 949 953
f 945 947 946
f 945 951 947
f 947 951 948
f 951 949 948
f 6488 6490 6489
f 6492 6490 6488
f 6493 6494 6492
f 6491 6489 6490
f 6494 6493 6488
f 6495 6491 6492
f 6495 6492 6494
f 6494 6489 6495
f 6494 6488 6489
f 6495 6489 6491
f 6491 6490 6492
f 6492 6488 6493
f 6241 6243 6242
f 6244 6246 6245
f 6244 6241 6248
f 6242 6245 6249
f 6242 6248 6241
f 6248 6250 6251
f 6249 6245 6246
f 6247 6251 6246
f 6247 6246 6244
f 6249 6251 6250
f 6249 6246 6251
f 6248 6251 6247
f 6250 6248 6249
f 6249 6248 6242
f 6243 6245 6242
f 6240 6241 6244
f 6244 6248 6247
f 6245 6243 6240
f 6244 6245 6240
f 6240 6243 6241
f 6496 6498 6497
f 6499 6501 6500
f 6498 6499 6500
f 6499 6498 6496
f 6496 6500 6501
f 6497 6500 6496
f 6499 6496 6501
f 6498 6500 6497
f 6442 6443 6438
f 6437 6440 6441
f 6440 6450 6451
f 6449 6451 6445
f 6447 6443 6442
f 6449 6447 6448
f 6449 6444 6446
f 6453 6436 6437
f 6450 6446 6444
f 6439 6455 6454
f 6453 6454 6455
f 6453 6455 6452
f 6438 6455 6439
f 6452 6455 6438
f 6452 6438 6436
f 6438 6443 6436
f 6436 6443 6440
f 6440 6443 6447
f 6440 6447 6450
f 6447 6446 6450
f 6452 6436 6453
f 6451 6450 6445
f 6445 6450 6449
f 6449 6450 6444
f 6446 6447 6449
f 6447 6442 6448
f 6453 6437 6439
f 6437 6442 6439
f 6453 6439 6454
f 6442 6437 6441
f 6442 6441 6448
f 6448 6451 6449
f 6448 6441 6451
f 6440 6451 6441
f 6436 6440 6437
f 6442 6438 6439
f 3592 3594 3593
f 3595 3597 3596
f 3594 3592 3596
f 3593 3595 3596
f 3594 3595 3593
f 3597 3595 3594
f 3593 3596 3592
f 3594 3596 3597
f 7243 7245 7244
f 7243 7244 7246
f 7242 7248 7247
f 7245 7246 7244
f 7243 7249 7248
f 7247 7248 7249
f 7246 7249 7243
f 7243 7248 7242
f 7249 7246 7247
f 7247 7246 7245
f 7242 7247 7245
f 7242 7245 7243
f 5072 5074 5073
f 5076 5078 5077
f 5077 5078 5079
f 5078 5074 5079
f 5076 5074 5072
f 5076 5073 5075
f 5072 5073 5076
f 5079 5076 5077
f 5079 5074 5076
f 5073 5074 5075
f 5075 5074 5078
f 5075 5078 5076
f 1669 1671 1670
f 1673 1675 1674
f 1675 1677 1676
f 1677 1669 1676
f 1671 1678 1672
f 1677 1675 1672
f 1673 1676 1669
f 1674 1676 1673
f 1673 1669 1670
f 1677 1672 1678
f 1672 1673 1670
f 1671 1672 1670
f 1671 1677 1678
f 1671 1669 1677
f 1675 1676 1674
f 1672 1675 1673
f 985 987 986
f 988 989 985
f 986 990 988
f 990 989 988
f 990 987 985
f 990 985 989
f 987 990 986
f 988 985 986
f 7514 7516 7515
f 7517 7519 7518
f 7518 7514 7515
f 7519 7517 7515
f 7518 7516 7514
f 7519 7516 7518
f 7519 7515 7516
f 7518 7515 7517
f 5036 5039 5038
f 5040 5041 5039
f 5038 5039 5041
f 5040 5036 5037
f 5040 5038 5041
f 5037 5038 5040
f 5040 5039 5036
f 5036 5038 5037
f 4909 4911 4910
f 4912 4914 4913
f 4908 4912 4911
f 4915 4908 4909
f 4909 4914 4915
f 4911 4912 4913
f 4911 4913 4910
f 4913 4909 4910
f 4913 4914 4909
f 4914 4912 4915
f 4915 4912 4908
f 4908 4911 4909
f 2448 2450 2449
f 2451 2453 2452
f 2452 2450 2448
f 2449 2453 2451
f 2449 2452 2448
f 2451 2452 2449
f 2450 2453 2449
f 2453 2450 2452
f 1913 1915 1914
f 1916 1917 1914
f 1916 1918 1917
f 1917 1918 1913
f 1913 1916 1915
f 1918 1916 1913
f 1917 1913 1914
f 1916 1914 1915
f 1649 1651 1650
f 1653 1649 1650
f 1653 1654 1652
f 1651 1654 1653
f 1654 1649 1652
f 1651 1649 1654
f 1651 1653 1650
f 1652 1649 1653
f 445 448 447
f 449 453 452
f 448 453 449
f 445 451 452
f 450 451 446
f 448 445 452
f 450 454 449
f 448 452 453
f 450 447 454
f 450 446 447
f 446 451 445
f 449 454 447
f 448 449 447
f 449 451 450
f 449 452 451
f 445 447 446
f 6173 6175 6174
f 6176 6177 6172
f 6178 6177 6176
f 6172 6177 6178
f 6173 6174 6179
f 6175 6179 6174
f 6173 6178 6176
f 6173 6179 6178
f 6172 6179 6175
f 6172 6178 6179
f 6176 6172 6173
f 6172 6175 6173
f 4010 4013 4012
f 4012 4013 4014
f 4010 4014 4013
f 4015 4012 4014
f 4011 4015 4010
f 4011 4012 4015
f 4015 4014 4010
f 4010 4012 4011
f 811 813 812
f 812 813 814
f 814 811 812
f 811 814 813
f 4086 4088 4087
f 4089 4091 4090
f 4086 4087 4089
f 4091 4089 4087
f 4092 4091 4093
f 4088 4092 4093
f 4086 4092 4088
f 4090 4091 4092
f 4091 4088 4093
f 4091 4087 4088
f 4086 4090 4092
f 4086 4089 4090
f 375 378 377
f 379 383 382
f 382 377 378
f 376 384 379
f 377 384 376
f 378 380 381
f 379 384 383
f 375 380 378
f 383 377 382
f 383 384 377
f 376 379 375
f 375 379 380
f 382 378 381
f 379 381 380
f 379 382 381
f 375 377 376
f 455 457 456
f 456 458 455
f 456 457 458
f 457 455 458
f 6510 6512 6511
f 6510 6514 6513
f 6515 6513 6514
f 6512 6515 6511
f 6515 6510 6511
f 6514 6510 6515
f 6513 6515 6512
f 6510 6513 6512
f 731 734 733
f 735 731 732
f 738 735 736
f 732 733 737
f 733 738 736
f 738 731 735
f 734 731 738
f 734 738 733
f 733 736 737
f 732 737 736
f 735 732 736
f 731 733 732
f 2886 2888 2887
f 2890 2888 2886
f 2891 2889 2890
f 2889 2887 2888
f 2890 2886 2887
f 2890 2887 2891
f 2891 2887 2889
f 2889 2888 2890
f 4068 4070 4069
f 4071 4066 4067
f 4069 4070 4073
f 4071 4067 4068
f 4073 4066 4071
f 4068 4069 4072
f 4070 4066 4073
f 4068 4072 4073
f 4071 4068 4073
f 4069 4073 4072
f 4066 4068 4067
f 4066 4070 4068
f 6632 6635 6634
f 6637 6639 6638
f 6636 6632 6633
f 6638 6639 6640
f 6641 6634 6635
f 6640 6634 6641
f 6640 6641 6635
f 6635 6632 6637
f 6638 6635 6637
f 6638 6640 6635
f 6636 6634 6639
f 6639 6634 6640
f 6636 6633 6634
f 6637 6632 6636
f 6636 6639 6637
f 6632 6634 6633
f 1693 1695 1694
f 1696 1698 1697
f 1693 1700 1699
f 1697 1698 1694
f 1697 1699 1700
f 1700 1698 1696
f 1694 1700 1693
f 1694 1698 1700
f 1697 1700 1696
f 1694 1695 1699
f 1697 1694 1699
f 1693 1699 1695
f 1037 1039 1038
f 1039 1042 1038
f 1037 1044 1043
f 1045 1043 1044
f 1046 1045 1044
f 1040 1041 1046
f 1046 1041 1039
f 1045 1039 1043
f 1043 1039 1037
f 1045 1046 1039
f 1046 1042 1040
f 1046 1044 1042
f 1042 1037 1038
f 1042 1044 1037
f 1040 1039 1041
f 1040 1042 1039
f 6253 6255 6254
f 6256 6258 6257
f 6258 6255 6252
f 6259 6252 6253
f 6259 6253 6254
f 6258 6256 6254
f 6258 6254 6255
f 6259 6256 6257
f 6259 6254 6256
f 6258 6259 6257
f 6258 6252 6259
f 6252 6255 6253
f 7503 7506 7505
f 7503 7508 7502
f 7509 7503 7504
f 7504 7505 7509
f 7502 7508 7506
f 7506 7509 7505
f 7507 7509 7508
f 7508 7509 7506
f 7507 7503 7509
f 7507 7508 7503
f 7502 7506 7503
f 7503 7505 7504
f 1623 1626 1625
f 1629 1631 1630
f 1628 1633 1627
f 1627 1623 1624
f 1626 1632 1635
f 1635 1632 1628
f 1625 1634 1631
f 1636 1629 1630
f 1631 1636 1630
f 1635 1636 1634
f 1634 1636 1631
f 1626 1634 1625
f 1635 1629 1636
f 1635 1628 1629
f 1623 1632 1626
f 1626 1635 1634
f 1623 1633 1632
f 1633 1623 1627
f 1632 1633 1628
f 1624 1628 1627
f 1624 1625 1628
f 1628 1625 1629
f 1625 1631 1629
f 1623 1625 1624
f 3696 3698 3697
f 3699 3701 3700
f 3698 3696 3699
f 3698 3701 3697
f 3701 3696 3697
f 3699 3696 3701
f 3700 3701 3698
f 3698 3699 3700
f 47 49 48
f 50 47 51
f 51 52 50
f 51 47 48
f 50 48 49
f 52 48 50
f 51 48 52
f 49 47 50
f 79 81 80
f 83 80 81
f 82 83 85
f 79 84 81
f 80 82 85
f 86 85 83
f 86 83 84
f 80 86 79
f 80 85 86
f 86 84 79
f 82 80 83
f 83 81 84
f 7794 7796 7795
f 7803 7802 7801
f 7804 7793 7794
f 7805 7796 7792
f 7804 7795 7808
f 7808 7803 7797
f 7801 7806 7800
f 7798 7799 7809
f 7805 7792 7793
f 7807 7808 7797
f 7800 7809 7799
f 7807 7800 7806
f 7807 7809 7800
f 7797 7798 7809
f 7807 7797 7809
f 7805 7802 7803
f 7805 7793 7802
f 7804 7806 7801
f 7796 7803 7795
f 7795 7803 7808
f 7796 7805 7803
f 7808 7807 7806
f 7804 7808 7806
f 7804 7794 7795
f 7802 7793 7801
f 7801 7793 7804
f 7797 7799 7798
f 7797 7800 7799
f 7797 7803 7801
f 7797 7801 7800
f 7792 7796 7793
f 7793 7796 7794
f 385 387 386
f 388 390 389
f 389 386 387
f 387 390 388
f 390 386 389
f 385 386 390
f 385 390 387
f 389 387 388
f 7218 7221 7220
f 7221 7224 7223
f 7226 7228 7218
f 7223 7229 7226
f 7230 7231 7224
f 7227 7220 7222
f 7228 7221 7218
f 7231 7229 7223
f 7228 7226 7229
f 7228 7231 7230
f 7228 7229 7231
f 7231 7223 7224
f 7225 7221 7230
f 7230 7221 7228
f 7219 7220 7227
f 7230 7224 7225
f 7226 7227 7222
f 7223 7226 7222
f 7226 7219 7227
f 7226 7218 7219
f 7223 7222 7220
f 7221 7223 7220
f 7221 7225 7224
f 7218 7220 7219
f 7810 7813 7812
f 7811 7816 7810
f 7817 7818 7812
f 7818 7819 7815
f 7814 7815 7819
f 7816 7813 7810
f 7818 7817 7816
f 7818 7814 7819
f 7818 7816 7814
f 7817 7813 7816
f 7818 7811 7812
f 7818 7815 7811
f 7817 7812 7813
f 7814 7816 7815
f 7815 7816 7811
f 7810 7812 7811
f 1679 1681 1680
f 1682 1680 1681
f 1685 1682 1683
f 1685 1686 1684
f 1682 1685 1679
f 1686 1683 1684
f 1682 1679 1680
f 1685 1681 1679
f 1685 1684 1681
f 1685 1683 1686
f 1681 1684 1683
f 1682 1681 1683
f 795 797 796
f 798 800 797
f 802 798 799
f 800 802 796
f 796 802 799
f 798 801 800
f 796 799 795
f 801 802 800
f 800 796 797
f 801 798 802
f 798 795 799
f 798 797 795
f 53 55 54
f 54 57 56
f 56 57 58
f 53 56 58
f 54 55 58
f 54 58 57
f 53 58 55
f 54 56 53
f 3684 3686 3685
f 3684 3685 3688
f 3687 3688 3689
f 3688 3686 3689
f 3686 3687 3689
f 3684 3687 3686
f 3685 3686 3688
f 3684 3688 3687
f 788 790 789
f 788 791 787
f 790 793 792
f 792 794 789
f 792 793 794
f 788 793 791
f 794 793 789
f 789 793 788
f 792 789 790
f 791 790 787
f 791 793 790
f 787 790 788
f 87 90 89
f 91 93 92
f 90 94 89
f 94 88 89
f 95 87 88
f 98 93 91
f 92 93 98
f 97 95 96
f 97 96 98
f 92 96 94
f 92 98 96
f 98 91 97
f 91 95 97
f 91 87 95
f 95 88 96
f 96 88 94
f 92 94 90
f 91 90 87
f 91 92 90
f 87 89 88
f 1687 1690 1689
f 1689 1692 1691
f 1690 1692 1689
f 1690 1687 1691
f 1687 1688 1691
f 1690 1691 1692
f 1689 1691 1688
f 1687 1689 1688
f 459 461 460
f 462 464 463
f 462 459 460
f 460 461 463
f 459 462 463
f 459 463 461
f 460 463 464
f 462 460 464
f 7889 7891 7890
f 7892 7896 7895
f 7892 7891 7888
f 7890 7895 7896
f 7897 7890 7891
f 7888 7896 7892
f 7897 7894 7895
f 7889 7896 7888
f 7897 7891 7894
f 7894 7891 7893
f 7897 7895 7890
f 7890 7896 7889
f 7893 7891 7892
f 7895 7894 7893
f 7892 7895 7893
f 7888 7891 7889
f 6609 6612 6611
f 6614 6609 6615
f 6616 6617 6612
f 6613 6608 6614
f 6611 6612 6617
f 6615 6610 6619
f 6619 6611 6618
f 6615 6619 6618
f 6614 6615 6616
f 6616 6615 6617
f 6617 6615 6618
f 6610 6611 6619
f 6609 6610 6615
f 6611 6617 6618
f 6613 6614 6616
f 6616 6612 6613
f 6608 6609 6614
f 6608 6613 6609
f 6609 6611 6610
f 6609 6613 6612
f 3571 3573 3572
f 3575 3578 3577
f 3575 3580 3570
f 3580 3583 3582
f 3577 3582 3583
f 3574 3573 3581
f 3580 3576 3577
f 3574 3575 3571
f 3581 3578 3579
f 3582 3578 3581
f 3574 3571 3572
f 3580 3577 3583
f 3572 3573 3574
f 3574 3581 3579
f 3578 3582 3577
f 3570 3581 3573
f 3570 3582 3581
f 3570 3580 3582
f 3576 3580 3575
f 3575 3570 3571
f 3574 3578 3575
f 3575 3577 3576
f 3574 3579 3578
f 3570 3573 3571
f 111 113 112
f 114 116 115
f 116 112 113
f 114 117 118
f 114 118 111
f 118 113 111
f 117 113 118
f 114 111 116
f 116 111 112
f 115 117 114
f 113 117 115
f 116 113 115
f 105 107 106
f 109 106 107
f 110 108 109
f 107 105 110
f 106 108 110
f 106 110 105
f 107 110 109
f 108 106 109
f 7211 7213 7212
f 7214 7215 7213
f 7215 7216 7212
f 7214 7211 7217
f 7217 7212 7216
f 7215 7217 7216
f 7214 7217 7215
f 7211 7212 7217
f 7210 7211 7214
f 7215 7212 7213
f 7214 7213 7210
f 7210 7213 7211
f 7785 7788 7787
f 7789 7787 7788
f 7790 7791 7784
f 7790 7785 7786
f 7789 7784 7791
f 7790 7787 7789
f 7786 7787 7790
f 7790 7789 7791
f 7788 7784 7789
f 7790 7784 7785
f 7784 7788 7785
f 7785 7787 7786
f 4115 4114 4113
f 4116 4118 4117
f 4111 4121 4120
f 4122 4123 4115
f 4120 4122 4119
f 4113 4127 4124
f 4129 4131 4130
f 4117 4111 4112
f 4117 4125 4120
f 4114 4130 4131
f 4126 4130 4123
f 4127 4113 4114
f 4128 4129 4126
f 4128 4126 4127
f 4127 4126 4124
f 4127 4114 4128
f 4128 4114 4131
f 4129 4130 4126
f 4126 4123 4122
f 4123 4114 4115
f 4123 4130 4114
f 4118 4125 4117
f 4117 4120 4121
f 4121 4111 4117
f 4117 4112 4116
f 4128 4131 4129
f 4125 4118 4116
f 4112 4125 4116
f 4112 4113 4124
f 4112 4124 4125
f 4124 4122 4125
f 4125 4122 4120
f 4124 4126 4122
f 4115 4110 4119
f 4122 4115 4119
f 4120 4119 4110
f 4111 4120 4110
f 4110 4115 4111
f 4111 4115 4112
f 4112 4115 4113
f 6662 6664 6663
f 6665 6666 6663
f 6666 6665 6667
f 6663 6667 6662
f 6662 6665 6664
f 6667 6665 6662
f 6666 6667 6663
f 6665 6663 6664
f 3562 3565 3564
f 3567 3565 3562
f 3563 3568 3567
f 3568 3563 3564
f 3566 3569 3564
f 3566 3567 3568
f 3566 3568 3569
f 3566 3564 3565
f 3568 3564 3569
f 3563 3567 3562
f 3566 3565 3567
f 3562 3564 3563
