g tunnel_block_wall
v -0.496015 -0.060513 -0.656693
v -0.630304 -0.060513 -0.656693
v -0.630304 -0.059240 -0.655245
v -0.494258 -0.059240 -0.655245
v -0.498247 -0.064279 -0.659619
v -0.630304 -0.064279 -0.659619
v -0.630304 -0.062358 -0.658295
v -0.497476 -0.062358 -0.658295
v -0.497735 -0.065464 -0.661311
v -0.498016 -0.065989 -0.661479
v -0.498104 -0.065928 -0.660973
v -0.497976 -0.065602 -0.660694
v -0.498484 -0.065526 -0.660357
v -0.498486 -0.066007 -0.660902
v -0.498488 -0.066207 -0.661646
v -0.492142 -0.039674 -0.654796
v -0.491712 -0.039898 -0.654796
v -0.491791 -0.039997 -0.654284
v -0.492142 -0.039898 -0.654170
v -0.492142 -0.040438 -0.653910
v -0.491712 -0.040438 -0.654170
v -0.491533 -0.040438 -0.654796
v -0.492102 -0.058589 -0.655293
v -0.492761 -0.058791 -0.654885
v -0.492020 -0.058215 -0.654368
v -0.491700 -0.058172 -0.655044
v -0.491533 -0.057551 -0.654796
v -0.491712 -0.057551 -0.654170
v -0.492142 -0.057551 -0.653910
v -0.492744 -0.058232 -0.654112
v -0.493345 -0.058794 -0.654601
v -0.630304 -0.040438 -0.653910
v -0.630304 -0.039898 -0.654170
v -0.630304 -0.039674 -0.654796
v -0.497506 -0.064279 -0.660609
v -0.497723 -0.064279 -0.659909
v -0.496942 -0.062358 -0.658585
v -0.496721 -0.062358 -0.659286
v -0.495465 -0.060513 -0.656983
v -0.495238 -0.060513 -0.657683
v -0.493689 -0.059240 -0.655534
v -0.493453 -0.059240 -0.656232
v -0.630304 -0.058794 -0.654601
v -0.630304 -0.065526 -0.660357
v -0.630304 -0.057551 -0.653910
v -0.630304 -0.058232 -0.654112
v -0.630304 -0.066007 -0.660902
v -0.630304 -0.066207 -0.661646
v -0.491533 -0.040438 -0.666667
v -0.491533 -0.057551 -0.666667
v -0.493453 -0.059240 -0.666667
v -0.492102 -0.058589 -0.666667
v -0.497735 -0.065464 -0.666667
v -0.497506 -0.064279 -0.666667
v -0.495238 -0.060513 -0.666667
v -0.496721 -0.062358 -0.666667
v -0.498016 -0.065989 -0.666667
v -0.498488 -0.066207 -0.666667
v -0.491712 -0.039898 -0.666667
v -0.492142 -0.039674 -0.666667
v -0.491700 -0.058172 -0.666667
v -0.500000 -0.039674 -0.666667
v -0.630304 -0.039674 -0.663316
v -0.501397 -0.039674 -0.663316
v -0.501194 -0.039674 -0.663398
v -0.501048 -0.039674 -0.663398
v -0.500958 -0.039674 -0.663493
v -0.500698 -0.039674 -0.663598
v -0.500318 -0.039674 -0.664173
v -0.500187 -0.039674 -0.664312
v -0.500051 -0.039674 -0.665138
v -0.500000 -0.039674 -0.665426
v -0.500000 -0.039674 -0.665448
v -0.630304 -0.066207 -0.666667
v -0.493739 0.180042 -0.618656
v -0.493739 0.168580 -0.633636
v -0.500000 0.165511 -0.631625
v -0.500000 0.176740 -0.616869
v -0.493739 0.188912 -0.623536
v -0.493739 0.198553 -0.609165
v -0.500000 0.198733 -0.609274
v -0.500000 0.189082 -0.623660
v -0.493739 0.176825 -0.639132
v -0.500000 0.176983 -0.639270
v -0.493739 0.189184 -0.604850
v -0.500000 0.185697 -0.603271
v -0.493739 0.165531 -0.651771
v -0.500000 0.165679 -0.651922
v -0.493739 0.157871 -0.645778
v -0.493739 0.145748 -0.658168
v -0.500000 0.143143 -0.655788
v -0.500000 0.155019 -0.643584
v -0.493739 0.152748 -0.664669
v -0.500000 0.152882 -0.664833
v -0.493445 0.188746 -0.623444
v -0.493445 0.198378 -0.609083
v -0.493323 0.188362 -0.623232
v -0.493323 0.197973 -0.608895
v -0.493445 0.189514 -0.605001
v -0.493445 0.180354 -0.618826
v -0.493323 0.189984 -0.605217
v -0.493323 0.180799 -0.619071
v -0.493445 0.176671 -0.639027
v -0.493323 0.176314 -0.638789
v -0.493445 0.168871 -0.633829
v -0.493323 0.169284 -0.634104
v -0.493445 0.165388 -0.651657
v -0.493323 0.165056 -0.651397
v -0.493445 0.158141 -0.645988
v -0.493323 0.158525 -0.646287
v -0.493323 0.146346 -0.658721
v -0.493445 0.145995 -0.658396
v -0.493445 0.152617 -0.664546
v -0.493323 0.152314 -0.664264
v -0.493323 0.193089 -0.600000
v -0.493323 0.203326 -0.600000
v -0.493323 0.149776 -0.666667
v -0.493323 0.138045 -0.666667
v -0.493739 0.136880 -0.666667
v -0.500000 0.131853 -0.666667
v -0.500000 0.150944 -0.666667
v -0.493739 0.150636 -0.666667
v -0.500000 0.187631 -0.600000
v -0.493739 0.192068 -0.600000
v -0.493739 0.204072 -0.600000
v -0.500000 0.204318 -0.600000
v -0.493445 0.150375 -0.666667
v -0.493445 0.137360 -0.666667
v -0.493445 0.192489 -0.600000
v -0.493445 0.203847 -0.600000
v -0.500000 0.090045 -0.617992
v -0.500187 0.089354 -0.617278
v -0.500187 0.099954 -0.608048
v -0.500000 0.100693 -0.608696
v -0.500698 0.088884 -0.616724
v -0.500698 0.099452 -0.607540
v -0.501397 0.088714 -0.616521
v -0.501397 0.099271 -0.607352
v -0.500000 0.055290 -0.642241
v -0.500187 0.054774 -0.641360
v -0.500187 0.066715 -0.633942
v -0.500000 0.067287 -0.634762
v -0.500698 0.054425 -0.640698
v -0.500698 0.066328 -0.633322
v -0.501397 0.054298 -0.640456
v -0.501397 0.066187 -0.633094
v -0.500187 0.078203 -0.625840
v -0.500000 0.078837 -0.626610
v -0.500698 0.077774 -0.625252
v -0.501397 0.077618 -0.625036
v -0.500000 0.016104 -0.658297
v -0.500187 0.015792 -0.657291
v -0.500187 0.029113 -0.652807
v -0.500000 0.029498 -0.653779
v -0.500698 0.015582 -0.656549
v -0.500698 0.028854 -0.652088
v -0.501397 0.015506 -0.656279
v -0.501397 0.028760 -0.651825
v -0.500187 0.042141 -0.647526
v -0.500000 0.042597 -0.648462
v -0.500698 0.041834 -0.646829
v -0.501397 0.041723 -0.646574
v -0.500000 -0.025692 -0.665097
v -0.500187 -0.025771 -0.664044
v -0.500187 -0.011777 -0.662734
v -0.500000 -0.011619 -0.663777
v -0.500698 -0.025824 -0.663273
v -0.500698 -0.011883 -0.661969
v -0.501397 -0.025843 -0.662991
v -0.501397 -0.011922 -0.661690
v -0.500187 0.002094 -0.660449
v -0.500000 0.002330 -0.661480
v -0.500698 0.001935 -0.659692
v -0.501397 0.001877 -0.659414
v -0.500187 -0.039824 -0.664374
v -0.500698 -0.039824 -0.663602
v -0.630304 0.099271 -0.607352
v -0.630304 0.088714 -0.616521
v -0.630304 0.077618 -0.625036
v -0.630304 0.066187 -0.633094
v -0.630304 0.054298 -0.640456
v -0.630304 0.041723 -0.646574
v -0.630304 0.028760 -0.651825
v -0.630304 0.015506 -0.656279
v -0.630304 0.001877 -0.659414
v -0.630304 -0.011922 -0.661690
v -0.630304 -0.025843 -0.662991
v -0.500187 0.108452 -0.600000
v -0.500000 0.109869 -0.600000
v -0.500698 0.107412 -0.600000
v -0.501397 0.107033 -0.600000
v -0.500000 -0.039824 -0.665429
v -0.501397 -0.039824 -0.663320
v -0.500000 0.131853 -0.666667
v -0.500000 -0.039674 -0.666667
v -0.500000 0.187631 -0.600000
v -0.500000 -0.039823 -0.666667
v -0.500000 -0.039824 -0.665628
v -0.630304 0.107033 -0.600000
v -0.630304 -0.039824 -0.663320
v 0.496015 -0.060513 -0.656693
v 0.494258 -0.059240 -0.655245
v 0.630304 -0.059240 -0.655245
v 0.630304 -0.060513 -0.656693
v 0.498247 -0.064279 -0.659619
v 0.497476 -0.062358 -0.658295
v 0.630304 -0.062358 -0.658295
v 0.630304 -0.064279 -0.659619
v 0.497735 -0.065464 -0.661311
v 0.497976 -0.065602 -0.660694
v 0.498104 -0.065928 -0.660973
v 0.498016 -0.065989 -0.661479
v 0.498484 -0.065526 -0.660357
v 0.498486 -0.066007 -0.660902
v 0.498488 -0.066207 -0.661646
v 0.492142 -0.039674 -0.654796
v 0.492142 -0.039898 -0.654170
v 0.491791 -0.039997 -0.654284
v 0.491712 -0.039898 -0.654796
v 0.492142 -0.040438 -0.653910
v 0.491712 -0.040438 -0.654170
v 0.491533 -0.040438 -0.654796
v 0.492102 -0.058589 -0.655293
v 0.491700 -0.058172 -0.655044
v 0.492020 -0.058215 -0.654368
v 0.492761 -0.058791 -0.654885
v 0.491533 -0.057551 -0.654796
v 0.491712 -0.057551 -0.654170
v 0.492142 -0.057551 -0.653910
v 0.492744 -0.058232 -0.654112
v 0.493345 -0.058794 -0.654601
v 0.630304 -0.040438 -0.653910
v 0.630304 -0.039898 -0.654170
v 0.630304 -0.039674 -0.654796
v 0.497506 -0.064279 -0.660609
v 0.496721 -0.062358 -0.659286
v 0.496942 -0.062358 -0.658585
v 0.497723 -0.064279 -0.659909
v 0.495238 -0.060513 -0.657683
v 0.495465 -0.060513 -0.656983
v 0.493453 -0.059240 -0.656232
v 0.493689 -0.059240 -0.655534
v 0.630304 -0.058794 -0.654601
v 0.630304 -0.065526 -0.660357
v 0.630304 -0.057551 -0.653910
v 0.630304 -0.058232 -0.654112
v 0.630304 -0.066007 -0.660902
v 0.630304 -0.066207 -0.661646
v 0.491533 -0.057551 -0.666667
v 0.491533 -0.040438 -0.666667
v 0.493453 -0.059240 -0.666667
v 0.492102 -0.058589 -0.666667
v 0.497735 -0.065464 -0.666667
v 0.497506 -0.064279 -0.666667
v 0.495238 -0.060513 -0.666667
v 0.496721 -0.062358 -0.666667
v 0.498016 -0.065989 -0.666667
v 0.498488 -0.066207 -0.666667
v 0.491712 -0.039898 -0.666667
v 0.492142 -0.039674 -0.666667
v 0.491700 -0.058172 -0.666667
v 0.500000 -0.039674 -0.665448
v 0.500000 -0.039674 -0.665426
v 0.500051 -0.039674 -0.665138
v 0.500187 -0.039674 -0.664312
v 0.500318 -0.039674 -0.664173
v 0.500698 -0.039674 -0.663598
v 0.500958 -0.039674 -0.663493
v 0.501048 -0.039674 -0.663398
v 0.501194 -0.039674 -0.663398
v 0.501397 -0.039674 -0.663316
v 0.630304 -0.039674 -0.663316
v 0.500000 -0.039674 -0.666667
v 0.630304 -0.066207 -0.666667
v 0.500000 0.165511 -0.631625
v 0.493739 0.168580 -0.633636
v 0.493739 0.180042 -0.618656
v 0.500000 0.176740 -0.616869
v 0.500000 0.198733 -0.609274
v 0.493739 0.198553 -0.609165
v 0.493739 0.188912 -0.623536
v 0.500000 0.189082 -0.623660
v 0.493739 0.176825 -0.639132
v 0.500000 0.176983 -0.639270
v 0.493739 0.189184 -0.604850
v 0.500000 0.185697 -0.603271
v 0.493739 0.165531 -0.651771
v 0.500000 0.165679 -0.651922
v 0.500000 0.143143 -0.655788
v 0.493739 0.145748 -0.658168
v 0.493739 0.157871 -0.645778
v 0.500000 0.155019 -0.643584
v 0.493739 0.152748 -0.664669
v 0.500000 0.152882 -0.664833
v 0.493445 0.198378 -0.609083
v 0.493445 0.188746 -0.623444
v 0.493323 0.197973 -0.608895
v 0.493323 0.188362 -0.623232
v 0.493445 0.180354 -0.618826
v 0.493445 0.189514 -0.605001
v 0.493323 0.180799 -0.619071
v 0.493323 0.189984 -0.605217
v 0.493445 0.176671 -0.639027
v 0.493323 0.176314 -0.638789
v 0.493445 0.168871 -0.633829
v 0.493323 0.169284 -0.634104
v 0.493445 0.165388 -0.651657
v 0.493323 0.165056 -0.651397
v 0.493445 0.158141 -0.645988
v 0.493323 0.158525 -0.646287
v 0.493323 0.146346 -0.658721
v 0.493445 0.145995 -0.658396
v 0.493323 0.152314 -0.664264
v 0.493445 0.152617 -0.664546
v 0.493323 0.203326 -0.600000
v 0.493323 0.193089 -0.600000
v 0.493323 0.138045 -0.666667
v 0.493323 0.149776 -0.666667
v 0.500000 0.131853 -0.666667
v 0.493739 0.136880 -0.666667
v 0.500000 0.150944 -0.666667
v 0.493739 0.150636 -0.666667
v 0.493739 0.192068 -0.600000
v 0.500000 0.187631 -0.600000
v 0.500000 0.204318 -0.600000
v 0.493739 0.204072 -0.600000
v 0.493445 0.150375 -0.666667
v 0.493445 0.137360 -0.666667
v 0.493445 0.192489 -0.600000
v 0.493445 0.203847 -0.600000
v 0.500000 0.090045 -0.617992
v 0.500000 0.100693 -0.608696
v 0.500187 0.099954 -0.608048
v 0.500187 0.089354 -0.617278
v 0.500698 0.099452 -0.607540
v 0.500698 0.088884 -0.616724
v 0.501397 0.099271 -0.607352
v 0.501397 0.088714 -0.616521
v 0.500000 0.055290 -0.642241
v 0.500000 0.067287 -0.634762
v 0.500187 0.066715 -0.633942
v 0.500187 0.054774 -0.641360
v 0.500698 0.066328 -0.633322
v 0.500698 0.054425 -0.640698
v 0.501397 0.066187 -0.633094
v 0.501397 0.054298 -0.640456
v 0.500000 0.078837 -0.626610
v 0.500187 0.078203 -0.625840
v 0.500698 0.077774 -0.625252
v 0.501397 0.077618 -0.625036
v 0.500000 0.016104 -0.658297
v 0.500000 0.029498 -0.653779
v 0.500187 0.029113 -0.652807
v 0.500187 0.015792 -0.657291
v 0.500698 0.028854 -0.652088
v 0.500698 0.015582 -0.656549
v 0.501397 0.028760 -0.651825
v 0.501397 0.015506 -0.656279
v 0.500000 0.042597 -0.648462
v 0.500187 0.042141 -0.647526
v 0.500698 0.041834 -0.646829
v 0.501397 0.041723 -0.646574
v 0.500000 -0.025692 -0.665097
v 0.500000 -0.011619 -0.663777
v 0.500187 -0.011777 -0.662734
v 0.500187 -0.025771 -0.664044
v 0.500698 -0.011883 -0.661969
v 0.500698 -0.025824 -0.663273
v 0.501397 -0.011922 -0.661690
v 0.501397 -0.025843 -0.662991
v 0.500000 0.002330 -0.661480
v 0.500187 0.002094 -0.660449
v 0.500698 0.001935 -0.659692
v 0.501397 0.001877 -0.659414
v 0.500187 -0.039824 -0.664374
v 0.500698 -0.039824 -0.663602
v 0.630304 0.099271 -0.607352
v 0.630304 0.088714 -0.616521
v 0.630304 0.077618 -0.625036
v 0.630304 0.066187 -0.633094
v 0.630304 0.054298 -0.640456
v 0.630304 0.041723 -0.646574
v 0.630304 0.028760 -0.651825
v 0.630304 0.015506 -0.656279
v 0.630304 0.001877 -0.659414
v 0.630304 -0.011922 -0.661690
v 0.630304 -0.025843 -0.662991
v 0.500187 0.108452 -0.600000
v 0.500000 0.109869 -0.600000
v 0.500698 0.107412 -0.600000
v 0.501397 0.107033 -0.600000
v 0.500000 -0.039824 -0.665429
v 0.501397 -0.039824 -0.663320
v 0.500000 -0.039674 -0.666667
v 0.500000 0.131853 -0.666667
v 0.500000 0.187631 -0.600000
v 0.500000 -0.039824 -0.665628
v 0.500000 -0.039823 -0.666667
v 0.630304 0.107033 -0.600000
v 0.630304 -0.039824 -0.663320
v -0.630304 -0.039674 -0.663398
v -0.500000 0.188516 -0.600000
v -0.500000 0.186393 -0.603586
v -0.500000 0.177399 -0.617226
v -0.500000 0.166124 -0.632027
v -0.500000 0.155589 -0.644022
v -0.500000 0.143663 -0.656263
v -0.500000 0.132854 -0.666667
v -0.500000 0.204318 -0.600000
v -0.500000 0.500000 -0.600000
v -0.500000 0.500000 -0.666667
v -0.500000 0.150944 -0.666667
v -0.500000 0.150883 -0.666667
v -0.500000 0.152855 -0.664801
v -0.500000 0.165649 -0.651892
v -0.500000 0.176952 -0.639243
v -0.500000 0.189048 -0.623635
v -0.500000 0.198697 -0.609252
v -0.500000 0.204269 -0.600000
v 0.630304 -0.039674 -0.663398
v 0.500000 0.186393 -0.603586
v 0.500000 0.188516 -0.600000
v 0.500000 0.132854 -0.666667
v 0.500000 0.143663 -0.656263
v 0.500000 0.155589 -0.644022
v 0.500000 0.166124 -0.632027
v 0.500000 0.177399 -0.617226
v 0.500000 0.204318 -0.600000
v 0.500000 0.204269 -0.600000
v 0.500000 0.198697 -0.609252
v 0.500000 0.189048 -0.623635
v 0.500000 0.176952 -0.639243
v 0.500000 0.165649 -0.651892
v 0.500000 0.152855 -0.664801
v 0.500000 0.150883 -0.666667
v 0.500000 0.150944 -0.666667
v 0.500000 0.500000 -0.666667
v 0.500000 0.500000 -0.600000
v -0.492219 -0.347618 -0.344708
v -0.491902 -0.347272 -0.344837
v -0.492232 -0.347274 -0.345476
v -0.492877 -0.347820 -0.345116
v -0.496015 -0.349459 -0.343307
v -0.494258 -0.348186 -0.344756
v -0.630304 -0.348186 -0.344756
v -0.630304 -0.349459 -0.343307
v -0.497723 -0.353225 -0.340092
v -0.496942 -0.351304 -0.341415
v -0.497476 -0.351304 -0.341705
v -0.498247 -0.353225 -0.340382
v -0.498723 -0.355153 -0.338354
v -0.498277 -0.355015 -0.338460
v -0.498325 -0.354975 -0.338727
v -0.498588 -0.355039 -0.338778
v -0.495465 -0.349459 -0.343017
v -0.493689 -0.348186 -0.344466
v -0.492263 -0.328743 -0.345551
v -0.630304 -0.328743 -0.345551
v -0.630304 -0.329142 -0.345931
v -0.492142 -0.329142 -0.345931
v -0.498484 -0.354246 -0.339643
v -0.498485 -0.354674 -0.339314
v -0.498029 -0.354551 -0.339190
v -0.497976 -0.354321 -0.339306
v -0.492413 -0.328619 -0.345204
v -0.491992 -0.328807 -0.345466
v -0.491954 -0.328766 -0.345204
v -0.492142 -0.346264 -0.346090
v -0.492478 -0.346759 -0.345962
v -0.491856 -0.346733 -0.345708
v -0.491712 -0.346264 -0.345831
v -0.630304 -0.346264 -0.346090
v -0.630304 -0.346759 -0.345962
v -0.491712 -0.329616 -0.345831
v -0.491533 -0.346264 -0.345204
v -0.491533 -0.329616 -0.345204
v -0.493461 -0.347823 -0.345400
v -0.492933 -0.347304 -0.345728
v -0.630304 -0.354246 -0.339643
v -0.630304 -0.354674 -0.339314
v -0.630304 -0.347304 -0.345728
v -0.630304 -0.347823 -0.345400
v -0.492142 -0.329616 -0.346090
v -0.491584 -0.346678 -0.345059
v -0.491642 -0.329145 -0.345204
v -0.491753 -0.329263 -0.345771
v -0.630304 -0.351304 -0.341705
v -0.495238 -0.349459 -0.342318
v -0.493453 -0.348186 -0.343768
v -0.497735 -0.354184 -0.338689
v -0.497903 -0.354635 -0.338589
v -0.630304 -0.355039 -0.338778
v -0.630304 -0.355153 -0.338354
v -0.496721 -0.351304 -0.340715
v -0.497506 -0.353225 -0.339391
v -0.630304 -0.353225 -0.340382
v -0.630304 -0.328619 -0.345204
v -0.630304 -0.329616 -0.346090
v -0.497903 -0.354636 -0.333333
v -0.497734 -0.354184 -0.333333
v -0.491533 -0.329616 -0.333333
v -0.491533 -0.346264 -0.333333
v -0.495238 -0.349459 -0.333333
v -0.496721 -0.351304 -0.333333
v -0.497506 -0.353225 -0.333333
v -0.491642 -0.329144 -0.333333
v -0.491955 -0.328766 -0.333333
v -0.493453 -0.348186 -0.333333
v -0.492221 -0.347618 -0.333333
v -0.498724 -0.355153 -0.333333
v -0.498277 -0.355015 -0.333333
v -0.491585 -0.346678 -0.333333
v -0.492413 -0.328619 -0.333333
v -0.491902 -0.347269 -0.333333
v -0.630304 -0.328619 -0.333333
v -0.630304 -0.355153 -0.333333
v -0.493689 -0.348186 -0.655534
v -0.494258 -0.348186 -0.655245
v -0.493461 -0.347823 -0.654601
v -0.492877 -0.347820 -0.654885
v -0.493453 -0.348186 -0.656232
v -0.492219 -0.347618 -0.655292
v -0.497976 -0.354321 -0.660694
v -0.498484 -0.354246 -0.660357
v -0.498247 -0.353225 -0.659619
v -0.497723 -0.353225 -0.659909
v -0.497735 -0.354184 -0.661311
v -0.497506 -0.353225 -0.660609
v -0.495465 -0.349459 -0.656983
v -0.496015 -0.349459 -0.656693
v -0.495238 -0.349459 -0.657683
v -0.496942 -0.351304 -0.658585
v -0.497476 -0.351304 -0.658295
v -0.496721 -0.351304 -0.659286
v -0.498485 -0.354674 -0.660686
v -0.630304 -0.354674 -0.660686
v -0.630304 -0.354246 -0.660357
v -0.492933 -0.347304 -0.654272
v -0.492232 -0.347274 -0.654525
v -0.630304 -0.347823 -0.654601
v -0.630304 -0.347304 -0.654272
v -0.491712 -0.329617 -0.654170
v -0.491533 -0.329616 -0.654796
v -0.491533 -0.346264 -0.654796
v -0.491712 -0.346264 -0.654170
v -0.492142 -0.329616 -0.653910
v -0.492142 -0.346264 -0.653910
v -0.492478 -0.346759 -0.654038
v -0.630304 -0.346759 -0.654038
v -0.630304 -0.346264 -0.653910
v -0.491753 -0.329263 -0.654230
v -0.491642 -0.329145 -0.654796
v -0.498723 -0.355153 -0.661646
v -0.498588 -0.355039 -0.661223
v -0.498325 -0.354975 -0.661274
v -0.498277 -0.355015 -0.661541
v -0.491856 -0.346733 -0.654293
v -0.491584 -0.346678 -0.654941
v -0.491902 -0.347272 -0.655163
v -0.492413 -0.328619 -0.654796
v -0.491954 -0.328766 -0.654796
v -0.491992 -0.328807 -0.654534
v -0.492263 -0.328743 -0.654450
v -0.492142 -0.329142 -0.654069
v -0.630304 -0.355153 -0.661646
v -0.630304 -0.355039 -0.661223
v -0.497903 -0.354635 -0.661412
v -0.498029 -0.354551 -0.660810
v -0.630304 -0.351304 -0.658295
v -0.630304 -0.349459 -0.656693
v -0.630304 -0.353225 -0.659619
v -0.630304 -0.348186 -0.655245
v -0.630304 -0.328743 -0.654450
v -0.630304 -0.328619 -0.654796
v -0.630304 -0.329616 -0.653910
v -0.630304 -0.329142 -0.654069
v -0.491585 -0.346678 -0.666667
v -0.491533 -0.346264 -0.666667
v -0.491533 -0.329616 -0.666667
v -0.491642 -0.329144 -0.666667
v -0.498277 -0.355015 -0.666667
v -0.498724 -0.355153 -0.666667
v -0.497903 -0.354636 -0.666667
v -0.497734 -0.354184 -0.666667
v -0.497506 -0.353225 -0.666667
v -0.496721 -0.351304 -0.666667
v -0.495238 -0.349459 -0.666667
v -0.493453 -0.348186 -0.666667
v -0.492221 -0.347618 -0.666667
v -0.491955 -0.328766 -0.666667
v -0.492413 -0.328619 -0.666667
v -0.491902 -0.347270 -0.666667
v -0.630304 -0.328620 -0.666667
v -0.630304 -0.355153 -0.666667
v -0.493739 0.176825 -0.363182
v -0.493739 0.165531 -0.351083
v -0.500000 0.165679 -0.350935
v -0.500000 0.176983 -0.363046
v -0.493739 0.168580 -0.368556
v -0.493739 0.180042 -0.382341
v -0.500000 0.176740 -0.384102
v -0.500000 0.165511 -0.370523
v -0.493739 0.198553 -0.390290
v -0.493739 0.188912 -0.377532
v -0.500000 0.189082 -0.377411
v -0.500000 0.198733 -0.390181
v -0.493739 0.189184 -0.394596
v -0.500000 0.185697 -0.396173
v -0.493739 0.145748 -0.344695
v -0.493739 0.157871 -0.356933
v -0.500000 0.155019 -0.359075
v -0.500000 0.143143 -0.347021
v -0.493739 0.134125 -0.333642
v -0.500000 0.131756 -0.336134
v -0.493739 0.152748 -0.338343
v -0.500000 0.152883 -0.338182
v -0.493445 0.134350 -0.333404
v -0.493445 0.145995 -0.344473
v -0.493323 0.146346 -0.344155
v -0.493420 0.134416 -0.333333
v -0.493323 0.134953 -0.333333
v -0.493445 0.180354 -0.382173
v -0.493445 0.189515 -0.394445
v -0.493323 0.180799 -0.381932
v -0.493323 0.189984 -0.394230
v -0.493445 0.198378 -0.390371
v -0.493445 0.188746 -0.377623
v -0.493323 0.197973 -0.390558
v -0.493323 0.188362 -0.377832
v -0.493445 0.168871 -0.368367
v -0.493323 0.169284 -0.368099
v -0.493445 0.176671 -0.363283
v -0.493323 0.176314 -0.363516
v -0.493445 0.158141 -0.356729
v -0.493323 0.158525 -0.356436
v -0.493445 0.165388 -0.351193
v -0.493323 0.165057 -0.351447
v -0.493323 0.152314 -0.338739
v -0.493445 0.152617 -0.338463
v -0.493323 0.146560 -0.333333
v -0.493323 0.204532 -0.400000
v -0.493323 0.193949 -0.400000
v -0.500000 0.128577 -0.333333
v -0.493739 0.133773 -0.333333
v -0.493739 0.192893 -0.400000
v -0.500000 0.188310 -0.400000
v -0.500000 0.147717 -0.333333
v -0.493739 0.147411 -0.333333
v -0.500000 0.205560 -0.400000
v -0.493739 0.205304 -0.400000
v -0.493445 0.134269 -0.333333
v -0.493445 0.147154 -0.333333
v -0.493445 0.193328 -0.400000
v -0.493445 0.205071 -0.400000
v -0.501397 0.087082 -0.385871
v -0.500698 0.087252 -0.385669
v -0.500698 0.097839 -0.394833
v -0.501397 0.097658 -0.395019
v -0.500187 0.087720 -0.385119
v -0.500187 0.098338 -0.394329
v -0.500000 0.088411 -0.384410
v -0.500000 0.099075 -0.393688
v -0.501397 0.052980 -0.361477
v -0.500698 0.053106 -0.361237
v -0.500698 0.064857 -0.368851
v -0.501397 0.064717 -0.369077
v -0.500187 0.053452 -0.360582
v -0.500187 0.065241 -0.368236
v -0.500000 0.053964 -0.359712
v -0.500000 0.065810 -0.367424
v -0.500698 0.076200 -0.377067
v -0.501397 0.076045 -0.377281
v -0.500187 0.076626 -0.376483
v -0.500000 0.077257 -0.375721
v -0.501397 0.015026 -0.343725
v -0.500698 0.015102 -0.343455
v -0.500698 0.028137 -0.348563
v -0.501397 0.028045 -0.348823
v -0.500187 0.015310 -0.342717
v -0.500187 0.028392 -0.347854
v -0.500000 0.015619 -0.341718
v -0.500000 0.028770 -0.346898
v -0.500698 0.040784 -0.354578
v -0.501397 0.040675 -0.354829
v -0.500187 0.041086 -0.353894
v -0.500000 0.041533 -0.352977
v -0.501397 -0.026142 -0.336240
v -0.500698 -0.026123 -0.335956
v -0.500698 -0.012178 -0.337191
v -0.501397 -0.012217 -0.337471
v -0.500187 -0.026069 -0.335180
v -0.500187 -0.012072 -0.336423
v -0.500000 -0.025990 -0.334121
v -0.500000 -0.011914 -0.335378
v -0.500698 0.001580 -0.339808
v -0.501397 0.001523 -0.340085
v -0.500187 0.001738 -0.339052
v -0.500000 0.001974 -0.338023
v -0.630304 -0.026142 -0.336240
v -0.630304 -0.012217 -0.337471
v -0.630304 0.001523 -0.340085
v -0.630304 0.015026 -0.343725
v -0.630304 0.028045 -0.348823
v -0.630304 0.040675 -0.354829
v -0.630304 0.052980 -0.361477
v -0.630304 0.064717 -0.369077
v -0.630304 0.076045 -0.377281
v -0.630304 0.087082 -0.385871
v -0.630304 0.097658 -0.395019
v -0.500698 0.103300 -0.400000
v -0.501397 0.102922 -0.400000
v -0.500187 0.104334 -0.400000
v -0.500000 0.105747 -0.400000
v -0.500000 -0.039674 -0.334220
v -0.500187 -0.039674 -0.335280
v -0.500698 -0.039674 -0.336055
v -0.501397 -0.039674 -0.336339
v -0.500000 -0.039674 -0.334142
v -0.500000 -0.039674 -0.333333
v -0.500000 0.128577 -0.333333
v -0.500000 0.188310 -0.400000
v -0.630304 -0.039674 -0.336339
v -0.630304 0.102922 -0.400000
v 0.493689 -0.059240 -0.343664
v 0.494258 -0.059240 -0.343953
v 0.493345 -0.058794 -0.344597
v 0.492761 -0.058791 -0.344313
v 0.493453 -0.059240 -0.342966
v 0.492102 -0.058589 -0.343906
v 0.497976 -0.065602 -0.338504
v 0.498484 -0.065526 -0.338841
v 0.498247 -0.064279 -0.339580
v 0.497723 -0.064279 -0.339289
v 0.497735 -0.065464 -0.337887
v 0.497506 -0.064279 -0.338589
v 0.495465 -0.060513 -0.342215
v 0.496015 -0.060513 -0.342505
v 0.495238 -0.060513 -0.341515
v 0.496942 -0.062358 -0.340613
v 0.497476 -0.062358 -0.340903
v 0.496721 -0.062358 -0.339912
v 0.498486 -0.066007 -0.338296
v 0.498488 -0.066207 -0.337552
v 0.630304 -0.066207 -0.337552
v 0.630304 -0.066007 -0.338296
v 0.630304 -0.065526 -0.338841
v 0.492744 -0.058232 -0.345086
v 0.630304 -0.058794 -0.344597
v 0.630304 -0.058232 -0.345086
v 0.492142 -0.057551 -0.345288
v 0.630304 -0.057551 -0.345288
v 0.491712 -0.040438 -0.345029
v 0.491533 -0.040438 -0.344402
v 0.491533 -0.057551 -0.344402
v 0.491712 -0.057551 -0.345029
v 0.492142 -0.040438 -0.345288
v 0.492020 -0.058215 -0.344830
v 0.491700 -0.058172 -0.344154
v 0.491791 -0.039997 -0.344913
v 0.491712 -0.039898 -0.344402
v 0.492142 -0.039898 -0.345029
v 0.492142 -0.039674 -0.344402
v 0.498104 -0.065928 -0.338225
v 0.498016 -0.065989 -0.337719
v 0.630304 -0.062358 -0.340903
v 0.630304 -0.060513 -0.342505
v 0.630304 -0.064279 -0.339580
v 0.630304 -0.040438 -0.345288
v 0.630304 -0.059240 -0.343953
v 0.630304 -0.039898 -0.345029
v 0.630304 -0.039674 -0.344402
v 0.491700 -0.058172 -0.333333
v 0.492102 -0.058589 -0.333333
v 0.491533 -0.057551 -0.333333
v 0.491712 -0.039898 -0.333333
v 0.492142 -0.039674 -0.333333
v 0.491533 -0.040438 -0.333333
v 0.498016 -0.065989 -0.333333
v 0.498488 -0.066207 -0.333333
v 0.497735 -0.065464 -0.333333
v 0.496721 -0.062358 -0.333333
v 0.497506 -0.064279 -0.333333
v 0.495238 -0.060513 -0.333333
v 0.493453 -0.059240 -0.333333
v 0.500000 -0.039674 -0.333333
v 0.630304 -0.039674 -0.336339
v 0.501397 -0.039674 -0.336339
v 0.500698 -0.039674 -0.336055
v 0.500187 -0.039674 -0.335280
v 0.500000 -0.039674 -0.334220
v 0.500000 -0.039674 -0.334142
v 0.630304 -0.066207 -0.333333
v 0.500000 0.165679 -0.350935
v 0.493739 0.165531 -0.351083
v 0.493739 0.176825 -0.363182
v 0.500000 0.176983 -0.363046
v 0.500000 0.176740 -0.384102
v 0.493739 0.180042 -0.382341
v 0.493739 0.168580 -0.368556
v 0.500000 0.165511 -0.370523
v 0.500000 0.189082 -0.377411
v 0.493739 0.188912 -0.377532
v 0.493739 0.198553 -0.390290
v 0.500000 0.198733 -0.390181
v 0.500000 0.185697 -0.396173
v 0.493739 0.189184 -0.394596
v 0.500000 0.155019 -0.359075
v 0.493739 0.157871 -0.356933
v 0.493739 0.145748 -0.344695
v 0.500000 0.143143 -0.347021
v 0.493739 0.134125 -0.333642
v 0.500000 0.131756 -0.336134
v 0.500000 0.152883 -0.338182
v 0.493739 0.152748 -0.338343
v 0.493445 0.145995 -0.344473
v 0.493445 0.134350 -0.333404
v 0.493323 0.146346 -0.344155
v 0.493323 0.134953 -0.333333
v 0.493420 0.134416 -0.333333
v 0.493445 0.189515 -0.394445
v 0.493445 0.180354 -0.382173
v 0.493323 0.189984 -0.394230
v 0.493323 0.180799 -0.381932
v 0.493445 0.188746 -0.377623
v 0.493445 0.198378 -0.390371
v 0.493323 0.188362 -0.377832
v 0.493323 0.197973 -0.390558
v 0.493445 0.168871 -0.368367
v 0.493323 0.169284 -0.368099
v 0.493445 0.176671 -0.363283
v 0.493323 0.176314 -0.363516
v 0.493445 0.158141 -0.356729
v 0.493323 0.158525 -0.356436
v 0.493445 0.165388 -0.351193
v 0.493323 0.165057 -0.351447
v 0.493323 0.152314 -0.338739
v 0.493445 0.152617 -0.338463
v 0.493323 0.146560 -0.333333
v 0.493323 0.193949 -0.400000
v 0.493323 0.204532 -0.400000
v 0.493739 0.133773 -0.333333
v 0.500000 0.128577 -0.333333
v 0.493739 0.192893 -0.400000
v 0.500000 0.188310 -0.400000
v 0.500000 0.147717 -0.333333
v 0.493739 0.147411 -0.333333
v 0.500000 0.205560 -0.400000
v 0.493739 0.205304 -0.400000
v 0.493445 0.134269 -0.333333
v 0.493445 0.147154 -0.333333
v 0.493445 0.193328 -0.400000
v 0.493445 0.205071 -0.400000
v -0.500187 -0.040126 -0.335283
v -0.500000 -0.040126 -0.334224
v -0.500698 -0.040126 -0.336058
v -0.501397 -0.040126 -0.336342
v -0.500000 -0.040122 -0.333333
v -0.500000 -0.040126 -0.334070
v -0.630304 -0.040126 -0.336342
v -0.500000 0.189224 -0.400000
v -0.500000 0.129612 -0.333333
v -0.500000 0.132229 -0.335636
v -0.500000 0.143663 -0.346557
v -0.500000 0.155589 -0.358647
v -0.500000 0.166124 -0.370130
v -0.500000 0.177399 -0.383750
v -0.500000 0.186394 -0.395858
v -0.500000 0.152856 -0.338214
v -0.500000 0.147656 -0.333333
v -0.500000 0.205509 -0.400000
v -0.500000 0.198698 -0.390203
v -0.500000 0.189048 -0.377435
v -0.500000 0.176952 -0.363073
v -0.500000 0.165649 -0.350964
v -0.500000 0.500000 -0.333333
v -0.500000 0.500000 -0.400000
v -0.500000 0.205560 -0.400000
v -0.500000 0.147717 -0.333333
v -0.500187 -0.039674 -0.335261
v -0.501048 -0.039674 -0.336178
v -0.630304 -0.039674 -0.336178
v -0.493689 -0.059240 -0.343664
v -0.492761 -0.058791 -0.344313
v -0.493345 -0.058794 -0.344597
v -0.494258 -0.059240 -0.343953
v -0.493453 -0.059240 -0.342966
v -0.492102 -0.058589 -0.343906
v -0.497976 -0.065602 -0.338504
v -0.497723 -0.064279 -0.339289
v -0.498247 -0.064279 -0.339580
v -0.498484 -0.065526 -0.338841
v -0.497735 -0.065464 -0.337887
v -0.497506 -0.064279 -0.338589
v -0.495465 -0.060513 -0.342215
v -0.496015 -0.060513 -0.342505
v -0.495238 -0.060513 -0.341515
v -0.496942 -0.062358 -0.340613
v -0.497476 -0.062358 -0.340903
v -0.496721 -0.062358 -0.339912
v -0.498486 -0.066007 -0.338296
v -0.630304 -0.066007 -0.338296
v -0.630304 -0.066207 -0.337552
v -0.498488 -0.066207 -0.337552
v -0.630304 -0.065526 -0.338841
v -0.492744 -0.058232 -0.345086
v -0.630304 -0.058232 -0.345086
v -0.630304 -0.058794 -0.344597
v -0.492142 -0.057551 -0.345288
v -0.630304 -0.057551 -0.345288
v -0.491712 -0.040438 -0.345029
v -0.491712 -0.057551 -0.345029
v -0.491533 -0.057551 -0.344402
v -0.491533 -0.040438 -0.344402
v -0.492142 -0.040438 -0.345288
v -0.492020 -0.058215 -0.344830
v -0.491700 -0.058172 -0.344154
v -0.491712 -0.039898 -0.344402
v -0.491791 -0.039997 -0.344913
v -0.492142 -0.039898 -0.345029
v -0.492142 -0.039674 -0.344402
v -0.498016 -0.065989 -0.337719
v -0.498104 -0.065928 -0.338225
v -0.630304 -0.060513 -0.342505
v -0.630304 -0.062358 -0.340903
v -0.630304 -0.064279 -0.339580
v -0.630304 -0.040438 -0.345288
v -0.630304 -0.059240 -0.343953
v -0.630304 -0.039898 -0.345029
v -0.630304 -0.039674 -0.344402
v -0.492102 -0.058589 -0.333333
v -0.491700 -0.058172 -0.333333
v -0.491533 -0.057551 -0.333333
v -0.492142 -0.039674 -0.333333
v -0.491712 -0.039898 -0.333333
v -0.491533 -0.040438 -0.333333
v -0.498016 -0.065989 -0.333333
v -0.498488 -0.066207 -0.333333
v -0.497735 -0.065464 -0.333333
v -0.497506 -0.064279 -0.333333
v -0.496721 -0.062358 -0.333333
v -0.495238 -0.060513 -0.333333
v -0.493453 -0.059240 -0.333333
v -0.500000 -0.039674 -0.333333
v -0.630304 -0.066207 -0.333333
v 0.500000 -0.040126 -0.334224
v 0.500187 -0.040126 -0.335283
v 0.500698 -0.040126 -0.336058
v 0.501397 -0.040126 -0.336342
v 0.500000 -0.039674 -0.333333
v 0.500000 -0.040122 -0.333333
v 0.500000 -0.040126 -0.334070
v 0.630304 -0.040126 -0.336342
v 0.501397 0.087082 -0.385871
v 0.501397 0.097658 -0.395019
v 0.500698 0.097839 -0.394833
v 0.500698 0.087252 -0.385669
v 0.500187 0.098338 -0.394329
v 0.500187 0.087720 -0.385119
v 0.500000 0.099075 -0.393688
v 0.500000 0.088411 -0.384410
v 0.501397 0.052980 -0.361477
v 0.501397 0.064717 -0.369077
v 0.500698 0.064857 -0.368851
v 0.500698 0.053106 -0.361237
v 0.500187 0.065241 -0.368236
v 0.500187 0.053452 -0.360582
v 0.500000 0.065810 -0.367424
v 0.500000 0.053964 -0.359712
v 0.501397 0.076045 -0.377281
v 0.500698 0.076200 -0.377067
v 0.500187 0.076626 -0.376483
v 0.500000 0.077257 -0.375721
v 0.501397 0.015026 -0.343725
v 0.501397 0.028045 -0.348823
v 0.500698 0.028137 -0.348563
v 0.500698 0.015102 -0.343455
v 0.500187 0.028392 -0.347854
v 0.500187 0.015310 -0.342717
v 0.500000 0.028770 -0.346898
v 0.500000 0.015619 -0.341718
v 0.501397 0.040675 -0.354829
v 0.500698 0.040784 -0.354578
v 0.500187 0.041086 -0.353894
v 0.500000 0.041533 -0.352977
v 0.501397 -0.026142 -0.336240
v 0.501397 -0.012217 -0.337471
v 0.500698 -0.012178 -0.337191
v 0.500698 -0.026123 -0.335956
v 0.500187 -0.012072 -0.336423
v 0.500187 -0.026069 -0.335180
v 0.500000 -0.011914 -0.335378
v 0.500000 -0.025990 -0.334121
v 0.501397 0.001523 -0.340085
v 0.500698 0.001580 -0.339808
v 0.500187 0.001738 -0.339052
v 0.500000 0.001974 -0.338023
v 0.630304 -0.026142 -0.336240
v 0.630304 -0.012217 -0.337471
v 0.630304 0.001523 -0.340085
v 0.630304 0.015026 -0.343725
v 0.630304 0.028045 -0.348823
v 0.630304 0.040675 -0.354829
v 0.630304 0.052980 -0.361477
v 0.630304 0.064717 -0.369077
v 0.630304 0.076045 -0.377281
v 0.630304 0.087082 -0.385871
v 0.630304 0.097658 -0.395019
v 0.501397 0.102922 -0.400000
v 0.500698 0.103300 -0.400000
v 0.500187 0.104334 -0.400000
v 0.500000 0.105747 -0.400000
v 0.500000 0.128577 -0.333333
v 0.500000 0.188310 -0.400000
v 0.630304 0.102922 -0.400000
v 0.500000 0.189224 -0.400000
v 0.500000 0.186394 -0.395858
v 0.500000 0.177399 -0.383750
v 0.500000 0.166124 -0.370130
v 0.500000 0.155589 -0.358647
v 0.500000 0.143663 -0.346557
v 0.500000 0.132229 -0.335636
v 0.500000 0.129612 -0.333333
v 0.500000 0.147717 -0.333333
v 0.500000 0.147656 -0.333333
v 0.500000 0.152856 -0.338214
v 0.500000 0.165649 -0.350964
v 0.500000 0.176952 -0.363073
v 0.500000 0.189048 -0.377435
v 0.500000 0.198698 -0.390203
v 0.500000 0.205509 -0.400000
v 0.500000 0.205560 -0.400000
v 0.500000 0.500000 -0.400000
v 0.500000 0.500000 -0.333333
v 0.630304 -0.039674 -0.336178
v 0.501048 -0.039674 -0.336178
v 0.500187 -0.039674 -0.335261
v -0.493739 0.224578 -0.435232
v -0.493739 0.216453 -0.418049
v -0.500000 0.216651 -0.417968
v -0.500000 0.224784 -0.435168
v -0.493739 0.198391 -0.408011
v -0.493739 0.206158 -0.421262
v -0.500000 0.202327 -0.422439
v -0.500000 0.194717 -0.409387
v -0.493739 0.208262 -0.404255
v -0.500000 0.208452 -0.404160
v -0.493739 0.230459 -0.451200
v -0.500000 0.230671 -0.451152
v -0.493739 0.213863 -0.437768
v -0.493739 0.219440 -0.453107
v -0.500000 0.215339 -0.453805
v -0.500000 0.209875 -0.438697
v -0.493445 0.216261 -0.418110
v -0.493445 0.208078 -0.404326
v -0.493323 0.215816 -0.418250
v -0.493323 0.207650 -0.404489
v -0.493445 0.198739 -0.407880
v -0.493445 0.206521 -0.421150
v -0.493323 0.199234 -0.407692
v -0.493323 0.207037 -0.420989
v -0.493445 0.224378 -0.435280
v -0.493323 0.223914 -0.435390
v -0.493445 0.214241 -0.437680
v -0.493323 0.214778 -0.437553
v -0.493445 0.230253 -0.451236
v -0.493323 0.229777 -0.451319
v -0.493445 0.219828 -0.453041
v -0.493323 0.220381 -0.452945
v -0.493323 0.193949 -0.400000
v -0.493323 0.204532 -0.400000
v -0.493323 0.234384 -0.466667
v -0.493323 0.224455 -0.466667
v -0.500000 0.188310 -0.400000
v -0.493739 0.192893 -0.400000
v -0.493739 0.205304 -0.400000
v -0.500000 0.205560 -0.400000
v -0.493739 0.223461 -0.466667
v -0.500000 0.219132 -0.466667
v -0.500000 0.235332 -0.466667
v -0.493739 0.235105 -0.466667
v -0.493445 0.193328 -0.400000
v -0.493445 0.223871 -0.466667
v -0.493445 0.205071 -0.400000
v -0.493445 0.234888 -0.466667
v -0.501397 0.142586 -0.448224
v -0.500698 0.142777 -0.448146
v -0.500698 0.148910 -0.460787
v -0.501397 0.148723 -0.460834
v -0.500178 0.143326 -0.447937
v -0.500210 0.149364 -0.460682
v -0.500000 0.144068 -0.447762
v -0.500000 0.150136 -0.460616
v -0.501397 0.117569 -0.414656
v -0.500698 0.117774 -0.414502
v -0.500698 0.126880 -0.425139
v -0.501397 0.126674 -0.425270
v -0.500187 0.118338 -0.414083
v -0.500187 0.127448 -0.424787
v -0.500000 0.119166 -0.413575
v -0.500000 0.128276 -0.424380
v -0.500698 0.135350 -0.436296
v -0.501397 0.135135 -0.436408
v -0.500188 0.135942 -0.435992
v -0.500000 0.136813 -0.435654
v -0.500187 0.108552 -0.403990
v -0.500000 0.109345 -0.403404
v -0.500698 0.108013 -0.404459
v -0.501397 0.107817 -0.404632
v -0.630304 0.107817 -0.404632
v -0.630304 0.117569 -0.414656
v -0.630304 0.126674 -0.425270
v -0.630304 0.135135 -0.436408
v -0.630304 0.142586 -0.448224
v -0.630304 0.148723 -0.460834
v -0.500698 0.151253 -0.466667
v -0.501397 0.151054 -0.466667
v -0.500242 0.151684 -0.466667
v -0.500000 0.152432 -0.466667
v -0.500698 0.103300 -0.400000
v -0.501397 0.102922 -0.400000
v -0.500187 0.104334 -0.400000
v -0.500000 0.105747 -0.400000
v -0.500000 0.219132 -0.466667
v -0.500000 0.188310 -0.400000
v -0.630304 0.102922 -0.400000
v -0.630304 0.151054 -0.466667
v 0.500000 0.216651 -0.417968
v 0.493739 0.216453 -0.418049
v 0.493739 0.224578 -0.435232
v 0.500000 0.224784 -0.435168
v 0.500000 0.202327 -0.422439
v 0.493739 0.206158 -0.421262
v 0.493739 0.198391 -0.408011
v 0.500000 0.194717 -0.409387
v 0.500000 0.208452 -0.404160
v 0.493739 0.208262 -0.404255
v 0.493739 0.230459 -0.451200
v 0.500000 0.230671 -0.451152
v 0.500000 0.215339 -0.453805
v 0.493739 0.219440 -0.453107
v 0.493739 0.213863 -0.437768
v 0.500000 0.209875 -0.438697
v 0.493445 0.208078 -0.404326
v 0.493445 0.216261 -0.418110
v 0.493323 0.207650 -0.404489
v 0.493323 0.215816 -0.418250
v 0.493445 0.206521 -0.421150
v 0.493445 0.198739 -0.407880
v 0.493323 0.207037 -0.420989
v 0.493323 0.199234 -0.407692
v 0.493445 0.224378 -0.435280
v 0.493323 0.223914 -0.435390
v 0.493445 0.214241 -0.437680
v 0.493323 0.214778 -0.437553
v 0.493445 0.230253 -0.451236
v 0.493323 0.229777 -0.451319
v 0.493445 0.219828 -0.453041
v 0.493323 0.220381 -0.452945
v 0.493323 0.204532 -0.400000
v 0.493323 0.193949 -0.400000
v 0.493323 0.224455 -0.466667
v 0.493323 0.234384 -0.466667
v 0.493739 0.192893 -0.400000
v 0.500000 0.188310 -0.400000
v 0.493739 0.205304 -0.400000
v 0.500000 0.205560 -0.400000
v 0.500000 0.219132 -0.466667
v 0.493739 0.223461 -0.466667
v 0.493739 0.235105 -0.466667
v 0.500000 0.235332 -0.466667
v 0.493445 0.193328 -0.400000
v 0.493445 0.223871 -0.466667
v 0.493445 0.205071 -0.400000
v 0.493445 0.234888 -0.466667
v -0.500000 0.189224 -0.400000
v -0.500000 0.195451 -0.409112
v -0.500000 0.203092 -0.422204
v -0.500000 0.210671 -0.438512
v -0.500000 0.216158 -0.453666
v -0.500000 0.219996 -0.466667
v -0.500000 0.205509 -0.400000
v -0.500000 0.235287 -0.466667
v -0.500000 0.230629 -0.451161
v -0.500000 0.224743 -0.435181
v -0.500000 0.216612 -0.417984
v -0.500000 0.208414 -0.404179
v -0.500000 0.500000 -0.400000
v -0.500000 0.500000 -0.466667
v -0.500000 0.235332 -0.466667
v -0.500000 0.205560 -0.400000
v 0.500000 0.219132 -0.466667
v 0.500000 0.219996 -0.466667
v 0.500000 0.216158 -0.453666
v 0.500000 0.210671 -0.438512
v 0.500000 0.203092 -0.422204
v 0.500000 0.195451 -0.409112
v 0.500000 0.189224 -0.400000
v 0.500000 0.188310 -0.400000
v 0.501397 0.142586 -0.448224
v 0.501397 0.148723 -0.460834
v 0.500698 0.148910 -0.460787
v 0.500698 0.142777 -0.448146
v 0.500210 0.149364 -0.460682
v 0.500178 0.143326 -0.447937
v 0.500000 0.150136 -0.460616
v 0.500000 0.144068 -0.447762
v 0.501397 0.117569 -0.414656
v 0.501397 0.126674 -0.425270
v 0.500698 0.126880 -0.425139
v 0.500698 0.117774 -0.414502
v 0.500187 0.127448 -0.424787
v 0.500187 0.118338 -0.414083
v 0.500000 0.128276 -0.424380
v 0.500000 0.119166 -0.413575
v 0.501397 0.135135 -0.436408
v 0.500698 0.135350 -0.436296
v 0.500188 0.135942 -0.435992
v 0.500000 0.136813 -0.435654
v 0.500000 0.109345 -0.403404
v 0.500187 0.108552 -0.403990
v 0.500698 0.108013 -0.404459
v 0.501397 0.107817 -0.404632
v 0.630304 0.107817 -0.404632
v 0.630304 0.117569 -0.414656
v 0.630304 0.126674 -0.425270
v 0.630304 0.135135 -0.436408
v 0.630304 0.142586 -0.448224
v 0.630304 0.148723 -0.460834
v 0.501397 0.151054 -0.466667
v 0.500698 0.151253 -0.466667
v 0.500242 0.151684 -0.466667
v 0.500000 0.152432 -0.466667
v 0.501397 0.102922 -0.400000
v 0.500698 0.103300 -0.400000
v 0.500187 0.104334 -0.400000
v 0.500000 0.105747 -0.400000
v 0.630304 0.102922 -0.400000
v 0.630304 0.151054 -0.466667
v 0.500000 0.205560 -0.400000
v 0.500000 0.205509 -0.400000
v 0.500000 0.208414 -0.404179
v 0.500000 0.216612 -0.417984
v 0.500000 0.224743 -0.435181
v 0.500000 0.230629 -0.451161
v 0.500000 0.235287 -0.466667
v 0.500000 0.235332 -0.466667
v 0.500000 0.500000 -0.466667
v 0.500000 0.500000 -0.400000
v -0.493739 0.068345 -0.729133
v -0.493739 0.084255 -0.719592
v -0.500000 0.084322 -0.719798
v -0.500000 0.068396 -0.729314
v -0.493739 0.061981 -0.721958
v -0.493739 0.047801 -0.729347
v -0.500000 0.046395 -0.726057
v -0.500000 0.059540 -0.719331
v -0.493739 0.125772 -0.689005
v -0.493739 0.140491 -0.676264
v -0.500000 0.140613 -0.676439
v -0.500000 0.125880 -0.689193
v -0.493739 0.079799 -0.711428
v -0.500000 0.078122 -0.708439
v -0.493739 0.093765 -0.701993
v -0.500000 0.092215 -0.698955
v -0.493739 0.097928 -0.710290
v -0.500000 0.098008 -0.710500
v -0.493739 0.112535 -0.699478
v -0.500000 0.112629 -0.699677
v -0.493739 0.107616 -0.691607
v -0.500000 0.105785 -0.688725
v -0.493739 0.120168 -0.681546
v -0.500000 0.118082 -0.678815
v -0.493739 0.134125 -0.669307
v -0.500000 0.131756 -0.666759
v -0.493445 0.125667 -0.688864
v -0.493445 0.140372 -0.676132
v -0.493323 0.125425 -0.688540
v -0.493323 0.140096 -0.675830
v -0.493445 0.134350 -0.669550
v -0.493445 0.120365 -0.681807
v -0.493323 0.134669 -0.669898
v -0.493323 0.120646 -0.682180
v -0.493445 0.112443 -0.699329
v -0.493323 0.112230 -0.698988
v -0.493445 0.107789 -0.691882
v -0.493323 0.108036 -0.692276
v -0.493445 0.062209 -0.722209
v -0.493445 0.047929 -0.729657
v -0.493323 0.062529 -0.722568
v -0.493323 0.048105 -0.730094
v -0.493445 0.079957 -0.711714
v -0.493323 0.080181 -0.712122
v -0.493445 0.068230 -0.728997
v -0.493445 0.084173 -0.719437
v -0.493323 0.067956 -0.728685
v -0.493323 0.083981 -0.719083
v -0.493445 0.093911 -0.702283
v -0.493323 0.094120 -0.702698
v -0.493445 0.097851 -0.710133
v -0.493323 0.097670 -0.709773
v -0.493323 0.138045 -0.666667
v -0.493323 0.149776 -0.666667
v -0.493323 0.059062 -0.733333
v -0.493323 0.041342 -0.733333
v -0.493739 0.039504 -0.733333
v -0.499491 0.032020 -0.733333
v -0.500000 0.031898 -0.733074
v -0.500000 0.131853 -0.666667
v -0.493739 0.136880 -0.666667
v -0.500000 0.150944 -0.666667
v -0.493739 0.150636 -0.666667
v -0.493739 0.060301 -0.733333
v -0.500000 0.060597 -0.733333
v -0.493445 0.150375 -0.666667
v -0.493445 0.137360 -0.666667
v -0.493445 0.059930 -0.733333
v -0.493445 0.040267 -0.733333
v -0.500000 0.031333 -0.733333
v 0.500000 0.084322 -0.719798
v 0.493739 0.084255 -0.719592
v 0.493739 0.068345 -0.729133
v 0.500000 0.068396 -0.729314
v 0.500000 0.046395 -0.726057
v 0.493739 0.047801 -0.729347
v 0.493739 0.061981 -0.721958
v 0.500000 0.059540 -0.719331
v 0.500000 0.140613 -0.676439
v 0.493739 0.140491 -0.676264
v 0.493739 0.125772 -0.689005
v 0.500000 0.125880 -0.689193
v 0.493739 0.079799 -0.711428
v 0.500000 0.078122 -0.708439
v 0.493739 0.093765 -0.701993
v 0.500000 0.092215 -0.698955
v 0.500000 0.098008 -0.710500
v 0.493739 0.097928 -0.710290
v 0.500000 0.112629 -0.699677
v 0.493739 0.112535 -0.699478
v 0.493739 0.107616 -0.691607
v 0.500000 0.105785 -0.688725
v 0.493739 0.120168 -0.681546
v 0.500000 0.118082 -0.678815
v 0.493739 0.134125 -0.669307
v 0.500000 0.131756 -0.666759
v 0.493445 0.140372 -0.676132
v 0.493445 0.125667 -0.688864
v 0.493323 0.140096 -0.675830
v 0.493323 0.125425 -0.688540
v 0.493445 0.120365 -0.681807
v 0.493445 0.134350 -0.669550
v 0.493323 0.120646 -0.682180
v 0.493323 0.134669 -0.669898
v 0.493445 0.112443 -0.699329
v 0.493323 0.112230 -0.698988
v 0.493445 0.107789 -0.691882
v 0.493323 0.108036 -0.692276
v 0.493445 0.047929 -0.729657
v 0.493445 0.062209 -0.722209
v 0.493323 0.048105 -0.730094
v 0.493323 0.062529 -0.722568
v 0.493445 0.079957 -0.711714
v 0.493323 0.080181 -0.712122
v 0.493445 0.084173 -0.719437
v 0.493445 0.068230 -0.728997
v 0.493323 0.083981 -0.719083
v 0.493323 0.067956 -0.728685
v 0.493445 0.093911 -0.702283
v 0.493323 0.094120 -0.702698
v 0.493445 0.097851 -0.710133
v 0.493323 0.097670 -0.709773
v 0.493323 0.149776 -0.666667
v 0.493323 0.138045 -0.666667
v 0.493323 0.041342 -0.733333
v 0.493323 0.059062 -0.733333
v 0.499491 0.032020 -0.733333
v 0.493739 0.039504 -0.733333
v 0.500000 0.031898 -0.733074
v 0.500000 0.131853 -0.666667
v 0.493739 0.136880 -0.666667
v 0.493739 0.150636 -0.666667
v 0.500000 0.150944 -0.666667
v 0.500000 0.060597 -0.733333
v 0.493739 0.060301 -0.733333
v 0.493445 0.150375 -0.666667
v 0.493445 0.137360 -0.666667
v 0.493445 0.059930 -0.733333
v 0.493445 0.040267 -0.733333
v 0.500000 0.031333 -0.733333
v -0.491533 -0.040438 -0.733333
v -0.491533 -0.057551 -0.733333
v -0.491533 -0.057551 -0.666667
v -0.491533 -0.040438 -0.666667
v -0.493453 -0.059240 -0.733333
v -0.493453 -0.059240 -0.666667
v -0.492102 -0.058589 -0.666667
v -0.492102 -0.058589 -0.733333
v -0.497735 -0.065464 -0.733333
v -0.497735 -0.065464 -0.666667
v -0.497506 -0.064279 -0.666667
v -0.497506 -0.064279 -0.733333
v -0.495238 -0.060513 -0.733333
v -0.495238 -0.060513 -0.666667
v -0.496721 -0.062358 -0.733333
v -0.496721 -0.062358 -0.666667
v -0.498016 -0.065989 -0.733333
v -0.498016 -0.065989 -0.666667
v -0.498488 -0.066207 -0.733333
v -0.498488 -0.066207 -0.666667
v -0.491712 -0.039898 -0.733333
v -0.491712 -0.039898 -0.666667
v -0.492142 -0.039674 -0.733333
v -0.492142 -0.039674 -0.666667
v -0.491700 -0.058172 -0.733333
v -0.491700 -0.058172 -0.666667
v -0.500000 -0.039674 -0.666667
v -0.500000 -0.039674 -0.733333
v -0.630304 -0.066207 -0.733333
v -0.630304 -0.066207 -0.666667
v -0.500000 0.132854 -0.666667
v -0.500000 0.132229 -0.667268
v -0.500000 0.118499 -0.679360
v -0.500000 0.106150 -0.689301
v -0.500000 0.092525 -0.699561
v -0.500000 0.078457 -0.709036
v -0.500000 0.060028 -0.719855
v -0.500000 0.046676 -0.726714
v -0.500000 0.032980 -0.733333
v -0.500000 -0.039674 -0.733333
v -0.500000 -0.039699 -0.733333
v -0.500000 -0.039823 -0.666667
v -0.500000 -0.039674 -0.666667
v -0.500000 0.031333 -0.733333
v -0.500000 0.131853 -0.666667
v -0.500000 0.060537 -0.733333
v -0.500000 0.068386 -0.729278
v -0.500000 0.084309 -0.719757
v -0.500000 0.097992 -0.710458
v -0.500000 0.112611 -0.699637
v -0.500000 0.125858 -0.689156
v -0.500000 0.140589 -0.676404
v -0.500000 0.150883 -0.666667
v -0.500000 0.150944 -0.666667
v -0.500000 0.500000 -0.666667
v -0.500000 0.500000 -0.733333
v -0.500000 0.060597 -0.733333
v 0.491533 -0.057551 -0.733333
v 0.491533 -0.040438 -0.733333
v 0.491533 -0.040438 -0.666667
v 0.491533 -0.057551 -0.666667
v 0.493453 -0.059240 -0.666667
v 0.493453 -0.059240 -0.733333
v 0.492102 -0.058589 -0.733333
v 0.492102 -0.058589 -0.666667
v 0.497735 -0.065464 -0.666667
v 0.497735 -0.065464 -0.733333
v 0.497506 -0.064279 -0.733333
v 0.497506 -0.064279 -0.666667
v 0.495238 -0.060513 -0.666667
v 0.495238 -0.060513 -0.733333
v 0.496721 -0.062358 -0.666667
v 0.496721 -0.062358 -0.733333
v 0.498016 -0.065989 -0.666667
v 0.498016 -0.065989 -0.733333
v 0.498488 -0.066207 -0.666667
v 0.498488 -0.066207 -0.733333
v 0.491712 -0.039898 -0.733333
v 0.491712 -0.039898 -0.666667
v 0.492142 -0.039674 -0.733333
v 0.492142 -0.039674 -0.666667
v 0.491700 -0.058172 -0.666667
v 0.491700 -0.058172 -0.733333
v 0.500000 -0.039674 -0.733333
v 0.500000 -0.039674 -0.666667
v 0.630304 -0.066207 -0.666667
v 0.630304 -0.066207 -0.733333
v 0.500000 0.132229 -0.667268
v 0.500000 0.132854 -0.666667
v 0.500000 0.131853 -0.666667
v 0.500000 0.031333 -0.733333
v 0.500000 0.032980 -0.733333
v 0.500000 0.046676 -0.726714
v 0.500000 0.060028 -0.719855
v 0.500000 0.078457 -0.709036
v 0.500000 0.092525 -0.699561
v 0.500000 0.106150 -0.689301
v 0.500000 0.118499 -0.679360
v 0.500000 -0.039699 -0.733333
v 0.500000 -0.039674 -0.733333
v 0.500000 -0.039674 -0.666667
v 0.500000 -0.039823 -0.666667
v 0.500000 0.068386 -0.729278
v 0.500000 0.060537 -0.733333
v 0.500000 0.060597 -0.733333
v 0.500000 0.150944 -0.666667
v 0.500000 0.150883 -0.666667
v 0.500000 0.140589 -0.676404
v 0.500000 0.125858 -0.689156
v 0.500000 0.112611 -0.699637
v 0.500000 0.097992 -0.710458
v 0.500000 0.084309 -0.719757
v 0.500000 0.500000 -0.733333
v 0.500000 0.500000 -0.666667
v -0.493739 0.239841 -0.514928
v -0.493739 0.242749 -0.504863
v -0.500000 0.242973 -0.504869
v -0.500000 0.240063 -0.514943
v -0.493739 0.242749 -0.493460
v -0.493739 0.239841 -0.482793
v -0.500000 0.240063 -0.482776
v -0.500000 0.242973 -0.493454
v -0.493739 0.228337 -0.514325
v -0.493739 0.224571 -0.526582
v -0.500000 0.220365 -0.526177
v -0.500000 0.224055 -0.514104
v -0.493739 0.231094 -0.493702
v -0.493739 0.232103 -0.498403
v -0.500000 0.227744 -0.498421
v -0.500000 0.226756 -0.493792
v -0.493739 0.228337 -0.483456
v -0.500000 0.224055 -0.483699
v -0.493739 0.243813 -0.498352
v -0.500000 0.244038 -0.498351
v -0.493739 0.231094 -0.504657
v -0.500000 0.226756 -0.504581
v -0.493739 0.235869 -0.527688
v -0.500000 0.236087 -0.527716
v -0.493739 0.243813 -0.500191
v -0.500000 0.244038 -0.500192
v -0.500000 0.227744 -0.500161
v -0.493739 0.232103 -0.500169
v -0.500000 0.227570 -0.500940
v -0.493739 0.224571 -0.470408
v -0.500000 0.220365 -0.470847
v -0.493739 0.235869 -0.469211
v -0.500000 0.236087 -0.469180
v -0.493445 0.231504 -0.493694
v -0.493445 0.232516 -0.498401
v -0.493323 0.232089 -0.493682
v -0.493323 0.233103 -0.498398
v -0.493445 0.243594 -0.498353
v -0.493445 0.242531 -0.493464
v -0.493323 0.243087 -0.498355
v -0.493323 0.242027 -0.493475
v -0.493445 0.228742 -0.483433
v -0.493445 0.239626 -0.482806
v -0.493323 0.239129 -0.482834
v -0.493445 0.224969 -0.470366
v -0.493445 0.235659 -0.469233
v -0.493445 0.228742 -0.514346
v -0.493445 0.224969 -0.526621
v -0.493445 0.235659 -0.527667
v -0.493445 0.239626 -0.514916
v -0.493445 0.231504 -0.504664
v -0.493323 0.232089 -0.504675
v -0.493323 0.229319 -0.514376
v -0.493445 0.242531 -0.504859
v -0.493323 0.239129 -0.514890
v -0.493323 0.242027 -0.504850
v -0.493445 0.232516 -0.500170
v -0.493323 0.233103 -0.500171
v -0.493445 0.243594 -0.500191
v -0.493323 0.243087 -0.500190
v -0.493323 0.235170 -0.527619
v -0.493323 0.233340 -0.533333
v -0.493323 0.223428 -0.533333
v -0.493323 0.225535 -0.526676
v -0.493323 0.229319 -0.483399
v -0.493323 0.225535 -0.470306
v -0.493323 0.224455 -0.466667
v -0.493323 0.234384 -0.466667
v -0.493323 0.235170 -0.469285
v -0.493445 0.223871 -0.466667
v -0.493445 0.234888 -0.466667
v -0.493445 0.222845 -0.533333
v -0.493445 0.233844 -0.533333
v -0.500000 0.234288 -0.533333
v -0.493739 0.234061 -0.533333
v -0.493739 0.222436 -0.533333
v -0.500000 0.218114 -0.533333
v -0.500000 0.219132 -0.466667
v -0.493739 0.223461 -0.466667
v -0.500000 0.235332 -0.466667
v -0.493739 0.235105 -0.466667
v -0.501397 0.162241 -0.500503
v -0.500698 0.162476 -0.500504
v -0.500698 0.158091 -0.513876
v -0.501397 0.157985 -0.513878
v -0.500188 0.163118 -0.500506
v -0.500292 0.158563 -0.513894
v -0.500000 0.164350 -0.500597
v -0.500000 0.159375 -0.513918
v -0.500000 0.159546 -0.487267
v -0.500251 0.158699 -0.487053
v -0.500280 0.154449 -0.473798
v -0.500000 0.155146 -0.473819
v -0.500698 0.158157 -0.487078
v -0.500698 0.154103 -0.473819
v -0.501397 0.158099 -0.487062
v -0.501397 0.153922 -0.473844
v -0.500000 0.154878 -0.527078
v -0.500250 0.154048 -0.527070
v -0.500698 0.153678 -0.527043
v -0.501397 0.153476 -0.527014
v -0.500000 0.165993 -0.500674
v -0.500000 0.152432 -0.466667
v -0.500000 0.219132 -0.466667
v -0.500000 0.218114 -0.533333
v -0.500000 0.152371 -0.533333
v -0.630304 0.153922 -0.473844
v -0.630304 0.158099 -0.487062
v -0.630304 0.162241 -0.500503
v -0.630304 0.157985 -0.513878
v -0.630304 0.153476 -0.527014
v -0.500698 0.151253 -0.466667
v -0.501397 0.151054 -0.466667
v -0.500242 0.151684 -0.466667
v -0.501397 0.150891 -0.533333
v -0.500698 0.151101 -0.533333
v -0.500224 0.151551 -0.533333
v -0.630304 0.151054 -0.466667
v -0.630304 0.150891 -0.533333
v 0.500000 0.242973 -0.504869
v 0.493739 0.242749 -0.504863
v 0.493739 0.239841 -0.514928
v 0.500000 0.240063 -0.514943
v 0.500000 0.240063 -0.482776
v 0.493739 0.239841 -0.482793
v 0.493739 0.242749 -0.493460
v 0.500000 0.242973 -0.493454
v 0.500000 0.220365 -0.526177
v 0.493739 0.224571 -0.526582
v 0.493739 0.228337 -0.514325
v 0.500000 0.224055 -0.514104
v 0.500000 0.227744 -0.498421
v 0.493739 0.232103 -0.498403
v 0.493739 0.231094 -0.493702
v 0.500000 0.226756 -0.493792
v 0.493739 0.228337 -0.483456
v 0.500000 0.224055 -0.483699
v 0.493739 0.243813 -0.498352
v 0.500000 0.244038 -0.498351
v 0.493739 0.231094 -0.504657
v 0.500000 0.226756 -0.504581
v 0.493739 0.235869 -0.527688
v 0.500000 0.236087 -0.527716
v 0.493739 0.243813 -0.500191
v 0.500000 0.244038 -0.500192
v 0.500000 0.227744 -0.500161
v 0.493739 0.232103 -0.500169
v 0.500000 0.227570 -0.500940
v 0.493739 0.224571 -0.470408
v 0.500000 0.220365 -0.470847
v 0.500000 0.236087 -0.469180
v 0.493739 0.235869 -0.469211
v 0.493445 0.232516 -0.498401
v 0.493445 0.231504 -0.493694
v 0.493323 0.233103 -0.498398
v 0.493323 0.232089 -0.493682
v 0.493445 0.242531 -0.493464
v 0.493445 0.243594 -0.498353
v 0.493323 0.242027 -0.493475
v 0.493323 0.243087 -0.498355
v 0.493445 0.228742 -0.483433
v 0.493445 0.239626 -0.482806
v 0.493323 0.239129 -0.482834
v 0.493445 0.224969 -0.470366
v 0.493445 0.235659 -0.469233
v 0.493445 0.224969 -0.526621
v 0.493445 0.228742 -0.514346
v 0.493445 0.239626 -0.514916
v 0.493445 0.235659 -0.527667
v 0.493445 0.231504 -0.504664
v 0.493323 0.229319 -0.514376
v 0.493323 0.232089 -0.504675
v 0.493445 0.242531 -0.504859
v 0.493323 0.242027 -0.504850
v 0.493323 0.239129 -0.514890
v 0.493445 0.232516 -0.500170
v 0.493323 0.233103 -0.500171
v 0.493445 0.243594 -0.500191
v 0.493323 0.243087 -0.500190
v 0.493323 0.225535 -0.526676
v 0.493323 0.223428 -0.533333
v 0.493323 0.233340 -0.533333
v 0.493323 0.235170 -0.527619
v 0.493323 0.235170 -0.469285
v 0.493323 0.234384 -0.466667
v 0.493323 0.224455 -0.466667
v 0.493323 0.225535 -0.470306
v 0.493323 0.229319 -0.483399
v 0.493445 0.223871 -0.466667
v 0.493445 0.234888 -0.466667
v 0.493445 0.222845 -0.533333
v 0.493445 0.233844 -0.533333
v 0.493739 0.234061 -0.533333
v 0.500000 0.234288 -0.533333
v 0.500000 0.218114 -0.533333
v 0.493739 0.222436 -0.533333
v 0.493739 0.223461 -0.466667
v 0.500000 0.219132 -0.466667
v 0.500000 0.235332 -0.466667
v 0.493739 0.235105 -0.466667
v 0.501397 0.162241 -0.500503
v 0.501397 0.157985 -0.513878
v 0.500698 0.158091 -0.513876
v 0.500698 0.162476 -0.500504
v 0.500292 0.158563 -0.513894
v 0.500188 0.163118 -0.500506
v 0.500000 0.159375 -0.513918
v 0.500000 0.164350 -0.500597
v 0.500000 0.159546 -0.487267
v 0.500000 0.155146 -0.473819
v 0.500280 0.154449 -0.473798
v 0.500251 0.158699 -0.487053
v 0.500698 0.154103 -0.473819
v 0.500698 0.158157 -0.487078
v 0.501397 0.153922 -0.473844
v 0.501397 0.158099 -0.487062
v 0.500000 0.154878 -0.527078
v 0.500250 0.154048 -0.527070
v 0.500698 0.153678 -0.527043
v 0.501397 0.153476 -0.527014
v 0.500000 0.165993 -0.500674
v 0.500000 0.219132 -0.466667
v 0.500000 0.152432 -0.466667
v 0.500000 0.152371 -0.533333
v 0.500000 0.218114 -0.533333
v 0.630304 0.153922 -0.473844
v 0.630304 0.158099 -0.487062
v 0.630304 0.162241 -0.500503
v 0.630304 0.157985 -0.513878
v 0.630304 0.153476 -0.527014
v 0.501397 0.151054 -0.466667
v 0.500698 0.151253 -0.466667
v 0.500242 0.151684 -0.466667
v 0.501397 0.150891 -0.533333
v 0.500698 0.151101 -0.533333
v 0.500224 0.151551 -0.533333
v 0.630304 0.151054 -0.466667
v 0.630304 0.150891 -0.533333
v -0.500000 0.228615 -0.498417
v -0.500000 0.228615 -0.500163
v -0.500000 0.228440 -0.500944
v -0.500000 0.219996 -0.466667
v -0.500000 0.221205 -0.470759
v -0.500000 0.224910 -0.483650
v -0.500000 0.227622 -0.493773
v -0.500000 0.227622 -0.504597
v -0.500000 0.224910 -0.514149
v -0.500000 0.221205 -0.526258
v -0.500000 0.218977 -0.533333
v -0.500000 0.235287 -0.466667
v -0.500000 0.234242 -0.533333
v -0.500000 0.236043 -0.527710
v -0.500000 0.240018 -0.514940
v -0.500000 0.242928 -0.504868
v -0.500000 0.243993 -0.500192
v -0.500000 0.243993 -0.498351
v -0.500000 0.242928 -0.493455
v -0.500000 0.240018 -0.482780
v -0.500000 0.236043 -0.469186
v -0.500000 0.500000 -0.466667
v -0.500000 0.500000 -0.533333
v -0.500000 0.234288 -0.533333
v -0.500000 0.235332 -0.466667
v 0.500000 0.228440 -0.500944
v 0.500000 0.228615 -0.500163
v 0.500000 0.228615 -0.498417
v 0.500000 0.227622 -0.493773
v 0.500000 0.224910 -0.483650
v 0.500000 0.221205 -0.470759
v 0.500000 0.219996 -0.466667
v 0.500000 0.218977 -0.533333
v 0.500000 0.221205 -0.526258
v 0.500000 0.224910 -0.514149
v 0.500000 0.227622 -0.504597
v 0.500000 0.235332 -0.466667
v 0.500000 0.235287 -0.466667
v 0.500000 0.236043 -0.469186
v 0.500000 0.240018 -0.482780
v 0.500000 0.242928 -0.493455
v 0.500000 0.243993 -0.498351
v 0.500000 0.243993 -0.500192
v 0.500000 0.242928 -0.504868
v 0.500000 0.240018 -0.514940
v 0.500000 0.236043 -0.527710
v 0.500000 0.234242 -0.533333
v 0.500000 0.234288 -0.533333
v 0.500000 0.500000 -0.533333
v 0.500000 0.500000 -0.466667
v -0.493739 0.084255 -0.283118
v -0.493739 0.068345 -0.273273
v -0.500000 0.068396 -0.273048
v -0.500000 0.084322 -0.282903
v -0.493739 0.065712 -0.282188
v -0.493739 0.080799 -0.291646
v -0.500000 0.079513 -0.294768
v -0.500000 0.064732 -0.285453
v -0.493739 0.093765 -0.300761
v -0.500000 0.092215 -0.303746
v -0.493739 0.125772 -0.314105
v -0.493739 0.112535 -0.303559
v -0.500000 0.112630 -0.303364
v -0.500000 0.125880 -0.313920
v -0.493739 0.140491 -0.326837
v -0.500000 0.140613 -0.326664
v -0.493739 0.107616 -0.311282
v -0.493739 0.120168 -0.321412
v -0.500000 0.118082 -0.324087
v -0.500000 0.105785 -0.314109
v -0.493739 0.097928 -0.292607
v -0.500000 0.098008 -0.292401
v -0.493739 0.052546 -0.274924
v -0.500000 0.051833 -0.278297
v -0.493739 0.038322 -0.267846
v -0.500000 0.037898 -0.271326
v -0.493445 0.125667 -0.314243
v -0.493445 0.112443 -0.303706
v -0.493323 0.125425 -0.314560
v -0.493323 0.112230 -0.304041
v -0.493445 0.107789 -0.311011
v -0.493445 0.120365 -0.321157
v -0.493323 0.108036 -0.310625
v -0.493323 0.120646 -0.320791
v -0.493445 0.140372 -0.326965
v -0.493323 0.140096 -0.327261
v -0.493323 0.134669 -0.333064
v -0.493420 0.134416 -0.333333
v -0.493445 0.134269 -0.333333
v -0.493445 0.080921 -0.291347
v -0.493445 0.093912 -0.300476
v -0.493323 0.081094 -0.290921
v -0.493323 0.094120 -0.300068
v -0.493445 0.097851 -0.292762
v -0.493445 0.084191 -0.283280
v -0.493323 0.097670 -0.293116
v -0.493323 0.084041 -0.283650
v -0.493445 0.065805 -0.281877
v -0.493323 0.065937 -0.281431
v -0.493445 0.068296 -0.273443
v -0.493323 0.068182 -0.273829
v -0.493445 0.052613 -0.274601
v -0.493323 0.052710 -0.274141
v -0.493445 0.038362 -0.267514
v -0.493323 0.038419 -0.267038
v -0.493323 0.037511 -0.266667
v -0.493323 0.055042 -0.266667
v -0.493323 0.146560 -0.333333
v -0.493323 0.134953 -0.333333
v -0.493739 0.133773 -0.333333
v -0.500000 0.128577 -0.333333
v -0.493739 0.056216 -0.266667
v -0.500000 0.056680 -0.266667
v -0.500000 0.147717 -0.333333
v -0.493739 0.147411 -0.333333
v -0.493739 0.035439 -0.266667
v -0.500000 0.026531 -0.266667
v -0.493445 0.147154 -0.333333
v -0.493445 0.036291 -0.266667
v -0.493445 0.055859 -0.266667
v 0.500000 0.068396 -0.273048
v 0.493739 0.068345 -0.273273
v 0.493739 0.084255 -0.283118
v 0.500000 0.084322 -0.282903
v 0.500000 0.079513 -0.294768
v 0.493739 0.080799 -0.291646
v 0.493739 0.065712 -0.282188
v 0.500000 0.064732 -0.285453
v 0.500000 0.092215 -0.303746
v 0.493739 0.093765 -0.300761
v 0.500000 0.112630 -0.303364
v 0.493739 0.112535 -0.303559
v 0.493739 0.125772 -0.314105
v 0.500000 0.125880 -0.313920
v 0.493739 0.140491 -0.326837
v 0.500000 0.140613 -0.326664
v 0.500000 0.118082 -0.324087
v 0.493739 0.120168 -0.321412
v 0.493739 0.107616 -0.311282
v 0.500000 0.105785 -0.314109
v 0.493739 0.097928 -0.292607
v 0.500000 0.098008 -0.292401
v 0.493739 0.052546 -0.274924
v 0.500000 0.051833 -0.278297
v 0.493739 0.038322 -0.267846
v 0.500000 0.037898 -0.271326
v 0.493445 0.112443 -0.303706
v 0.493445 0.125667 -0.314243
v 0.493323 0.112230 -0.304041
v 0.493323 0.125425 -0.314560
v 0.493445 0.120365 -0.321157
v 0.493445 0.107789 -0.311011
v 0.493323 0.120646 -0.320791
v 0.493323 0.108036 -0.310625
v 0.493445 0.140372 -0.326965
v 0.493323 0.140096 -0.327261
v 0.493323 0.134669 -0.333064
v 0.493445 0.134269 -0.333333
v 0.493420 0.134416 -0.333333
v 0.493445 0.093912 -0.300476
v 0.493445 0.080921 -0.291347
v 0.493323 0.094120 -0.300068
v 0.493323 0.081094 -0.290921
v 0.493445 0.084191 -0.283280
v 0.493445 0.097851 -0.292762
v 0.493323 0.084041 -0.283650
v 0.493323 0.097670 -0.293116
v 0.493445 0.065805 -0.281877
v 0.493323 0.065937 -0.281431
v 0.493445 0.068296 -0.273443
v 0.493323 0.068182 -0.273829
v 0.493445 0.052613 -0.274601
v 0.493323 0.052710 -0.274141
v 0.493323 0.038419 -0.267038
v 0.493445 0.038362 -0.267514
v 0.493323 0.055042 -0.266667
v 0.493323 0.037511 -0.266667
v 0.493323 0.134953 -0.333333
v 0.493323 0.146560 -0.333333
v 0.500000 0.128577 -0.333333
v 0.493739 0.133773 -0.333333
v 0.500000 0.056680 -0.266667
v 0.493739 0.056216 -0.266667
v 0.493739 0.147411 -0.333333
v 0.500000 0.147717 -0.333333
v 0.493739 0.035439 -0.266667
v 0.500000 0.026531 -0.266667
v 0.493445 0.147154 -0.333333
v 0.493445 0.036291 -0.266667
v 0.493445 0.055859 -0.266667
v -0.492102 -0.058589 -0.333333
v -0.492102 -0.058589 -0.266667
v -0.491700 -0.058172 -0.266667
v -0.491700 -0.058172 -0.333333
v -0.491533 -0.057551 -0.266667
v -0.491533 -0.057551 -0.333333
v -0.491712 -0.039898 -0.333333
v -0.491712 -0.039898 -0.266667
v -0.492142 -0.039674 -0.266667
v -0.492142 -0.039674 -0.333333
v -0.491533 -0.040438 -0.266667
v -0.491533 -0.040438 -0.333333
v -0.498488 -0.066207 -0.333333
v -0.498488 -0.066207 -0.266667
v -0.498016 -0.065989 -0.266667
v -0.498016 -0.065989 -0.333333
v -0.497735 -0.065464 -0.266667
v -0.497735 -0.065464 -0.333333
v -0.497506 -0.064279 -0.333333
v -0.497506 -0.064279 -0.266667
v -0.496721 -0.062358 -0.266667
v -0.496721 -0.062358 -0.333333
v -0.495238 -0.060513 -0.333333
v -0.495238 -0.060513 -0.266667
v -0.493453 -0.059240 -0.333333
v -0.493453 -0.059240 -0.266667
v -0.500000 -0.039674 -0.266667
v -0.500000 -0.039674 -0.333333
v -0.630304 -0.066207 -0.333333
v -0.630304 -0.066207 -0.266667
v -0.500000 0.129612 -0.333333
v -0.500000 0.028307 -0.266667
v -0.500000 0.037982 -0.270631
v -0.500000 0.051975 -0.277623
v -0.500000 0.064928 -0.284801
v -0.500000 0.079770 -0.294144
v -0.500000 0.092525 -0.303150
v -0.500000 0.106150 -0.313545
v -0.500000 0.118499 -0.323553
v -0.500000 0.026531 -0.266667
v -0.500000 0.128577 -0.333333
v -0.500000 -0.040122 -0.333333
v -0.500000 -0.039754 -0.266667
v -0.500000 -0.039674 -0.266667
v -0.500000 -0.039674 -0.333333
v -0.500000 0.147656 -0.333333
v -0.500000 0.140589 -0.326699
v -0.500000 0.125858 -0.313957
v -0.500000 0.112611 -0.303403
v -0.500000 0.097992 -0.292442
v -0.500000 0.084309 -0.282946
v -0.500000 0.068386 -0.273093
v -0.500000 0.056588 -0.266667
v -0.500000 0.500000 -0.266667
v -0.500000 0.500000 -0.333333
v -0.500000 0.147717 -0.333333
v -0.500000 0.056680 -0.266667
v 0.491700 -0.058172 -0.333333
v 0.491700 -0.058172 -0.266667
v 0.492102 -0.058589 -0.266667
v 0.492102 -0.058589 -0.333333
v 0.491533 -0.057551 -0.333333
v 0.491533 -0.057551 -0.266667
v 0.491712 -0.039898 -0.266667
v 0.491712 -0.039898 -0.333333
v 0.492142 -0.039674 -0.333333
v 0.492142 -0.039674 -0.266667
v 0.491533 -0.040438 -0.266667
v 0.491533 -0.040438 -0.333333
v 0.498488 -0.066207 -0.266667
v 0.498488 -0.066207 -0.333333
v 0.498016 -0.065989 -0.333333
v 0.498016 -0.065989 -0.266667
v 0.497735 -0.065464 -0.333333
v 0.497735 -0.065464 -0.266667
v 0.497506 -0.064279 -0.266667
v 0.497506 -0.064279 -0.333333
v 0.496721 -0.062358 -0.333333
v 0.496721 -0.062358 -0.266667
v 0.495238 -0.060513 -0.333333
v 0.495238 -0.060513 -0.266667
v 0.493453 -0.059240 -0.333333
v 0.493453 -0.059240 -0.266667
v 0.500000 -0.039674 -0.333333
v 0.500000 -0.039674 -0.266667
v 0.630304 -0.066207 -0.266667
v 0.630304 -0.066207 -0.333333
v 0.500000 0.128577 -0.333333
v 0.500000 0.129612 -0.333333
v 0.500000 0.118499 -0.323553
v 0.500000 0.106150 -0.313545
v 0.500000 0.092525 -0.303150
v 0.500000 0.079770 -0.294144
v 0.500000 0.064928 -0.284801
v 0.500000 0.051975 -0.277623
v 0.500000 0.037982 -0.270631
v 0.500000 0.028307 -0.266667
v 0.500000 0.026531 -0.266667
v 0.500000 -0.039674 -0.266667
v 0.500000 -0.039674 -0.333333
v 0.500000 -0.039754 -0.266667
v 0.500000 -0.040122 -0.333333
v 0.500000 0.056680 -0.266667
v 0.500000 0.056588 -0.266667
v 0.500000 0.068386 -0.273093
v 0.500000 0.084309 -0.282946
v 0.500000 0.097992 -0.292442
v 0.500000 0.112611 -0.303403
v 0.500000 0.125858 -0.313957
v 0.500000 0.140589 -0.326699
v 0.500000 0.147656 -0.333333
v 0.500000 0.147717 -0.333333
v 0.500000 0.500000 -0.333333
v 0.500000 0.500000 -0.266667
v -0.501397 0.148165 -0.539999
v -0.500698 0.148350 -0.540048
v -0.500698 0.142404 -0.552761
v -0.501397 0.142217 -0.552684
v -0.500195 0.148828 -0.540163
v -0.500181 0.142943 -0.552968
v -0.500000 0.149605 -0.540235
v -0.500000 0.143666 -0.553139
v -0.500000 0.120499 -0.588539
v -0.500187 0.119697 -0.588050
v -0.500187 0.128294 -0.576927
v -0.500000 0.129076 -0.577303
v -0.500698 0.119148 -0.587644
v -0.500698 0.127757 -0.576596
v -0.501397 0.118949 -0.587492
v -0.501397 0.127561 -0.576472
v -0.500187 0.136099 -0.565231
v -0.500000 0.136912 -0.565531
v -0.500698 0.135547 -0.564954
v -0.501397 0.135347 -0.564851
v -0.500000 0.110956 -0.598970
v -0.500187 0.110162 -0.598380
v -0.500698 0.109622 -0.597907
v -0.501397 0.109426 -0.597733
v -0.630304 0.148165 -0.539999
v -0.630304 0.142217 -0.552684
v -0.630304 0.135347 -0.564851
v -0.630304 0.127561 -0.576472
v -0.630304 0.118949 -0.587492
v -0.630304 0.109426 -0.597733
v -0.500698 0.151101 -0.533333
v -0.501397 0.150891 -0.533333
v -0.500224 0.151551 -0.533333
v -0.500000 0.152371 -0.533333
v -0.500187 0.108452 -0.600000
v -0.500000 0.109869 -0.600000
v -0.500698 0.107412 -0.600000
v -0.501397 0.107033 -0.600000
v -0.500000 0.215339 -0.542158
v -0.500000 0.209875 -0.556890
v -0.500000 0.202327 -0.573675
v -0.500000 0.194717 -0.588016
v -0.500000 0.187631 -0.600000
v -0.500000 0.218114 -0.533333
v -0.630304 0.150891 -0.533333
v -0.630304 0.107033 -0.600000
v 0.500000 0.224784 -0.560206
v 0.493739 0.224578 -0.560146
v 0.493739 0.216453 -0.577886
v 0.500000 0.216651 -0.577964
v 0.500000 0.230671 -0.544621
v 0.493739 0.230459 -0.544577
v 0.500000 0.194717 -0.588016
v 0.493739 0.198391 -0.589363
v 0.493739 0.206158 -0.574803
v 0.500000 0.202327 -0.573675
v 0.493739 0.213863 -0.557763
v 0.500000 0.209875 -0.556890
v 0.493739 0.208262 -0.593042
v 0.500000 0.208452 -0.593136
v 0.493739 0.219440 -0.542807
v 0.500000 0.215339 -0.542158
v 0.493445 0.198739 -0.589492
v 0.493445 0.206521 -0.574911
v 0.493323 0.199234 -0.589676
v 0.493323 0.207037 -0.575065
v 0.493445 0.216261 -0.577827
v 0.493445 0.208077 -0.592973
v 0.493323 0.215815 -0.577694
v 0.493323 0.207650 -0.592813
v 0.493445 0.214241 -0.557846
v 0.493323 0.214778 -0.557965
v 0.493445 0.224378 -0.560101
v 0.493323 0.223914 -0.559998
v 0.493445 0.219828 -0.542869
v 0.493323 0.220381 -0.542957
v 0.493445 0.230253 -0.544543
v 0.493323 0.229777 -0.544466
v 0.493323 0.233340 -0.533333
v 0.493323 0.223428 -0.533333
v 0.493323 0.193089 -0.600000
v 0.493323 0.203326 -0.600000
v 0.493739 0.192068 -0.600000
v 0.500000 0.187631 -0.600000
v 0.500000 0.204318 -0.600000
v 0.493739 0.204072 -0.600000
v 0.493739 0.234061 -0.533333
v 0.500000 0.234288 -0.533333
v 0.493739 0.222436 -0.533333
v 0.500000 0.218114 -0.533333
v 0.493445 0.222845 -0.533333
v 0.493445 0.192489 -0.600000
v 0.493445 0.233844 -0.533333
v 0.493445 0.203847 -0.600000
v 0.501397 0.148165 -0.539999
v 0.501397 0.142217 -0.552684
v 0.500698 0.142404 -0.552761
v 0.500698 0.148350 -0.540048
v 0.500181 0.142943 -0.552968
v 0.500195 0.148828 -0.540163
v 0.500000 0.143666 -0.553139
v 0.500000 0.149605 -0.540235
v 0.500000 0.120499 -0.588539
v 0.500000 0.129076 -0.577303
v 0.500187 0.128294 -0.576927
v 0.500187 0.119697 -0.588050
v 0.500698 0.127757 -0.576596
v 0.500698 0.119148 -0.587644
v 0.501397 0.127561 -0.576472
v 0.501397 0.118949 -0.587492
v 0.500000 0.136912 -0.565531
v 0.500187 0.136099 -0.565231
v 0.500698 0.135547 -0.564954
v 0.501397 0.135347 -0.564851
v 0.500000 0.110956 -0.598970
v 0.500187 0.110162 -0.598380
v 0.500698 0.109622 -0.597907
v 0.501397 0.109426 -0.597733
v 0.630304 0.148165 -0.539999
v 0.630304 0.142217 -0.552684
v 0.630304 0.135347 -0.564851
v 0.630304 0.127561 -0.576472
v 0.630304 0.118949 -0.587492
v 0.630304 0.109426 -0.597733
v 0.501397 0.150891 -0.533333
v 0.500698 0.151101 -0.533333
v 0.500224 0.151551 -0.533333
v 0.500000 0.152371 -0.533333
v 0.500187 0.108452 -0.600000
v 0.500000 0.109869 -0.600000
v 0.500698 0.107412 -0.600000
v 0.501397 0.107033 -0.600000
v 0.500000 0.187631 -0.600000
v 0.500000 0.218114 -0.533333
v 0.630304 0.150891 -0.533333
v 0.630304 0.107033 -0.600000
v -0.493739 0.216453 -0.577886
v -0.493739 0.224578 -0.560146
v -0.500000 0.224784 -0.560206
v -0.500000 0.216651 -0.577964
v -0.493739 0.230459 -0.544577
v -0.500000 0.230671 -0.544621
v -0.493739 0.206158 -0.574803
v -0.493739 0.198391 -0.589363
v -0.493739 0.213863 -0.557763
v -0.493739 0.208262 -0.593042
v -0.500000 0.208452 -0.593136
v -0.493739 0.219440 -0.542807
v -0.493445 0.206521 -0.574911
v -0.493445 0.198739 -0.589492
v -0.493323 0.207037 -0.575065
v -0.493323 0.199234 -0.589676
v -0.493445 0.208077 -0.592973
v -0.493445 0.216261 -0.577827
v -0.493323 0.207650 -0.592813
v -0.493323 0.215815 -0.577694
v -0.493445 0.214241 -0.557846
v -0.493323 0.214778 -0.557965
v -0.493445 0.224378 -0.560101
v -0.493323 0.223914 -0.559998
v -0.493445 0.219828 -0.542869
v -0.493323 0.220381 -0.542957
v -0.493445 0.230253 -0.544543
v -0.493323 0.229777 -0.544466
v -0.493323 0.223428 -0.533333
v -0.493323 0.233340 -0.533333
v -0.493323 0.203326 -0.600000
v -0.493323 0.193089 -0.600000
v -0.500000 0.187631 -0.600000
v -0.493739 0.192068 -0.600000
v -0.493739 0.204072 -0.600000
v -0.500000 0.204318 -0.600000
v -0.500000 0.234288 -0.533333
v -0.493739 0.234061 -0.533333
v -0.493739 0.222436 -0.533333
v -0.500000 0.218114 -0.533333
v -0.493445 0.222845 -0.533333
v -0.493445 0.192489 -0.600000
v -0.493445 0.233844 -0.533333
v -0.493445 0.203847 -0.600000
v -0.500000 0.218977 -0.533333
v -0.500000 0.216158 -0.542288
v -0.500000 0.210671 -0.557064
v -0.500000 0.203092 -0.573900
v -0.500000 0.195451 -0.588285
v -0.500000 0.188516 -0.600000
v -0.500000 0.204269 -0.600000
v -0.500000 0.208414 -0.593117
v -0.500000 0.216612 -0.577948
v -0.500000 0.224743 -0.560194
v -0.500000 0.230629 -0.544613
v -0.500000 0.234242 -0.533333
v -0.500000 0.234288 -0.533333
v -0.500000 0.500000 -0.533333
v -0.500000 0.500000 -0.600000
v -0.500000 0.204318 -0.600000
v 0.500000 0.216158 -0.542288
v 0.500000 0.218977 -0.533333
v 0.500000 0.188516 -0.600000
v 0.500000 0.195451 -0.588285
v 0.500000 0.203092 -0.573900
v 0.500000 0.210671 -0.557064
v 0.500000 0.208414 -0.593117
v 0.500000 0.204269 -0.600000
v 0.500000 0.204318 -0.600000
v 0.500000 0.234288 -0.533333
v 0.500000 0.234242 -0.533333
v 0.500000 0.230629 -0.544613
v 0.500000 0.224743 -0.560194
v 0.500000 0.216612 -0.577948
v 0.500000 0.500000 -0.600000
v 0.500000 0.500000 -0.533333
v 0.492219 -0.347618 -0.344708
v 0.492877 -0.347820 -0.345116
v 0.492232 -0.347274 -0.345476
v 0.491902 -0.347272 -0.344837
v 0.496015 -0.349459 -0.343307
v 0.630304 -0.349459 -0.343307
v 0.630304 -0.348186 -0.344756
v 0.494258 -0.348186 -0.344756
v 0.497723 -0.353225 -0.340092
v 0.498247 -0.353225 -0.340382
v 0.497476 -0.351304 -0.341705
v 0.496942 -0.351304 -0.341415
v 0.498723 -0.355153 -0.338354
v 0.498588 -0.355039 -0.338778
v 0.498325 -0.354975 -0.338727
v 0.498277 -0.355015 -0.338460
v 0.495465 -0.349459 -0.343017
v 0.493689 -0.348186 -0.344466
v 0.492263 -0.328743 -0.345551
v 0.492142 -0.329142 -0.345931
v 0.630304 -0.329142 -0.345931
v 0.630304 -0.328743 -0.345551
v 0.498484 -0.354246 -0.339643
v 0.497976 -0.354321 -0.339306
v 0.498029 -0.354551 -0.339190
v 0.498485 -0.354674 -0.339314
v 0.492413 -0.328619 -0.345204
v 0.491954 -0.328766 -0.345204
v 0.491992 -0.328807 -0.345466
v 0.492142 -0.346264 -0.346090
v 0.491712 -0.346264 -0.345831
v 0.491856 -0.346733 -0.345708
v 0.492478 -0.346759 -0.345962
v 0.630304 -0.346759 -0.345962
v 0.630304 -0.346264 -0.346090
v 0.491712 -0.329616 -0.345831
v 0.491533 -0.329616 -0.345204
v 0.491533 -0.346264 -0.345204
v 0.493461 -0.347823 -0.345400
v 0.492933 -0.347304 -0.345728
v 0.630304 -0.354674 -0.339314
v 0.630304 -0.354246 -0.339643
v 0.630304 -0.347823 -0.345400
v 0.630304 -0.347304 -0.345728
v 0.492142 -0.329616 -0.346090
v 0.491584 -0.346678 -0.345059
v 0.491753 -0.329263 -0.345771
v 0.491642 -0.329145 -0.345204
v 0.630304 -0.351304 -0.341705
v 0.495238 -0.349459 -0.342318
v 0.493453 -0.348186 -0.343768
v 0.497735 -0.354184 -0.338689
v 0.497903 -0.354635 -0.338589
v 0.630304 -0.355153 -0.338354
v 0.630304 -0.355039 -0.338778
v 0.496721 -0.351304 -0.340715
v 0.497506 -0.353225 -0.339391
v 0.630304 -0.353225 -0.340382
v 0.630304 -0.328619 -0.345204
v 0.630304 -0.329616 -0.346090
v 0.497903 -0.354636 -0.333333
v 0.497734 -0.354184 -0.333333
v 0.491533 -0.329616 -0.333333
v 0.491533 -0.346264 -0.333333
v 0.496721 -0.351304 -0.333333
v 0.495238 -0.349459 -0.333333
v 0.497506 -0.353225 -0.333333
v 0.491955 -0.328766 -0.333333
v 0.491642 -0.329144 -0.333333
v 0.492221 -0.347618 -0.333333
v 0.493453 -0.348186 -0.333333
v 0.498277 -0.355015 -0.333333
v 0.498724 -0.355153 -0.333333
v 0.491585 -0.346678 -0.333333
v 0.492413 -0.328619 -0.333333
v 0.491902 -0.347269 -0.333333
v 0.630304 -0.328619 -0.333333
v 0.630304 -0.355153 -0.333333
v 0.493689 -0.348186 -0.655534
v 0.492877 -0.347820 -0.654885
v 0.493461 -0.347823 -0.654601
v 0.494258 -0.348186 -0.655245
v 0.493453 -0.348186 -0.656232
v 0.492219 -0.347618 -0.655292
v 0.497976 -0.354321 -0.660694
v 0.497723 -0.353225 -0.659909
v 0.498247 -0.353225 -0.659619
v 0.498484 -0.354246 -0.660357
v 0.497735 -0.354184 -0.661311
v 0.497506 -0.353225 -0.660609
v 0.495465 -0.349459 -0.656983
v 0.496015 -0.349459 -0.656693
v 0.495238 -0.349459 -0.657683
v 0.496942 -0.351304 -0.658585
v 0.497476 -0.351304 -0.658295
v 0.496721 -0.351304 -0.659286
v 0.630304 -0.354246 -0.660357
v 0.630304 -0.354674 -0.660686
v 0.498485 -0.354674 -0.660686
v 0.492232 -0.347274 -0.654525
v 0.492933 -0.347304 -0.654272
v 0.630304 -0.347304 -0.654272
v 0.630304 -0.347823 -0.654601
v 0.491712 -0.329617 -0.654170
v 0.491712 -0.346264 -0.654170
v 0.491533 -0.346264 -0.654796
v 0.491533 -0.329616 -0.654796
v 0.492142 -0.329616 -0.653910
v 0.492142 -0.346264 -0.653910
v 0.630304 -0.346264 -0.653910
v 0.630304 -0.346759 -0.654038
v 0.492478 -0.346759 -0.654038
v 0.491642 -0.329145 -0.654796
v 0.491753 -0.329263 -0.654230
v 0.498723 -0.355153 -0.661646
v 0.498277 -0.355015 -0.661541
v 0.498325 -0.354975 -0.661274
v 0.498588 -0.355039 -0.661223
v 0.491856 -0.346733 -0.654293
v 0.491584 -0.346678 -0.654941
v 0.491902 -0.347272 -0.655163
v 0.492413 -0.328619 -0.654796
v 0.492263 -0.328743 -0.654450
v 0.491992 -0.328807 -0.654534
v 0.491954 -0.328766 -0.654796
v 0.492142 -0.329142 -0.654069
v 0.630304 -0.355039 -0.661223
v 0.630304 -0.355153 -0.661646
v 0.498029 -0.354551 -0.660810
v 0.497903 -0.354635 -0.661412
v 0.630304 -0.349459 -0.656693
v 0.630304 -0.351304 -0.658295
v 0.630304 -0.353225 -0.659619
v 0.630304 -0.348186 -0.655245
v 0.630304 -0.328743 -0.654450
v 0.630304 -0.328619 -0.654796
v 0.630304 -0.329616 -0.653910
v 0.630304 -0.329142 -0.654069
v 0.491533 -0.346264 -0.666667
v 0.491585 -0.346678 -0.666667
v 0.491533 -0.329616 -0.666667
v 0.491642 -0.329144 -0.666667
v 0.498724 -0.355153 -0.666667
v 0.498277 -0.355015 -0.666667
v 0.497903 -0.354636 -0.666667
v 0.497734 -0.354184 -0.666667
v 0.497506 -0.353225 -0.666667
v 0.496721 -0.351304 -0.666667
v 0.495238 -0.349459 -0.666667
v 0.493453 -0.348186 -0.666667
v 0.492221 -0.347618 -0.666667
v 0.491955 -0.328766 -0.666667
v 0.492413 -0.328619 -0.666667
v 0.491902 -0.347270 -0.666667
v 0.630304 -0.328620 -0.666667
v 0.630304 -0.355153 -0.666667
v 0.500000 0.010390 -0.247882
v 0.493739 0.010204 -0.248116
v 0.493739 0.025721 -0.252705
v 0.500000 0.025781 -0.252463
v 0.500000 0.009529 -0.261547
v 0.493739 0.009586 -0.257937
v 0.493739 -0.003863 -0.255635
v 0.500000 -0.003863 -0.259261
v 0.500000 -0.002566 -0.245588
v 0.493739 -0.002931 -0.245809
v 0.493739 0.039461 -0.258343
v 0.500000 0.039483 -0.258103
v 0.493739 0.054461 -0.265711
v 0.500000 0.054498 -0.265478
v 0.500000 0.024814 -0.265963
v 0.493739 0.025026 -0.262407
v 0.493445 -0.002964 -0.245993
v 0.493445 0.010185 -0.248302
v 0.493323 -0.003012 -0.246419
v 0.493323 0.010154 -0.248728
v 0.493445 0.009599 -0.257593
v 0.493445 -0.003846 -0.255290
v 0.493323 0.009627 -0.257102
v 0.493323 -0.003806 -0.254798
v 0.493445 0.025706 -0.252888
v 0.493323 0.025675 -0.253309
v 0.493445 0.025049 -0.262067
v 0.493323 0.025083 -0.261582
v 0.493445 0.039440 -0.258523
v 0.493323 0.039391 -0.258935
v 0.493323 0.054343 -0.266285
v 0.493445 0.054425 -0.265885
v 0.493445 -0.015352 -0.245028
v 0.493739 -0.015329 -0.244845
v 0.493323 -0.039674 -0.243552
v 0.493323 -0.039674 -0.251787
v 0.493323 0.037511 -0.266667
v 0.493323 0.055042 -0.266667
v 0.493445 -0.040126 -0.252234
v 0.493332 -0.039674 -0.251822
v 0.493323 -0.040126 -0.251749
v 0.493739 -0.040126 -0.252574
v 0.493739 0.056216 -0.266667
v 0.500000 0.056680 -0.266667
v 0.500000 0.026531 -0.266667
v 0.493739 0.035439 -0.266667
v 0.493445 0.036291 -0.266667
v 0.493445 0.055859 -0.266667
v 0.493445 -0.039674 -0.243135
v 0.493445 -0.027739 -0.244064
v 0.493739 -0.027728 -0.243883
v 0.493739 -0.039674 -0.242955
v 0.493445 -0.021545 -0.244546
v 0.493739 -0.021529 -0.244364
v 0.493323 -0.040126 -0.243517
v 0.500000 -0.039674 -0.242786
v 0.493739 -0.039674 -0.242955
v 0.493739 -0.021529 -0.244364
v 0.500000 -0.040126 -0.256185
v 0.500000 -0.039696 -0.256222
v 0.500000 -0.039674 -0.256223
v 0.496618 -0.039674 -0.254273
v 0.493445 -0.021545 -0.244546
v 0.493445 -0.040126 -0.243100
v -0.493739 -0.040126 -0.242920
v -0.493739 -0.039674 -0.242955
v -0.493445 -0.039674 -0.243135
v -0.493445 -0.040126 -0.243100
v -0.493739 -0.039674 -0.242955
v -0.493739 -0.040126 -0.242920
v -0.500000 -0.040126 -0.242752
v -0.500000 -0.039674 -0.242786
v -0.493739 0.025721 -0.252705
v -0.493739 0.010204 -0.248116
v -0.500000 0.010390 -0.247882
v -0.500000 0.025781 -0.252463
v -0.493739 -0.003863 -0.255635
v -0.493739 0.009586 -0.257937
v -0.500000 0.009529 -0.261547
v -0.500000 -0.003863 -0.259261
v -0.493739 -0.002931 -0.245809
v -0.500000 -0.002566 -0.245588
v -0.493739 0.039461 -0.258343
v -0.500000 0.039483 -0.258103
v -0.493739 0.054461 -0.265711
v -0.500000 0.054498 -0.265478
v -0.493739 0.025026 -0.262407
v -0.500000 0.024814 -0.265963
v -0.493445 0.010185 -0.248302
v -0.493445 -0.002964 -0.245993
v -0.493323 0.010154 -0.248728
v -0.493323 -0.003012 -0.246419
v -0.493445 -0.003846 -0.255290
v -0.493445 0.009599 -0.257593
v -0.493323 -0.003806 -0.254798
v -0.493323 0.009627 -0.257102
v -0.493445 0.025706 -0.252888
v -0.493323 0.025675 -0.253309
v -0.493445 0.025049 -0.262067
v -0.493323 0.025083 -0.261582
v -0.493445 0.039440 -0.258523
v -0.493323 0.039391 -0.258935
v -0.493445 0.054425 -0.265885
v -0.493323 0.054343 -0.266285
v -0.493445 -0.015352 -0.245028
v -0.493739 -0.015329 -0.244845
v -0.493323 -0.039674 -0.251787
v -0.493323 -0.039674 -0.243552
v -0.493323 0.055042 -0.266667
v -0.493323 0.037511 -0.266667
v -0.493445 -0.040126 -0.252234
v -0.493323 -0.040126 -0.251749
v -0.493332 -0.039674 -0.251822
v -0.493739 -0.040126 -0.252574
v -0.500000 0.056680 -0.266667
v -0.493739 0.056216 -0.266667
v -0.493739 0.035439 -0.266667
v -0.500000 0.026531 -0.266667
v -0.493445 0.036291 -0.266667
v -0.493445 0.055859 -0.266667
v -0.493739 -0.027728 -0.243883
v -0.493445 -0.027739 -0.244064
v -0.493739 -0.021529 -0.244364
v -0.493445 -0.021545 -0.244546
v -0.493323 -0.040126 -0.243517
v -0.493739 -0.021529 -0.244364
v -0.500000 -0.039674 -0.256223
v -0.496618 -0.039674 -0.254273
v -0.500000 -0.039696 -0.256222
v -0.500000 -0.040126 -0.256185
v -0.493445 -0.040126 -0.243100
v -0.493445 -0.021545 -0.244546
v -0.500000 -0.039674 -0.266667
v -0.500000 0.026531 -0.266667
v -0.500000 0.028307 -0.266667
v -0.500000 -0.039674 -0.256075
v -0.500000 -0.039692 -0.255501
v -0.500000 -0.003863 -0.258537
v -0.500000 0.009540 -0.260827
v -0.500000 0.024857 -0.265253
v -0.500000 -0.039754 -0.266667
v -0.500000 -0.039674 -0.266667
v -0.491700 -0.058172 -0.266667
v -0.492102 -0.058589 -0.266667
v -0.492102 -0.058589 -0.200000
v -0.491700 -0.058172 -0.200000
v -0.491533 -0.057551 -0.200000
v -0.491533 -0.057551 -0.266667
v -0.492142 -0.039674 -0.200000
v -0.492142 -0.039674 -0.266667
v -0.491712 -0.039898 -0.266667
v -0.491712 -0.039898 -0.200000
v -0.491533 -0.040438 -0.200000
v -0.491533 -0.040438 -0.266667
v -0.498488 -0.066207 -0.266667
v -0.498488 -0.066207 -0.200000
v -0.498016 -0.065989 -0.200000
v -0.498016 -0.065989 -0.266667
v -0.497735 -0.065464 -0.200000
v -0.497735 -0.065464 -0.266667
v -0.497506 -0.064279 -0.266667
v -0.497506 -0.064279 -0.200000
v -0.496721 -0.062358 -0.200000
v -0.496721 -0.062358 -0.266667
v -0.495238 -0.060513 -0.200000
v -0.495238 -0.060513 -0.266667
v -0.493453 -0.059240 -0.200000
v -0.493453 -0.059240 -0.266667
v -0.497717 -0.354184 -0.200000
v -0.497726 -0.354184 -0.266667
v -0.497903 -0.354642 -0.266667
v -0.497903 -0.354649 -0.200000
v -0.491533 -0.346264 -0.200000
v -0.491533 -0.329616 -0.200000
v -0.491533 -0.329616 -0.266667
v -0.491533 -0.346264 -0.266667
v -0.495238 -0.349459 -0.200000
v -0.495238 -0.349459 -0.266667
v -0.496721 -0.351304 -0.266667
v -0.496721 -0.351304 -0.200000
v -0.497506 -0.353225 -0.200000
v -0.497506 -0.353225 -0.266667
v -0.491644 -0.329139 -0.266667
v -0.491646 -0.329134 -0.200000
v -0.491962 -0.328761 -0.200000
v -0.491959 -0.328763 -0.266667
v -0.493453 -0.348186 -0.266667
v -0.493453 -0.348186 -0.200000
v -0.492243 -0.347618 -0.200000
v -0.492232 -0.347618 -0.266667
v -0.498282 -0.355018 -0.200000
v -0.498279 -0.355017 -0.266667
v -0.498728 -0.355153 -0.266667
v -0.498733 -0.355153 -0.200000
v -0.491589 -0.346681 -0.266667
v -0.491593 -0.346684 -0.200000
v -0.492413 -0.328619 -0.200000
v -0.492413 -0.328619 -0.266667
v -0.491897 -0.347254 -0.266667
v -0.491892 -0.347238 -0.200000
v -0.500000 -0.355153 -0.200000
v -0.500000 -0.355153 -0.266667
v -0.500000 -0.500000 -0.266667
v -0.500000 -0.500000 -0.200000
v -0.500000 -0.066207 -0.247590
v -0.500000 -0.328619 -0.247590
v -0.500000 -0.328619 -0.200000
v -0.500000 -0.066207 -0.200000
v -0.503512 -0.328619 -0.251998
v -0.501756 -0.328619 -0.251407
v -0.501756 -0.066207 -0.251407
v -0.503512 -0.066207 -0.251998
v -0.500470 -0.328619 -0.249794
v -0.500470 -0.066207 -0.249794
v -0.630304 -0.066207 -0.251998
v -0.630304 -0.328619 -0.251998
v -0.500000 -0.039674 -0.242820
v -0.500000 0.056588 -0.266667
v -0.500000 0.054491 -0.265524
v -0.500000 0.039479 -0.258151
v -0.500000 0.025769 -0.252511
v -0.500000 0.010353 -0.247929
v -0.500000 -0.002639 -0.245632
v -0.500000 -0.039674 -0.200000
v -0.500000 0.500000 -0.200000
v -0.500000 0.500000 -0.266667
v -0.500000 0.056680 -0.266667
v -0.500000 -0.039674 -0.242992
v -0.493502 -0.039674 -0.243409
v -0.493328 -0.039674 -0.252017
v -0.493575 -0.039674 -0.252619
v -0.493604 -0.039674 -0.252667
v -0.630304 -0.066207 -0.266667
v -0.630304 -0.328619 -0.266667
v 0.491700 -0.058172 -0.266667
v 0.491700 -0.058172 -0.200000
v 0.492102 -0.058589 -0.200000
v 0.492102 -0.058589 -0.266667
v 0.491533 -0.057551 -0.266667
v 0.491533 -0.057551 -0.200000
v 0.491712 -0.039898 -0.200000
v 0.491712 -0.039898 -0.266667
v 0.492142 -0.039674 -0.266667
v 0.492142 -0.039674 -0.200000
v 0.491533 -0.040438 -0.200000
v 0.491533 -0.040438 -0.266667
v 0.498016 -0.065989 -0.266667
v 0.498016 -0.065989 -0.200000
v 0.498488 -0.066207 -0.200000
v 0.498488 -0.066207 -0.266667
v 0.497735 -0.065464 -0.266667
v 0.497735 -0.065464 -0.200000
v 0.497506 -0.064279 -0.266667
v 0.496721 -0.062358 -0.266667
v 0.496721 -0.062358 -0.200000
v 0.497506 -0.064279 -0.200000
v 0.495238 -0.060513 -0.266667
v 0.495238 -0.060513 -0.200000
v 0.493453 -0.059240 -0.266667
v 0.493453 -0.059240 -0.200000
v 0.497726 -0.354184 -0.266667
v 0.497717 -0.354184 -0.200000
v 0.497903 -0.354649 -0.200000
v 0.497903 -0.354642 -0.266667
v 0.491533 -0.329616 -0.266667
v 0.491533 -0.329616 -0.200000
v 0.491533 -0.346264 -0.200000
v 0.491533 -0.346264 -0.266667
v 0.496721 -0.351304 -0.200000
v 0.496721 -0.351304 -0.266667
v 0.495238 -0.349459 -0.266667
v 0.495238 -0.349459 -0.200000
v 0.497506 -0.353225 -0.200000
v 0.497506 -0.353225 -0.266667
v 0.491646 -0.329134 -0.200000
v 0.491644 -0.329139 -0.266667
v 0.491959 -0.328763 -0.266667
v 0.491962 -0.328761 -0.200000
v 0.492232 -0.347618 -0.266667
v 0.492243 -0.347618 -0.200000
v 0.493453 -0.348186 -0.200000
v 0.493453 -0.348186 -0.266667
v 0.498279 -0.355017 -0.266667
v 0.498282 -0.355018 -0.200000
v 0.498733 -0.355153 -0.200000
v 0.498728 -0.355153 -0.266667
v 0.491593 -0.346684 -0.200000
v 0.491589 -0.346681 -0.266667
v 0.492413 -0.328619 -0.266667
v 0.492413 -0.328619 -0.200000
v 0.491892 -0.347238 -0.200000
v 0.491897 -0.347254 -0.266667
v 0.500000 -0.500000 -0.200000
v 0.500000 -0.500000 -0.266667
v 0.500000 -0.355153 -0.266667
v 0.500000 -0.355153 -0.200000
v 0.500000 -0.328619 -0.247590
v 0.500000 -0.066207 -0.247590
v 0.500000 -0.066207 -0.200000
v 0.500000 -0.328619 -0.200000
v 0.501756 -0.328619 -0.251407
v 0.503512 -0.328619 -0.251998
v 0.503512 -0.066207 -0.251998
v 0.501756 -0.066207 -0.251407
v 0.500470 -0.328619 -0.249794
v 0.500470 -0.066207 -0.249794
v 0.630304 -0.328619 -0.251998
v 0.630304 -0.066207 -0.251998
v 0.500000 -0.039674 -0.242820
v 0.500000 -0.002639 -0.245632
v 0.500000 0.010353 -0.247929
v 0.500000 0.025769 -0.252511
v 0.500000 0.039479 -0.258151
v 0.500000 0.054491 -0.265524
v 0.500000 0.056588 -0.266667
v 0.500000 0.056680 -0.266667
v 0.500000 0.500000 -0.266667
v 0.500000 0.500000 -0.200000
v 0.500000 -0.039674 -0.200000
v 0.493604 -0.039674 -0.252667
v 0.493575 -0.039674 -0.252619
v 0.493328 -0.039674 -0.252017
v 0.493502 -0.039674 -0.243409
v 0.500000 -0.039674 -0.242992
v 0.500000 -0.039674 -0.266667
v 0.630304 -0.066207 -0.266667
v 0.630304 -0.328619 -0.266667
v 0.493739 -0.040126 -0.242920
v 0.493445 -0.040126 -0.243100
v 0.500000 -0.040126 -0.242752
v 0.493739 -0.040126 -0.242920
v 0.500000 0.026531 -0.266667
v 0.500000 0.028307 -0.266667
v 0.500000 0.024857 -0.265253
v 0.500000 0.009540 -0.260827
v 0.500000 -0.003863 -0.258537
v 0.500000 -0.039692 -0.255501
v 0.500000 -0.039674 -0.256075
v 0.500000 -0.039674 -0.266667
v 0.500000 -0.039754 -0.266667
v -0.500000 -0.500000 -0.800000
v -0.500000 -0.500000 -0.866667
v 0.500000 -0.500000 -0.800000
v -0.491533 -0.040438 -0.800000
v -0.491533 -0.040438 -0.866667
v -0.491533 -0.057551 -0.866667
v -0.491533 -0.057551 -0.800000
v -0.492102 -0.058589 -0.800000
v -0.492102 -0.058589 -0.866667
v -0.493453 -0.059240 -0.866667
v -0.493453 -0.059240 -0.800000
v -0.497506 -0.064279 -0.800000
v -0.497506 -0.064279 -0.866667
v -0.497735 -0.065464 -0.866667
v -0.497735 -0.065464 -0.800000
v -0.495238 -0.060513 -0.800000
v -0.495238 -0.060513 -0.866667
v -0.496721 -0.062358 -0.800000
v -0.496721 -0.062358 -0.866667
v -0.498016 -0.065989 -0.800000
v -0.498016 -0.065989 -0.866667
v -0.498488 -0.066207 -0.800000
v -0.498488 -0.066207 -0.866667
v -0.491712 -0.039898 -0.800000
v -0.491712 -0.039898 -0.866667
v -0.492142 -0.039674 -0.800000
v -0.492142 -0.039674 -0.866667
v -0.491700 -0.058172 -0.800000
v -0.491700 -0.058172 -0.866667
v -0.500000 -0.039674 -0.800000
v -0.500000 -0.039674 -0.866667
v -0.491533 -0.346264 -0.800000
v -0.491533 -0.346264 -0.866667
v -0.491597 -0.346687 -0.866667
v -0.491593 -0.346684 -0.800000
v -0.491533 -0.329616 -0.866667
v -0.491533 -0.329616 -0.800000
v -0.491646 -0.329134 -0.800000
v -0.491648 -0.329128 -0.866667
v -0.498282 -0.355018 -0.800000
v -0.498284 -0.355020 -0.866667
v -0.498738 -0.355153 -0.866667
v -0.498733 -0.355153 -0.800000
v -0.497902 -0.354655 -0.866667
v -0.497903 -0.354649 -0.800000
v -0.497717 -0.354184 -0.800000
v -0.497709 -0.354184 -0.866667
v -0.497506 -0.353225 -0.800000
v -0.496721 -0.351304 -0.800000
v -0.496721 -0.351304 -0.866667
v -0.497506 -0.353225 -0.866667
v -0.495238 -0.349459 -0.800000
v -0.495238 -0.349459 -0.866667
v -0.493453 -0.348186 -0.800000
v -0.493453 -0.348186 -0.866667
v -0.492243 -0.347618 -0.800000
v -0.492253 -0.347618 -0.866667
v -0.491962 -0.328761 -0.800000
v -0.491966 -0.328758 -0.866667
v -0.492413 -0.328620 -0.800000
v -0.492413 -0.328620 -0.866667
v -0.491887 -0.347222 -0.866667
v -0.491892 -0.347238 -0.800000
v -0.500000 -0.328620 -0.800000
v -0.500000 -0.328620 -0.866667
v -0.500000 -0.355153 -0.866667
v -0.500000 -0.355153 -0.800000
v -0.500000 -0.066207 -0.800000
v -0.500000 -0.066207 -0.866667
v -0.500000 0.500000 -0.800000
v -0.500000 0.500000 -0.866667
v 0.491533 -0.057551 -0.800000
v 0.491533 -0.057551 -0.866667
v 0.491533 -0.040438 -0.866667
v 0.491533 -0.040438 -0.800000
v 0.492102 -0.058589 -0.866667
v 0.492102 -0.058589 -0.800000
v 0.493453 -0.059240 -0.800000
v 0.493453 -0.059240 -0.866667
v 0.497506 -0.064279 -0.866667
v 0.497506 -0.064279 -0.800000
v 0.497735 -0.065464 -0.800000
v 0.497735 -0.065464 -0.866667
v 0.495238 -0.060513 -0.800000
v 0.495238 -0.060513 -0.866667
v 0.496721 -0.062358 -0.800000
v 0.496721 -0.062358 -0.866667
v 0.498016 -0.065989 -0.800000
v 0.498016 -0.065989 -0.866667
v 0.498488 -0.066207 -0.800000
v 0.498488 -0.066207 -0.866667
v 0.491712 -0.039898 -0.866667
v 0.491712 -0.039898 -0.800000
v 0.492142 -0.039674 -0.866667
v 0.492142 -0.039674 -0.800000
v 0.491700 -0.058172 -0.800000
v 0.491700 -0.058172 -0.866667
v 0.500000 -0.039674 -0.800000
v 0.500000 -0.039674 -0.866667
v 0.491533 -0.346264 -0.866667
v 0.491533 -0.346264 -0.800000
v 0.491593 -0.346684 -0.800000
v 0.491597 -0.346687 -0.866667
v 0.491533 -0.329616 -0.800000
v 0.491533 -0.329616 -0.866667
v 0.491648 -0.329128 -0.866667
v 0.491646 -0.329134 -0.800000
v 0.498282 -0.355018 -0.800000
v 0.498733 -0.355153 -0.800000
v 0.498738 -0.355153 -0.866667
v 0.498284 -0.355020 -0.866667
v 0.497709 -0.354184 -0.866667
v 0.497717 -0.354184 -0.800000
v 0.497903 -0.354649 -0.800000
v 0.497902 -0.354655 -0.866667
v 0.496721 -0.351304 -0.866667
v 0.496721 -0.351304 -0.800000
v 0.497506 -0.353225 -0.800000
v 0.497506 -0.353225 -0.866667
v 0.495238 -0.349459 -0.866667
v 0.495238 -0.349459 -0.800000
v 0.493453 -0.348186 -0.866667
v 0.493453 -0.348186 -0.800000
v 0.492253 -0.347618 -0.866667
v 0.492243 -0.347618 -0.800000
v 0.491966 -0.328758 -0.866667
v 0.491962 -0.328761 -0.800000
v 0.492413 -0.328620 -0.866667
v 0.492413 -0.328620 -0.800000
v 0.491892 -0.347238 -0.800000
v 0.491887 -0.347222 -0.866667
v 0.500000 -0.328620 -0.800000
v 0.500000 -0.328620 -0.866667
v 0.500000 -0.355153 -0.800000
v 0.500000 -0.355153 -0.866667
v 0.500000 -0.066207 -0.866667
v 0.500000 -0.066207 -0.800000
v 0.500000 0.500000 -0.866667
v 0.500000 0.500000 -0.800000
v 0.500000 -0.500000 -0.933333
v 0.500000 -0.500000 -0.866667
v -0.500000 -0.500000 -0.933333
v -0.491533 -0.040438 -0.866667
v -0.491533 -0.040438 -0.933333
v -0.491533 -0.057551 -0.933333
v -0.491533 -0.057551 -0.866667
v -0.492102 -0.058589 -0.866667
v -0.492102 -0.058589 -0.933333
v -0.493453 -0.059240 -0.933333
v -0.493453 -0.059240 -0.866667
v -0.497506 -0.064279 -0.866667
v -0.497506 -0.064279 -0.933333
v -0.497735 -0.065464 -0.933333
v -0.497735 -0.065464 -0.866667
v -0.495238 -0.060513 -0.866667
v -0.495238 -0.060513 -0.933333
v -0.496721 -0.062358 -0.866667
v -0.496721 -0.062358 -0.933333
v -0.498016 -0.065989 -0.866667
v -0.498016 -0.065989 -0.933333
v -0.498488 -0.066207 -0.866667
v -0.498488 -0.066207 -0.933333
v -0.491712 -0.039898 -0.866667
v -0.491712 -0.039898 -0.933333
v -0.492142 -0.039674 -0.866667
v -0.492142 -0.039674 -0.933333
v -0.491700 -0.058172 -0.866667
v -0.491700 -0.058172 -0.933333
v -0.500000 -0.039674 -0.866667
v -0.500000 -0.039674 -0.933333
v -0.491533 -0.346264 -0.866667
v -0.491533 -0.346264 -0.933333
v -0.491601 -0.346690 -0.933333
v -0.491597 -0.346687 -0.866667
v -0.491533 -0.329616 -0.933333
v -0.491533 -0.329616 -0.866667
v -0.491648 -0.329128 -0.866667
v -0.491649 -0.329123 -0.933333
v -0.498284 -0.355020 -0.866667
v -0.498286 -0.355021 -0.933333
v -0.498743 -0.355153 -0.933333
v -0.498738 -0.355153 -0.866667
v -0.497902 -0.354662 -0.933333
v -0.497902 -0.354655 -0.866667
v -0.497709 -0.354184 -0.866667
v -0.497700 -0.354184 -0.933333
v -0.496721 -0.351304 -0.866667
v -0.496721 -0.351304 -0.933333
v -0.497506 -0.353225 -0.933333
v -0.497506 -0.353225 -0.866667
v -0.495238 -0.349459 -0.866667
v -0.495238 -0.349459 -0.933333
v -0.493453 -0.348186 -0.866667
v -0.493453 -0.348186 -0.933333
v -0.492253 -0.347618 -0.866667
v -0.492264 -0.347619 -0.933333
v -0.491966 -0.328758 -0.866667
v -0.491969 -0.328756 -0.933333
v -0.492413 -0.328620 -0.866667
v -0.492413 -0.328620 -0.933333
v -0.491882 -0.347206 -0.933333
v -0.491887 -0.347222 -0.866667
v -0.500000 -0.328620 -0.866667
v -0.500000 -0.328620 -0.933333
v -0.500000 -0.355153 -0.933333
v -0.500000 -0.355153 -0.866667
v -0.500000 -0.066207 -0.866667
v -0.500000 -0.066207 -0.933333
v -0.500000 0.500000 -0.866667
v -0.500000 0.500000 -0.933333
v 0.491533 -0.057551 -0.866667
v 0.491533 -0.057551 -0.933333
v 0.491533 -0.040438 -0.933333
v 0.491533 -0.040438 -0.866667
v 0.493453 -0.059240 -0.866667
v 0.493453 -0.059240 -0.933333
v 0.492102 -0.058589 -0.933333
v 0.492102 -0.058589 -0.866667
v 0.497735 -0.065464 -0.866667
v 0.497735 -0.065464 -0.933333
v 0.497506 -0.064279 -0.933333
v 0.497506 -0.064279 -0.866667
v 0.495238 -0.060513 -0.866667
v 0.495238 -0.060513 -0.933333
v 0.496721 -0.062358 -0.866667
v 0.496721 -0.062358 -0.933333
v 0.498016 -0.065989 -0.866667
v 0.498016 -0.065989 -0.933333
v 0.498488 -0.066207 -0.866667
v 0.498488 -0.066207 -0.933333
v 0.491712 -0.039898 -0.933333
v 0.491712 -0.039898 -0.866667
v 0.492142 -0.039674 -0.933333
v 0.492142 -0.039674 -0.866667
v 0.491700 -0.058172 -0.866667
v 0.491700 -0.058172 -0.933333
v 0.500000 -0.039674 -0.933333
v 0.500000 -0.039674 -0.866667
v 0.491533 -0.346264 -0.933333
v 0.491533 -0.346264 -0.866667
v 0.491597 -0.346687 -0.866667
v 0.491601 -0.346690 -0.933333
v 0.491649 -0.329123 -0.933333
v 0.491648 -0.329128 -0.866667
v 0.491533 -0.329616 -0.866667
v 0.491533 -0.329616 -0.933333
v 0.498738 -0.355153 -0.866667
v 0.498743 -0.355153 -0.933333
v 0.498286 -0.355021 -0.933333
v 0.498284 -0.355020 -0.866667
v 0.497700 -0.354184 -0.933333
v 0.497709 -0.354184 -0.866667
v 0.497902 -0.354655 -0.866667
v 0.497902 -0.354662 -0.933333
v 0.497506 -0.353225 -0.866667
v 0.497506 -0.353225 -0.933333
v 0.496721 -0.351304 -0.933333
v 0.496721 -0.351304 -0.866667
v 0.495238 -0.349459 -0.933333
v 0.495238 -0.349459 -0.866667
v 0.493453 -0.348186 -0.933333
v 0.493453 -0.348186 -0.866667
v 0.492264 -0.347619 -0.933333
v 0.492253 -0.347618 -0.866667
v 0.491969 -0.328756 -0.933333
v 0.491966 -0.328758 -0.866667
v 0.492413 -0.328620 -0.933333
v 0.492413 -0.328620 -0.866667
v 0.491887 -0.347222 -0.866667
v 0.491882 -0.347206 -0.933333
v 0.500000 -0.328620 -0.933333
v 0.500000 -0.328620 -0.866667
v 0.500000 -0.355153 -0.866667
v 0.500000 -0.355153 -0.933333
v 0.500000 -0.066207 -0.933333
v 0.500000 -0.066207 -0.866667
v 0.500000 0.500000 -0.933333
v 0.500000 0.500000 -0.866667
v -0.500000 0.500000 -1.000000
v 0.500000 0.500000 -1.000000
v 0.500000 -0.500000 -1.000000
v 0.500000 -0.500000 -0.933333
v -0.500000 -0.500000 -1.000000
v -0.491533 -0.040438 -0.933333
v -0.491533 -0.040438 -1.000000
v -0.491533 -0.057551 -1.000000
v -0.491533 -0.057551 -0.933333
v -0.493453 -0.059240 -1.000000
v -0.493453 -0.059240 -0.933333
v -0.492102 -0.058589 -0.933333
v -0.492102 -0.058589 -1.000000
v -0.497735 -0.065464 -1.000000
v -0.497735 -0.065464 -0.933333
v -0.497506 -0.064279 -0.933333
v -0.497506 -0.064279 -1.000000
v -0.495238 -0.060513 -1.000000
v -0.495238 -0.060513 -0.933333
v -0.496721 -0.062358 -1.000000
v -0.496721 -0.062358 -0.933333
v -0.498016 -0.065989 -0.933333
v -0.498016 -0.065989 -1.000000
v -0.498488 -0.066207 -0.933333
v -0.498488 -0.066207 -1.000000
v -0.491712 -0.039898 -0.933333
v -0.491712 -0.039898 -1.000000
v -0.492142 -0.039674 -0.933333
v -0.492142 -0.039674 -1.000000
v -0.491700 -0.058172 -0.933333
v -0.491700 -0.058172 -1.000000
v -0.500000 -0.039674 -0.933333
v -0.500000 -0.039674 -1.000000
v -0.491533 -0.346264 -0.933333
v -0.491533 -0.346264 -1.000000
v -0.491605 -0.346693 -1.000000
v -0.491601 -0.346690 -0.933333
v -0.491649 -0.329123 -0.933333
v -0.491651 -0.329118 -1.000000
v -0.491533 -0.329617 -1.000000
v -0.491533 -0.329616 -0.933333
v -0.498286 -0.355021 -0.933333
v -0.498288 -0.355023 -1.000000
v -0.498747 -0.355153 -1.000000
v -0.498743 -0.355153 -0.933333
v -0.497692 -0.354184 -1.000000
v -0.497902 -0.354668 -1.000000
v -0.497902 -0.354662 -0.933333
v -0.497700 -0.354184 -0.933333
v -0.497506 -0.353225 -0.933333
v -0.496721 -0.351304 -0.933333
v -0.496721 -0.351304 -1.000000
v -0.497506 -0.353225 -1.000000
v -0.495238 -0.349459 -0.933333
v -0.495238 -0.349459 -1.000000
v -0.493453 -0.348186 -0.933333
v -0.493453 -0.348186 -1.000000
v -0.492264 -0.347619 -0.933333
v -0.492275 -0.347619 -1.000000
v -0.491969 -0.328756 -0.933333
v -0.491973 -0.328753 -1.000000
v -0.492413 -0.328620 -0.933333
v -0.492413 -0.328620 -1.000000
v -0.491877 -0.347190 -1.000000
v -0.491882 -0.347206 -0.933333
v -0.500000 -0.328620 -0.933333
v -0.500000 -0.328620 -1.000000
v -0.500000 -0.355153 -1.000000
v -0.500000 -0.355153 -0.933333
v -0.500000 -0.066207 -0.933333
v -0.500000 -0.066207 -1.000000
v -0.500000 0.500000 -0.933333
v 0.491533 -0.057551 -0.933333
v 0.491533 -0.057551 -1.000000
v 0.491533 -0.040438 -1.000000
v 0.491533 -0.040438 -0.933333
v 0.493453 -0.059240 -1.000000
v 0.492102 -0.058589 -1.000000
v 0.492102 -0.058589 -0.933333
v 0.493453 -0.059240 -0.933333
v 0.497735 -0.065464 -1.000000
v 0.497506 -0.064279 -1.000000
v 0.497506 -0.064279 -0.933333
v 0.497735 -0.065464 -0.933333
v 0.495238 -0.060513 -0.933333
v 0.495238 -0.060513 -1.000000
v 0.496721 -0.062358 -0.933333
v 0.496721 -0.062358 -1.000000
v 0.498016 -0.065989 -0.933333
v 0.498016 -0.065989 -1.000000
v 0.498488 -0.066207 -0.933333
v 0.498488 -0.066207 -1.000000
v 0.491712 -0.039898 -1.000000
v 0.491712 -0.039898 -0.933333
v 0.492142 -0.039674 -1.000000
v 0.492142 -0.039674 -0.933333
v 0.491700 -0.058172 -0.933333
v 0.491700 -0.058172 -1.000000
v 0.500000 -0.039674 -1.000000
v 0.500000 -0.039674 -0.933333
v 0.491601 -0.346690 -0.933333
v 0.491605 -0.346693 -1.000000
v 0.491533 -0.346264 -1.000000
v 0.491533 -0.346264 -0.933333
v 0.491533 -0.329616 -0.933333
v 0.491533 -0.329617 -1.000000
v 0.491651 -0.329118 -1.000000
v 0.491649 -0.329123 -0.933333
v 0.498286 -0.355021 -0.933333
v 0.498743 -0.355153 -0.933333
v 0.498747 -0.355153 -1.000000
v 0.498288 -0.355023 -1.000000
v 0.497700 -0.354184 -0.933333
v 0.497902 -0.354662 -0.933333
v 0.497902 -0.354668 -1.000000
v 0.497692 -0.354184 -1.000000
v 0.496721 -0.351304 -0.933333
v 0.497506 -0.353225 -0.933333
v 0.497506 -0.353225 -1.000000
v 0.496721 -0.351304 -1.000000
v 0.495238 -0.349459 -0.933333
v 0.495238 -0.349459 -1.000000
v 0.493453 -0.348186 -0.933333
v 0.493453 -0.348186 -1.000000
v 0.492275 -0.347619 -1.000000
v 0.492264 -0.347619 -0.933333
v 0.491969 -0.328756 -0.933333
v 0.491973 -0.328753 -1.000000
v 0.492413 -0.328620 -1.000000
v 0.492413 -0.328620 -0.933333
v 0.491882 -0.347206 -0.933333
v 0.491877 -0.347190 -1.000000
v 0.500000 -0.328620 -1.000000
v 0.500000 -0.328620 -0.933333
v 0.500000 -0.355153 -0.933333
v 0.500000 -0.355153 -1.000000
v 0.500000 -0.066207 -0.933333
v 0.500000 -0.066207 -1.000000
v 0.500000 0.500000 -0.933333
v -0.500000 0.500000 -0.000000
v -0.492102 -0.058589 -0.066667
v -0.492102 -0.058589 0.000000
v -0.491700 -0.058172 0.000000
v -0.491700 -0.058172 -0.066667
v -0.491533 -0.057551 -0.066667
v -0.491533 -0.057551 0.000000
v -0.491712 -0.039897 -0.066667
v -0.491712 -0.039897 0.000000
v -0.492142 -0.039674 0.000000
v -0.492142 -0.039674 -0.066667
v -0.491533 -0.040438 -0.066667
v -0.491533 -0.040438 0.000000
v -0.498488 -0.066207 -0.066667
v -0.498488 -0.066207 0.000000
v -0.498016 -0.065989 0.000000
v -0.498016 -0.065989 -0.066667
v -0.497735 -0.065464 -0.066667
v -0.497735 -0.065464 0.000000
v -0.496721 -0.062358 0.000000
v -0.496721 -0.062358 -0.066667
v -0.497506 -0.064279 -0.066667
v -0.497506 -0.064279 0.000000
v -0.495238 -0.060513 0.000000
v -0.495238 -0.060513 -0.066667
v -0.493453 -0.059240 0.000000
v -0.493453 -0.059240 -0.066667
v -0.497692 -0.354184 0.000000
v -0.497700 -0.354184 -0.066667
v -0.497902 -0.354662 -0.066667
v -0.497902 -0.354668 0.000000
v -0.491533 -0.346264 -0.066667
v -0.491533 -0.346264 0.000000
v -0.491533 -0.329616 0.000000
v -0.491533 -0.329616 -0.066667
v -0.495238 -0.349459 0.000000
v -0.495238 -0.349459 -0.066667
v -0.496721 -0.351304 -0.066667
v -0.496721 -0.351304 0.000000
v -0.497506 -0.353225 0.000000
v -0.497506 -0.353225 -0.066667
v -0.491969 -0.328756 -0.066667
v -0.491649 -0.329123 -0.066667
v -0.491651 -0.329118 0.000000
v -0.491973 -0.328753 0.000000
v -0.493453 -0.348186 -0.066667
v -0.493453 -0.348186 0.000000
v -0.492275 -0.347618 0.000000
v -0.492264 -0.347618 -0.066667
v -0.498286 -0.355021 -0.066667
v -0.498743 -0.355153 -0.066667
v -0.498747 -0.355153 0.000000
v -0.498288 -0.355023 0.000000
v -0.491601 -0.346690 -0.066667
v -0.491605 -0.346693 0.000000
v -0.492413 -0.328619 0.000000
v -0.492413 -0.328619 -0.066667
v -0.491882 -0.347206 -0.066667
v -0.491877 -0.347190 0.000000
v -0.500000 -0.355153 -0.066667
v -0.500000 -0.500000 -0.066667
v -0.500000 -0.500000 0.000000
v -0.500000 -0.355153 0.000000
v -0.500000 -0.066207 -0.066667
v -0.500000 -0.328619 -0.066667
v -0.500000 -0.328619 0.000000
v -0.500000 -0.066207 0.000000
v -0.500000 -0.039674 -0.066667
v -0.500000 -0.039674 0.000000
v -0.500000 0.500000 -0.066667
v 0.492102 -0.058589 0.000000
v 0.492102 -0.058589 -0.066667
v 0.491700 -0.058172 -0.066667
v 0.491700 -0.058172 0.000000
v 0.491533 -0.057551 -0.066667
v 0.491533 -0.057551 0.000000
v 0.492142 -0.039674 -0.066667
v 0.492142 -0.039674 0.000000
v 0.491712 -0.039897 0.000000
v 0.491712 -0.039897 -0.066667
v 0.491533 -0.040438 0.000000
v 0.491533 -0.040438 -0.066667
v 0.498488 -0.066207 0.000000
v 0.498488 -0.066207 -0.066667
v 0.498016 -0.065989 -0.066667
v 0.498016 -0.065989 0.000000
v 0.497735 -0.065464 -0.066667
v 0.497735 -0.065464 0.000000
v 0.497506 -0.064279 -0.066667
v 0.496721 -0.062358 -0.066667
v 0.496721 -0.062358 0.000000
v 0.497506 -0.064279 0.000000
v 0.495238 -0.060513 -0.066667
v 0.495238 -0.060513 0.000000
v 0.493453 -0.059240 -0.066667
v 0.493453 -0.059240 0.000000
v 0.497700 -0.354184 -0.066667
v 0.497692 -0.354184 0.000000
v 0.497902 -0.354668 0.000000
v 0.497902 -0.354662 -0.066667
v 0.491533 -0.329616 0.000000
v 0.491533 -0.346264 0.000000
v 0.491533 -0.346264 -0.066667
v 0.491533 -0.329616 -0.066667
v 0.496721 -0.351304 0.000000
v 0.496721 -0.351304 -0.066667
v 0.495238 -0.349459 -0.066667
v 0.495238 -0.349459 0.000000
v 0.497506 -0.353225 0.000000
v 0.497506 -0.353225 -0.066667
v 0.491969 -0.328756 -0.066667
v 0.491973 -0.328753 0.000000
v 0.491651 -0.329118 0.000000
v 0.491649 -0.329123 -0.066667
v 0.493453 -0.348186 0.000000
v 0.493453 -0.348186 -0.066667
v 0.492264 -0.347618 -0.066667
v 0.492275 -0.347618 0.000000
v 0.498747 -0.355153 0.000000
v 0.498743 -0.355153 -0.066667
v 0.498286 -0.355021 -0.066667
v 0.498288 -0.355023 0.000000
v 0.491605 -0.346693 0.000000
v 0.491601 -0.346690 -0.066667
v 0.492413 -0.328619 -0.066667
v 0.492413 -0.328619 0.000000
v 0.491877 -0.347190 0.000000
v 0.491882 -0.347206 -0.066667
v 0.500000 -0.500000 0.000000
v 0.500000 -0.500000 -0.066667
v 0.500000 -0.355153 -0.066667
v 0.500000 -0.355153 0.000000
v 0.500000 -0.066207 -0.066667
v 0.500000 -0.066207 0.000000
v 0.500000 -0.328619 0.000000
v 0.500000 -0.328619 -0.066667
v 0.500000 -0.039674 0.000000
v 0.500000 -0.039674 -0.066667
v 0.500000 0.500000 -0.066667
v -0.500000 -0.039674 -0.748968
v -0.500000 -0.039674 -0.749368
v -0.493502 -0.039674 -0.752702
v -0.493502 -0.039674 -0.760606
v -0.497391 -0.039674 -0.760739
v -0.493739 -0.039674 -0.760739
v -0.493445 -0.039674 -0.760589
v -0.493323 -0.039674 -0.760226
v -0.493323 -0.039674 -0.753013
v -0.493445 -0.039674 -0.752586
v -0.493739 -0.039674 -0.752280
v -0.500000 0.026974 -0.735333
v -0.500000 0.031333 -0.733333
v -0.500000 0.032980 -0.733333
v -0.500000 0.032198 -0.733711
v -0.500000 0.031700 -0.733940
v -0.500000 0.017715 -0.740376
v -0.500000 0.002169 -0.745422
v -0.500000 -0.011769 -0.748686
v -0.500000 -0.028314 -0.749943
v -0.500000 -0.039674 -0.749630
v -0.500000 -0.028514 -0.749269
v -0.500000 -0.011976 -0.748008
v -0.500000 0.001761 -0.744761
v -0.500000 0.017395 -0.739729
v -0.500000 0.019485 -0.737542
v -0.500000 -0.000040 -0.741827
v -0.500000 -0.019789 -0.744919
v -0.500000 -0.039674 -0.746956
v -0.500000 -0.039674 -0.746700
v -0.500000 -0.039674 -0.733333
v -0.500000 0.031333 -0.733333
v 0.500000 -0.019789 -0.744919
v 0.500000 -0.000040 -0.741827
v 0.500000 0.019485 -0.737542
v 0.500000 0.026974 -0.735333
v 0.500000 0.031333 -0.733333
v 0.500000 -0.039674 -0.733333
v 0.500000 -0.039674 -0.746700
v 0.500000 -0.039674 -0.746956
v -0.500000 -0.500000 -0.733333
v -0.500000 -0.500000 -0.800000
v 0.500000 -0.500000 -0.733333
v -0.491533 -0.040438 -0.800000
v -0.491533 -0.057551 -0.800000
v -0.491533 -0.057551 -0.733333
v -0.491533 -0.040438 -0.733333
v -0.492102 -0.058589 -0.733333
v -0.492102 -0.058589 -0.800000
v -0.493453 -0.059240 -0.800000
v -0.493453 -0.059240 -0.733333
v -0.497506 -0.064279 -0.733333
v -0.497506 -0.064279 -0.800000
v -0.497735 -0.065464 -0.800000
v -0.497735 -0.065464 -0.733333
v -0.495238 -0.060513 -0.800000
v -0.495238 -0.060513 -0.733333
v -0.496721 -0.062358 -0.800000
v -0.496721 -0.062358 -0.733333
v -0.498016 -0.065989 -0.800000
v -0.498016 -0.065989 -0.733333
v -0.498488 -0.066207 -0.800000
v -0.498488 -0.066207 -0.733333
v -0.491712 -0.039898 -0.800000
v -0.491712 -0.039898 -0.733333
v -0.492142 -0.039674 -0.800000
v -0.492142 -0.039674 -0.733333
v -0.491700 -0.058172 -0.800000
v -0.491700 -0.058172 -0.733333
v -0.500000 -0.039674 -0.760828
v -0.500000 -0.039674 -0.800000
v -0.500000 -0.039674 -0.733333
v -0.491533 -0.346264 -0.733333
v -0.491533 -0.346264 -0.800000
v -0.491593 -0.346684 -0.800000
v -0.491589 -0.346681 -0.733333
v -0.491533 -0.329616 -0.800000
v -0.491533 -0.329616 -0.733333
v -0.491644 -0.329139 -0.733333
v -0.491646 -0.329134 -0.800000
v -0.498733 -0.355153 -0.800000
v -0.498728 -0.355153 -0.733333
v -0.498279 -0.355017 -0.733333
v -0.498282 -0.355018 -0.800000
v -0.497903 -0.354649 -0.800000
v -0.497903 -0.354642 -0.733333
v -0.497726 -0.354184 -0.733333
v -0.497717 -0.354184 -0.800000
v -0.496721 -0.351304 -0.733333
v -0.496721 -0.351304 -0.800000
v -0.497506 -0.353225 -0.800000
v -0.497506 -0.353225 -0.733333
v -0.495238 -0.349459 -0.733333
v -0.495238 -0.349459 -0.800000
v -0.493453 -0.348186 -0.733333
v -0.493453 -0.348186 -0.800000
v -0.492243 -0.347618 -0.800000
v -0.492232 -0.347618 -0.733333
v -0.491959 -0.328763 -0.733333
v -0.491962 -0.328761 -0.800000
v -0.492413 -0.328620 -0.733333
v -0.492413 -0.328620 -0.800000
v -0.491892 -0.347238 -0.800000
v -0.491897 -0.347254 -0.733333
v -0.630304 -0.328620 -0.733333
v -0.630304 -0.328620 -0.748003
v -0.503512 -0.328620 -0.748003
v -0.501756 -0.328620 -0.748593
v -0.500470 -0.328620 -0.750207
v -0.500000 -0.328620 -0.752411
v -0.500000 -0.328620 -0.800000
v -0.500000 -0.355153 -0.733333
v -0.500000 -0.355153 -0.800000
v -0.500000 -0.066207 -0.752411
v -0.500000 -0.066207 -0.800000
v -0.630304 -0.066207 -0.748003
v -0.503512 -0.066207 -0.748003
v -0.501756 -0.066207 -0.748593
v -0.500470 -0.066207 -0.750207
v -0.500000 -0.039674 -0.760739
v -0.500000 -0.024804 -0.761271
v -0.500000 -0.008275 -0.760057
v -0.500000 0.009017 -0.756530
v -0.500000 0.023017 -0.751316
v -0.500000 0.037112 -0.744607
v -0.500000 0.051220 -0.738166
v -0.500000 0.060597 -0.733333
v -0.500000 0.500000 -0.733333
v -0.500000 0.500000 -0.800000
v -0.630304 -0.066207 -0.733333
v 0.491533 -0.057551 -0.733333
v 0.491533 -0.057551 -0.800000
v 0.491533 -0.040438 -0.800000
v 0.491533 -0.040438 -0.733333
v 0.492102 -0.058589 -0.800000
v 0.492102 -0.058589 -0.733333
v 0.493453 -0.059240 -0.733333
v 0.493453 -0.059240 -0.800000
v 0.497506 -0.064279 -0.800000
v 0.497506 -0.064279 -0.733333
v 0.497735 -0.065464 -0.733333
v 0.497735 -0.065464 -0.800000
v 0.495238 -0.060513 -0.733333
v 0.495238 -0.060513 -0.800000
v 0.496721 -0.062358 -0.733333
v 0.496721 -0.062358 -0.800000
v 0.498016 -0.065989 -0.733333
v 0.498016 -0.065989 -0.800000
v 0.498488 -0.066207 -0.733333
v 0.498488 -0.066207 -0.800000
v 0.491712 -0.039898 -0.800000
v 0.491712 -0.039898 -0.733333
v 0.492142 -0.039674 -0.800000
v 0.492142 -0.039674 -0.733333
v 0.491700 -0.058172 -0.733333
v 0.491700 -0.058172 -0.800000
v 0.500000 -0.039674 -0.748968
v 0.500000 -0.039674 -0.733333
v 0.500000 -0.039674 -0.800000
v 0.500000 -0.039674 -0.760828
v 0.497391 -0.039674 -0.760739
v 0.493739 -0.039674 -0.760739
v 0.493445 -0.039674 -0.760589
v 0.493323 -0.039674 -0.760226
v 0.493323 -0.039674 -0.753013
v 0.493445 -0.039674 -0.752586
v 0.493739 -0.039674 -0.752280
v 0.491533 -0.346264 -0.733333
v 0.491589 -0.346681 -0.733333
v 0.491593 -0.346684 -0.800000
v 0.491533 -0.346264 -0.800000
v 0.491533 -0.329616 -0.800000
v 0.491646 -0.329134 -0.800000
v 0.491644 -0.329139 -0.733333
v 0.491533 -0.329616 -0.733333
v 0.498282 -0.355018 -0.800000
v 0.498279 -0.355017 -0.733333
v 0.498728 -0.355153 -0.733333
v 0.498733 -0.355153 -0.800000
v 0.497903 -0.354642 -0.733333
v 0.497903 -0.354649 -0.800000
v 0.497717 -0.354184 -0.800000
v 0.497726 -0.354184 -0.733333
v 0.496721 -0.351304 -0.800000
v 0.496721 -0.351304 -0.733333
v 0.497506 -0.353225 -0.733333
v 0.497506 -0.353225 -0.800000
v 0.495238 -0.349459 -0.800000
v 0.495238 -0.349459 -0.733333
v 0.493453 -0.348186 -0.800000
v 0.493453 -0.348186 -0.733333
v 0.492243 -0.347618 -0.800000
v 0.492232 -0.347618 -0.733333
v 0.491962 -0.328761 -0.800000
v 0.491959 -0.328763 -0.733333
v 0.492413 -0.328620 -0.800000
v 0.492413 -0.328620 -0.733333
v 0.491892 -0.347238 -0.800000
v 0.491897 -0.347254 -0.733333
v 0.500000 -0.328620 -0.800000
v 0.500000 -0.328620 -0.752411
v 0.500470 -0.328620 -0.750207
v 0.501756 -0.328620 -0.748593
v 0.503512 -0.328620 -0.748003
v 0.630304 -0.328620 -0.748003
v 0.630304 -0.328620 -0.733333
v 0.500000 -0.355153 -0.733333
v 0.500000 -0.355153 -0.800000
v 0.500000 -0.028514 -0.749269
v 0.500000 -0.011976 -0.748008
v 0.500000 0.001761 -0.744761
v 0.500000 0.017395 -0.739729
v 0.500000 -0.066207 -0.800000
v 0.500000 -0.066207 -0.752411
v 0.503512 -0.066207 -0.748003
v 0.630304 -0.066207 -0.748003
v 0.501756 -0.066207 -0.748593
v 0.500470 -0.066207 -0.750207
v 0.500000 -0.039674 -0.760739
v 0.500000 0.500000 -0.800000
v 0.500000 0.500000 -0.733333
v 0.500000 0.060597 -0.733333
v 0.500000 0.051220 -0.738166
v 0.500000 0.037112 -0.744607
v 0.500000 0.023017 -0.751316
v 0.500000 0.009017 -0.756530
v 0.500000 -0.008275 -0.760057
v 0.500000 -0.024804 -0.761271
v 0.630304 -0.066207 -0.733333
v -0.493739 0.037149 -0.744554
v -0.493739 0.051269 -0.738050
v -0.493323 0.022792 -0.750790
v -0.493445 0.022965 -0.751147
v -0.493445 0.008925 -0.756380
v -0.493323 0.008701 -0.756017
v -0.493739 0.023036 -0.751296
v -0.493739 0.009017 -0.756530
v -0.493445 0.051209 -0.737890
v -0.493445 0.037085 -0.744404
v -0.493445 0.003991 -0.748378
v -0.493739 0.003802 -0.748072
v -0.493739 0.018995 -0.742969
v -0.493445 0.019142 -0.743269
v -0.493739 0.033402 -0.736265
v -0.493445 0.033540 -0.736562
v -0.493323 0.004254 -0.748805
v -0.493323 0.019347 -0.743690
v -0.499491 0.032020 -0.733333
v -0.493445 -0.008325 -0.759902
v -0.493323 -0.008442 -0.759531
v -0.493323 -0.010715 -0.752156
v -0.493445 -0.010847 -0.751719
v -0.493739 -0.008276 -0.760057
v -0.493739 -0.010940 -0.751406
v -0.493739 -0.027512 -0.752646
v -0.493445 -0.027448 -0.752954
v -0.493739 -0.024818 -0.761270
v -0.493323 -0.027337 -0.753386
v -0.493323 -0.025061 -0.760737
v -0.493445 -0.024904 -0.761111
v -0.493323 0.033730 -0.736979
v -0.493323 0.041342 -0.733333
v -0.493323 0.059062 -0.733333
v -0.493323 0.051062 -0.737514
v -0.493323 0.036924 -0.744047
v -0.493445 0.040267 -0.733333
v -0.493739 0.039504 -0.733333
v -0.493739 0.060301 -0.733333
v -0.500000 0.060597 -0.733333
v -0.493445 0.059930 -0.733333
v -0.493445 -0.039824 -0.760583
v -0.493323 -0.039824 -0.760221
v -0.493323 -0.039824 -0.753008
v -0.493445 -0.039824 -0.752581
v -0.493739 -0.039824 -0.752275
v -0.500000 -0.039824 -0.748964
v -0.493739 -0.039824 -0.760734
v -0.500000 -0.039824 -0.760734
v -0.500000 -0.039699 -0.733333
v -0.500000 -0.024807 -0.761271
v -0.500000 -0.008275 -0.760057
v -0.500000 0.023021 -0.751312
v -0.500000 0.037119 -0.744596
v -0.500000 0.051230 -0.738142
v -0.500000 0.060537 -0.733333
v 0.500000 -0.039674 -0.749368
v 0.493502 -0.039674 -0.760606
v 0.493502 -0.039674 -0.752702
v 0.500000 0.032198 -0.733711
v 0.500000 0.032980 -0.733333
v 0.500000 0.031333 -0.733333
v 0.500000 0.031700 -0.733940
v 0.500000 -0.039674 -0.749630
v 0.500000 -0.028314 -0.749943
v 0.500000 -0.011769 -0.748686
v 0.500000 0.002169 -0.745422
v 0.500000 0.017715 -0.740376
v 0.493739 0.051269 -0.738050
v 0.493739 0.037149 -0.744554
v 0.493323 0.022792 -0.750790
v 0.493323 0.008701 -0.756017
v 0.493445 0.008925 -0.756380
v 0.493445 0.022965 -0.751147
v 0.493739 0.009017 -0.756530
v 0.493739 0.023036 -0.751296
v 0.493445 0.051209 -0.737890
v 0.493445 0.037085 -0.744404
v 0.493445 0.003991 -0.748378
v 0.493445 0.019142 -0.743269
v 0.493739 0.018995 -0.742969
v 0.493739 0.003802 -0.748072
v 0.493445 0.033540 -0.736562
v 0.493739 0.033402 -0.736265
v 0.493323 0.004254 -0.748805
v 0.493323 0.019347 -0.743690
v 0.499491 0.032020 -0.733333
v 0.493323 -0.008442 -0.759531
v 0.493445 -0.008325 -0.759902
v 0.493445 -0.010847 -0.751719
v 0.493323 -0.010715 -0.752156
v 0.493739 -0.008276 -0.760057
v 0.493739 -0.010940 -0.751406
v 0.493739 -0.027512 -0.752646
v 0.493445 -0.027448 -0.752954
v 0.493739 -0.024818 -0.761270
v 0.493323 -0.027337 -0.753386
v 0.493323 -0.025061 -0.760737
v 0.493445 -0.024904 -0.761111
v 0.493323 0.036924 -0.744047
v 0.493323 0.051062 -0.737514
v 0.493323 0.059062 -0.733333
v 0.493323 0.041342 -0.733333
v 0.493323 0.033730 -0.736979
v 0.493445 0.040267 -0.733333
v 0.493739 0.039504 -0.733333
v 0.493739 0.060301 -0.733333
v 0.500000 0.060597 -0.733333
v 0.493445 0.059930 -0.733333
v 0.493323 -0.039824 -0.760221
v 0.493445 -0.039824 -0.760583
v 0.493445 -0.039824 -0.752581
v 0.493323 -0.039824 -0.753008
v 0.500000 -0.039824 -0.748964
v 0.493739 -0.039824 -0.752275
v 0.493739 -0.039824 -0.760734
v 0.500000 -0.039824 -0.760734
v 0.500000 -0.039699 -0.733333
v 0.500000 -0.008275 -0.760057
v 0.500000 -0.024807 -0.761271
v 0.500000 0.060537 -0.733333
v 0.500000 0.051230 -0.738142
v 0.500000 0.037119 -0.744596
v 0.500000 0.023021 -0.751312
v -0.491700 -0.058172 -0.133333
v -0.491700 -0.058172 -0.200000
v -0.492102 -0.058589 -0.200000
v -0.492102 -0.058589 -0.133333
v -0.491533 -0.057551 -0.133333
v -0.491533 -0.057551 -0.200000
v -0.492142 -0.039674 -0.133333
v -0.492142 -0.039674 -0.200000
v -0.491712 -0.039898 -0.200000
v -0.491712 -0.039898 -0.133333
v -0.491533 -0.040438 -0.200000
v -0.491533 -0.040438 -0.133333
v -0.498488 -0.066207 -0.200000
v -0.498488 -0.066207 -0.133333
v -0.498016 -0.065989 -0.133333
v -0.498016 -0.065989 -0.200000
v -0.497735 -0.065464 -0.133333
v -0.497735 -0.065464 -0.200000
v -0.497506 -0.064279 -0.200000
v -0.497506 -0.064279 -0.133333
v -0.496721 -0.062358 -0.133333
v -0.496721 -0.062358 -0.200000
v -0.495238 -0.060513 -0.200000
v -0.495238 -0.060513 -0.133333
v -0.493453 -0.059240 -0.200000
v -0.493453 -0.059240 -0.133333
v -0.497717 -0.354184 -0.200000
v -0.497903 -0.354649 -0.200000
v -0.497902 -0.354655 -0.133333
v -0.497709 -0.354184 -0.133333
v -0.491533 -0.329616 -0.133333
v -0.491533 -0.329616 -0.200000
v -0.491533 -0.346264 -0.200000
v -0.491533 -0.346264 -0.133333
v -0.496721 -0.351304 -0.200000
v -0.496721 -0.351304 -0.133333
v -0.495238 -0.349459 -0.133333
v -0.495238 -0.349459 -0.200000
v -0.497506 -0.353225 -0.133333
v -0.497506 -0.353225 -0.200000
v -0.491646 -0.329134 -0.200000
v -0.491648 -0.329128 -0.133333
v -0.491966 -0.328758 -0.133333
v -0.491962 -0.328761 -0.200000
v -0.493453 -0.348186 -0.200000
v -0.493453 -0.348186 -0.133333
v -0.492253 -0.347618 -0.133333
v -0.492243 -0.347618 -0.200000
v -0.498282 -0.355018 -0.200000
v -0.498733 -0.355153 -0.200000
v -0.498738 -0.355153 -0.133333
v -0.498284 -0.355020 -0.133333
v -0.491593 -0.346684 -0.200000
v -0.491597 -0.346687 -0.133333
v -0.492413 -0.328619 -0.133333
v -0.492413 -0.328619 -0.200000
v -0.491892 -0.347238 -0.200000
v -0.491887 -0.347222 -0.133333
v -0.500000 -0.355153 -0.200000
v -0.500000 -0.500000 -0.200000
v -0.500000 -0.500000 -0.133333
v -0.500000 -0.355153 -0.133333
v -0.500000 -0.066207 -0.133333
v -0.500000 -0.066207 -0.200000
v -0.500000 -0.328619 -0.200000
v -0.500000 -0.328619 -0.133333
v -0.500000 -0.039674 -0.200000
v -0.500000 -0.039674 -0.133333
v -0.500000 0.500000 -0.133333
v -0.500000 0.500000 -0.200000
v 0.491700 -0.058172 -0.200000
v 0.491700 -0.058172 -0.133333
v 0.492102 -0.058589 -0.133333
v 0.492102 -0.058589 -0.200000
v 0.491533 -0.057551 -0.200000
v 0.491533 -0.057551 -0.133333
v 0.491712 -0.039898 -0.133333
v 0.491712 -0.039898 -0.200000
v 0.492142 -0.039674 -0.200000
v 0.492142 -0.039674 -0.133333
v 0.491533 -0.040438 -0.133333
v 0.491533 -0.040438 -0.200000
v 0.498016 -0.065989 -0.200000
v 0.498016 -0.065989 -0.133333
v 0.498488 -0.066207 -0.133333
v 0.498488 -0.066207 -0.200000
v 0.497735 -0.065464 -0.200000
v 0.497735 -0.065464 -0.133333
v 0.497506 -0.064279 -0.200000
v 0.496721 -0.062358 -0.200000
v 0.496721 -0.062358 -0.133333
v 0.497506 -0.064279 -0.133333
v 0.495238 -0.060513 -0.200000
v 0.495238 -0.060513 -0.133333
v 0.493453 -0.059240 -0.200000
v 0.493453 -0.059240 -0.133333
v 0.497902 -0.354655 -0.133333
v 0.497903 -0.354649 -0.200000
v 0.497717 -0.354184 -0.200000
v 0.497709 -0.354184 -0.133333
v 0.491533 -0.329616 -0.200000
v 0.491533 -0.329616 -0.133333
v 0.491533 -0.346264 -0.133333
v 0.491533 -0.346264 -0.200000
v 0.496721 -0.351304 -0.133333
v 0.496721 -0.351304 -0.200000
v 0.495238 -0.349459 -0.200000
v 0.495238 -0.349459 -0.133333
v 0.497506 -0.353225 -0.200000
v 0.497506 -0.353225 -0.133333
v 0.491648 -0.329128 -0.133333
v 0.491646 -0.329134 -0.200000
v 0.491962 -0.328761 -0.200000
v 0.491966 -0.328758 -0.133333
v 0.492243 -0.347618 -0.200000
v 0.492253 -0.347618 -0.133333
v 0.493453 -0.348186 -0.133333
v 0.493453 -0.348186 -0.200000
v 0.498282 -0.355018 -0.200000
v 0.498284 -0.355020 -0.133333
v 0.498738 -0.355153 -0.133333
v 0.498733 -0.355153 -0.200000
v 0.491597 -0.346687 -0.133333
v 0.491593 -0.346684 -0.200000
v 0.492413 -0.328619 -0.200000
v 0.492413 -0.328619 -0.133333
v 0.491887 -0.347222 -0.133333
v 0.491892 -0.347238 -0.200000
v 0.500000 -0.500000 -0.133333
v 0.500000 -0.500000 -0.200000
v 0.500000 -0.355153 -0.200000
v 0.500000 -0.355153 -0.133333
v 0.500000 -0.066207 -0.200000
v 0.500000 -0.066207 -0.133333
v 0.500000 -0.328619 -0.133333
v 0.500000 -0.328619 -0.200000
v 0.500000 -0.039674 -0.200000
v 0.500000 0.500000 -0.200000
v 0.500000 0.500000 -0.133333
v 0.500000 -0.039674 -0.133333
v -0.491700 -0.058172 -0.066667
v -0.491700 -0.058172 -0.133333
v -0.492102 -0.058589 -0.133333
v -0.492102 -0.058589 -0.066667
v -0.491533 -0.057551 -0.066667
v -0.491533 -0.057551 -0.133333
v -0.492142 -0.039674 -0.066667
v -0.492142 -0.039674 -0.133333
v -0.491712 -0.039898 -0.133333
v -0.491712 -0.039897 -0.066667
v -0.491533 -0.040438 -0.133333
v -0.491533 -0.040438 -0.066667
v -0.498016 -0.065989 -0.066667
v -0.498016 -0.065989 -0.133333
v -0.498488 -0.066207 -0.133333
v -0.498488 -0.066207 -0.066667
v -0.497735 -0.065464 -0.066667
v -0.497735 -0.065464 -0.133333
v -0.496721 -0.062358 -0.066667
v -0.496721 -0.062358 -0.133333
v -0.497506 -0.064279 -0.133333
v -0.497506 -0.064279 -0.066667
v -0.495238 -0.060513 -0.133333
v -0.495238 -0.060513 -0.066667
v -0.493453 -0.059240 -0.133333
v -0.493453 -0.059240 -0.066667
v -0.497902 -0.354655 -0.133333
v -0.497902 -0.354662 -0.066667
v -0.497700 -0.354184 -0.066667
v -0.497709 -0.354184 -0.133333
v -0.491533 -0.346264 -0.133333
v -0.491533 -0.346264 -0.066667
v -0.491533 -0.329616 -0.066667
v -0.491533 -0.329616 -0.133333
v -0.496721 -0.351304 -0.133333
v -0.496721 -0.351304 -0.066667
v -0.495238 -0.349459 -0.066667
v -0.495238 -0.349459 -0.133333
v -0.497506 -0.353225 -0.066667
v -0.497506 -0.353225 -0.133333
v -0.491966 -0.328758 -0.133333
v -0.491648 -0.329128 -0.133333
v -0.491649 -0.329123 -0.066667
v -0.491969 -0.328756 -0.066667
v -0.493453 -0.348186 -0.066667
v -0.492264 -0.347618 -0.066667
v -0.492253 -0.347618 -0.133333
v -0.493453 -0.348186 -0.133333
v -0.498286 -0.355021 -0.066667
v -0.498284 -0.355020 -0.133333
v -0.498738 -0.355153 -0.133333
v -0.498743 -0.355153 -0.066667
v -0.491597 -0.346687 -0.133333
v -0.491601 -0.346690 -0.066667
v -0.492413 -0.328619 -0.066667
v -0.492413 -0.328619 -0.133333
v -0.491882 -0.347206 -0.066667
v -0.491887 -0.347222 -0.133333
v -0.500000 -0.355153 -0.066667
v -0.500000 -0.355153 -0.133333
v -0.500000 -0.500000 -0.133333
v -0.500000 -0.500000 -0.066667
v -0.500000 -0.066207 -0.066667
v -0.500000 -0.066207 -0.133333
v -0.500000 -0.328619 -0.133333
v -0.500000 -0.328619 -0.066667
v -0.500000 -0.039674 -0.066667
v -0.500000 0.500000 -0.066667
v -0.500000 0.500000 -0.133333
v -0.500000 -0.039674 -0.133333
v 0.492102 -0.058589 -0.066667
v 0.492102 -0.058589 -0.133333
v 0.491700 -0.058172 -0.133333
v 0.491700 -0.058172 -0.066667
v 0.491533 -0.057551 -0.133333
v 0.491533 -0.057551 -0.066667
v 0.491712 -0.039897 -0.066667
v 0.491712 -0.039898 -0.133333
v 0.492142 -0.039674 -0.133333
v 0.492142 -0.039674 -0.066667
v 0.491533 -0.040438 -0.066667
v 0.491533 -0.040438 -0.133333
v 0.498488 -0.066207 -0.066667
v 0.498488 -0.066207 -0.133333
v 0.498016 -0.065989 -0.133333
v 0.498016 -0.065989 -0.066667
v 0.497735 -0.065464 -0.133333
v 0.497735 -0.065464 -0.066667
v 0.497506 -0.064279 -0.066667
v 0.497506 -0.064279 -0.133333
v 0.496721 -0.062358 -0.133333
v 0.496721 -0.062358 -0.066667
v 0.495238 -0.060513 -0.133333
v 0.495238 -0.060513 -0.066667
v 0.493453 -0.059240 -0.133333
v 0.493453 -0.059240 -0.066667
v 0.497709 -0.354184 -0.133333
v 0.497700 -0.354184 -0.066667
v 0.497902 -0.354662 -0.066667
v 0.497902 -0.354655 -0.133333
v 0.491533 -0.346264 -0.066667
v 0.491533 -0.346264 -0.133333
v 0.491533 -0.329616 -0.133333
v 0.491533 -0.329616 -0.066667
v 0.496721 -0.351304 -0.133333
v 0.495238 -0.349459 -0.133333
v 0.495238 -0.349459 -0.066667
v 0.496721 -0.351304 -0.066667
v 0.497506 -0.353225 -0.133333
v 0.497506 -0.353225 -0.066667
v 0.491966 -0.328758 -0.133333
v 0.491969 -0.328756 -0.066667
v 0.491649 -0.329123 -0.066667
v 0.491648 -0.329128 -0.133333
v 0.492264 -0.347618 -0.066667
v 0.493453 -0.348186 -0.066667
v 0.493453 -0.348186 -0.133333
v 0.492253 -0.347618 -0.133333
v 0.498284 -0.355020 -0.133333
v 0.498286 -0.355021 -0.066667
v 0.498743 -0.355153 -0.066667
v 0.498738 -0.355153 -0.133333
v 0.491601 -0.346690 -0.066667
v 0.491597 -0.346687 -0.133333
v 0.492413 -0.328619 -0.133333
v 0.492413 -0.328619 -0.066667
v 0.491882 -0.347206 -0.066667
v 0.491887 -0.347222 -0.133333
v 0.500000 -0.355153 -0.133333
v 0.500000 -0.355153 -0.066667
v 0.500000 -0.500000 -0.066667
v 0.500000 -0.500000 -0.133333
v 0.500000 -0.328619 -0.066667
v 0.500000 -0.328619 -0.133333
v 0.500000 -0.066207 -0.133333
v 0.500000 -0.066207 -0.066667
v 0.500000 -0.039674 -0.066667
v 0.500000 -0.039674 -0.133333
v 0.500000 0.500000 -0.133333
v 0.500000 0.500000 -0.066667
v -0.630304 -0.355153 -0.330630
v -0.630304 -0.500000 -0.330630
v -0.503834 -0.500000 -0.330630
v -0.503834 -0.355153 -0.330630
v -0.500513 -0.500000 -0.328713
v -0.500000 -0.500000 -0.326796
v -0.500000 -0.355153 -0.326796
v -0.500513 -0.355153 -0.328713
v -0.501917 -0.500000 -0.330117
v -0.501917 -0.355153 -0.330117
v -0.497726 -0.354184 -0.266667
v -0.497734 -0.354184 -0.333333
v -0.497903 -0.354636 -0.333333
v -0.497903 -0.354642 -0.266667
v -0.491533 -0.346264 -0.266667
v -0.491533 -0.329616 -0.266667
v -0.491533 -0.329616 -0.333333
v -0.491533 -0.346264 -0.333333
v -0.496721 -0.351304 -0.333333
v -0.496721 -0.351304 -0.266667
v -0.495238 -0.349459 -0.266667
v -0.495238 -0.349459 -0.333333
v -0.497506 -0.353225 -0.266667
v -0.497506 -0.353225 -0.333333
v -0.491642 -0.329144 -0.333333
v -0.491644 -0.329139 -0.266667
v -0.491959 -0.328763 -0.266667
v -0.491955 -0.328766 -0.333333
v -0.493453 -0.348186 -0.266667
v -0.492232 -0.347618 -0.266667
v -0.492221 -0.347618 -0.333333
v -0.493453 -0.348186 -0.333333
v -0.498279 -0.355017 -0.266667
v -0.498277 -0.355015 -0.333333
v -0.498724 -0.355153 -0.333333
v -0.498728 -0.355153 -0.266667
v -0.491585 -0.346678 -0.333333
v -0.491589 -0.346681 -0.266667
v -0.492413 -0.328619 -0.266667
v -0.492413 -0.328619 -0.333333
v -0.491902 -0.347269 -0.333333
v -0.491897 -0.347254 -0.266667
v -0.500000 -0.355153 -0.266667
v -0.500000 -0.500000 -0.266667
v -0.630304 -0.328619 -0.266667
v -0.630304 -0.328619 -0.333333
v -0.630304 -0.355153 -0.333333
v 0.503834 -0.500000 -0.330630
v 0.630304 -0.500000 -0.330630
v 0.630304 -0.355153 -0.330630
v 0.503834 -0.355153 -0.330630
v 0.500000 -0.355153 -0.326796
v 0.500000 -0.500000 -0.326796
v 0.500513 -0.500000 -0.328713
v 0.500513 -0.355153 -0.328713
v 0.501917 -0.500000 -0.330117
v 0.501917 -0.355153 -0.330117
v 0.497734 -0.354184 -0.333333
v 0.497726 -0.354184 -0.266667
v 0.497903 -0.354642 -0.266667
v 0.497903 -0.354636 -0.333333
v 0.491533 -0.346264 -0.266667
v 0.491533 -0.346264 -0.333333
v 0.491533 -0.329616 -0.333333
v 0.491533 -0.329616 -0.266667
v 0.496721 -0.351304 -0.266667
v 0.496721 -0.351304 -0.333333
v 0.495238 -0.349459 -0.333333
v 0.495238 -0.349459 -0.266667
v 0.497506 -0.353225 -0.333333
v 0.497506 -0.353225 -0.266667
v 0.491955 -0.328766 -0.333333
v 0.491959 -0.328763 -0.266667
v 0.491644 -0.329139 -0.266667
v 0.491642 -0.329144 -0.333333
v 0.492221 -0.347618 -0.333333
v 0.492232 -0.347618 -0.266667
v 0.493453 -0.348186 -0.266667
v 0.493453 -0.348186 -0.333333
v 0.498277 -0.355015 -0.333333
v 0.498279 -0.355017 -0.266667
v 0.498728 -0.355153 -0.266667
v 0.498724 -0.355153 -0.333333
v 0.491589 -0.346681 -0.266667
v 0.491585 -0.346678 -0.333333
v 0.492413 -0.328619 -0.333333
v 0.492413 -0.328619 -0.266667
v 0.491897 -0.347254 -0.266667
v 0.491902 -0.347269 -0.333333
v 0.500000 -0.500000 -0.266667
v 0.500000 -0.355153 -0.266667
v 0.630304 -0.328619 -0.333333
v 0.630304 -0.328619 -0.266667
v 0.630304 -0.355153 -0.333333
v -0.503834 -0.500000 -0.670249
v -0.501917 -0.500000 -0.670763
v -0.500513 -0.500000 -0.672166
v -0.500000 -0.500000 -0.674084
v -0.500000 -0.500000 -0.733333
v 0.500000 -0.500000 -0.733333
v 0.500000 -0.500000 -0.674084
v 0.500513 -0.500000 -0.672166
v 0.501917 -0.500000 -0.670763
v 0.503834 -0.500000 -0.670249
v 0.630304 -0.500000 -0.670249
v -0.491533 -0.346264 -0.666667
v -0.491533 -0.346264 -0.733333
v -0.491589 -0.346681 -0.733333
v -0.491585 -0.346678 -0.666667
v -0.491533 -0.329616 -0.733333
v -0.491533 -0.329616 -0.666667
v -0.491642 -0.329144 -0.666667
v -0.491644 -0.329139 -0.733333
v -0.498728 -0.355153 -0.733333
v -0.498724 -0.355153 -0.666667
v -0.498277 -0.355015 -0.666667
v -0.498279 -0.355017 -0.733333
v -0.497903 -0.354642 -0.733333
v -0.497903 -0.354636 -0.666667
v -0.497734 -0.354184 -0.666667
v -0.497726 -0.354184 -0.733333
v -0.497506 -0.353225 -0.666667
v -0.496721 -0.351304 -0.666667
v -0.496721 -0.351304 -0.733333
v -0.497506 -0.353225 -0.733333
v -0.495238 -0.349459 -0.666667
v -0.495238 -0.349459 -0.733333
v -0.493453 -0.348186 -0.666667
v -0.493453 -0.348186 -0.733333
v -0.492221 -0.347618 -0.666667
v -0.492232 -0.347618 -0.733333
v -0.491955 -0.328766 -0.666667
v -0.491959 -0.328763 -0.733333
v -0.492413 -0.328619 -0.666667
v -0.492413 -0.328620 -0.733333
v -0.491897 -0.347254 -0.733333
v -0.491902 -0.347270 -0.666667
v -0.630304 -0.328620 -0.666667
v -0.630304 -0.328620 -0.733333
v -0.500000 -0.355153 -0.733333
v -0.500000 -0.355153 -0.674084
v -0.500513 -0.355153 -0.672166
v -0.501917 -0.355153 -0.670763
v -0.503834 -0.355153 -0.670249
v -0.630304 -0.355153 -0.670249
v -0.630304 -0.355153 -0.666667
v 0.491533 -0.346264 -0.733333
v 0.491533 -0.346264 -0.666667
v 0.491585 -0.346678 -0.666667
v 0.491589 -0.346681 -0.733333
v 0.491644 -0.329139 -0.733333
v 0.491642 -0.329144 -0.666667
v 0.491533 -0.329616 -0.666667
v 0.491533 -0.329616 -0.733333
v 0.498277 -0.355015 -0.666667
v 0.498724 -0.355153 -0.666667
v 0.498728 -0.355153 -0.733333
v 0.498279 -0.355017 -0.733333
v 0.497726 -0.354184 -0.733333
v 0.497734 -0.354184 -0.666667
v 0.497903 -0.354636 -0.666667
v 0.497903 -0.354642 -0.733333
v 0.497506 -0.353225 -0.666667
v 0.497506 -0.353225 -0.733333
v 0.496721 -0.351304 -0.733333
v 0.496721 -0.351304 -0.666667
v 0.495238 -0.349459 -0.733333
v 0.495238 -0.349459 -0.666667
v 0.493453 -0.348186 -0.733333
v 0.493453 -0.348186 -0.666667
v 0.492232 -0.347618 -0.733333
v 0.492221 -0.347618 -0.666667
v 0.491959 -0.328763 -0.733333
v 0.491955 -0.328766 -0.666667
v 0.492413 -0.328620 -0.733333
v 0.492413 -0.328619 -0.666667
v 0.491902 -0.347270 -0.666667
v 0.491897 -0.347254 -0.733333
v 0.630304 -0.328620 -0.733333
v 0.630304 -0.328620 -0.666667
v 0.630304 -0.355153 -0.666667
v 0.630304 -0.355153 -0.670249
v 0.503834 -0.355153 -0.670249
v 0.501917 -0.355153 -0.670763
v 0.500513 -0.355153 -0.672166
v 0.500000 -0.355153 -0.674084
v 0.500000 -0.355153 -0.733333
v -0.498016 -0.065989 -0.661479
v -0.498104 -0.065928 -0.660973
v -0.497976 -0.065602 -0.660694
v -0.491712 -0.039898 -0.654796
v -0.491791 -0.039997 -0.654284
v -0.491791 -0.039997 -0.654284
v -0.492142 -0.039898 -0.654170
v -0.491712 -0.040438 -0.654170
v -0.491712 -0.057551 -0.654170
v -0.630304 -0.039898 -0.654170
v -0.497723 -0.064279 -0.659909
v -0.498016 -0.065989 -0.666667
v -0.491712 -0.039898 -0.666667
v -0.630304 -0.039674 -0.663316
v -0.501397 -0.039674 -0.663316
v -0.501194 -0.039674 -0.663398
v -0.500958 -0.039674 -0.663493
v -0.500698 -0.039674 -0.663598
v -0.500698 -0.039674 -0.663598
v -0.500318 -0.039674 -0.664173
v -0.500051 -0.039674 -0.665138
v -0.500000 -0.039674 -0.665426
v -0.500000 -0.039674 -0.665448
v -0.500000 0.165511 -0.631625
v -0.500000 0.176740 -0.616869
v -0.493739 0.188912 -0.623536
v -0.493739 0.198553 -0.609165
v -0.500000 0.198733 -0.609274
v -0.500000 0.189082 -0.623660
v -0.493739 0.176825 -0.639132
v -0.500000 0.176983 -0.639270
v -0.500000 0.185697 -0.603271
v -0.500000 0.165679 -0.651922
v -0.500000 0.143143 -0.655788
v -0.500000 0.155019 -0.643584
v -0.500000 0.152882 -0.664833
v -0.493445 0.188746 -0.623444
v -0.493445 0.198378 -0.609083
v -0.493445 0.176671 -0.639027
v -0.493445 0.165388 -0.651657
v -0.493445 0.152617 -0.664546
v -0.500000 0.131853 -0.666667
v -0.500000 0.150944 -0.666667
v -0.500000 0.187631 -0.600000
v -0.493739 0.204072 -0.600000
v -0.500000 0.204318 -0.600000
v -0.493445 0.150375 -0.666667
v -0.493445 0.203847 -0.600000
v -0.500698 0.088884 -0.616724
v -0.500698 0.099452 -0.607540
v -0.500698 0.054425 -0.640698
v -0.500698 0.066328 -0.633322
v -0.500698 0.077774 -0.625252
v -0.500698 0.015582 -0.656549
v -0.500698 0.028854 -0.652088
v -0.500698 0.041834 -0.646829
v -0.500698 -0.025824 -0.663273
v -0.500698 -0.011883 -0.661969
v -0.500698 0.001935 -0.659692
v -0.500698 -0.039824 -0.663602
v -0.500698 0.107412 -0.600000
v 0.497976 -0.065602 -0.660694
v 0.498104 -0.065928 -0.660973
v 0.498016 -0.065989 -0.661479
v 0.492142 -0.039898 -0.654170
v 0.491791 -0.039997 -0.654284
v 0.491791 -0.039997 -0.654284
v 0.491712 -0.039898 -0.654796
v 0.491712 -0.040438 -0.654170
v 0.491712 -0.057551 -0.654170
v 0.630304 -0.039898 -0.654170
v 0.497723 -0.064279 -0.659909
v 0.498016 -0.065989 -0.666667
v 0.491712 -0.039898 -0.666667
v 0.500000 -0.039674 -0.665448
v 0.500000 -0.039674 -0.665426
v 0.500051 -0.039674 -0.665138
v 0.500318 -0.039674 -0.664173
v 0.500698 -0.039674 -0.663598
v 0.500698 -0.039674 -0.663598
v 0.500958 -0.039674 -0.663493
v 0.501194 -0.039674 -0.663398
v 0.501397 -0.039674 -0.663316
v 0.630304 -0.039674 -0.663316
v 0.500000 0.165511 -0.631625
v 0.500000 0.176740 -0.616869
v 0.500000 0.198733 -0.609274
v 0.493739 0.198553 -0.609165
v 0.493739 0.188912 -0.623536
v 0.500000 0.189082 -0.623660
v 0.493739 0.176825 -0.639132
v 0.500000 0.176983 -0.639270
v 0.500000 0.185697 -0.603271
v 0.500000 0.165679 -0.651922
v 0.500000 0.143143 -0.655788
v 0.500000 0.155019 -0.643584
v 0.500000 0.152882 -0.664833
v 0.493445 0.198378 -0.609083
v 0.493445 0.188746 -0.623444
v 0.493445 0.176671 -0.639027
v 0.493445 0.165388 -0.651657
v 0.493445 0.152617 -0.664546
v 0.493739 0.204072 -0.600000
v 0.493445 0.150375 -0.666667
v 0.493445 0.203847 -0.600000
v 0.500698 0.099452 -0.607540
v 0.500698 0.088884 -0.616724
v 0.500698 0.066328 -0.633322
v 0.500698 0.054425 -0.640698
v 0.500698 0.077774 -0.625252
v 0.500698 0.028854 -0.652088
v 0.500698 0.015582 -0.656549
v 0.500698 0.041834 -0.646829
v 0.500698 -0.011883 -0.661969
v 0.500698 -0.025824 -0.663273
v 0.500698 0.001935 -0.659692
v 0.500698 -0.039824 -0.663602
v 0.500698 0.107412 -0.600000
v -0.497723 -0.353225 -0.340092
v -0.497976 -0.354321 -0.339306
v -0.491954 -0.328766 -0.345204
v -0.491856 -0.346733 -0.345708
v -0.491712 -0.346264 -0.345831
v -0.491712 -0.329616 -0.345831
v -0.491955 -0.328766 -0.333333
v -0.497976 -0.354321 -0.660694
v -0.497723 -0.353225 -0.659909
v -0.491712 -0.329617 -0.654170
v -0.491712 -0.346264 -0.654170
v -0.491856 -0.346733 -0.654293
v -0.491954 -0.328766 -0.654796
v -0.491955 -0.328766 -0.666667
v -0.500000 0.165679 -0.350935
v -0.500000 0.176983 -0.363046
v -0.500000 0.176740 -0.384102
v -0.500000 0.165511 -0.370523
v -0.493739 0.198553 -0.390290
v -0.493739 0.188912 -0.377532
v -0.500000 0.189082 -0.377411
v -0.500000 0.198733 -0.390181
v -0.500000 0.185697 -0.396173
v -0.500000 0.155019 -0.359075
v -0.500000 0.143143 -0.347021
v -0.500000 0.131756 -0.336134
v -0.500000 0.152883 -0.338182
v -0.493445 0.198378 -0.390371
v -0.493445 0.188746 -0.377623
v -0.493445 0.176671 -0.363283
v -0.493445 0.165388 -0.351193
v -0.493445 0.152617 -0.338463
v -0.500000 0.128577 -0.333333
v -0.500000 0.188310 -0.400000
v -0.500000 0.147717 -0.333333
v -0.500000 0.205560 -0.400000
v -0.493739 0.205304 -0.400000
v -0.493445 0.147154 -0.333333
v -0.493445 0.205071 -0.400000
v -0.500698 0.087252 -0.385669
v -0.500698 0.097839 -0.394833
v -0.500698 0.053106 -0.361237
v -0.500698 0.064857 -0.368851
v -0.500698 0.076200 -0.377067
v -0.500698 0.015102 -0.343455
v -0.500698 0.028137 -0.348563
v -0.500698 0.040784 -0.354578
v -0.500698 -0.026123 -0.335956
v -0.500698 -0.012178 -0.337191
v -0.500698 0.001580 -0.339808
v -0.500698 0.103300 -0.400000
v -0.500000 -0.039674 -0.334220
v -0.500187 -0.039674 -0.335280
v -0.500698 -0.039674 -0.336055
v -0.500698 -0.039674 -0.336055
v -0.501397 -0.039674 -0.336339
v -0.500000 -0.039674 -0.334142
v -0.630304 -0.039674 -0.336339
v 0.497976 -0.065602 -0.338504
v 0.497723 -0.064279 -0.339289
v 0.491712 -0.040438 -0.345029
v 0.491712 -0.057551 -0.345029
v 0.491791 -0.039997 -0.344913
v 0.491791 -0.039997 -0.344913
v 0.491712 -0.039898 -0.344402
v 0.492142 -0.039898 -0.345029
v 0.498104 -0.065928 -0.338225
v 0.498016 -0.065989 -0.337719
v 0.630304 -0.039898 -0.345029
v 0.491712 -0.039898 -0.333333
v 0.498016 -0.065989 -0.333333
v 0.630304 -0.039674 -0.336339
v 0.501397 -0.039674 -0.336339
v 0.500698 -0.039674 -0.336055
v 0.500698 -0.039674 -0.336055
v 0.500187 -0.039674 -0.335280
v 0.500000 -0.039674 -0.334220
v 0.500000 -0.039674 -0.334142
v 0.500000 0.165679 -0.350935
v 0.500000 0.176983 -0.363046
v 0.500000 0.176740 -0.384102
v 0.500000 0.165511 -0.370523
v 0.500000 0.189082 -0.377411
v 0.493739 0.188912 -0.377532
v 0.493739 0.198553 -0.390290
v 0.500000 0.198733 -0.390181
v 0.500000 0.185697 -0.396173
v 0.500000 0.155019 -0.359075
v 0.500000 0.143143 -0.347021
v 0.500000 0.131756 -0.336134
v 0.500000 0.152883 -0.338182
v 0.493445 0.188746 -0.377623
v 0.493445 0.198378 -0.390371
v 0.493445 0.176671 -0.363283
v 0.493445 0.165388 -0.351193
v 0.493445 0.152617 -0.338463
v 0.493739 0.205304 -0.400000
v 0.493445 0.147154 -0.333333
v 0.493445 0.205071 -0.400000
v -0.500698 -0.040126 -0.336058
v -0.497976 -0.065602 -0.338504
v -0.497723 -0.064279 -0.339289
v -0.491712 -0.040438 -0.345029
v -0.491712 -0.057551 -0.345029
v -0.491712 -0.039898 -0.344402
v -0.491791 -0.039997 -0.344913
v -0.491791 -0.039997 -0.344913
v -0.492142 -0.039898 -0.345029
v -0.498016 -0.065989 -0.337719
v -0.498104 -0.065928 -0.338225
v -0.630304 -0.039898 -0.345029
v -0.491712 -0.039898 -0.333333
v -0.498016 -0.065989 -0.333333
v 0.500698 -0.040126 -0.336058
v 0.500698 0.097839 -0.394833
v 0.500698 0.087252 -0.385669
v 0.500698 0.064857 -0.368851
v 0.500698 0.053106 -0.361237
v 0.500698 0.076200 -0.377067
v 0.500698 0.028137 -0.348563
v 0.500698 0.015102 -0.343455
v 0.500698 0.040784 -0.354578
v 0.500698 -0.012178 -0.337191
v 0.500698 -0.026123 -0.335956
v 0.500698 0.001580 -0.339808
v 0.500698 0.103300 -0.400000
v -0.493739 0.224578 -0.435232
v -0.493739 0.216453 -0.418049
v -0.500000 0.216651 -0.417968
v -0.500000 0.224784 -0.435168
v -0.500000 0.202327 -0.422439
v -0.500000 0.194717 -0.409387
v -0.493739 0.208262 -0.404255
v -0.500000 0.208452 -0.404160
v -0.493739 0.230459 -0.451200
v -0.500000 0.230671 -0.451152
v -0.500000 0.215339 -0.453805
v -0.500000 0.209875 -0.438697
v -0.493445 0.216261 -0.418110
v -0.493445 0.208078 -0.404326
v -0.493445 0.224378 -0.435280
v -0.493445 0.230253 -0.451236
v -0.500000 0.188310 -0.400000
v -0.493739 0.205304 -0.400000
v -0.500000 0.205560 -0.400000
v -0.500000 0.219132 -0.466667
v -0.500000 0.235332 -0.466667
v -0.493739 0.235105 -0.466667
v -0.493445 0.205071 -0.400000
v -0.493445 0.234888 -0.466667
v -0.500698 0.142777 -0.448146
v -0.500698 0.117774 -0.414502
v -0.500698 0.126880 -0.425139
v -0.500698 0.135350 -0.436296
v -0.500698 0.108013 -0.404459
v -0.500698 0.103300 -0.400000
v 0.500000 0.216651 -0.417968
v 0.493739 0.216453 -0.418049
v 0.493739 0.224578 -0.435232
v 0.500000 0.224784 -0.435168
v 0.500000 0.202327 -0.422439
v 0.500000 0.194717 -0.409387
v 0.500000 0.208452 -0.404160
v 0.493739 0.208262 -0.404255
v 0.493739 0.230459 -0.451200
v 0.500000 0.230671 -0.451152
v 0.500000 0.215339 -0.453805
v 0.500000 0.209875 -0.438697
v 0.493445 0.208078 -0.404326
v 0.493445 0.216261 -0.418110
v 0.493445 0.224378 -0.435280
v 0.493445 0.230253 -0.451236
v 0.493739 0.205304 -0.400000
v 0.493739 0.235105 -0.466667
v 0.493445 0.205071 -0.400000
v 0.493445 0.234888 -0.466667
v 0.500698 0.142777 -0.448146
v 0.500698 0.126880 -0.425139
v 0.500698 0.117774 -0.414502
v 0.500698 0.135350 -0.436296
v 0.500698 0.108013 -0.404459
v 0.500698 0.103300 -0.400000
v -0.500000 0.084322 -0.719798
v -0.500000 0.068396 -0.729314
v -0.500000 0.046395 -0.726057
v -0.500000 0.059540 -0.719331
v -0.500000 0.140613 -0.676439
v -0.500000 0.125880 -0.689193
v -0.500000 0.078122 -0.708439
v -0.500000 0.092215 -0.698955
v -0.500000 0.098008 -0.710500
v -0.500000 0.112629 -0.699677
v -0.500000 0.105785 -0.688725
v -0.500000 0.118082 -0.678815
v -0.500000 0.131756 -0.666759
v -0.493445 0.125667 -0.688864
v -0.493445 0.140372 -0.676132
v -0.493445 0.112443 -0.699329
v -0.493445 0.068230 -0.728997
v -0.493445 0.084173 -0.719437
v -0.493445 0.097851 -0.710133
v -0.500000 0.031898 -0.733074
v -0.500000 0.131853 -0.666667
v -0.500000 0.150944 -0.666667
v -0.500000 0.060597 -0.733333
v -0.493445 0.150375 -0.666667
v -0.493445 0.059930 -0.733333
v -0.500000 0.031333 -0.733333
v 0.500000 0.084322 -0.719798
v 0.500000 0.068396 -0.729314
v 0.500000 0.046395 -0.726057
v 0.500000 0.059540 -0.719331
v 0.500000 0.140613 -0.676439
v 0.500000 0.125880 -0.689193
v 0.500000 0.078122 -0.708439
v 0.500000 0.092215 -0.698955
v 0.500000 0.098008 -0.710500
v 0.500000 0.112629 -0.699677
v 0.500000 0.105785 -0.688725
v 0.500000 0.118082 -0.678815
v 0.500000 0.131756 -0.666759
v 0.493445 0.140372 -0.676132
v 0.493445 0.125667 -0.688864
v 0.493445 0.112443 -0.699329
v 0.493445 0.084173 -0.719437
v 0.493445 0.068230 -0.728997
v 0.493445 0.097851 -0.710133
v 0.500000 0.031898 -0.733074
v 0.493445 0.150375 -0.666667
v 0.493445 0.059930 -0.733333
v -0.498016 -0.065989 -0.733333
v -0.498016 -0.065989 -0.666667
v -0.491712 -0.039898 -0.733333
v -0.491712 -0.039898 -0.666667
v -0.500000 -0.039674 -0.666667
v -0.500000 -0.039674 -0.733333
v 0.498016 -0.065989 -0.666667
v 0.498016 -0.065989 -0.733333
v 0.491712 -0.039898 -0.733333
v 0.491712 -0.039898 -0.666667
v -0.493739 0.239841 -0.514928
v -0.493739 0.242749 -0.504863
v -0.500000 0.242973 -0.504869
v -0.500000 0.240063 -0.514943
v -0.493739 0.242749 -0.493460
v -0.493739 0.239841 -0.482793
v -0.500000 0.240063 -0.482776
v -0.500000 0.242973 -0.493454
v -0.500000 0.220365 -0.526177
v -0.500000 0.224055 -0.514104
v -0.500000 0.227744 -0.498421
v -0.500000 0.226756 -0.493792
v -0.500000 0.224055 -0.483699
v -0.493739 0.243813 -0.498352
v -0.500000 0.244038 -0.498351
v -0.500000 0.226756 -0.504581
v -0.493739 0.235869 -0.527688
v -0.500000 0.236087 -0.527716
v -0.493739 0.243813 -0.500191
v -0.500000 0.244038 -0.500192
v -0.500000 0.227744 -0.500161
v -0.500000 0.227570 -0.500940
v -0.500000 0.220365 -0.470847
v -0.493739 0.235869 -0.469211
v -0.500000 0.236087 -0.469180
v -0.493445 0.243594 -0.498353
v -0.493445 0.242531 -0.493464
v -0.493445 0.239626 -0.482806
v -0.493445 0.235659 -0.469233
v -0.493445 0.235659 -0.527667
v -0.493445 0.239626 -0.514916
v -0.493445 0.242531 -0.504859
v -0.493445 0.243594 -0.500191
v -0.493445 0.234888 -0.466667
v -0.493445 0.233844 -0.533333
v -0.500000 0.234288 -0.533333
v -0.493739 0.234061 -0.533333
v -0.500000 0.235332 -0.466667
v -0.493739 0.235105 -0.466667
v -0.501397 0.162241 -0.500503
v -0.500698 0.162476 -0.500504
v -0.500698 0.162476 -0.500504
v -0.500698 0.158091 -0.513876
v -0.500698 0.158157 -0.487078
v -0.630304 0.162241 -0.500503
v 0.500000 0.242973 -0.504869
v 0.493739 0.242749 -0.504863
v 0.493739 0.239841 -0.514928
v 0.500000 0.240063 -0.514943
v 0.500000 0.240063 -0.482776
v 0.493739 0.239841 -0.482793
v 0.493739 0.242749 -0.493460
v 0.500000 0.242973 -0.493454
v 0.500000 0.220365 -0.526177
v 0.500000 0.224055 -0.514104
v 0.500000 0.227744 -0.498421
v 0.500000 0.226756 -0.493792
v 0.500000 0.224055 -0.483699
v 0.493739 0.243813 -0.498352
v 0.500000 0.244038 -0.498351
v 0.500000 0.226756 -0.504581
v 0.493739 0.235869 -0.527688
v 0.500000 0.236087 -0.527716
v 0.493739 0.243813 -0.500191
v 0.500000 0.244038 -0.500192
v 0.500000 0.227744 -0.500161
v 0.500000 0.227570 -0.500940
v 0.500000 0.220365 -0.470847
v 0.500000 0.236087 -0.469180
v 0.493739 0.235869 -0.469211
v 0.493445 0.242531 -0.493464
v 0.493445 0.243594 -0.498353
v 0.493445 0.239626 -0.482806
v 0.493445 0.235659 -0.469233
v 0.493445 0.239626 -0.514916
v 0.493445 0.235659 -0.527667
v 0.493445 0.242531 -0.504859
v 0.493445 0.243594 -0.500191
v 0.493445 0.234888 -0.466667
v 0.493445 0.233844 -0.533333
v 0.493739 0.234061 -0.533333
v 0.493739 0.235105 -0.466667
v 0.501397 0.162241 -0.500503
v 0.500698 0.158091 -0.513876
v 0.500698 0.162476 -0.500504
v 0.500698 0.162476 -0.500504
v 0.500698 0.158157 -0.487078
v 0.630304 0.162241 -0.500503
v -0.500000 0.068396 -0.273048
v -0.500000 0.084322 -0.282903
v -0.500000 0.079513 -0.294768
v -0.500000 0.064732 -0.285453
v -0.500000 0.092215 -0.303746
v -0.500000 0.112630 -0.303364
v -0.500000 0.125880 -0.313920
v -0.500000 0.140613 -0.326664
v -0.500000 0.118082 -0.324087
v -0.500000 0.105785 -0.314109
v -0.500000 0.098008 -0.292401
v -0.500000 0.051833 -0.278297
v -0.500000 0.037898 -0.271326
v -0.493445 0.125667 -0.314243
v -0.493445 0.112443 -0.303706
v -0.493445 0.140372 -0.326965
v -0.493445 0.097851 -0.292762
v -0.493445 0.084191 -0.283280
v -0.493445 0.068296 -0.273443
v -0.500000 0.128577 -0.333333
v -0.500000 0.056680 -0.266667
v -0.500000 0.147717 -0.333333
v -0.500000 0.026531 -0.266667
v -0.493445 0.147154 -0.333333
v -0.493445 0.055859 -0.266667
v 0.500000 0.068396 -0.273048
v 0.500000 0.084322 -0.282903
v 0.500000 0.079513 -0.294768
v 0.500000 0.064732 -0.285453
v 0.500000 0.092215 -0.303746
v 0.500000 0.112630 -0.303364
v 0.500000 0.125880 -0.313920
v 0.500000 0.140613 -0.326664
v 0.500000 0.118082 -0.324087
v 0.500000 0.105785 -0.314109
v 0.500000 0.098008 -0.292401
v 0.500000 0.051833 -0.278297
v 0.500000 0.037898 -0.271326
v 0.493445 0.112443 -0.303706
v 0.493445 0.125667 -0.314243
v 0.493445 0.140372 -0.326965
v 0.493445 0.084191 -0.283280
v 0.493445 0.097851 -0.292762
v 0.493445 0.068296 -0.273443
v 0.493445 0.147154 -0.333333
v 0.493445 0.055859 -0.266667
v -0.491712 -0.039898 -0.333333
v -0.491712 -0.039898 -0.266667
v -0.498016 -0.065989 -0.266667
v -0.498016 -0.065989 -0.333333
v -0.500000 -0.039674 -0.266667
v -0.500000 -0.039674 -0.333333
v 0.491712 -0.039898 -0.266667
v 0.491712 -0.039898 -0.333333
v 0.498016 -0.065989 -0.333333
v 0.498016 -0.065989 -0.266667
v -0.500698 0.142404 -0.552761
v -0.500698 0.119148 -0.587644
v -0.500698 0.127757 -0.576596
v -0.500698 0.135547 -0.564954
v -0.500698 0.109622 -0.597907
v -0.500698 0.107412 -0.600000
v -0.500000 0.215339 -0.542158
v -0.500000 0.209875 -0.556890
v -0.500000 0.202327 -0.573675
v -0.500000 0.194717 -0.588016
v 0.500000 0.224784 -0.560206
v 0.493739 0.224578 -0.560146
v 0.493739 0.216453 -0.577886
v 0.500000 0.216651 -0.577964
v 0.500000 0.230671 -0.544621
v 0.493739 0.230459 -0.544577
v 0.500000 0.194717 -0.588016
v 0.500000 0.202327 -0.573675
v 0.500000 0.209875 -0.556890
v 0.493739 0.208262 -0.593042
v 0.500000 0.208452 -0.593136
v 0.500000 0.215339 -0.542158
v 0.493445 0.216261 -0.577827
v 0.493445 0.208077 -0.592973
v 0.493445 0.224378 -0.560101
v 0.493445 0.230253 -0.544543
v 0.493739 0.204072 -0.600000
v 0.493739 0.234061 -0.533333
v 0.493445 0.233844 -0.533333
v 0.493445 0.203847 -0.600000
v 0.500698 0.142404 -0.552761
v 0.500698 0.127757 -0.576596
v 0.500698 0.119148 -0.587644
v 0.500698 0.135547 -0.564954
v 0.500698 0.109622 -0.597907
v 0.500698 0.107412 -0.600000
v -0.493739 0.216453 -0.577886
v -0.493739 0.224578 -0.560146
v -0.500000 0.224784 -0.560206
v -0.500000 0.216651 -0.577964
v -0.493739 0.230459 -0.544577
v -0.500000 0.230671 -0.544621
v -0.493739 0.208262 -0.593042
v -0.500000 0.208452 -0.593136
v -0.493445 0.208077 -0.592973
v -0.493445 0.216261 -0.577827
v -0.493445 0.224378 -0.560101
v -0.493445 0.230253 -0.544543
v -0.500000 0.187631 -0.600000
v -0.493739 0.204072 -0.600000
v -0.500000 0.204318 -0.600000
v -0.500000 0.234288 -0.533333
v -0.493739 0.234061 -0.533333
v -0.500000 0.218114 -0.533333
v -0.493445 0.233844 -0.533333
v -0.493445 0.203847 -0.600000
v 0.497723 -0.353225 -0.340092
v 0.497976 -0.354321 -0.339306
v 0.491954 -0.328766 -0.345204
v 0.491712 -0.346264 -0.345831
v 0.491856 -0.346733 -0.345708
v 0.491712 -0.329616 -0.345831
v 0.491955 -0.328766 -0.333333
v 0.497976 -0.354321 -0.660694
v 0.497723 -0.353225 -0.659909
v 0.491712 -0.329617 -0.654170
v 0.491712 -0.346264 -0.654170
v 0.491856 -0.346733 -0.654293
v 0.491954 -0.328766 -0.654796
v 0.491955 -0.328766 -0.666667
v 0.500000 0.010390 -0.247882
v 0.500000 0.025781 -0.252463
v 0.500000 0.009529 -0.261547
v 0.500000 -0.003863 -0.259261
v 0.500000 -0.002566 -0.245588
v 0.500000 0.039483 -0.258103
v 0.500000 0.054498 -0.265478
v 0.500000 0.024814 -0.265963
v 0.493445 -0.002964 -0.245993
v 0.493445 0.010185 -0.248302
v 0.493445 0.025706 -0.252888
v 0.493445 0.039440 -0.258523
v 0.493445 0.054425 -0.265885
v 0.493323 -0.039674 -0.243552
v 0.493323 -0.039674 -0.251787
v 0.493332 -0.039674 -0.251822
v 0.500000 0.056680 -0.266667
v 0.493445 0.055859 -0.266667
v 0.493445 -0.039674 -0.243135
v 0.493445 -0.039674 -0.243135
v 0.493739 -0.039674 -0.242955
v 0.500000 -0.039674 -0.242786
v 0.500000 -0.039674 -0.242786
v 0.493739 -0.039674 -0.242955
v 0.500000 -0.039696 -0.256222
v 0.500000 -0.039674 -0.256223
v 0.500000 -0.039674 -0.256223
v 0.496618 -0.039674 -0.254273
v -0.493739 -0.039674 -0.242955
v -0.493445 -0.039674 -0.243135
v -0.493445 -0.039674 -0.243135
v -0.493739 -0.039674 -0.242955
v -0.500000 -0.039674 -0.242786
v -0.500000 -0.039674 -0.242786
v -0.500000 0.010390 -0.247882
v -0.500000 0.025781 -0.252463
v -0.500000 0.009529 -0.261547
v -0.500000 -0.003863 -0.259261
v -0.500000 -0.002566 -0.245588
v -0.500000 0.039483 -0.258103
v -0.500000 0.054498 -0.265478
v -0.500000 0.024814 -0.265963
v -0.493445 0.010185 -0.248302
v -0.493445 -0.002964 -0.245993
v -0.493445 0.025706 -0.252888
v -0.493445 0.039440 -0.258523
v -0.493445 0.054425 -0.265885
v -0.493323 -0.039674 -0.251787
v -0.493323 -0.039674 -0.243552
v -0.493332 -0.039674 -0.251822
v -0.500000 0.056680 -0.266667
v -0.500000 0.026531 -0.266667
v -0.493445 0.055859 -0.266667
v -0.500000 -0.039674 -0.256223
v -0.500000 -0.039674 -0.256223
v -0.496618 -0.039674 -0.254273
v -0.500000 -0.039696 -0.256222
v -0.500000 -0.039674 -0.266667
v -0.500000 -0.039674 -0.256075
v -0.491712 -0.039898 -0.266667
v -0.491712 -0.039898 -0.200000
v -0.498016 -0.065989 -0.200000
v -0.498016 -0.065989 -0.266667
v -0.491962 -0.328761 -0.200000
v -0.491959 -0.328763 -0.266667
v -0.500000 -0.355153 -0.200000
v -0.500000 -0.355153 -0.266667
v -0.500000 -0.066207 -0.247590
v -0.500000 -0.328619 -0.247590
v -0.500000 -0.328619 -0.200000
v -0.500000 -0.066207 -0.200000
v -0.503512 -0.328619 -0.251998
v -0.501756 -0.328619 -0.251407
v -0.501756 -0.328619 -0.251407
v -0.501756 -0.066207 -0.251407
v -0.501756 -0.066207 -0.251407
v -0.503512 -0.066207 -0.251998
v -0.500470 -0.328619 -0.249794
v -0.500470 -0.066207 -0.249794
v -0.630304 -0.066207 -0.251998
v -0.630304 -0.328619 -0.251998
v -0.500000 -0.039674 -0.242820
v -0.500000 -0.039674 -0.200000
v 0.491712 -0.039898 -0.200000
v 0.491712 -0.039898 -0.266667
v 0.498016 -0.065989 -0.266667
v 0.498016 -0.065989 -0.200000
v 0.491959 -0.328763 -0.266667
v 0.491962 -0.328761 -0.200000
v 0.500000 -0.355153 -0.266667
v 0.500000 -0.355153 -0.200000
v 0.500000 -0.328619 -0.247590
v 0.500000 -0.066207 -0.247590
v 0.500000 -0.066207 -0.200000
v 0.500000 -0.328619 -0.200000
v 0.501756 -0.328619 -0.251407
v 0.501756 -0.328619 -0.251407
v 0.503512 -0.328619 -0.251998
v 0.503512 -0.066207 -0.251998
v 0.501756 -0.066207 -0.251407
v 0.501756 -0.066207 -0.251407
v 0.500470 -0.328619 -0.249794
v 0.500470 -0.066207 -0.249794
v 0.630304 -0.328619 -0.251998
v 0.630304 -0.066207 -0.251998
v 0.500000 -0.039674 -0.242820
v 0.500000 -0.039674 -0.200000
v 0.500000 -0.039674 -0.256075
v 0.500000 -0.500000 -0.866667
v -0.498016 -0.065989 -0.800000
v -0.498016 -0.065989 -0.866667
v -0.491712 -0.039898 -0.800000
v -0.491712 -0.039898 -0.866667
v -0.500000 -0.039674 -0.800000
v -0.500000 -0.039674 -0.866667
v -0.491962 -0.328761 -0.800000
v -0.491966 -0.328758 -0.866667
v -0.500000 -0.328620 -0.800000
v -0.500000 -0.328620 -0.866667
v -0.500000 -0.355153 -0.866667
v -0.500000 -0.355153 -0.800000
v -0.500000 -0.066207 -0.800000
v -0.500000 -0.066207 -0.866667
v 0.498016 -0.065989 -0.800000
v 0.498016 -0.065989 -0.866667
v 0.491712 -0.039898 -0.866667
v 0.491712 -0.039898 -0.800000
v 0.500000 -0.039674 -0.800000
v 0.500000 -0.039674 -0.866667
v 0.491966 -0.328758 -0.866667
v 0.491962 -0.328761 -0.800000
v 0.500000 -0.328620 -0.800000
v 0.500000 -0.328620 -0.866667
v 0.500000 -0.355153 -0.800000
v 0.500000 -0.355153 -0.866667
v 0.500000 -0.066207 -0.866667
v 0.500000 -0.066207 -0.800000
v -0.500000 -0.500000 -0.866667
v -0.498016 -0.065989 -0.866667
v -0.498016 -0.065989 -0.933333
v -0.491712 -0.039898 -0.866667
v -0.491712 -0.039898 -0.933333
v -0.500000 -0.039674 -0.866667
v -0.500000 -0.039674 -0.933333
v -0.491966 -0.328758 -0.866667
v -0.491969 -0.328756 -0.933333
v -0.500000 -0.328620 -0.866667
v -0.500000 -0.328620 -0.933333
v -0.500000 -0.355153 -0.933333
v -0.500000 -0.355153 -0.866667
v -0.500000 -0.066207 -0.866667
v -0.500000 -0.066207 -0.933333
v 0.498016 -0.065989 -0.866667
v 0.498016 -0.065989 -0.933333
v 0.491712 -0.039898 -0.933333
v 0.491712 -0.039898 -0.866667
v 0.500000 -0.039674 -0.933333
v 0.500000 -0.039674 -0.866667
v 0.491969 -0.328756 -0.933333
v 0.491966 -0.328758 -0.866667
v 0.500000 -0.328620 -0.933333
v 0.500000 -0.328620 -0.866667
v 0.500000 -0.355153 -0.866667
v 0.500000 -0.355153 -0.933333
v 0.500000 -0.066207 -0.933333
v 0.500000 -0.066207 -0.866667
v -0.500000 -0.500000 -0.933333
v -0.498016 -0.065989 -0.933333
v -0.498016 -0.065989 -1.000000
v -0.491712 -0.039898 -0.933333
v -0.491712 -0.039898 -1.000000
v -0.500000 -0.039674 -0.933333
v -0.500000 -0.039674 -1.000000
v -0.491969 -0.328756 -0.933333
v -0.491973 -0.328753 -1.000000
v -0.500000 -0.328620 -0.933333
v -0.500000 -0.328620 -1.000000
v -0.500000 -0.355153 -1.000000
v -0.500000 -0.355153 -0.933333
v -0.500000 -0.066207 -0.933333
v -0.500000 -0.066207 -1.000000
v 0.498016 -0.065989 -0.933333
v 0.498016 -0.065989 -1.000000
v 0.491712 -0.039898 -1.000000
v 0.491712 -0.039898 -0.933333
v 0.500000 -0.039674 -1.000000
v 0.500000 -0.039674 -0.933333
v 0.491969 -0.328756 -0.933333
v 0.491973 -0.328753 -1.000000
v 0.500000 -0.328620 -1.000000
v 0.500000 -0.328620 -0.933333
v 0.500000 -0.355153 -0.933333
v 0.500000 -0.355153 -1.000000
v 0.500000 -0.066207 -0.933333
v 0.500000 -0.066207 -1.000000
v 0.500000 0.500000 -0.000000
v -0.491712 -0.039897 -0.066667
v -0.491712 -0.039897 0.000000
v -0.498016 -0.065989 0.000000
v -0.498016 -0.065989 -0.066667
v -0.491969 -0.328756 -0.066667
v -0.491973 -0.328753 0.000000
v -0.500000 -0.355153 -0.066667
v -0.500000 -0.355153 0.000000
v -0.500000 -0.066207 -0.066667
v -0.500000 -0.328619 -0.066667
v -0.500000 -0.328619 0.000000
v -0.500000 -0.066207 0.000000
v -0.500000 -0.039674 -0.066667
v -0.500000 -0.039674 0.000000
v 0.491712 -0.039897 0.000000
v 0.491712 -0.039897 -0.066667
v 0.498016 -0.065989 -0.066667
v 0.498016 -0.065989 0.000000
v 0.491969 -0.328756 -0.066667
v 0.491973 -0.328753 0.000000
v 0.500000 -0.355153 -0.066667
v 0.500000 -0.355153 0.000000
v 0.500000 -0.066207 -0.066667
v 0.500000 -0.066207 0.000000
v 0.500000 -0.328619 0.000000
v 0.500000 -0.328619 -0.066667
v 0.500000 -0.039674 0.000000
v 0.500000 -0.039674 -0.066667
v -0.500000 -0.039674 -0.748968
v -0.500000 -0.039674 -0.748968
v -0.500000 -0.039674 -0.749368
v -0.497391 -0.039674 -0.760739
v -0.493739 -0.039674 -0.760739
v -0.493445 -0.039674 -0.760589
v -0.493445 -0.039674 -0.760589
v -0.493323 -0.039674 -0.760226
v -0.493323 -0.039674 -0.753013
v -0.493445 -0.039674 -0.752586
v -0.493739 -0.039674 -0.752280
v -0.500000 0.026974 -0.735333
v -0.500000 0.031333 -0.733333
v -0.500000 -0.028514 -0.749269
v -0.500000 -0.011976 -0.748008
v -0.500000 0.001761 -0.744761
v -0.500000 0.017395 -0.739729
v -0.500000 -0.039674 -0.746956
v -0.500000 -0.039674 -0.746700
v 0.500000 0.026974 -0.735333
v 0.500000 -0.039674 -0.746700
v 0.500000 -0.039674 -0.746956
v 0.500000 -0.500000 -0.800000
v -0.498016 -0.065989 -0.800000
v -0.498016 -0.065989 -0.733333
v -0.491712 -0.039898 -0.800000
v -0.491712 -0.039898 -0.733333
v -0.500000 -0.039674 -0.760828
v -0.500000 -0.039674 -0.800000
v -0.500000 -0.039674 -0.733333
v -0.491959 -0.328763 -0.733333
v -0.491962 -0.328761 -0.800000
v -0.630304 -0.328620 -0.748003
v -0.503512 -0.328620 -0.748003
v -0.501756 -0.328620 -0.748593
v -0.501756 -0.328620 -0.748593
v -0.500470 -0.328620 -0.750207
v -0.500000 -0.328620 -0.752411
v -0.500000 -0.328620 -0.800000
v -0.500000 -0.355153 -0.733333
v -0.500000 -0.355153 -0.800000
v -0.500000 -0.066207 -0.752411
v -0.500000 -0.066207 -0.800000
v -0.630304 -0.066207 -0.748003
v -0.503512 -0.066207 -0.748003
v -0.501756 -0.066207 -0.748593
v -0.501756 -0.066207 -0.748593
v -0.500470 -0.066207 -0.750207
v -0.500000 -0.039674 -0.760739
v -0.500000 -0.024804 -0.761271
v -0.500000 -0.008275 -0.760057
v -0.500000 0.009017 -0.756530
v -0.500000 0.023017 -0.751316
v -0.500000 0.037112 -0.744607
v -0.500000 0.051220 -0.738166
v 0.498016 -0.065989 -0.733333
v 0.498016 -0.065989 -0.800000
v 0.491712 -0.039898 -0.800000
v 0.491712 -0.039898 -0.733333
v 0.500000 -0.039674 -0.748968
v 0.500000 -0.039674 -0.748968
v 0.500000 -0.039674 -0.800000
v 0.500000 -0.039674 -0.760828
v 0.497391 -0.039674 -0.760739
v 0.493739 -0.039674 -0.760739
v 0.493445 -0.039674 -0.760589
v 0.493445 -0.039674 -0.760589
v 0.493323 -0.039674 -0.760226
v 0.493323 -0.039674 -0.753013
v 0.493445 -0.039674 -0.752586
v 0.493739 -0.039674 -0.752280
v 0.491962 -0.328761 -0.800000
v 0.491959 -0.328763 -0.733333
v 0.500000 -0.328620 -0.800000
v 0.500000 -0.328620 -0.752411
v 0.500470 -0.328620 -0.750207
v 0.501756 -0.328620 -0.748593
v 0.501756 -0.328620 -0.748593
v 0.503512 -0.328620 -0.748003
v 0.630304 -0.328620 -0.748003
v 0.500000 -0.355153 -0.733333
v 0.500000 -0.355153 -0.800000
v 0.500000 -0.028514 -0.749269
v 0.500000 -0.011976 -0.748008
v 0.500000 0.001761 -0.744761
v 0.500000 0.017395 -0.739729
v 0.500000 -0.066207 -0.800000
v 0.500000 -0.066207 -0.752411
v 0.503512 -0.066207 -0.748003
v 0.630304 -0.066207 -0.748003
v 0.501756 -0.066207 -0.748593
v 0.501756 -0.066207 -0.748593
v 0.500470 -0.066207 -0.750207
v 0.500000 -0.039674 -0.760739
v 0.500000 0.051220 -0.738166
v 0.500000 0.037112 -0.744607
v 0.500000 0.023017 -0.751316
v 0.500000 0.009017 -0.756530
v 0.500000 -0.008275 -0.760057
v 0.500000 -0.024804 -0.761271
v -0.493445 0.022965 -0.751147
v -0.493445 0.008925 -0.756380
v -0.493445 0.051209 -0.737890
v -0.493445 0.037085 -0.744404
v -0.493445 -0.008325 -0.759902
v -0.493445 -0.024904 -0.761111
v -0.500000 0.060597 -0.733333
v -0.493445 0.059930 -0.733333
v -0.493445 -0.039824 -0.760583
v 0.500000 -0.039674 -0.749368
v 0.500000 0.031333 -0.733333
v 0.493445 0.008925 -0.756380
v 0.493445 0.022965 -0.751147
v 0.493445 0.051209 -0.737890
v 0.493445 0.037085 -0.744404
v 0.493445 -0.008325 -0.759902
v 0.493445 -0.024904 -0.761111
v 0.493445 0.059930 -0.733333
v 0.493445 -0.039824 -0.760583
v -0.491712 -0.039898 -0.200000
v -0.491712 -0.039898 -0.133333
v -0.498016 -0.065989 -0.133333
v -0.498016 -0.065989 -0.200000
v -0.491966 -0.328758 -0.133333
v -0.491962 -0.328761 -0.200000
v -0.500000 -0.355153 -0.200000
v -0.500000 -0.355153 -0.133333
v -0.500000 -0.066207 -0.133333
v -0.500000 -0.066207 -0.200000
v -0.500000 -0.328619 -0.200000
v -0.500000 -0.328619 -0.133333
v -0.500000 -0.039674 -0.200000
v -0.500000 -0.039674 -0.133333
v 0.491712 -0.039898 -0.133333
v 0.491712 -0.039898 -0.200000
v 0.498016 -0.065989 -0.200000
v 0.498016 -0.065989 -0.133333
v 0.491962 -0.328761 -0.200000
v 0.491966 -0.328758 -0.133333
v 0.500000 -0.355153 -0.200000
v 0.500000 -0.355153 -0.133333
v 0.500000 -0.066207 -0.200000
v 0.500000 -0.066207 -0.133333
v 0.500000 -0.328619 -0.133333
v 0.500000 -0.328619 -0.200000
v 0.500000 -0.039674 -0.200000
v 0.500000 -0.039674 -0.133333
v -0.491712 -0.039898 -0.133333
v -0.491712 -0.039897 -0.066667
v -0.498016 -0.065989 -0.066667
v -0.498016 -0.065989 -0.133333
v -0.491966 -0.328758 -0.133333
v -0.491969 -0.328756 -0.066667
v -0.500000 -0.355153 -0.066667
v -0.500000 -0.355153 -0.133333
v -0.500000 -0.066207 -0.066667
v -0.500000 -0.066207 -0.133333
v -0.500000 -0.328619 -0.133333
v -0.500000 -0.328619 -0.066667
v -0.500000 -0.039674 -0.066667
v -0.500000 -0.039674 -0.133333
v 0.491712 -0.039897 -0.066667
v 0.491712 -0.039898 -0.133333
v 0.498016 -0.065989 -0.133333
v 0.498016 -0.065989 -0.066667
v 0.491966 -0.328758 -0.133333
v 0.491969 -0.328756 -0.066667
v 0.500000 -0.355153 -0.133333
v 0.500000 -0.355153 -0.066667
v 0.500000 -0.328619 -0.066667
v 0.500000 -0.328619 -0.133333
v 0.500000 -0.066207 -0.133333
v 0.500000 -0.066207 -0.066667
v 0.500000 -0.039674 -0.066667
v 0.500000 -0.039674 -0.133333
v -0.630304 -0.355153 -0.330630
v -0.503834 -0.355153 -0.330630
v -0.500000 -0.355153 -0.326796
v -0.500513 -0.355153 -0.328713
v -0.501917 -0.500000 -0.330117
v -0.501917 -0.355153 -0.330117
v -0.501917 -0.355153 -0.330117
v -0.491959 -0.328763 -0.266667
v -0.491955 -0.328766 -0.333333
v -0.500000 -0.355153 -0.266667
v 0.630304 -0.355153 -0.330630
v 0.503834 -0.355153 -0.330630
v 0.500000 -0.355153 -0.326796
v 0.500513 -0.355153 -0.328713
v 0.501917 -0.500000 -0.330117
v 0.501917 -0.355153 -0.330117
v 0.501917 -0.355153 -0.330117
v 0.491955 -0.328766 -0.333333
v 0.491959 -0.328763 -0.266667
v 0.500000 -0.355153 -0.266667
v -0.500513 -0.500000 -0.672166
v 0.500513 -0.500000 -0.672166
v -0.630304 -0.500000 -0.670249
v -0.491955 -0.328766 -0.666667
v -0.491959 -0.328763 -0.733333
v -0.500000 -0.355153 -0.733333
v -0.500000 -0.355153 -0.674084
v -0.500513 -0.355153 -0.672166
v -0.500513 -0.355153 -0.672166
v -0.501917 -0.355153 -0.670763
v -0.503834 -0.355153 -0.670249
v -0.630304 -0.355153 -0.670249
v 0.491959 -0.328763 -0.733333
v 0.491955 -0.328766 -0.666667
v 0.630304 -0.355153 -0.670249
v 0.503834 -0.355153 -0.670249
v 0.501917 -0.355153 -0.670763
v 0.500513 -0.355153 -0.672166
v 0.500513 -0.355153 -0.672166
v 0.500000 -0.355153 -0.674084
v 0.500000 -0.355153 -0.733333
v -0.496015 -0.060513 -0.656693
v -0.630304 -0.060513 -0.656693
v -0.497476 -0.062358 -0.658295
v -0.498484 -0.065526 -0.660357
v -0.492102 -0.058589 -0.655293
v -0.492020 -0.058215 -0.654368
v -0.492020 -0.058215 -0.654368
v -0.491700 -0.058172 -0.655044
v -0.492744 -0.058232 -0.654112
v -0.493345 -0.058794 -0.654601
v -0.496942 -0.062358 -0.658585
v -0.496942 -0.062358 -0.658585
v -0.496721 -0.062358 -0.659286
v -0.495238 -0.060513 -0.657683
v -0.630304 -0.058794 -0.654601
v -0.630304 -0.065526 -0.660357
v -0.492102 -0.058589 -0.666667
v -0.495238 -0.060513 -0.666667
v -0.493739 0.180042 -0.618656
v -0.493739 0.168580 -0.633636
v -0.493739 0.189184 -0.604850
v -0.493739 0.157871 -0.645778
v -0.493739 0.145748 -0.658168
v -0.493739 0.145748 -0.658168
v -0.493739 0.152748 -0.664669
v -0.500000 0.152882 -0.664833
v -0.493445 0.152617 -0.664546
v -0.493739 0.136880 -0.666667
v -0.493739 0.192068 -0.600000
v 0.496015 -0.060513 -0.656693
v 0.630304 -0.060513 -0.656693
v 0.497476 -0.062358 -0.658295
v 0.497976 -0.065602 -0.660694
v 0.498484 -0.065526 -0.660357
v 0.492102 -0.058589 -0.655293
v 0.491700 -0.058172 -0.655044
v 0.492020 -0.058215 -0.654368
v 0.492020 -0.058215 -0.654368
v 0.492744 -0.058232 -0.654112
v 0.493345 -0.058794 -0.654601
v 0.496721 -0.062358 -0.659286
v 0.496942 -0.062358 -0.658585
v 0.496942 -0.062358 -0.658585
v 0.495238 -0.060513 -0.657683
v 0.630304 -0.058794 -0.654601
v 0.630304 -0.065526 -0.660357
v 0.492102 -0.058589 -0.666667
v 0.495238 -0.060513 -0.666667
v 0.493739 0.168580 -0.633636
v 0.493739 0.180042 -0.618656
v 0.493739 0.189184 -0.604850
v 0.493739 0.145748 -0.658168
v 0.493739 0.145748 -0.658168
v 0.493739 0.157871 -0.645778
v 0.493739 0.152748 -0.664669
v 0.493445 0.152617 -0.664546
v 0.493739 0.136880 -0.666667
v 0.493739 0.192068 -0.600000
v -0.492219 -0.347618 -0.344708
v -0.491902 -0.347272 -0.344837
v -0.492232 -0.347274 -0.345476
v -0.492232 -0.347274 -0.345476
v -0.496015 -0.349459 -0.343307
v -0.630304 -0.349459 -0.343307
v -0.496942 -0.351304 -0.341415
v -0.496942 -0.351304 -0.341415
v -0.497476 -0.351304 -0.341705
v -0.492263 -0.328743 -0.345551
v -0.630304 -0.328743 -0.345551
v -0.492142 -0.329142 -0.345931
v -0.498485 -0.354674 -0.339314
v -0.498029 -0.354551 -0.339190
v -0.498029 -0.354551 -0.339190
v -0.491992 -0.328807 -0.345466
v -0.493461 -0.347823 -0.345400
v -0.492933 -0.347304 -0.345728
v -0.630304 -0.354674 -0.339314
v -0.630304 -0.347823 -0.345400
v -0.491753 -0.329263 -0.345771
v -0.491753 -0.329263 -0.345771
v -0.495238 -0.349459 -0.342318
v -0.497903 -0.354635 -0.338589
v -0.496721 -0.351304 -0.340715
v -0.497903 -0.354636 -0.333333
v -0.495238 -0.349459 -0.333333
v -0.492221 -0.347618 -0.333333
v -0.493461 -0.347823 -0.654601
v -0.492219 -0.347618 -0.655292
v -0.496015 -0.349459 -0.656693
v -0.495238 -0.349459 -0.657683
v -0.496942 -0.351304 -0.658585
v -0.496942 -0.351304 -0.658585
v -0.497476 -0.351304 -0.658295
v -0.496721 -0.351304 -0.659286
v -0.498485 -0.354674 -0.660686
v -0.630304 -0.354674 -0.660686
v -0.492933 -0.347304 -0.654272
v -0.492232 -0.347274 -0.654525
v -0.492232 -0.347274 -0.654525
v -0.630304 -0.347823 -0.654601
v -0.491753 -0.329263 -0.654230
v -0.491753 -0.329263 -0.654230
v -0.491902 -0.347272 -0.655163
v -0.491992 -0.328807 -0.654534
v -0.492263 -0.328743 -0.654450
v -0.492142 -0.329142 -0.654069
v -0.497903 -0.354635 -0.661412
v -0.498029 -0.354551 -0.660810
v -0.498029 -0.354551 -0.660810
v -0.630304 -0.349459 -0.656693
v -0.630304 -0.328743 -0.654450
v -0.497903 -0.354636 -0.666667
v -0.495238 -0.349459 -0.666667
v -0.492221 -0.347618 -0.666667
v -0.493739 0.165531 -0.351083
v -0.493739 0.168580 -0.368556
v -0.493739 0.180042 -0.382341
v -0.493739 0.189184 -0.394596
v -0.493739 0.145748 -0.344695
v -0.493739 0.145748 -0.344695
v -0.493739 0.157871 -0.356933
v -0.493739 0.134125 -0.333642
v -0.493445 0.165388 -0.351193
v -0.493739 0.133773 -0.333333
v -0.493739 0.192893 -0.400000
v 0.493345 -0.058794 -0.344597
v 0.492102 -0.058589 -0.343906
v 0.498484 -0.065526 -0.338841
v 0.496015 -0.060513 -0.342505
v 0.495238 -0.060513 -0.341515
v 0.496942 -0.062358 -0.340613
v 0.496942 -0.062358 -0.340613
v 0.497476 -0.062358 -0.340903
v 0.496721 -0.062358 -0.339912
v 0.630304 -0.065526 -0.338841
v 0.492744 -0.058232 -0.345086
v 0.630304 -0.058794 -0.344597
v 0.492020 -0.058215 -0.344830
v 0.492020 -0.058215 -0.344830
v 0.491700 -0.058172 -0.344154
v 0.630304 -0.060513 -0.342505
v 0.492102 -0.058589 -0.333333
v 0.495238 -0.060513 -0.333333
v 0.493739 0.165531 -0.351083
v 0.493739 0.180042 -0.382341
v 0.493739 0.168580 -0.368556
v 0.493739 0.189184 -0.394596
v 0.493739 0.157871 -0.356933
v 0.493739 0.145748 -0.344695
v 0.493739 0.145748 -0.344695
v 0.493739 0.134125 -0.333642
v 0.493445 0.165388 -0.351193
v 0.493739 0.133773 -0.333333
v 0.493739 0.192893 -0.400000
v -0.493345 -0.058794 -0.344597
v -0.492102 -0.058589 -0.343906
v -0.498484 -0.065526 -0.338841
v -0.496015 -0.060513 -0.342505
v -0.495238 -0.060513 -0.341515
v -0.496942 -0.062358 -0.340613
v -0.496942 -0.062358 -0.340613
v -0.497476 -0.062358 -0.340903
v -0.496721 -0.062358 -0.339912
v -0.630304 -0.065526 -0.338841
v -0.492744 -0.058232 -0.345086
v -0.630304 -0.058794 -0.344597
v -0.492020 -0.058215 -0.344830
v -0.492020 -0.058215 -0.344830
v -0.491700 -0.058172 -0.344154
v -0.630304 -0.060513 -0.342505
v -0.492102 -0.058589 -0.333333
v -0.495238 -0.060513 -0.333333
v -0.493739 0.198391 -0.408011
v -0.493739 0.206158 -0.421262
v -0.493739 0.213863 -0.437768
v -0.493739 0.219440 -0.453107
v -0.493739 0.192893 -0.400000
v -0.493739 0.223461 -0.466667
v -0.500698 0.148910 -0.460787
v -0.500210 0.149364 -0.460682
v -0.501397 0.107817 -0.404632
v -0.630304 0.107817 -0.404632
v -0.500242 0.151684 -0.466667
v 0.493739 0.206158 -0.421262
v 0.493739 0.198391 -0.408011
v 0.493739 0.219440 -0.453107
v 0.493739 0.213863 -0.437768
v 0.493739 0.192893 -0.400000
v 0.493739 0.223461 -0.466667
v 0.500698 0.148910 -0.460787
v 0.500210 0.149364 -0.460682
v 0.501397 0.107817 -0.404632
v 0.630304 0.107817 -0.404632
v 0.500242 0.151684 -0.466667
v -0.493739 0.061981 -0.721958
v -0.493739 0.047801 -0.729347
v -0.493739 0.079799 -0.711428
v -0.493739 0.093765 -0.701993
v -0.493739 0.107616 -0.691607
v -0.493739 0.120168 -0.681546
v -0.493739 0.134125 -0.669307
v -0.493739 0.039504 -0.733333
v -0.493739 0.136880 -0.666667
v 0.493739 0.047801 -0.729347
v 0.493739 0.061981 -0.721958
v 0.493739 0.079799 -0.711428
v 0.493739 0.093765 -0.701993
v 0.493739 0.107616 -0.691607
v 0.493739 0.120168 -0.681546
v 0.493739 0.134125 -0.669307
v 0.493739 0.039504 -0.733333
v 0.493739 0.136880 -0.666667
v -0.492102 -0.058589 -0.666667
v -0.492102 -0.058589 -0.733333
v -0.495238 -0.060513 -0.733333
v -0.495238 -0.060513 -0.666667
v 0.492102 -0.058589 -0.733333
v 0.492102 -0.058589 -0.666667
v 0.495238 -0.060513 -0.666667
v 0.495238 -0.060513 -0.733333
v -0.493739 0.228337 -0.514325
v -0.493739 0.224571 -0.526582
v -0.493739 0.231094 -0.493702
v -0.493739 0.232103 -0.498403
v -0.493739 0.228337 -0.483456
v -0.493739 0.231094 -0.504657
v -0.493739 0.232103 -0.500169
v -0.493739 0.224571 -0.470408
v -0.493739 0.222436 -0.533333
v -0.493739 0.223461 -0.466667
v -0.500280 0.154449 -0.473798
v -0.500698 0.154103 -0.473819
v -0.500250 0.154048 -0.527070
v -0.500698 0.153678 -0.527043
v -0.500242 0.151684 -0.466667
v -0.500224 0.151551 -0.533333
v 0.493739 0.224571 -0.526582
v 0.493739 0.228337 -0.514325
v 0.493739 0.232103 -0.498403
v 0.493739 0.231094 -0.493702
v 0.493739 0.228337 -0.483456
v 0.493739 0.231094 -0.504657
v 0.493739 0.232103 -0.500169
v 0.493739 0.224571 -0.470408
v 0.493739 0.222436 -0.533333
v 0.493739 0.223461 -0.466667
v 0.500280 0.154449 -0.473798
v 0.500698 0.154103 -0.473819
v 0.500250 0.154048 -0.527070
v 0.500698 0.153678 -0.527043
v 0.500242 0.151684 -0.466667
v 0.500224 0.151551 -0.533333
v -0.493739 0.065712 -0.282188
v -0.493739 0.080799 -0.291646
v -0.493739 0.093765 -0.300761
v -0.493739 0.107616 -0.311282
v -0.493739 0.120168 -0.321412
v -0.493739 0.052546 -0.274924
v -0.493739 0.038322 -0.267846
v -0.493739 0.133773 -0.333333
v -0.493739 0.035439 -0.266667
v 0.493739 0.080799 -0.291646
v 0.493739 0.065712 -0.282188
v 0.493739 0.093765 -0.300761
v 0.493739 0.120168 -0.321412
v 0.493739 0.107616 -0.311282
v 0.493739 0.052546 -0.274924
v 0.493739 0.038322 -0.267846
v 0.493739 0.133773 -0.333333
v 0.493739 0.035439 -0.266667
v -0.492102 -0.058589 -0.333333
v -0.492102 -0.058589 -0.266667
v -0.495238 -0.060513 -0.333333
v -0.495238 -0.060513 -0.266667
v 0.492102 -0.058589 -0.266667
v 0.492102 -0.058589 -0.333333
v 0.495238 -0.060513 -0.333333
v 0.495238 -0.060513 -0.266667
v -0.500698 0.148350 -0.540048
v -0.500195 0.148828 -0.540163
v -0.500698 0.109622 -0.597907
v -0.501397 0.109426 -0.597733
v -0.630304 0.109426 -0.597733
v -0.500224 0.151551 -0.533333
v 0.493739 0.198391 -0.589363
v 0.493739 0.206158 -0.574803
v 0.493739 0.213863 -0.557763
v 0.493739 0.219440 -0.542807
v 0.493739 0.192068 -0.600000
v 0.493739 0.222436 -0.533333
v 0.500698 0.148350 -0.540048
v 0.500195 0.148828 -0.540163
v 0.501397 0.109426 -0.597733
v 0.630304 0.109426 -0.597733
v 0.500224 0.151551 -0.533333
v -0.493739 0.206158 -0.574803
v -0.493739 0.198391 -0.589363
v -0.493739 0.213863 -0.557763
v -0.493739 0.219440 -0.542807
v -0.493739 0.192068 -0.600000
v -0.493739 0.222436 -0.533333
v 0.492219 -0.347618 -0.344708
v 0.492232 -0.347274 -0.345476
v 0.492232 -0.347274 -0.345476
v 0.491902 -0.347272 -0.344837
v 0.496015 -0.349459 -0.343307
v 0.630304 -0.349459 -0.343307
v 0.497476 -0.351304 -0.341705
v 0.496942 -0.351304 -0.341415
v 0.496942 -0.351304 -0.341415
v 0.492263 -0.328743 -0.345551
v 0.492142 -0.329142 -0.345931
v 0.630304 -0.328743 -0.345551
v 0.498029 -0.354551 -0.339190
v 0.498029 -0.354551 -0.339190
v 0.498485 -0.354674 -0.339314
v 0.491992 -0.328807 -0.345466
v 0.493461 -0.347823 -0.345400
v 0.492933 -0.347304 -0.345728
v 0.630304 -0.354674 -0.339314
v 0.630304 -0.347823 -0.345400
v 0.491753 -0.329263 -0.345771
v 0.491753 -0.329263 -0.345771
v 0.495238 -0.349459 -0.342318
v 0.497903 -0.354635 -0.338589
v 0.496721 -0.351304 -0.340715
v 0.497903 -0.354636 -0.333333
v 0.495238 -0.349459 -0.333333
v 0.492221 -0.347618 -0.333333
v 0.493461 -0.347823 -0.654601
v 0.492219 -0.347618 -0.655292
v 0.496015 -0.349459 -0.656693
v 0.495238 -0.349459 -0.657683
v 0.496942 -0.351304 -0.658585
v 0.496942 -0.351304 -0.658585
v 0.497476 -0.351304 -0.658295
v 0.496721 -0.351304 -0.659286
v 0.630304 -0.354674 -0.660686
v 0.498485 -0.354674 -0.660686
v 0.492232 -0.347274 -0.654525
v 0.492232 -0.347274 -0.654525
v 0.492933 -0.347304 -0.654272
v 0.630304 -0.347823 -0.654601
v 0.491753 -0.329263 -0.654230
v 0.491753 -0.329263 -0.654230
v 0.491902 -0.347272 -0.655163
v 0.492263 -0.328743 -0.654450
v 0.491992 -0.328807 -0.654534
v 0.492142 -0.329142 -0.654069
v 0.498029 -0.354551 -0.660810
v 0.498029 -0.354551 -0.660810
v 0.497903 -0.354635 -0.661412
v 0.630304 -0.349459 -0.656693
v 0.630304 -0.328743 -0.654450
v 0.497903 -0.354636 -0.666667
v 0.495238 -0.349459 -0.666667
v 0.492221 -0.347618 -0.666667
v 0.493739 0.009586 -0.257937
v 0.493739 -0.003863 -0.255635
v 0.493739 0.025026 -0.262407
v 0.493739 -0.040126 -0.252574
v 0.493739 0.035439 -0.266667
v -0.493739 -0.003863 -0.255635
v -0.493739 0.009586 -0.257937
v -0.493739 0.025026 -0.262407
v -0.493739 -0.040126 -0.252574
v -0.493739 0.035439 -0.266667
v -0.492102 -0.058589 -0.266667
v -0.492102 -0.058589 -0.200000
v -0.495238 -0.060513 -0.200000
v -0.495238 -0.060513 -0.266667
v -0.497903 -0.354642 -0.266667
v -0.497903 -0.354649 -0.200000
v -0.495238 -0.349459 -0.200000
v -0.495238 -0.349459 -0.266667
v -0.492243 -0.347618 -0.200000
v -0.492232 -0.347618 -0.266667
v 0.492102 -0.058589 -0.200000
v 0.492102 -0.058589 -0.266667
v 0.495238 -0.060513 -0.266667
v 0.495238 -0.060513 -0.200000
v 0.497903 -0.354649 -0.200000
v 0.497903 -0.354642 -0.266667
v 0.495238 -0.349459 -0.266667
v 0.495238 -0.349459 -0.200000
v 0.492232 -0.347618 -0.266667
v 0.492243 -0.347618 -0.200000
v -0.492102 -0.058589 -0.800000
v -0.492102 -0.058589 -0.866667
v -0.495238 -0.060513 -0.800000
v -0.495238 -0.060513 -0.866667
v -0.497902 -0.354655 -0.866667
v -0.497903 -0.354649 -0.800000
v -0.495238 -0.349459 -0.800000
v -0.495238 -0.349459 -0.866667
v -0.492243 -0.347618 -0.800000
v -0.492253 -0.347618 -0.866667
v 0.492102 -0.058589 -0.866667
v 0.492102 -0.058589 -0.800000
v 0.495238 -0.060513 -0.800000
v 0.495238 -0.060513 -0.866667
v 0.497903 -0.354649 -0.800000
v 0.497902 -0.354655 -0.866667
v 0.495238 -0.349459 -0.866667
v 0.495238 -0.349459 -0.800000
v 0.492253 -0.347618 -0.866667
v 0.492243 -0.347618 -0.800000
v -0.492102 -0.058589 -0.866667
v -0.492102 -0.058589 -0.933333
v -0.495238 -0.060513 -0.866667
v -0.495238 -0.060513 -0.933333
v -0.497902 -0.354662 -0.933333
v -0.497902 -0.354655 -0.866667
v -0.495238 -0.349459 -0.866667
v -0.495238 -0.349459 -0.933333
v -0.492253 -0.347618 -0.866667
v -0.492264 -0.347619 -0.933333
v 0.492102 -0.058589 -0.933333
v 0.492102 -0.058589 -0.866667
v 0.495238 -0.060513 -0.866667
v 0.495238 -0.060513 -0.933333
v 0.497902 -0.354655 -0.866667
v 0.497902 -0.354662 -0.933333
v 0.495238 -0.349459 -0.933333
v 0.495238 -0.349459 -0.866667
v 0.492264 -0.347619 -0.933333
v 0.492253 -0.347618 -0.866667
v -0.492102 -0.058589 -0.933333
v -0.492102 -0.058589 -1.000000
v -0.495238 -0.060513 -1.000000
v -0.495238 -0.060513 -0.933333
v -0.497902 -0.354668 -1.000000
v -0.497902 -0.354662 -0.933333
v -0.495238 -0.349459 -0.933333
v -0.495238 -0.349459 -1.000000
v -0.492264 -0.347619 -0.933333
v -0.492275 -0.347619 -1.000000
v 0.492102 -0.058589 -1.000000
v 0.492102 -0.058589 -0.933333
v 0.495238 -0.060513 -0.933333
v 0.495238 -0.060513 -1.000000
v 0.497902 -0.354662 -0.933333
v 0.497902 -0.354668 -1.000000
v 0.495238 -0.349459 -0.933333
v 0.495238 -0.349459 -1.000000
v 0.492275 -0.347619 -1.000000
v 0.492264 -0.347619 -0.933333
v -0.492102 -0.058589 -0.066667
v -0.492102 -0.058589 0.000000
v -0.495238 -0.060513 0.000000
v -0.495238 -0.060513 -0.066667
v -0.497902 -0.354662 -0.066667
v -0.497902 -0.354668 0.000000
v -0.495238 -0.349459 0.000000
v -0.495238 -0.349459 -0.066667
v -0.492275 -0.347618 0.000000
v -0.492264 -0.347618 -0.066667
v 0.492102 -0.058589 0.000000
v 0.492102 -0.058589 -0.066667
v 0.495238 -0.060513 -0.066667
v 0.495238 -0.060513 0.000000
v 0.497902 -0.354668 0.000000
v 0.497902 -0.354662 -0.066667
v 0.495238 -0.349459 -0.066667
v 0.495238 -0.349459 0.000000
v 0.492264 -0.347618 -0.066667
v 0.492275 -0.347618 0.000000
v -0.493739 -0.039674 -0.752280
v -0.492102 -0.058589 -0.733333
v -0.492102 -0.058589 -0.800000
v -0.495238 -0.060513 -0.800000
v -0.495238 -0.060513 -0.733333
v -0.497903 -0.354649 -0.800000
v -0.497903 -0.354642 -0.733333
v -0.495238 -0.349459 -0.733333
v -0.495238 -0.349459 -0.800000
v -0.492243 -0.347618 -0.800000
v -0.492232 -0.347618 -0.733333
v 0.492102 -0.058589 -0.800000
v 0.492102 -0.058589 -0.733333
v 0.495238 -0.060513 -0.733333
v 0.495238 -0.060513 -0.800000
v 0.493739 -0.039674 -0.752280
v 0.497903 -0.354642 -0.733333
v 0.497903 -0.354649 -0.800000
v 0.495238 -0.349459 -0.800000
v 0.495238 -0.349459 -0.733333
v 0.492243 -0.347618 -0.800000
v 0.492232 -0.347618 -0.733333
v -0.493739 0.003802 -0.748072
v -0.493739 0.018995 -0.742969
v -0.493739 0.033402 -0.736265
v -0.493739 -0.010940 -0.751406
v -0.493739 -0.027512 -0.752646
v -0.493739 0.039504 -0.733333
v -0.493739 -0.039824 -0.752275
v 0.493739 0.018995 -0.742969
v 0.493739 0.003802 -0.748072
v 0.493739 0.033402 -0.736265
v 0.493739 -0.010940 -0.751406
v 0.493739 -0.027512 -0.752646
v 0.493739 0.039504 -0.733333
v 0.493739 -0.039824 -0.752275
v -0.492102 -0.058589 -0.200000
v -0.492102 -0.058589 -0.133333
v -0.495238 -0.060513 -0.200000
v -0.495238 -0.060513 -0.133333
v -0.497903 -0.354649 -0.200000
v -0.497902 -0.354655 -0.133333
v -0.495238 -0.349459 -0.133333
v -0.495238 -0.349459 -0.200000
v -0.492253 -0.347618 -0.133333
v -0.492243 -0.347618 -0.200000
v 0.492102 -0.058589 -0.133333
v 0.492102 -0.058589 -0.200000
v 0.495238 -0.060513 -0.200000
v 0.495238 -0.060513 -0.133333
v 0.497902 -0.354655 -0.133333
v 0.497903 -0.354649 -0.200000
v 0.495238 -0.349459 -0.200000
v 0.495238 -0.349459 -0.133333
v 0.492243 -0.347618 -0.200000
v 0.492253 -0.347618 -0.133333
v -0.492102 -0.058589 -0.133333
v -0.492102 -0.058589 -0.066667
v -0.495238 -0.060513 -0.133333
v -0.495238 -0.060513 -0.066667
v -0.497902 -0.354655 -0.133333
v -0.497902 -0.354662 -0.066667
v -0.495238 -0.349459 -0.066667
v -0.495238 -0.349459 -0.133333
v -0.492264 -0.347618 -0.066667
v -0.492253 -0.347618 -0.133333
v 0.492102 -0.058589 -0.066667
v 0.492102 -0.058589 -0.133333
v 0.495238 -0.060513 -0.133333
v 0.495238 -0.060513 -0.066667
v 0.497902 -0.354662 -0.066667
v 0.497902 -0.354655 -0.133333
v 0.495238 -0.349459 -0.133333
v 0.495238 -0.349459 -0.066667
v 0.492264 -0.347618 -0.066667
v 0.492253 -0.347618 -0.133333
v -0.497903 -0.354636 -0.333333
v -0.497903 -0.354642 -0.266667
v -0.495238 -0.349459 -0.266667
v -0.495238 -0.349459 -0.333333
v -0.492232 -0.347618 -0.266667
v -0.492221 -0.347618 -0.333333
v 0.497903 -0.354642 -0.266667
v 0.497903 -0.354636 -0.333333
v 0.495238 -0.349459 -0.333333
v 0.495238 -0.349459 -0.266667
v 0.492221 -0.347618 -0.333333
v 0.492232 -0.347618 -0.266667
v -0.497903 -0.354642 -0.733333
v -0.497903 -0.354636 -0.666667
v -0.495238 -0.349459 -0.666667
v -0.495238 -0.349459 -0.733333
v -0.492221 -0.347618 -0.666667
v -0.492232 -0.347618 -0.733333
v 0.497903 -0.354636 -0.666667
v 0.497903 -0.354642 -0.733333
v 0.495238 -0.349459 -0.733333
v 0.495238 -0.349459 -0.666667
v 0.492232 -0.347618 -0.733333
v 0.492221 -0.347618 -0.666667
v -0.497976 -0.065602 -0.660694
v -0.500000 0.143143 -0.655788
v 0.500000 0.143143 -0.655788
v 0.500000 0.152882 -0.664833
v -0.500000 0.165679 -0.350935
v -0.500000 0.143143 -0.347021
v 0.497976 -0.065602 -0.338504
v 0.500000 0.165679 -0.350935
v 0.500000 0.143143 -0.347021
v -0.497976 -0.065602 -0.338504
v -0.500698 0.108013 -0.404459
v 0.500698 0.108013 -0.404459
v 0.500698 0.109622 -0.597907
v -0.500318 -0.039674 -0.664173
v -0.500187 -0.039824 -0.664374
v -0.500187 -0.039824 -0.664374
v 0.493739 -0.003863 -0.255635
v -0.493445 -0.040126 -0.252234
v -0.493445 -0.040126 -0.252234
v 0.500000 -0.008275 -0.760057
v -0.500698 -0.039674 -0.663598
v 0.500000 -0.039674 -0.256223
v 0.496618 -0.039674 -0.254273
v -0.493323 -0.039674 -0.251787
v -0.493332 -0.039674 -0.251822
v 0.500000 0.009017 -0.756530
v 0.500000 -0.008275 -0.760057
v 0.500000 -0.024804 -0.761271
v -0.492761 -0.058791 -0.654885
v -0.495465 -0.060513 -0.656983
v -0.493689 -0.059240 -0.655534
v 0.492761 -0.058791 -0.654885
v 0.495465 -0.060513 -0.656983
v 0.493689 -0.059240 -0.655534
v -0.492877 -0.347820 -0.345116
v -0.498277 -0.355015 -0.338460
v -0.498325 -0.354975 -0.338727
v -0.495465 -0.349459 -0.343017
v -0.493689 -0.348186 -0.344466
v -0.498277 -0.355015 -0.333333
v -0.493689 -0.348186 -0.655534
v -0.492877 -0.347820 -0.654885
v -0.495465 -0.349459 -0.656983
v -0.498325 -0.354975 -0.661274
v -0.498277 -0.355015 -0.661541
v -0.498277 -0.355015 -0.666667
v 0.493689 -0.059240 -0.343664
v 0.492761 -0.058791 -0.344313
v 0.495465 -0.060513 -0.342215
v 0.492020 -0.058215 -0.344830
v -0.493689 -0.059240 -0.343664
v -0.492761 -0.058791 -0.344313
v -0.495465 -0.060513 -0.342215
v -0.492020 -0.058215 -0.344830
v -0.493739 0.243813 -0.500191
v -0.493739 0.232103 -0.500169
v -0.493445 0.232516 -0.500170
v -0.493323 0.233103 -0.500171
v -0.493445 0.243594 -0.500191
v -0.493323 0.243087 -0.500190
v 0.493739 0.243813 -0.500191
v 0.493739 0.232103 -0.500169
v 0.493445 0.232516 -0.500170
v 0.493323 0.233103 -0.500171
v 0.493445 0.243594 -0.500191
v 0.493323 0.243087 -0.500190
v 0.492877 -0.347820 -0.345116
v 0.498325 -0.354975 -0.338727
v 0.498277 -0.355015 -0.338460
v 0.495465 -0.349459 -0.343017
v 0.493689 -0.348186 -0.344466
v 0.498277 -0.355015 -0.333333
v 0.493689 -0.348186 -0.655534
v 0.492877 -0.347820 -0.654885
v 0.495465 -0.349459 -0.656983
v 0.498277 -0.355015 -0.661541
v 0.498325 -0.354975 -0.661274
v 0.498277 -0.355015 -0.666667
v -0.498282 -0.355018 -0.200000
v -0.498279 -0.355017 -0.266667
v 0.498279 -0.355017 -0.266667
v 0.498282 -0.355018 -0.200000
v -0.498282 -0.355018 -0.800000
v -0.498284 -0.355020 -0.866667
v 0.498282 -0.355018 -0.800000
v 0.498284 -0.355020 -0.866667
v -0.498284 -0.355020 -0.866667
v -0.498286 -0.355021 -0.933333
v 0.498286 -0.355021 -0.933333
v 0.498284 -0.355020 -0.866667
v -0.498286 -0.355021 -0.933333
v -0.498288 -0.355023 -1.000000
v 0.498286 -0.355021 -0.933333
v 0.498288 -0.355023 -1.000000
v -0.498286 -0.355021 -0.066667
v -0.498288 -0.355023 0.000000
v 0.498286 -0.355021 -0.066667
v 0.498288 -0.355023 0.000000
v -0.500000 0.031700 -0.733940
v -0.500000 0.019485 -0.737542
v -0.500000 -0.000040 -0.741827
v -0.500000 -0.019789 -0.744919
v 0.500000 -0.019789 -0.744919
v 0.500000 -0.000040 -0.741827
v 0.500000 0.019485 -0.737542
v -0.498279 -0.355017 -0.733333
v -0.498282 -0.355018 -0.800000
v 0.498282 -0.355018 -0.800000
v 0.498279 -0.355017 -0.733333
v 0.500000 0.031700 -0.733940
v -0.498282 -0.355018 -0.200000
v -0.498284 -0.355020 -0.133333
v 0.498282 -0.355018 -0.200000
v 0.498284 -0.355020 -0.133333
v -0.498286 -0.355021 -0.066667
v -0.498284 -0.355020 -0.133333
v 0.498284 -0.355020 -0.133333
v 0.498286 -0.355021 -0.066667
v -0.498279 -0.355017 -0.266667
v -0.498277 -0.355015 -0.333333
v 0.498277 -0.355015 -0.333333
v 0.498279 -0.355017 -0.266667
v -0.498277 -0.355015 -0.666667
v -0.498279 -0.355017 -0.733333
v 0.498277 -0.355015 -0.666667
v 0.498279 -0.355017 -0.733333
v -0.493739 0.243813 -0.500191
v -0.500000 0.244038 -0.500192
v -0.500000 0.227744 -0.500161
v -0.493445 0.243594 -0.500191
v 0.493739 0.243813 -0.500191
v 0.500000 0.244038 -0.500192
v 0.500000 0.227744 -0.500161
v 0.493445 0.243594 -0.500191
v -0.500000 0.026974 -0.735333
v -0.500000 -0.039674 -0.746956
v 0.500000 0.026974 -0.735333
v 0.500000 -0.039674 -0.746956
v -0.492020 -0.058215 -0.654368
v -0.496942 -0.062358 -0.658585
v 0.492020 -0.058215 -0.654368
v 0.496942 -0.062358 -0.658585
v -0.492232 -0.347274 -0.345476
v -0.496942 -0.351304 -0.341415
v -0.498029 -0.354551 -0.339190
v -0.496942 -0.351304 -0.658585
v -0.492232 -0.347274 -0.654525
v -0.498029 -0.354551 -0.660810
v 0.496942 -0.062358 -0.340613
v -0.496942 -0.062358 -0.340613
v -0.493739 0.232103 -0.500169
v 0.493739 0.232103 -0.500169
v 0.492232 -0.347274 -0.345476
v 0.496942 -0.351304 -0.341415
v 0.498029 -0.354551 -0.339190
v 0.496942 -0.351304 -0.658585
v 0.492232 -0.347274 -0.654525
v 0.498029 -0.354551 -0.660810
f 5141 4 3
f 5 5143 7
f 5143 1 2
f 9 12 4130
f 5708 14 11
f 14 10 11
f 16 19 4133
f 20 21 4134
f 22 17 18
f 5145 26 5846
f 27 28 5147
f 29 30 25
f 5149 24 5146
f 21 29 4137
f 22 28 27
f 4138 20 4135
f 34 19 16
f 4139 5153 37
f 36 5152 5143
f 5847 5154 5737
f 5151 39 5141
f 5737 42 5738
f 39 41 4
f 12 35 4139
f 13 36 5
f 42 5145 5736
f 41 24 5150
f 5155 3 4
f 6 44 13
f 20 45 29
f 30 45 46
f 31 46 43
f 14 5156 47
f 15 47 48
f 49 22 27
f 42 5157 5145
f 9 54 35
f 5154 51 42
f 5153 55 40
f 35 56 5153
f 4129 53 9
f 15 57 10
f 49 17 22
f 4132 60 16
f 5148 50 27
f 23 61 5148
f 4143 63 34
f 48 58 15
f 5160 4153 4152
f 4155 4157 4156
f 4158 4159 4157
f 5159 4160 4153
f 87 4161 4159
f 5163 4163 4162
f 5162 4152 4163
f 5165 94 4161
f 79 80 4166
f 95 96 98
f 85 75 100
f 99 100 102
f 83 79 4165
f 103 95 97
f 75 76 105
f 100 105 106
f 87 83 4167
f 107 103 104
f 76 89 109
f 105 109 110
f 111 110 109
f 112 109 89
f 108 114 4169
f 4168 113 5165
f 117 111 118
f 5168 90 5709
f 4171 5166 93
f 4172 5161 124
f 4173 4155 4156
f 5167 127 122
f 114 117 4175
f 128 112 5164
f 118 112 128
f 129 101 115
f 5169 85 99
f 96 116 98
f 80 130 4166
f 131 134 133
f 132 133 4178
f 135 136 138
f 139 142 141
f 4179 141 144
f 145 4180 146
f 142 148 147
f 144 147 149
f 146 4181 150
f 151 154 153
f 4182 153 156
f 157 4183 158
f 154 160 159
f 156 159 161
f 158 4184 162
f 163 166 165
f 164 165 4186
f 167 168 170
f 166 172 171
f 165 171 4187
f 168 173 174
f 172 151 152
f 171 152 4182
f 173 155 157
f 4188 5721 4147
f 148 131 132
f 147 132 4177
f 4181 135 137
f 160 139 140
f 161 140 4179
f 162 143 145
f 138 178 137
f 137 179 150
f 150 180 146
f 146 181 145
f 145 182 162
f 162 183 158
f 158 184 157
f 157 185 174
f 174 186 170
f 170 187 169
f 188 134 189
f 133 188 4189
f 136 191 138
f 72 163 164
f 67 193 176
f 163 73 195
f 73 72 192
f 138 199 177
f 187 64 169
f 4142 193 64
f 5170 204 203
f 205 208 207
f 5172 207 5171
f 209 212 4191
f 214 5173 211
f 4192 214 211
f 216 219 4194
f 220 217 4195
f 222 221 218
f 5175 226 5848
f 227 224 5178
f 229 228 225
f 5739 230 5177
f 229 4197 228
f 4198 222 227
f 220 4199 217
f 4193 234 216
f 5181 4200 237
f 238 205 5172
f 5184 5849 240
f 5183 206 5170
f 241 240 242
f 5740 5170 202
f 235 4190 4200
f 238 213 205
f 241 242 226
f 5741 202 5180
f 5185 5180 202
f 208 205 213
f 245 220 229
f 245 5179 246
f 246 231 243
f 244 214 247
f 247 215 248
f 227 222 250
f 241 5175 5187
f 209 235 254
f 5184 251 255
f 5181 5188 256
f 256 254 235
f 253 257 212
f 4201 258 215
f 250 4196 259
f 4202 216 260
f 249 261 224
f 223 224 261
f 4211 234 272
f 274 215 258
f 5189 4214 5190
f 4216 4218 4217
f 4218 4220 4219
f 5190 4221 285
f 4220 4222 287
f 5192 4224 5194
f 5194 4213 5189
f 4222 4225 5195
f 281 296 4226
f 4227 298 297
f 5191 300 299
f 300 302 301
f 283 303 296
f 4228 304 298
f 277 299 305
f 299 301 306
f 287 307 303
f 4229 308 304
f 276 305 309
f 305 306 310
f 311 312 309
f 312 5193 291
f 308 4229 4230
f 307 287 5195
f 311 318 317
f 5197 4223 290
f 321 322 293
f 285 4221 324
f 4215 4231 325
f 322 327 314
f 313 4230 4232
f 328 320 5193
f 317 328 312
f 302 300 329
f 323 300 5191
f 315 330 295
f 4233 326 280
f 331 334 333
f 334 336 4234
f 4235 338 337
f 339 342 341
f 341 4237 343
f 4236 346 345
f 340 341 348
f 348 343 349
f 4238 345 350
f 351 354 353
f 353 4240 355
f 4239 358 357
f 352 353 360
f 360 355 361
f 4241 357 362
f 363 366 365
f 366 368 4242
f 4243 370 369
f 364 365 372
f 365 4242 4244
f 367 369 374
f 371 372 354
f 372 4244 4240
f 373 374 358
f 4208 4208 266
f 347 348 334
f 348 349 336
f 4238 350 338
f 359 360 342
f 342 361 4237
f 344 362 346
f 378 337 338
f 379 338 350
f 380 350 345
f 381 345 346
f 382 346 362
f 383 362 357
f 384 357 358
f 385 358 374
f 386 374 369
f 387 369 370
f 388 389 332
f 4246 388 333
f 391 390 335
f 264 366 363
f 271 270 271
f 363 262 263
f 392 263 262
f 377 391 337
f 387 271 4212
f 400 271 393
f 4143 4144 401
f 4148 4145 4146
f 4151 4149 4150
f 408 91 120
f 411 4164 412
f 121 414 413
f 420 4211 272
f 4207 4209 4206
f 4204 4205 4203
f 289 423 395
f 434 436 435
f 437 428 438
f 5199 442 5850
f 5203 446 445
f 4247 450 5207
f 5743 454 5744
f 5745 5203 444
f 5208 460 459
f 5211 4248 463
f 457 4249 466
f 468 471 4250
f 472 469 473
f 4251 476 475
f 5742 5216 5201
f 479 5211 480
f 481 477 482
f 468 474 471
f 475 484 470
f 476 4252 5219
f 5207 487 5204
f 5851 449 5203
f 489 455 456
f 490 491 5212
f 492 451 493
f 5221 5206 455
f 494 447 448
f 495 464 447
f 5746 444 5215
f 4247 461 450
f 489 456 442
f 483 460 5220
f 485 5214 467
f 5210 457 466
f 5202 469 4250
f 484 440 441
f 5744 462 5213
f 453 5852 5222
f 496 450 461
f 5218 5215 444
f 458 497 465
f 450 496 487
f 472 483 468
f 483 459 460
f 478 473 469
f 454 5217 462
f 491 500 499
f 476 502 475
f 5225 504 494
f 490 495 505
f 506 467 507
f 5226 489 5199
f 501 485 506
f 508 503 5221
f 451 5747 510
f 502 512 484
f 504 505 495
f 4253 4249 465
f 512 514 440
f 439 514 509
f 452 5222 5224
f 497 513 465
f 493 451 510
f 5748 520 5227
f 521 5228 5749
f 524 4255 525
f 523 528 526
f 5750 5748 518
f 529 521 517
f 5853 5750 5229
f 5231 5230 529
f 4255 532 533
f 526 534 5232
f 5235 537 536
f 5237 520 5238
f 519 541 540
f 4256 545 544
f 542 547 4257
f 548 550 549
f 543 552 5241
f 554 5752 5751
f 547 548 4258
f 544 545 557
f 5228 559 5854
f 4259 5245 562
f 546 542 5242
f 553 566 565
f 527 523 5248
f 4254 5235 568
f 533 530 5250
f 525 533 569
f 5229 518 572
f 5244 552 561
f 564 551 562
f 549 538 548
f 548 5239 4258
f 558 557 539
f 5236 554 535
f 535 5751 5249
f 555 556 567
f 5251 5245 560
f 576 546 5246
f 546 550 547
f 571 537 524
f 5240 572 518
f 563 573 576
f 558 578 544
f 579 580 552
f 553 582 5753
f 5247 584 527
f 528 586 534
f 5253 534 586
f 588 5230 587
f 527 585 528
f 5254 521 588
f 544 579 543
f 580 590 561
f 4260 591 560
f 5243 577 558
f 522 589 592
f 556 583 567
f 593 560 591
f 565 594 582
f 595 4262 5712
f 5256 4264 4263
f 4265 4268 4267
f 5257 4263 4269
f 5259 4271 4270
f 5262 4272 5713
f 615 4261 4273
f 4266 4267 4262
f 5261 4270 4264
f 617 609 618
f 617 621 620
f 622 607 623
f 624 623 625
f 4274 604 627
f 628 4275 629
f 630 600 622
f 631 622 624
f 627 595 632
f 629 4276 633
f 634 599 630
f 635 630 631
f 632 5255 636
f 633 4277 637
f 634 619 618
f 610 618 609
f 4278 637 4277
f 615 5263 596
f 619 640 621
f 5264 4272 5262
f 5258 4280 645
f 4281 648 615
f 4268 4283 649
f 651 644 613
f 620 651 617
f 648 639 615
f 638 4278 652
f 653 642 625
f 5265 653 623
f 641 626 628
f 654 650 603
f 4286 658 657
f 659 4287 660
f 661 660 662
f 663 666 4289
f 664 665 668
f 667 668 670
f 666 672 4290
f 665 671 673
f 670 673 674
f 675 678 4292
f 676 677 680
f 679 680 682
f 678 684 4293
f 677 683 685
f 680 685 686
f 4294 690 689
f 691 4295 692
f 693 692 694
f 690 696 4296
f 4295 695 697
f 692 697 698
f 681 698 697
f 679 697 695
f 4291 4296 696
f 669 686 685
f 667 685 683
f 4288 4293 684
f 659 674 673
f 656 673 671
f 655 4290 672
f 687 700 690
f 690 701 696
f 696 702 675
f 675 703 678
f 678 704 684
f 684 705 663
f 663 706 666
f 672 706 707
f 672 708 655
f 658 708 709
f 657 711 710
f 4297 712 660
f 712 713 662
f 4298 4299 691
f 688 691 4299
f 4301 4302 687
f 693 4303 4298
f 699 4302 722
f 711 709 723
f 5754 727 5266
f 728 5267 5755
f 5268 4306 732
f 730 735 733
f 5756 5754 725
f 736 728 724
f 5856 5756 5269
f 5271 5270 736
f 4306 739 740
f 733 741 5272
f 743 745 744
f 742 5275 745
f 726 749 748
f 5276 751 749
f 4307 755 754
f 752 750 4308
f 747 727 757
f 750 5276 5278
f 754 755 5279
f 5267 758 5757
f 753 760 4309
f 756 752 4310
f 762 761 759
f 742 4314 763
f 4305 742 763
f 734 730 4313
f 740 737 5281
f 732 740 765
f 756 751 750
f 767 746 5268
f 5277 769 725
f 771 761 762
f 770 756 4312
f 5269 725 769
f 729 773 772
f 5280 774 754
f 4316 776 762
f 777 775 760
f 743 779 4317
f 764 780 734
f 735 782 781
f 741 781 5283
f 5270 783 784
f 782 734 780
f 5282 728 784
f 753 774 777
f 4322 762 776
f 744 779 743
f 5715 4326 795
f 4327 4328 5286
f 4329 4332 4331
f 4333 4327 5285
f 4334 4335 5289
f 5716 4336 5291
f 814 4325 794
f 4326 4329 4330
f 4328 4334 5288
f 809 816 815
f 816 819 818
f 806 821 820
f 820 823 822
f 802 4339 824
f 4338 827 826
f 798 828 821
f 821 829 823
f 795 824 830
f 4340 826 831
f 799 832 828
f 828 833 829
f 5284 830 834
f 4341 831 835
f 817 832 815
f 815 808 809
f 835 4342 4341
f 5292 814 794
f 838 817 818
f 5293 5291 4336
f 5287 844 4333
f 845 814 846
f 4332 4343 4331
f 811 849 816
f 849 819 816
f 846 814 837
f 850 836 838
f 822 839 851
f 820 843 806
f 840 825 852
f 803 4345 4339
f 854 4299 4298
f 4300 4299 853
f 4302 4301 855
f 4303 858 854
f 4302 859 722
f 614 861 643
f 868 647 869
f 875 877 876
f 717 4304 881
f 5758 885 5295
f 886 882 883
f 4348 5297 890
f 893 888 889
f 5760 5298 885
f 886 894 882
f 5857 898 5298
f 5299 5300 894
f 4348 890 5302
f 899 889 897
f 901 903 902
f 5304 900 901
f 906 884 907
f 909 5305 906
f 4349 913 912
f 908 910 911
f 5759 905 915
f 908 911 5307
f 912 916 5308
f 5296 883 5761
f 913 4349 4352
f 914 919 4353
f 920 917 918
f 4355 900 922
f 900 4347 922
f 892 921 4356
f 5302 924 5310
f 890 925 924
f 909 914 908
f 925 890 5297
f 5306 5295 885
f 4354 929 920
f 914 928 919
f 5298 923 927
f 887 931 930
f 916 932 931
f 920 4358 917
f 4351 935 913
f 4359 937 903
f 921 938 936
f 893 940 939
f 899 5312 940
f 5299 942 941
f 892 939 938
f 886 5311 942
f 932 913 935
f 717 929 4304
f 937 902 903
f 945 789 946
f 946 789 4321
f 947 787 948
f 791 945 951
f 786 948 787
f 954 4362 955
f 4361 958 957
f 957 960 959
f 961 964 4363
f 4364 966 965
f 966 968 967
f 962 4363 4365
f 963 965 971
f 971 967 972
f 973 976 4366
f 4367 978 977
f 978 980 979
f 974 4366 4368
f 975 977 983
f 977 979 984
f 986 4370 987
f 4369 990 989
f 989 992 991
f 986 987 4371
f 4369 989 995
f 989 991 996
f 980 978 995
f 978 4367 994
f 976 973 993
f 968 966 983
f 966 4364 982
f 964 961 981
f 972 958 971
f 971 956 970
f 4365 953 969
f 998 985 986
f 999 986 993
f 1000 993 973
f 1001 973 974
f 1002 974 981
f 1003 981 961
f 1004 961 962
f 1004 969 1005
f 1006 969 953
f 1006 954 1007
f 1008 955 1009
f 4372 957 1010
f 1010 959 1011
f 790 990 789
f 789 988 4321
f 788 985 787
f 992 790 791
f 997 787 985
f 954 1014 1007
f 1022 812 1012
f 1023 1025 1024
f 1031 1033 1032
f 1036 4323 4324
f 4373 4376 4375
f 5313 4378 4377
f 4374 4375 4380
f 4381 4382 4376
f 5315 4384 4383
f 5314 4377 4384
f 4385 1045 1054
f 1055 4386 1056
f 1057 1042 1058
f 1059 1058 1060
f 4387 1038 4385
f 1062 1053 1055
f 1058 1049 1063
f 1060 1063 1064
f 4388 1037 4387
f 1066 1061 1062
f 1063 1050 1067
f 1064 1067 1068
f 1059 1070 1069
f 4378 5313 5317
f 4379 4380 4391
f 5316 4392 1077
f 4382 4381 4394
f 1069 1057 1059
f 1041 1057 1081
f 5318 1082 1067
f 4395 1070 1056
f 1054 1075 1083
f 1047 4396 1080
f 1082 1072 1068
f 1065 1066 1071
f 4397 1088 1087
f 1089 5319 5320
f 1091 5320 1092
f 4398 1096 1095
f 1097 4399 1098
f 1099 1098 1100
f 1095 1102 1101
f 1098 4400 1103
f 1100 1103 1104
f 1089 1104 1103
f 1086 1103 4400
f 1085 1101 1102
f 1097 1106 1105
f 1094 1105 1107
f 1093 5718 5321
f 5321 1110 1093
f 1096 1110 1111
f 1102 1111 1112
f 1102 1113 1085
f 1088 1113 1114
f 1087 1116 1115
f 1115 1117 1090
f 5323 1118 1092
f 4402 1120 1108
f 1121 1119 1107
f 1122 1121 1105
f 1106 1124 1122
f 1109 1120 1125
f 1116 1114 1126
f 4403 4406 4405
f 4407 4408 5325
f 4409 4403 4404
f 4406 4412 4411
f 4413 4414 5327
f 4414 4407 5324
f 1136 4416 1143
f 4415 1146 1145
f 1132 1148 1147
f 1147 1150 1149
f 1128 4417 4416
f 1144 1152 1146
f 1141 1147 1153
f 1153 1149 1154
f 1129 4418 4417
f 1151 1156 1152
f 1140 1153 1157
f 1157 1154 1158
f 1159 1150 1160
f 5328 5325 4408
f 4410 1166 4409
f 1167 5326 1168
f 4420 4412 1170
f 1160 1150 1148
f 1171 1133 1163
f 1157 5329 1140
f 4421 1145 1159
f 1143 1173 1165
f 4422 1137 1169
f 1158 1172 1157
f 1162 1156 1155
f 1044 1175 1073
f 1048 1182 1079
f 1187 1189 1188
f 1197 1134 1198
f 1200 4423 1201
f 5330 1204 5331
f 5331 1206 1205
f 1208 4425 1209
f 4424 1212 1211
f 1211 1214 1213
f 1215 1209 1216
f 4426 1211 1217
f 1217 1213 1218
f 1218 1204 1217
f 1217 1202 4426
f 1216 1199 1215
f 1219 1212 1220
f 1220 1210 1221
f 5719 1207 5332
f 1224 5332 1207
f 1224 1208 1225
f 1225 1215 1226
f 1227 1215 1199
f 1227 1200 1228
f 1229 1201 1230
f 1230 1203 1231
f 5334 1205 1232
f 1222 4428 4427
f 1221 1234 1235
f 1220 1235 1236
f 1198 1219 1236
f 1223 1233 1222
f 1200 1238 1228
f 1239 1241 1240
f 1246 1248 1247
f 1249 1252 4429
f 5336 4432 4431
f 1257 4434 4433
f 5335 4435 4432
f 5338 4436 4435
f 1250 4429 4437
f 1265 4437 4438
f 5339 4439 4436
f 5340 4440 4439
f 5341 4441 4440
f 1267 4438 4434
f 4442 1258 1276
f 1277 4443 1278
f 1279 1271 1280
f 1281 1280 1282
f 4444 1257 4442
f 1284 1275 1277
f 1280 1269 1285
f 1282 1285 1286
f 1253 1254 1288
f 1287 1288 1290
f 1261 1253 1287
f 1291 1287 1289
f 1249 1250 4446
f 1293 1294 1296
f 1297 1261 1291
f 1298 1291 1292
f 4446 1265 1299
f 1296 4447 1300
f 1297 1286 1285
f 1263 1285 1269
f 1283 1300 4447
f 1267 1299 1265
f 1303 1290 1304
f 5342 4448 1306
f 5341 1309 4449
f 4433 1311 1258
f 1249 4451 1252
f 1258 1311 4452
f 1302 1278 4443
f 1279 5343 1273
f 1281 1315 1279
f 4445 1316 1312
f 1295 1303 4453
f 1254 1317 1288
f 1306 4448 1318
f 1304 1288 1317
f 4455 4456 1321
f 5344 4458 5345
f 4459 4460 1329
f 5345 4461 5346
f 4461 4462 5347
f 4463 4455 1320
f 4464 4463 1336
f 4462 4465 5348
f 4465 4466 5349
f 4466 4467 5350
f 4460 4464 1338
f 1328 4469 1345
f 4468 1348 1347
f 1341 1350 1349
f 1349 1352 1351
f 1329 4470 4469
f 1346 1354 1348
f 1339 1349 1355
f 1355 1351 1356
f 1325 1358 1357
f 1358 1360 1359
f 1331 1361 1358
f 1361 1362 1360
f 1321 1364 4471
f 4472 1366 1365
f 1331 1367 1361
f 1361 1368 1362
f 1336 4471 1369
f 4473 1365 1370
f 1356 1367 1355
f 1355 1333 1339
f 1370 1353 4473
f 1369 1338 1336
f 1359 1374 1373
f 5351 4474 4457
f 1378 1379 5350
f 1380 1381 4459
f 1382 1383 1321
f 4475 1380 1328
f 1371 1384 4468
f 1350 1343 5352
f 1352 1350 1385
f 1383 1386 1364
f 4476 1374 1366
f 1324 1357 1387
f 1388 4474 1375
f 1373 1357 1359
f 1389 1392 1391
f 1394 5354 1395
f 1398 1400 1399
f 5356 1393 1394
f 1404 1401 1402
f 1399 1403 1404
f 4478 1397 1398
f 1408 1405 1406
f 1389 4480 1392
f 1409 1412 1410
f 1414 1390 1391
f 1414 1396 1413
f 4482 1412 1411
f 1407 1418 1417
f 1427 1307 4454
f 1429 1431 1430
f 1415 1307 1255
f 1441 1259 1310
f 1442 1444 1443
f 1447 1449 1448
f 1451 5358 1452
f 1455 1457 1456
f 1450 5360 1458
f 5359 1461 1460
f 1456 1460 1461
f 1454 4484 1462
f 4483 1465 1464
f 1447 4486 1466
f 4485 1469 1468
f 1449 1471 1470
f 1470 5357 1453
f 1473 1468 1469
f 1475 1464 1465
f 1377 1480 1479
f 1487 1490 1489
f 1489 1334 1332
f 1491 1493 1492
f 1501 1494 1502
f 4488 4490 4489
f 4491 4494 4493
f 5362 4496 4495
f 5363 4498 4497
f 5365 4499 4498
f 4500 1522 4494
f 5361 4502 4496
f 4487 4504 4490
f 4500 5835 1522
f 4505 4489 4506
f 4497 5858 5364
f 5367 4507 4508
f 5368 4509 4499
f 4492 4493 4511
f 1536 1516 1537
f 1538 1537 1539
f 4512 1507 1541
f 1542 4513 1543
f 1544 1515 1536
f 1541 1508 1545
f 1543 4514 1546
f 1547 1519 1544
f 1545 1534 1548
f 1511 1512 1550
f 1525 1503 4517
f 1523 1511 1549
f 1553 1549 1555
f 1503 1504 4518
f 1552 1556 1558
f 5763 1523 1553
f 5764 1553 1554
f 1504 1527 5837
f 1556 1561 5767
f 1560 1539 1537
f 1559 1537 1516
f 1542 1562 5766
f 4512 4519 5762
f 1564 1566 1565
f 1568 1570 1569
f 1547 1569 1572
f 1571 4520 1570
f 1565 1550 1574
f 4521 1563 1564
f 4522 4503 1577
f 5369 4495 1579
f 4509 5370 1580
f 4524 1583 4510
f 1512 1578 1574
f 1572 1532 1547
f 4523 1525 4516
f 4525 1573 1548
f 4526 1587 4529
f 4528 1586 1589
f 1588 1589 1591
f 1593 1595 5371
f 4530 5371 1597
f 1598 5372 1599
f 1600 1591 1589
f 5373 1589 1586
f 1602 4529 1587
f 1592 1588 1590
f 1593 4528 1588
f 1596 1584 1585
f 1595 1606 1605
f 1607 1600 1608
f 1599 1610 1598
f 1598 4531 1584
f 1587 1611 1612
f 1587 1613 1603
f 1614 1615 1599
f 5375 1614 5372
f 1605 1616 5371
f 1603 1618 1602
f 5376 1601 1602
f 1608 1600 5373
f 1609 1615 1620
f 1603 1621 1617
f 4533 4535 4534
f 4536 4539 4538
f 5377 4541 5378
f 4542 4543 5380
f 4543 4544 5381
f 4539 4546 4545
f 5378 4547 5382
f 4534 4549 1644
f 4545 5839 4550
f 5838 4532 4533
f 5859 4542 5379
f 4553 4552 5383
f 4544 4554 5384
f 4555 4536 4537
f 1635 1656 1655
f 1655 1658 1657
f 1628 4558 1659
f 4557 1662 1661
f 1636 1663 1656
f 1627 1659 1664
f 4559 1661 1665
f 1638 1666 1663
f 1654 1664 1667
f 1632 1669 1668
f 4548 1671 4561
f 1642 1672 1669
f 1672 1674 1673
f 1624 4561 4563
f 1670 1677 1676
f 5769 5770 1672
f 5770 1679 1674
f 1623 4563 5841
f 1675 1676 5773
f 5771 1678 1655
f 1678 1649 1635
f 1662 1660 1680
f 4558 1640 1646
f 1682 1684 1683
f 1687 1689 1688
f 1688 1666 1691
f 4565 1686 1687
f 1668 1683 1693
f 1685 4566 1684
f 1696 1644 4549
f 4540 5377 5385
f 4554 1700 5386
f 1701 4556 1702
f 1631 1693 1698
f 1691 1651 1699
f 1695 1671 4548
f 4568 1667 1692
f 4569 1706 4570
f 4571 1708 1707
f 1708 1710 1709
f 1712 1714 5387
f 5387 4573 1715
f 5388 1718 1717
f 1719 5389 1707
f 5389 1721 1705
f 5390 1722 1704
f 1708 1711 1710
f 4571 1714 1708
f 1703 1716 4572
f 1724 1712 1725
f 1719 1727 1726
f 1729 1717 1718
f 4574 1718 1703
f 1730 1704 1731
f 1732 1704 1722
f 1717 1734 5388
f 5388 1734 5391
f 5387 1735 1725
f 1722 5390 1737
f 5392 1737 5390
f 1726 1738 5389
f 1728 1733 1717
f 1740 1722 1736
f 1533 1744 1606
f 1751 1513 1607
f 1576 1754 1753
f 1763 1526 1764
f 1772 1652 1724
f 1630 1773 1727
f 1786 1788 1787
f 1645 1789 1788
f 1792 4576 1793
f 5394 4578 4577
f 5395 4577 4579
f 1802 4581 4580
f 1801 4582 4581
f 5397 4584 4583
f 5396 4579 4584
f 1791 4585 4576
f 5393 4586 4578
f 1811 4580 4585
f 5398 4587 4586
f 1801 1802 4589
f 1817 1818 1820
f 1807 1808 1822
f 1821 1822 1824
f 1805 1801 4588
f 1825 1817 1819
f 1827 1829 1828
f 1796 1799 1831
f 1830 1831 1833
f 1811 1791 4592
f 1834 1835 1837
f 1795 1796 1830
f 1838 1830 1832
f 1791 1792 4593
f 1835 1840 1841
f 1813 1795 1838
f 1842 1838 1839
f 1823 1833 1831
f 1821 1831 1799
f 1843 1845 1844
f 1842 1844 1815
f 1836 1820 1818
f 4591 4589 1802
f 1845 1847 1846
f 5397 4594 1850
f 1792 1793 4595
f 4582 1855 1854
f 5401 1857 4587
f 5400 1829 1822
f 4598 1855 1805
f 1848 1858 1825
f 1827 1828 1849
f 1859 1856 1815
f 1844 1846 1859
f 4593 1792 1852
f 1860 1841 1840
f 1862 4601 1863
f 5402 4603 5403
f 5404 4602 5402
f 1872 4606 1873
f 1873 4607 1875
f 5405 4609 5406
f 5406 4604 5404
f 1863 4610 1881
f 5403 4611 5407
f 1881 4605 1872
f 5407 4612 1885
f 1873 1888 4613
f 4614 1890 1889
f 1879 1892 1891
f 1892 1894 1893
f 1875 1895 1888
f 4615 1896 1890
f 1897 1899 1898
f 1866 1901 1900
f 1901 1903 1902
f 1881 1905 4616
f 4617 1907 1906
f 1867 1908 1901
f 1908 1909 1903
f 1863 4616 4618
f 1904 1906 1911
f 1883 1912 1908
f 1912 1913 1909
f 1894 1892 1900
f 1892 1879 1870
f 1913 1912 1915
f 1912 1883 5408
f 1907 4617 1887
f 1905 1881 1872
f 1916 1914 1917
f 5405 1921 1920
f 1922 4600 1862
f 4607 1925 1924
f 4612 1927 5410
f 5409 1891 1898
f 4619 1875 1924
f 4615 1928 1919
f 1897 1918 1899
f 5408 1929 1915
f 1915 1917 1914
f 1923 1862 4618
f 1930 1910 1911
f 5412 1934 1933
f 1936 1933 1934
f 4622 1940 1939
f 1938 1942 1937
f 1944 4624 1945
f 1948 4623 1946
f 1950 1952 1951
f 5413 1954 1951
f 1953 1956 5414
f 1949 1947 1948
f 1931 1956 1955
f 1942 1935 1936
f 1939 4626 1957
f 1943 1960 1959
f 1816 1962 4597
f 1958 1800 1797
f 1973 1975 1974
f 1806 1976 4596
f 1984 1986 1985
f 1989 5416 1990
f 1993 1988 1989
f 4628 1997 1996
f 1999 1994 1995
f 2001 4630 2002
f 2005 4629 2003
f 2006 2009 2008
f 5417 2008 2009
f 2012 2011 2013
f 2005 2007 2004
f 5415 2012 2013
f 1993 1999 1992
f 1996 2015 2014
f 2017 2000 2001
f 2027 1886 2028
f 2030 2028 1886
f 2031 2029 2030
f 2033 2035 2034
f 2042 2044 2043
f 2045 2048 4631
f 2046 2047 2050
f 5420 2050 2052
f 2053 2056 2055
f 2054 2055 4633
f 2057 2058 2060
f 2056 2062 2061
f 2055 2061 4634
f 2058 2063 2064
f 2062 2052 2050
f 2061 2050 2047
f 2063 4631 2048
f 2065 2053 2054
f 2066 2054 4632
f 5421 2057 2059
f 2045 2070 2048
f 2048 2071 2064
f 2064 2072 2060
f 2060 2073 2059
f 2059 5423 5422
f 5419 2076 2045
f 2049 2075 5419
f 2051 2077 5420
f 2066 2080 2065
f 4635 2079 2066
f 2068 2081 2067
f 2087 2065 2080
f 2045 2089 2069
f 2068 2090 2082
f 4642 4644 4643
f 4646 4641 4642
f 5425 4648 5426
f 5426 4649 5427
f 4643 4651 2103
f 5427 4652 2105
f 2099 2108 2107
f 2108 2110 2109
f 4650 2112 4653
f 4654 2114 2113
f 2101 2115 2108
f 2115 2116 2110
f 2093 4653 4655
f 2111 2113 2118
f 5428 2119 2115
f 2119 2120 2116
f 2092 4655 4656
f 2117 2118 2122
f 2109 2126 2125
f 5429 2128 4647
f 2129 2130 2103
f 4658 2132 4645
f 2105 2134 2133
f 5430 2135 2119
f 2125 2136 2107
f 2136 2127 2098
f 4659 2131 2096
f 2114 4654 4660
f 2112 4650 4657
f 2135 2124 2120
f 2123 2137 2121
f 2139 2142 4661
f 5431 5432 2143
f 5432 2146 2145
f 2147 2150 2149
f 2150 2152 4662
f 4663 2154 2153
f 2148 2149 2156
f 2149 4662 4664
f 2151 2153 2158
f 2155 2156 2143
f 2156 4664 2141
f 2157 2158 2140
f 2159 2160 2150
f 2160 2161 2152
f 5720 2162 2154
f 2164 2139 2140
f 2165 2140 2158
f 2166 2158 2153
f 2167 2153 2154
f 5434 2154 2162
f 2169 2170 2142
f 2144 2142 2170
f 2146 5432 2171
f 2160 2174 2173
f 2161 2160 2173
f 5433 4665 2175
f 2159 2177 2174
f 2163 2169 2139
f 2180 5433 2176
f 4668 4670 4669
f 4671 4669 4672
f 5437 2085 2086
f 5436 2084 2085
f 4667 4674 4670
f 5438 2083 2084
f 2187 2188 2194
f 2193 2194 2196
f 2190 2181 4676
f 2197 2198 2200
f 2189 2187 2193
f 2201 2193 2195
f 2181 2182 4677
f 2198 2203 2204
f 2192 2189 2201
f 2205 2201 2202
f 2182 2185 4678
f 2203 2207 2208
f 2211 2196 2212
f 2086 5440 5437
f 4673 4681 4674
f 4672 4683 4671
f 5439 4684 2083
f 2219 2205 2221
f 2194 2212 2196
f 2188 2222 2194
f 2185 2218 4685
f 4686 2197 2199
f 2215 2190 4675
f 2221 2205 2206
f 2210 2208 2207
f 2230 4640 2213
f 2236 2186 2217
f 2237 2239 2238
f 2097 2243 2177
f 2247 2249 2248
f 2255 2250 2256
f 5442 2260 5860
f 5446 2264 2263
f 4687 2268 5448
f 2270 5776 5775
f 5777 5778 2264
f 5451 2278 2277
f 4688 5456 2281
f 4689 2275 2285
f 2286 2289 4691
f 2289 2291 2290
f 2293 2287 2294
f 5459 2258 5443
f 5456 2298 2297
f 2295 2300 2299
f 2292 2286 4690
f 2294 2287 2288
f 2293 2304 5462
f 5448 2261 2262
f 5861 5777 5446
f 2273 2307 2274
f 2308 2280 5454
f 2269 2311 2310
f 5449 5464 2273
f 2265 2312 5450
f 2280 2313 2265
f 5778 2258 5458
f 2279 4687 2266
f 2307 5442 5774
f 2301 2292 5463
f 5457 2304 2284
f 2276 2303 2285
f 2289 5444 4691
f 2302 2288 2259
f 2282 5775 5455
f 2271 2272 2309
f 2314 2298 2279
f 5461 2263 2264
f 5453 2275 2283
f 2266 5448 2305
f 2301 2291 2286
f 2277 2301 5452
f 2290 2296 2289
f 5460 2270 2282
f 5465 2318 2308
f 2319 2294 2320
f 2312 5468 2306
f 2323 2313 2308
f 2284 2325 2324
f 5469 5442 2307
f 2304 2293 2319
f 5464 2327 2307
f 2269 2329 5779
f 2302 2330 2320
f 2313 2323 2321
f 4693 2331 2283
f 2330 5445 2332
f 2257 2332 5445
f 2317 2272 2328
f 2331 2315 2283
f 2310 2334 2329
f 5780 2338 5470
f 2339 2335 2336
f 4695 2344 2343
f 2346 2341 2342
f 5782 5472 2338
f 2339 2347 2335
f 5863 2351 5472
f 5473 5474 2347
f 4695 2343 5476
f 2352 2342 2350
f 2353 5479 2354
f 5781 5482 5480
f 2358 2337 2359
f 4696 2363 2362
f 2365 2360 2361
f 2366 2368 2367
f 2363 4696 5484
f 5783 2374 5784
f 2365 2361 4698
f 2362 2376 2375
f 5471 2336 5864
f 5487 4699 2380
f 2364 2382 5485
f 2383 2371 2384
f 2345 2386 5490
f 5479 4694 2385
f 5476 2388 5493
f 2343 2389 2388
f 5472 2387 2390
f 2369 5488 2381
f 5489 5487 2380
f 2357 2367 2368
f 5481 2368 4698
f 2376 2377 2356
f 2374 5478 2355
f 5784 2355 5491
f 2373 5865 5492
f 5494 2392 2378
f 2364 2394 2382
f 2366 2364 2365
f 2389 2343 2344
f 5483 5470 2338
f 2379 2382 2394
f 2395 2396 2376
f 2397 2369 2398
f 2371 5783 5785
f 2386 2345 2402
f 2346 2404 2403
f 2352 5496 2404
f 5473 2406 2405
f 2403 2402 2345
f 2339 5471 5497
f 2395 2363 2397
f 2381 2398 2369
f 2408 2378 2409
f 2377 2376 2396
f 2410 2407 2340
f 2372 5492 2401
f 2392 2409 2378
f 2399 2384 2371
f 4701 4702 2415
f 5498 4704 5724
f 4705 4701 2414
f 2415 4706 2423
f 2423 4707 2425
f 5500 4703 5498
f 2414 2430 4709
f 4710 2432 2431
f 5499 2434 2433
f 2434 2436 2435
f 2415 2437 2430
f 4711 2438 2432
f 2418 2433 2439
f 2433 2435 2440
f 2423 2441 2437
f 4712 2442 2438
f 2442 4712 4713
f 2441 2423 2425
f 4709 2446 2422
f 2431 4715 4714
f 4715 4715 2452
f 2434 5499 5501
f 4707 2456 2455
f 2457 4708 5500
f 2439 2458 2428
f 2440 2459 2439
f 2425 2455 4718
f 2450 4713 2460
f 4719 2464 2463
f 2462 2463 2466
f 2453 2467 4714
f 2470 4705 2422
f 5730 4704 4726
f 4714 4720 2475
f 4720 4714 2467
f 4729 2480 4730
f 2482 4733 2483
f 2485 2488 4735
f 5504 4738 4737
f 2486 4735 4739
f 2485 4740 2488
f 2495 4741 4740
f 5505 4737 2500
f 2486 2493 4744
f 2501 2502 2504
f 2489 2490 2506
f 2505 2506 2508
f 2485 2486 4743
f 2509 2501 2503
f 2490 2499 2511
f 2506 2511 2512
f 2495 2485 4745
f 2513 2509 2510
f 2514 2516 4747
f 4746 2515 2497
f 2518 4744 2493
f 2504 4749 5731
f 2524 5732 5731
f 2505 2523 5506
f 4741 2528 2527
f 4752 5505 2500
f 2511 2529 2531
f 2531 2522 2512
f 4753 2528 2497
f 2521 2532 4747
f 2533 4730 2534
f 2535 2517 2518
f 2524 4749 2537
f 2538 4733 4732
f 4757 2526 2542
f 4731 2537 4749
f 2544 4731 4749
f 2546 4742 2491
f 4759 2549 2541
f 2553 2554 4755
f 5508 2558 2557
f 2560 2558 2555
f 2562 4761 2563
f 2564 2566 4760
f 2568 4763 2569
f 2572 4762 2570
f 2574 2576 2575
f 5511 2575 2576
f 2580 2577 2578
f 2571 2573 2574
f 2579 2556 5509
f 2566 2559 2560
f 2581 2584 5512
f 2586 2588 2587
f 5515 2592 2591
f 2581 2594 2593
f 2596 4765 2597
f 2599 2602 5516
f 2595 2586 2587
f 2590 2600 2589
f 5786 2606 2605
f 2585 2608 2607
f 2591 2593 2594
f 2610 4764 2598
f 2612 2607 2608
f 2611 2601 5517
f 2604 2583 5513
f 4767 2616 2615
f 4769 4771 2619
f 4773 4777 2623
f 4774 4779 4778
f 4769 4779 4768
f 4777 4781 2627
f 2498 2630 4751
f 2637 2639 2638
f 2561 2484 2636
f 2617 2567 2568
f 2609 2618 4770
f 2606 2613 2614
f 2540 2539 2548
f 2648 5519 2649
f 2647 2652 2651
f 4785 2656 2655
f 2658 2653 2654
f 4787 2662 2661
f 2659 2664 2663
f 2666 2668 2667
f 5520 2666 2667
f 2671 2670 2672
f 2668 2663 2664
f 5518 2671 2672
f 2657 2651 2652
f 2674 5523 2675
f 2678 2680 2679
f 2682 5525 2683
f 2674 2686 2673
f 2687 2690 4788
f 5527 2694 2693
f 2678 2687 2688
f 5524 2693 2694
f 5789 2698 2697
f 2679 2700 2699
f 2682 2685 2681
f 4789 2702 2701
f 2703 2699 2700
f 2704 2691 2692
f 5522 2695 2696
f 2706 4791 2707
f 4793 4795 2711
f 4798 4800 2715
f 4797 4803 2716
f 4793 4802 4792
f 4805 4798 2715
f 2727 2426 4717
f 2728 2730 2729
f 2735 2448 2447
f 2661 2710 4794
f 2709 2701 2702
f 4790 2697 2698
f 2464 4719 2741
f 2743 4722 4724
f 4808 2473 2472
f 2420 2751 2473
f 2473 2751 2752
f 4727 2474 2750
f 2757 2759 2758
f 5529 2763 2762
f 2765 2767 2766
f 2763 5531 2762
f 2768 2771 2769
f 2771 2764 2765
f 2767 4811 2766
f 2772 2775 2773
f 4813 2756 2757
f 2779 2776 2777
f 2759 2781 2758
f 2780 2761 2781
f 2778 4815 2782
f 2785 2787 2786
f 2788 2791 2790
f 5791 2795 2794
f 5532 2799 2798
f 2801 2803 2802
f 5535 2801 2802
f 2807 2804 2805
f 2803 2798 2799
f 5537 2806 2807
f 2788 2784 2785
f 4816 2790 2791
f 2811 2813 2812
f 2787 2815 2814
f 2809 2814 2815
f 2796 2792 2793
f 2812 4819 2816
f 2794 4821 2818
f 4823 4818 2817
f 4820 2753 2754
f 4814 2823 2822
f 2775 2820 2821
f 2824 2827 2826
f 5539 2831 2830
f 2833 2835 2834
f 5540 2831 2837
f 2838 5541 2839
f 2838 2832 2833
f 4824 2835 2841
f 2842 4825 2843
f 2826 4827 2844
f 4826 2847 2846
f 2824 2849 2848
f 2829 2849 2828
f 2847 4829 2846
f 2852 2855 2854
f 2857 2859 2858
f 2861 5793 2862
f 2864 2867 5542
f 2869 2871 2870
f 5545 2868 2869
f 2875 2872 2873
f 2870 2864 2865
f 5546 2874 2875
f 2857 2853 2856
f 4831 2858 2859
f 2878 2881 2880
f 2883 2854 2855
f 2882 2876 2877
f 5543 2863 2860
f 2881 4833 2880
f 2862 2887 4834
f 2885 4837 2888
f 4809 2886 4835
f 2851 2891 2890
f 4836 2842 2843
f 2896 2898 2897
f 5549 2902 2901
f 2904 2906 2905
f 2902 5551 2901
f 2907 2910 2908
f 2910 2903 2904
f 2906 4840 2905
f 2911 2914 2912
f 4842 2895 2896
f 2918 2915 2916
f 2898 2920 2897
f 2919 2900 2920
f 4844 2917 2918
f 2924 2926 2925
f 2927 2930 2929
f 5795 2934 2933
f 5552 2938 2937
f 2940 2942 2941
f 2939 5555 2943
f 5554 2946 2945
f 2942 2937 2938
f 2945 5557 2947
f 2923 2927 2928
f 2930 2950 4845
f 4846 2952 2951
f 2926 2954 2953
f 2954 5556 2948
f 2931 2935 2936
f 4848 2951 2952
f 4850 2933 2934
f 2955 4852 2959
f 2957 4838 2894
f 2921 2962 2961
f 4851 2914 2913
f 2963 2966 2965
f 2968 5559 2969
f 2972 2974 2973
f 2967 5561 2975
f 5560 2978 2977
f 2974 2978 2973
f 4853 2972 2980
f 2982 2979 4854
f 2965 4856 2983
f 4855 2986 2985
f 2963 2988 2987
f 5558 2987 2988
f 2985 4858 2989
f 2991 2994 2993
f 2996 2998 2997
f 2999 3002 5796
f 3003 3006 5562
f 3008 3010 3009
f 3009 5565 3011
f 5564 3014 3013
f 3007 3003 3004
f 3014 3016 5566
f 2992 2997 2998
f 2995 4860 3017
f 3020 4859 3018
f 2993 3022 3021
f 3021 3015 5567
f 5797 3005 5563
f 3019 4862 3023
f 3000 3026 4863
f 4861 4866 3027
f 2893 4864 2892
f 4857 3030 3029
f 2982 3028 2981
f 3037 3039 3038
f 3041 5569 3042
f 3045 3047 3046
f 3040 5571 3048
f 5570 3051 3050
f 3046 3050 3051
f 3045 4869 3044
f 3052 3055 3053
f 4871 3036 3037
f 3059 3056 3057
f 3039 3061 3038
f 3060 3043 3061
f 3058 4873 3062
f 3065 3067 3066
f 3068 3071 3070
f 5799 3075 3074
f 5572 3079 3078
f 3080 3083 3082
f 5574 3082 3085
f 3086 5575 3087
f 3076 3080 3079
f 5577 3086 3087
f 3070 3064 3065
f 3069 3091 4874
f 3092 3090 4875
f 3067 3095 3094
f 3089 3094 3095
f 3077 3072 3073
f 3092 4877 3096
f 4879 3074 3075
f 4881 4876 3097
f 4867 3098 3099
f 3102 3063 3031
f 3055 3100 3101
f 3103 3106 3105
f 5578 3110 3109
f 3112 3114 3113
f 5581 3110 3107
f 3118 3115 3116
f 3118 3113 3117
f 3114 4883 3119
f 3121 3120 3122
f 3105 4885 3123
f 4884 3126 3125
f 3103 3128 3127
f 5579 3128 3108
f 4886 3126 3130
f 3131 3134 3133
f 3136 3138 3137
f 3140 5801 3141
f 3143 3146 5583
f 3148 3150 3149
f 3147 5585 3150
f 3151 3154 3152
f 3146 3148 3149
f 3153 3156 5586
f 3134 3135 3136
f 4888 3158 3137
f 4889 3160 3159
f 3162 3131 3132
f 3161 3162 3155
f 3139 3144 3145
f 4890 3160 3164
f 4892 3141 3166
f 4891 4895 3163
f 3034 4893 3033
f 3129 3169 3032
f 3122 3167 3121
f 5589 3174 3173
f 3174 3176 3173
f 4898 3180 3179
f 3182 3177 3178
f 3184 4900 3185
f 3186 3188 4899
f 3190 3192 3191
f 3189 5591 3193
f 5590 3196 3195
f 3188 3191 3192
f 3195 3171 3172
f 3176 3181 3182
f 3197 3200 5592
f 3202 3204 3203
f 5595 3208 3207
f 3209 3198 3210
f 4901 3214 3213
f 3215 3218 5596
f 3203 3212 3213
f 3206 3216 3205
f 3220 5803 3221
f 3223 3201 3202
f 3207 3209 3210
f 4902 3226 3225
f 3223 3228 3227
f 3227 3228 3217
f 3219 3199 5593
f 3230 4904 3231
f 4906 4908 3235
f 4909 3239 3170
f 3238 3180 3237
f 3236 3183 3184
f 4907 3225 3226
f 3221 3232 3229
f 5599 3243 3242
f 3242 3245 3244
f 3247 4912 3248
f 4911 3251 3250
f 3253 4914 3254
f 4913 3257 3256
f 3259 3261 3260
f 5600 3260 3263
f 3262 3265 3264
f 3261 3256 3257
f 3264 3240 3241
f 3250 3244 3245
f 3267 5603 3268
f 3271 3273 3272
f 3275 5605 3276
f 3267 3279 3266
f 4915 3283 3282
f 3285 5607 3286
f 3283 3273 3270
f 5604 3284 3285
f 3289 5805 3290
f 3293 3271 3272
f 3279 3274 3275
f 3294 3280 3281
f 3293 3297 3296
f 3287 3297 5606
f 5602 3269 5804
f 3299 4918 3300
f 4920 4922 3304
f 4924 4896 3308
f 3247 3307 3246
f 3252 3302 3303
f 4921 3294 3295
f 4917 3288 3289
f 3312 4929 4928
f 4937 5806 3323
f 4938 3310 3329
f 5809 3339 4943
f 5812 3346 3345
f 3352 3355 3354
f 5610 3359 3358
f 3361 3363 3362
f 3358 5612 3364
f 5611 3367 3366
f 3367 3361 3366
f 4949 3362 3363
f 3371 3368 3369
f 3352 4951 3355
f 3372 3375 3373
f 3377 3353 3354
f 3356 3376 3377
f 3375 3338 3380
f 3382 3384 3383
f 3385 3388 3387
f 3390 5814 3391
f 5614 3396 3395
f 3398 3400 3399
f 5615 3398 3402
f 3403 5616 3404
f 3400 3395 3396
f 5617 3406 3403
f 3381 3385 3386
f 3388 3408 4955
f 3409 3407 4956
f 3384 3412 3411
f 3405 3411 3412
f 3393 3394 5813
f 4962 3409 3410
f 4964 3421 3389
f 4938 4942 4926
f 4966 3419 3423
f 3414 4969 3424
f 4970 3415 3416
f 4972 4960 3417
f 4966 3417 3418
f 4965 3349 3350
f 3435 3437 3436
f 3425 3438 4968
f 3439 3442 3441
f 5620 3446 3445
f 3448 3450 3449
f 3445 5622 3451
f 5621 3454 3453
f 3453 3447 3448
f 4980 3450 3456
f 3457 4981 3458
f 4982 3442 3460
f 3461 4983 3462
f 3439 3464 3463
f 3444 3464 3443
f 4986 4988 3468
f 3477 3479 3478
f 3480 3483 3482
f 5815 3487 3486
f 5624 3491 3490
f 3493 3495 3494
f 5627 3492 3493
f 3499 3496 3497
f 3494 3490 3491
f 5628 3498 3499
f 3480 3476 3483
f 3481 4997 3502
f 4996 3505 3504
f 3506 3507 3477
f 3507 3500 3501
f 3485 3488 3489
f 4999 3508 3504
f 3487 3516 5005
f 5007 3465 4946
f 4998 5012 3521
f 5013 3513 3524
f 3512 5015 3511
f 5002 5017 3510
f 3509 5017 5012
f 3515 4947 3351
f 3528 3530 3529
f 3522 3457 3458
f 3538 3433 3434
f 3540 3543 5026
f 3541 3542 3545
f 3539 5028 3538
f 3538 3541 3544
f 3548 3551 5631
f 3551 3553 5632
f 3554 3555 3551
f 3545 3431 3432
f 3544 3432 3433
f 3549 3333 3332
f 3556 3321 3320
f 5029 3543 3558
f 3559 3548 3560
f 3430 3545 3561
f 3560 5630 3562
f 5633 3332 3331
f 3562 3564 3560
f 3561 3429 3430
f 3560 3566 3559
f 3563 3331 3330
f 3558 5030 5029
f 3557 3565 3561
f 3561 3542 3557
f 3566 3317 3316
f 3555 3553 3551
f 3573 3547 3546
f 3552 3575 3556
f 3576 3434 3577
f 3539 3576 5032
f 3571 3572 3546
f 5635 3553 3574
f 5033 3316 3580
f 4931 5030 3567
f 3581 3317 3318
f 3317 3564 3318
f 5636 3309 3584
f 5608 3330 3309
f 3585 3315 3579
f 3568 3314 3565
f 3582 3319 3583
f 5634 3318 3564
f 3313 3429 3565
f 3317 3581 3580
f 4943 4954 3587
f 3589 4975 4976
f 4977 3590 4976
f 3596 4992 4993
f 5035 5817 5844
f 5007 3594 3465
f 3531 3532 3607
f 3608 3611 5036
f 5037 3613 3612
f 5039 3606 3607
f 5037 3607 3613
f 3616 3619 5637
f 3617 5637 5639
f 3622 3616 3617
f 3612 3613 3533
f 3532 3533 3613
f 5638 3520 3618
f 3344 3599 3624
f 3609 5040 3625
f 3616 3628 3627
f 3612 3535 3629
f 3619 3627 3630
f 5640 3519 5638
f 3632 3630 3627
f 3629 3536 3633
f 3634 3627 3628
f 3631 3518 5640
f 5041 3625 5040
f 3633 3626 3629
f 3610 3629 3626
f 3634 3472 3473
f 3641 3642 3640
f 3615 3611 3608
f 3643 3621 3624
f 3644 3645 3531
f 5042 3644 3606
f 3639 3646 3614
f 3620 5639 5642
f 4991 3635 5041
f 3472 4991 5043
f 3632 3634 3473
f 3474 3473 3650
f 5623 4985 3517
f 4985 5623 5643
f 3470 3471 3636
f 3653 3471 3470
f 3475 3474 3649
f 3474 5641 3632
f 3653 3527 3654
f 3473 3472 3647
f 4945 3655 3346
f 5023 5727 5022
f 5019 3659 3658
f 3663 5645 3664
f 3667 3662 3663
f 3669 5045 3670
f 5044 3673 3672
f 3675 5047 3676
f 3679 5046 3677
f 3681 3683 3682
f 5646 3685 3682
f 3684 3687 5647
f 3678 3680 3681
f 3687 5644 3665
f 3673 3667 3672
f 5648 3691 3690
f 3693 3695 3694
f 3697 5651 3698
f 3691 3701 3700
f 3703 5049 3704
f 3706 3709 5652
f 3692 3693 3702
f 3699 3707 5650
f 3711 5819 3712
f 3695 3715 3714
f 3700 3696 3697
f 5048 3717 3716
f 3714 3719 3718
f 3718 3708 5653
f 3710 3689 5649
f 3721 5051 3722
f 5053 5055 3726
f 5057 3731 3730
f 3728 3668 3669
f 3724 3674 3675
f 3717 3727 3716
f 3720 3712 3723
f 3733 5655 3734
f 3736 3733 3737
f 5059 3741 3740
f 3738 3743 3742
f 5061 3747 3746
f 3748 3745 3749
f 3751 3753 3752
f 3752 3755 5656
f 3756 5657 3757
f 3753 3748 3749
f 5654 3756 3757
f 3742 3736 3737
f 5659 3761 3760
f 3763 3765 3764
f 3766 3769 5660
f 3771 3760 3761
f 3772 3775 5062
f 5663 3779 3778
f 3773 3762 3763
f 3768 3778 3779
f 5821 3783 3782
f 3764 3785 3784
f 3767 3771 3766
f 5063 3787 3786
f 3785 3789 3788
f 3789 3777 3788
f 3758 3780 3781
f 3791 5065 3792
f 5067 5069 3796
f 3799 5071 3800
f 3801 3740 3741
f 3746 3794 3795
f 3786 5068 3797
f 5064 3782 3783
f 3803 5665 3804
f 3802 3807 3806
f 3809 5073 3810
f 3813 5072 3811
f 5075 3817 3816
f 3814 3819 3818
f 3821 3823 3822
f 3821 5667 3820
f 3824 3827 3825
f 3822 3818 3819
f 5664 3827 3826
f 3806 3812 3813
f 5668 3831 3830
f 3833 3835 3834
f 3837 5671 3838
f 3830 3831 3841
f 5076 3845 3844
f 5672 3849 3848
f 3834 3843 3844
f 3849 5670 3839
f 5822 3853 3852
f 3854 3833 3855
f 3841 3837 3840
f 5077 3857 3856
f 3858 3859 3854
f 3859 3858 3847
f 3851 3828 3829
f 5079 3863 3862
f 5081 5083 3866
f 3869 5085 3870
f 3809 3868 3808
f 3864 3816 3817
f 3857 3867 3856
f 3853 3860 3861
f 5675 3875 3874
f 3877 3874 3875
f 5087 3881 3880
f 3883 3878 3879
f 3885 5089 3886
f 3889 5088 3887
f 3891 3893 3892
f 5676 3893 3895
f 3896 5677 3897
f 3889 3891 3888
f 3872 3896 3897
f 3876 3882 3883
f 3899 5679 3900
f 3903 3905 3904
f 5680 3909 3908
f 3910 3898 3899
f 5090 3915 3914
f 5682 3919 3918
f 3905 3914 3915
f 3907 3917 3918
f 5825 3923 3922
f 3925 3902 3903
f 3906 3911 3909
f 3913 3927 3926
f 3928 3924 3925
f 3929 5683 3916
f 5678 3901 3920
f 5093 3933 3932
f 5095 5097 3936
f 5099 3941 3940
f 3880 3938 3939
f 5096 3884 3885
f 3934 3926 3927
f 3922 3930 3931
f 3943 5101 3944
f 3946 3949 5102
f 3946 5105 3949
f 3950 5101 3951
f 3952 3955 5684
f 3957 3959 3958
f 3961 5687 3962
f 3965 3952 3953
f 3967 5108 3968
f 5688 3973 3972
f 3966 3957 3958
f 3973 5686 3963
f 5826 3977 3976
f 3956 3979 3978
f 3960 3964 3965
f 3981 5107 3969
f 3978 3983 3982
f 3971 3982 3983
f 3975 3954 5685
f 5109 3985 3947
f 3981 3987 3986
f 3948 3976 3977
f 3990 5111 3991
f 5112 5113 3995
f 3995 5115 3997
f 5114 5111 3989
f 4000 5691 4001
f 4004 4006 4005
f 4008 5693 4009
f 4011 3999 4000
f 5117 4016 4015
f 5695 4020 4019
f 4006 4015 4016
f 4019 5692 4010
f 5829 4024 4023
f 4003 4026 4025
f 4008 4012 4007
f 4014 4028 4027
f 4026 4030 4029
f 4030 4017 4018
f 5690 4021 4022
f 3994 5119 5112
f 4034 4027 4028
f 4023 3993 4032
f 4048 4050 4049
f 4051 4054 4053
f 4056 5831 4057
f 5697 4062 4061
f 4063 4066 4065
f 4064 5699 4067
f 5698 4070 4069
f 4063 4061 4062
f 4069 5701 4071
f 4051 4052 4047
f 5123 4053 4054
f 4074 4076 4075
f 4050 4078 4077
f 4072 4077 4078
f 5830 4059 4060
f 4075 4080 4079
f 5130 4087 4086
f 4082 4040 4081
f 4084 4036 4037
f 5128 4037 4038
f 4082 5120 4039
f 5122 4085 5131
f 4088 4091 4090
f 4093 4095 4094
f 4097 5833 4098
f 4100 4103 5702
f 4104 4107 4106
f 4106 5705 4108
f 5704 4111 4110
f 4100 4101 4104
f 4111 4113 5706
f 4095 4089 4094
f 4092 5133 4114
f 5132 4117 4116
f 4090 4119 4118
f 4112 4118 4119
f 5703 4096 4102
f 4120 4116 4117
f 5139 4098 4128
f 4042 5140 4041
f 4044 4124 4125
f 4044 5138 4043
f 4042 4126 4127
f 4123 4045 4046
f 4124 4045 4123
f 5121 4126 4042
f 4125 5138 4044
f 4045 4124 4044
f 4127 5140 4042
f 4122 4097 5135
f 4122 5135 5134
f 5135 4097 5136
f 5136 4097 5137
f 5137 4097 5139
f 5139 4097 4098
f 4120 4117 4121
f 4099 4096 5703
f 5707 4118 4112
f 4091 4119 4090
f 4115 4117 5132
f 4093 5133 4092
f 4088 4089 4095
f 4111 5706 4110
f 4100 4104 4105
f 4109 4111 5704
f 4107 5705 4106
f 4104 4106 4105
f 4100 5702 4101
f 5832 5833 4097
f 4092 4095 4093
f 4088 4090 4089
f 4036 4085 5122
f 4083 5120 4082
f 4084 4037 5128
f 4085 4036 4084
f 4039 4040 4082
f 4056 4087 5130
f 4056 5130 5129
f 4056 5129 5127
f 4056 5127 5126
f 4056 5126 4055
f 4055 5126 5125
f 4076 4080 4075
f 4058 4059 5830
f 4072 4078 5700
f 4050 4077 4049
f 4074 4075 4073
f 5123 4054 5124
f 4051 4047 4048
f 4070 5701 4069
f 4063 4062 4066
f 4068 4070 5698
f 4065 5699 4064
f 4063 4065 4064
f 5696 4062 5697
f 4055 5831 4056
f 4051 4053 4052
f 4047 4050 4048
f 4024 4035 3992
f 3992 4035 5110
f 4024 3992 3998
f 4024 3998 3996
f 4024 3996 3993
f 4024 3993 4023
f 4033 4027 4034
f 4031 5119 3994
f 4002 4021 5690
f 4030 4018 4029
f 4026 4029 4025
f 4014 4027 4013
f 4011 4012 4008
f 4004 4026 4003
f 5828 4024 5829
f 4020 5692 4019
f 4006 4016 4005
f 5694 4020 5695
f 5117 4015 5118
f 4011 4000 4012
f 4007 5693 4008
f 4003 4006 4004
f 3999 5691 4000
f 5116 5111 5114
f 5113 5115 3995
f 5112 3995 3994
f 3989 5111 3990
f 3988 3945 3942
f 3988 3976 3945
f 3945 3976 5106
f 5106 3976 5103
f 5103 3976 3948
f 3948 3977 3984
f 3981 3986 3980
f 5109 3947 5102
f 3975 5685 3974
f 5689 3982 3971
f 3979 3983 3978
f 3980 5107 3981
f 3961 3964 3960
f 3956 3978 3959
f 5826 3976 5827
f 3970 5686 3973
f 3967 3957 3966
f 3970 3973 5688
f 3966 5108 3967
f 3964 3952 3965
f 3960 5687 3961
f 3956 3959 3957
f 3952 5684 3953
f 3944 5101 3950
f 5104 5105 3946
f 3946 5102 3947
f 5100 5101 3943
f 3923 3930 3922
f 3935 3926 3934
f 3937 3884 5096
f 3881 3938 3880
f 5098 3941 5099
f 5094 5097 5095
f 5092 3933 5093
f 5678 3920 3921
f 3929 3916 3928
f 3928 3925 3929
f 3913 3926 3912
f 3910 3911 3906
f 3924 3902 3925
f 5824 3923 5825
f 5681 3917 3907
f 3905 3915 3904
f 5682 3918 3917
f 5090 3914 5091
f 3910 3899 3911
f 3906 3909 5680
f 3902 3905 3903
f 3898 5679 3899
f 3877 3882 3876
f 3873 3896 3872
f 3890 3891 3889
f 3894 5677 3896
f 3892 3893 5676
f 3890 3893 3891
f 3888 5088 3889
f 3884 5089 3885
f 3882 3878 3883
f 5086 3881 5087
f 3876 3874 3877
f 5674 3875 5675
f 3853 3861 3852
f 5082 3867 3857
f 3865 3816 3864
f 3871 3868 3809
f 5084 5085 3869
f 5080 5083 5081
f 5078 3863 5079
f 3851 3829 3850
f 3859 3847 5673
f 3858 3854 3855
f 3842 3857 5077
f 3836 3837 3841
f 3832 3833 3854
f 5822 3852 5823
f 3846 5670 3849
f 3835 3843 3834
f 3846 3849 5672
f 5076 3844 3843
f 3830 3841 3840
f 3836 5671 3837
f 3832 3835 3833
f 5668 3830 5669
f 3807 3812 3806
f 3805 3827 5664
f 3823 3818 3822
f 3826 3827 3824
f 5666 5667 3821
f 3820 3823 3821
f 3815 3819 3814
f 5074 3817 5075
f 3812 5072 3813
f 3808 5073 3809
f 3803 3807 3802
f 3802 5665 3803
f 3793 3782 5064
f 3787 5068 3786
f 3747 3794 3746
f 3798 3740 3801
f 5070 5071 3799
f 5066 5069 5067
f 3790 5065 3791
f 3759 3780 3758
f 3776 3777 3789
f 3785 3788 3784
f 5063 3786 3774
f 3770 3771 3767
f 3765 3785 3764
f 5820 3783 5821
f 5661 3778 3768
f 3773 3763 3772
f 5662 3779 5663
f 3772 5062 3773
f 3770 3760 3771
f 3766 5660 3767
f 3762 3765 3763
f 5658 3761 5659
f 3743 3736 3742
f 3735 3756 5654
f 3750 3748 3753
f 3754 5657 3756
f 3752 5656 3751
f 3750 3753 3751
f 3744 3745 3748
f 5060 3747 5061
f 3739 3743 3738
f 5058 3741 5059
f 3732 3733 3736
f 3732 5655 3733
f 3711 3712 3720
f 5054 3727 3717
f 3725 3674 3724
f 3729 3668 3728
f 5056 3731 5057
f 5052 5055 5053
f 5050 5051 3721
f 3710 5649 3713
f 3719 3708 3718
f 3715 3719 3714
f 3705 3717 5048
f 3701 3696 3700
f 3695 3714 3694
f 5818 5819 3711
f 3706 3707 3699
f 3692 3702 3703
f 3706 5652 3707
f 3702 5049 3703
f 3688 3701 3691
f 3696 5651 3697
f 3692 3695 3693
f 3688 3691 5648
f 3666 3667 3673
f 3686 5644 3687
f 3679 3680 3678
f 3686 3687 3684
f 5646 3682 3683
f 3680 3683 3681
f 3678 5046 3679
f 3674 5047 3675
f 3671 3673 5044
f 3668 5045 3669
f 3666 3662 3667
f 3662 5645 3663
f 5733 3661 5021
f 5021 3661 5020
f 5020 3661 3660
f 5020 3660 5019
f 5019 3660 3659
f 5019 3658 3530
f 5018 3657 5735
f 5735 3657 3656
f 5024 5727 5023
f 5845 3655 4945
f 3473 3647 3650
f 3470 3470 3469
f 3470 3633 3470
f 3470 3633 3527
f 3470 3527 3653
f 3633 3536 3527
f 3475 5641 3474
f 3475 3649 3652
f 3648 3471 3653
f 3470 3636 3633
f 4985 5643 3651
f 5623 3517 3631
f 3474 3650 3649
f 3632 3473 3474
f 3472 5043 3647
f 3472 3635 4991
f 3620 5642 3642
f 3639 3614 3638
f 5042 3606 5038
f 3644 3531 3606
f 3614 3637 3638
f 3614 3615 3637
f 3637 3615 3608
f 3617 3620 3623
f 3623 3620 3641
f 3641 3620 3642
f 3628 3622 3625
f 3625 3622 3609
f 3609 3622 3623
f 3609 3623 3608
f 3608 3623 3637
f 3623 3641 3637
f 3637 3641 3640
f 3637 3640 3638
f 3638 3640 3639
f 3628 3625 3635
f 3628 3635 3634
f 3634 3635 3472
f 3612 3629 3610
f 3636 3626 3633
f 3635 3625 5041
f 3517 3518 3631
f 3632 3627 3634
f 3535 3536 3629
f 5641 3630 3632
f 3518 3519 5640
f 3616 3627 3619
f 3534 3535 3612
f 3622 3628 3616
f 5036 5040 3609
f 3520 3344 3618
f 3618 3344 3621
f 3621 3344 3624
f 3519 3520 5638
f 3532 3613 3607
f 3612 3533 3534
f 3622 3617 3623
f 3617 5639 3620
f 3616 5637 3617
f 5039 3607 5037
f 5038 3606 5039
f 5037 3612 3610
f 3608 5036 3609
f 3531 3607 3606
f 5010 4944 3605
f 3605 4944 3600
f 5010 3605 3604
f 5010 3604 5009
f 5009 3604 3603
f 5009 3603 5008
f 5008 3603 3602
f 5008 3602 5007
f 5007 3602 3601
f 5007 3601 3594
f 3597 5035 3598
f 3597 5817 5035
f 5034 3596 4995
f 5034 4995 4984
f 4995 3596 4994
f 4994 3596 4993
f 4992 3596 3595
f 4990 3595 4989
f 4989 3595 4988
f 3595 4990 4992
f 4977 4978 3590
f 3590 4978 3591
f 3591 4978 4979
f 3591 4979 3592
f 3592 4979 3593
f 4979 5031 3593
f 4973 4974 3588
f 3588 4974 3589
f 3589 4974 4975
f 4943 3587 5843
f 3317 3580 3316
f 3585 3313 3314
f 3585 3586 3313
f 3313 3586 3428
f 3313 3565 3314
f 3313 3428 3429
f 3319 3318 5634
f 3318 3319 3582
f 3315 3314 3568
f 3314 3315 3585
f 3563 3330 5608
f 5608 3309 5636
f 3566 3564 3317
f 3581 3318 3582
f 4931 3567 3316
f 4931 3316 5033
f 5632 3553 5635
f 3571 3546 3578
f 3539 5032 5027
f 3539 3434 3576
f 3573 3540 3547
f 3540 5025 3547
f 3573 3546 3572
f 3569 3570 3574
f 3569 3574 3553
f 3569 3553 3555
f 3567 3558 3559
f 3559 3558 3554
f 3554 3558 3543
f 3554 3543 3555
f 3555 3543 3540
f 3555 3573 3569
f 3555 3540 3573
f 3569 3573 3570
f 3570 3573 3572
f 3570 3572 3571
f 3567 3559 3566
f 3567 3566 3316
f 3545 3542 3561
f 3568 3565 3557
f 3567 5030 3558
f 5633 3331 3563
f 3564 3566 3560
f 3565 3429 3561
f 5634 3564 3562
f 3549 3332 5633
f 3548 5630 3560
f 3431 3545 3430
f 3554 3548 3559
f 5026 3543 5029
f 3552 3320 3550
f 3550 3320 3333
f 3552 3556 3320
f 3550 3333 3549
f 3544 3433 3538
f 3545 3432 3544
f 3554 3551 3548
f 3551 5632 5631
f 3548 5631 5630
f 5028 3541 3538
f 5027 5028 3539
f 3541 3545 3544
f 3540 5026 5025
f 3538 3434 3539
f 3537 3457 3523
f 3537 3523 5014
f 3523 3457 3525
f 3525 3457 3526
f 3526 3457 3522
f 3522 3458 5011
f 5018 5735 4987
f 4987 5735 3467
f 3467 5019 3528
f 3467 5735 5734
f 3467 5734 5733
f 3467 5733 5021
f 3467 5021 5020
f 3467 5020 5019
f 3528 5019 3530
f 5006 4947 3515
f 3510 5017 3509
f 5016 5017 5002
f 5013 5015 3512
f 3512 3513 5013
f 3509 5012 4998
f 3343 4944 5010
f 3343 5010 3342
f 5010 5009 3342
f 3342 5009 5008
f 3342 5008 3341
f 3341 5008 5007
f 3341 5007 4946
f 3487 5005 3486
f 3505 3514 5003
f 5003 3514 5004
f 3505 5003 5001
f 3505 5001 5000
f 3505 5000 4999
f 3505 4999 3504
f 3485 3489 3484
f 3506 3500 3507
f 3506 3477 3478
f 3503 3505 4996
f 3482 4997 3481
f 3479 3476 3480
f 5628 3499 5629
f 3495 3490 3494
f 3498 3496 3499
f 5626 3492 5627
f 3492 3495 3493
f 5624 3490 5625
f 5815 3486 5816
f 3480 3482 3481
f 3476 3479 3477
f 4984 4995 3348
f 3348 4995 3347
f 3347 3462 3466
f 3347 4995 3462
f 4995 4994 3462
f 3462 4994 4993
f 3462 4992 3461
f 3462 4993 4992
f 3461 4988 4986
f 3461 4992 4990
f 3461 4990 4989
f 3461 4989 4988
f 3463 3464 3444
f 3440 3464 3439
f 3459 4983 3461
f 3441 3442 4982
f 3455 4981 3457
f 3449 3450 4980
f 3454 3447 3453
f 3452 3454 5621
f 3446 5622 3445
f 3447 3450 3448
f 5619 3446 5620
f 3439 3441 3440
f 3425 3426 3371
f 3371 3426 3427
f 3371 3427 3422
f 3371 3422 3370
f 3370 3422 4967
f 3425 3371 3438
f 3378 3379 4974
f 3378 4974 4973
f 3379 4975 4974
f 3379 4976 4975
f 3379 4977 4976
f 3379 4978 4977
f 3379 4979 4978
f 3379 3437 4979
f 4979 3437 3435
f 3420 3349 4965
f 4972 3417 4966
f 4971 4960 4972
f 4969 3415 4970
f 3415 4969 3414
f 3418 3419 4966
f 4941 4936 3334
f 4941 3335 4940
f 4941 3334 3335
f 4940 3335 4939
f 4939 3335 3336
f 4939 3336 4938
f 4938 3336 4942
f 4964 3389 3390
f 3413 4958 4957
f 3413 3409 4958
f 4958 3409 4959
f 4959 3409 4961
f 4961 3409 4962
f 4962 3410 4963
f 3393 5813 3392
f 3405 3412 5618
f 3384 3411 3383
f 3409 4956 3410
f 3388 4955 3387
f 3382 3385 3381
f 5617 3403 3404
f 3400 3396 3399
f 3401 5616 3403
f 3397 3398 5615
f 3397 3400 3398
f 5613 3396 5614
f 3389 5814 3390
f 3385 3387 3386
f 3381 3384 3382
f 4935 3338 3375
f 4935 3375 4934
f 4934 3375 4933
f 4933 3375 4932
f 4932 3375 3374
f 4932 3374 4930
f 4930 3374 4929
f 4929 3374 4928
f 4928 3374 4953
f 4928 4953 4952
f 4935 4925 3337
f 4935 3337 3338
f 3357 3376 3356
f 3376 3353 3377
f 3374 3375 3372
f 4950 4951 3352
f 3370 3368 3371
f 4948 3362 4949
f 3360 3361 3367
f 3365 3367 5611
f 3359 5612 3358
f 3360 3363 3361
f 5609 3359 5610
f 3352 3354 3353
f 3346 5812 5811
f 5810 3346 5811
f 5810 5845 4945
f 5812 3345 5844
f 5810 4945 3346
f 5807 3339 5808
f 5808 3339 5809
f 5807 5842 3340
f 5809 4943 5843
f 5807 3340 3339
f 3325 3324 4936
f 3325 4936 4941
f 3325 4941 3326
f 3326 4941 4940
f 3326 4940 3327
f 3327 4940 4939
f 3327 4939 3328
f 3328 4939 4938
f 3328 4938 3329
f 4938 4926 3310
f 5842 5806 4937
f 4937 3323 3322
f 4925 4935 4927
f 4927 4935 3311
f 3311 4935 4934
f 4932 4930 3312
f 3311 4932 3312
f 3311 4934 4933
f 3311 4933 4932
f 3312 4930 4929
f 3301 3288 4917
f 3305 3294 4921
f 3253 3302 3252
f 3306 3307 3247
f 4923 4896 4924
f 4919 4922 4920
f 3298 4918 3299
f 5602 5804 3291
f 3296 3297 3287
f 3293 3296 3292
f 3294 3281 3295
f 3278 3274 3279
f 3292 3271 3293
f 3288 5805 3289
f 3277 3284 5604
f 3283 3270 3282
f 3284 5607 3285
f 4915 3282 4916
f 3278 3279 3267
f 3274 5605 3275
f 3270 3273 3271
f 3266 5603 3267
f 3251 3244 3250
f 3265 3240 3264
f 3258 3256 3261
f 5601 3265 3262
f 3259 3260 5600
f 3258 3261 3259
f 3255 3257 4913
f 3252 4914 3253
f 3249 3251 4911
f 3246 4912 3247
f 3243 3245 3242
f 5598 3243 5599
f 3221 3229 3220
f 4907 3226 3234
f 3233 3183 3236
f 3179 3180 3238
f 4909 3170 4910
f 4905 4908 4906
f 4903 4904 3230
f 3219 5593 3222
f 3227 3217 5597
f 3224 3228 3223
f 3211 3226 4902
f 3208 3209 3207
f 3223 3202 3224
f 5802 5803 3220
f 3215 3216 3206
f 3204 3212 3203
f 3215 5596 3216
f 4901 3213 3212
f 3197 3198 3209
f 5594 3208 5595
f 3201 3204 3202
f 3197 5592 3198
f 3175 3181 3176
f 3196 3171 3195
f 3187 3191 3188
f 3194 3196 5590
f 3190 5591 3189
f 3189 3192 3190
f 3187 3188 3186
f 3183 4900 3184
f 3181 3177 3182
f 4897 3180 4898
f 3175 3176 3174
f 5588 3174 5589
f 3168 3167 3122
f 4887 3169 3129
f 3165 4893 3034
f 4894 4895 4891
f 3140 3141 4892
f 3159 3160 4890
f 3139 3145 3142
f 3161 3155 5587
f 3161 3131 3162
f 3157 3160 4889
f 4888 3137 3138
f 3134 3136 3133
f 3153 5586 3154
f 3143 3148 3146
f 3153 3154 3151
f 5584 5585 3147
f 3147 3150 3148
f 3143 5583 5582
f 5800 5801 3140
f 3135 3138 3136
f 3131 3133 3132
f 3125 3126 4886
f 3127 3128 5579
f 3104 3128 3103
f 3124 3126 4884
f 3106 4885 3105
f 4882 3120 3121
f 3111 4883 3114
f 3112 3113 3118
f 3117 3115 3118
f 5580 3110 5581
f 3111 3114 3112
f 3107 3110 5578
f 3103 3105 3104
f 3054 3100 3055
f 4872 3063 3102
f 3035 3098 4867
f 4880 4876 4881
f 4878 3074 4879
f 3093 4877 3092
f 5573 3072 3077
f 3089 3095 3088
f 3067 3094 3066
f 3092 4875 3093
f 3069 4874 3068
f 3071 3064 3070
f 5576 3086 5577
f 3083 3080 3076
f 3084 5575 3086
f 3081 3082 5574
f 3080 3082 3081
f 3076 3079 5572
f 5798 3075 5799
f 3068 3070 3069
f 3064 3067 3065
f 3059 4873 3058
f 5568 3043 3060
f 3060 3061 3039
f 3058 3056 3059
f 4870 3036 4871
f 3054 3055 3052
f 4868 4869 3045
f 3047 3050 3046
f 3049 3051 5570
f 3041 5571 3040
f 3044 3047 3045
f 3040 5569 3041
f 3036 3039 3037
f 4865 3028 2982
f 2990 3030 4857
f 3025 4864 2893
f 3024 4866 4861
f 3000 4863 2999
f 3020 4862 3019
f 5797 5563 3001
f 3022 3015 3021
f 2994 3022 2993
f 3019 4859 3020
f 2996 4860 2995
f 2992 2998 2991
f 3014 5566 3013
f 3008 3003 3007
f 3012 3014 5564
f 3010 5565 3009
f 3007 3010 3008
f 3003 5562 3004
f 2999 5796 3000
f 2995 2998 2996
f 2991 2993 2992
f 2986 4858 2985
f 2970 2987 5558
f 2964 2988 2963
f 2984 2986 4855
f 2966 4856 2965
f 2981 2979 2982
f 2971 2972 4853
f 2977 2978 2974
f 2976 2978 5560
f 2968 5561 2967
f 2971 2974 2972
f 2967 5559 2968
f 2963 2965 2964
f 2960 2914 4851
f 2922 2962 2921
f 2958 4838 2957
f 2956 4852 2955
f 4849 2933 4850
f 4847 2951 4848
f 2932 2935 2931
f 2954 2948 2953
f 2926 2953 2925
f 4846 2951 2949
f 2930 4845 2929
f 2924 2927 2923
f 2946 5557 2945
f 2942 2938 2941
f 2944 2946 5554
f 2940 5555 2939
f 2939 2942 2940
f 5552 2937 5553
f 5794 2934 5795
f 2927 2929 2928
f 2923 2926 2924
f 4843 2917 4844
f 2899 2900 2919
f 2919 2920 2898
f 2917 2915 2918
f 4841 2895 4842
f 2913 2914 2911
f 4839 4840 2906
f 2909 2903 2910
f 2909 2910 2907
f 5550 5551 2902
f 2903 2906 2904
f 5548 2902 5549
f 2895 2898 2896
f 2889 2842 4836
f 2850 2891 2851
f 2755 2886 4809
f 2884 4837 2885
f 2862 4834 2861
f 4832 4833 2881
f 5543 2860 2866
f 2883 2876 2882
f 2882 2854 2883
f 2879 2881 2878
f 4830 2858 4831
f 2852 2853 2857
f 5546 2875 5547
f 2871 2864 2870
f 2874 2872 2875
f 5544 2868 5545
f 2868 2871 2869
f 2864 5542 2865
f 5792 5793 2861
f 2856 2859 2857
f 2852 2854 2853
f 4828 4829 2847
f 2848 2849 2829
f 2825 2849 2824
f 2845 2847 4826
f 2827 4827 2826
f 2840 4825 2842
f 2834 2835 4824
f 2839 2832 2838
f 2836 5541 2838
f 2830 2831 5540
f 2832 2835 2833
f 5538 2831 5539
f 2824 2826 2825
f 2774 2820 2775
f 2783 2823 4814
f 2819 2753 4820
f 4822 4818 4823
f 2795 4821 2794
f 2813 4819 2812
f 2797 2792 2796
f 2809 2815 2808
f 2787 2814 2786
f 2811 2812 2810
f 4816 2791 4817
f 2789 2784 2788
f 5536 2806 5537
f 2800 2798 2803
f 2806 2804 2807
f 5534 2801 5535
f 2800 2803 2801
f 5532 2798 5533
f 5790 2795 5791
f 2788 2790 2789
f 2784 2787 2785
f 2779 4815 2778
f 2760 2761 2780
f 2780 2781 2759
f 2778 2776 2779
f 4812 2756 4813
f 2774 2775 2772
f 4810 4811 2767
f 2770 2764 2771
f 2770 2771 2768
f 5530 5531 2763
f 2764 2767 2765
f 5528 2763 5529
f 2756 2759 2757
f 2473 2752 2472
f 2427 2744 2417
f 2417 2751 2420
f 2417 2744 2751
f 2744 2427 2746
f 2744 2746 2745
f 2746 2417 2747
f 2746 2427 2417
f 2747 2417 2420
f 2747 2420 2748
f 2748 2420 2473
f 2748 2473 4808
f 2748 4808 2749
f 2749 4808 2472
f 2742 4722 2743
f 2464 2741 2740
f 2708 2697 4790
f 2739 2701 2714
f 2739 2714 2719
f 2714 2701 2713
f 2713 2701 2717
f 2717 2701 2709
f 2709 2702 2712
f 2738 2720 4799
f 2738 4799 2662
f 2662 4799 4801
f 2662 4801 2718
f 2662 2718 2710
f 2662 2710 2661
f 2474 4727 2655
f 2474 2655 2732
f 2732 2655 2733
f 4727 2737 2655
f 2733 2655 2734
f 2734 2655 2448
f 2734 2448 4716
f 2448 2655 2447
f 2447 2655 2656
f 2447 2656 2461
f 2656 2731 2461
f 2731 2461 2461
f 2461 2731 2469
f 2469 2731 2468
f 2461 2461 4721
f 2461 2469 2735
f 2735 2469 2736
f 2736 2469 2721
f 2721 2469 2468
f 2461 2735 2447
f 2735 4716 2448
f 4723 4807 2421
f 4807 2413 2421
f 4807 2416 2413
f 4807 2424 2416
f 4807 2426 2424
f 4807 2730 2426
f 2426 2730 2728
f 4723 2722 4806
f 4723 2421 2722
f 2722 2421 2723
f 2723 2421 2413
f 2723 2413 2724
f 2724 2413 2416
f 2724 2424 2725
f 2724 2416 2424
f 2725 2426 2726
f 2725 2424 2426
f 2726 2426 2727
f 4804 4798 4805
f 4803 4802 4793
f 4802 4803 4797
f 4796 4800 4798
f 4792 4795 4793
f 2705 4791 2706
f 2676 2695 5522
f 2704 2692 2703
f 2703 2700 2704
f 4789 2701 2689
f 2686 2685 2682
f 2680 2700 2679
f 5788 2698 5789
f 2684 2693 5524
f 2678 2688 2677
f 5526 2694 5527
f 2687 4788 2688
f 2685 2686 2674
f 2681 5525 2682
f 2677 2680 2678
f 2673 5523 2674
f 2658 2651 2657
f 2650 2671 5518
f 2665 2663 2668
f 2669 2670 2671
f 5520 2667 5521
f 2665 2668 2666
f 2660 2664 2659
f 4786 2662 4787
f 2657 2653 2658
f 4784 2656 4785
f 2648 2652 2647
f 2647 5519 2648
f 2606 2614 2605
f 2646 2628 2621
f 2646 2621 2610
f 2610 2621 2622
f 2610 2622 2625
f 2610 2625 2618
f 2610 2618 2609
f 2645 2624 4780
f 2645 2567 2624
f 2624 2567 4776
f 4776 2567 2626
f 2626 2567 2617
f 2617 2568 2620
f 2561 2484 2484
f 2562 2539 2540
f 2562 2540 2644
f 2562 2644 2643
f 2562 2643 2642
f 2562 2642 2519
f 2562 2520 2561
f 2562 2519 2520
f 2519 2642 2525
f 2561 2520 2479
f 2561 2479 2478
f 2562 2545 2539
f 2561 2478 2484
f 2484 2484 2481
f 2484 2478 2629
f 2629 2478 2640
f 2640 2478 2641
f 2641 2478 2479
f 2641 2519 2525
f 2641 2479 2520
f 2641 2520 2519
f 4734 2494 4783
f 4783 2498 2637
f 4783 2494 2487
f 4783 2487 4736
f 4783 4736 2496
f 4783 2496 2498
f 2637 2498 2639
f 4782 2635 4734
f 4734 2635 2494
f 2494 2635 2634
f 2494 2634 2487
f 2487 2634 2633
f 2487 2633 4736
f 4736 2633 2496
f 2633 2632 2496
f 2496 2632 2498
f 2632 2631 2498
f 2498 2631 2630
f 4772 4781 4777
f 4778 4779 4769
f 4775 4779 4774
f 4772 4777 4773
f 4768 4771 4769
f 4766 2616 4767
f 2604 5513 2603
f 2612 2601 2611
f 2611 2607 2612
f 2609 4764 2610
f 2592 2593 2591
f 2585 2607 2588
f 5786 2605 5787
f 2599 2600 2590
f 2596 2586 2595
f 2599 5516 2600
f 2595 4765 2596
f 2582 2594 2581
f 5514 2592 5515
f 2585 2588 2586
f 2581 5512 2582
f 2565 2559 2566
f 2580 2556 2579
f 2572 2573 2571
f 2579 2577 2580
f 5510 2575 5511
f 2573 2576 2574
f 2571 4762 2572
f 2567 4763 2568
f 2565 2566 2564
f 2561 4761 2562
f 2559 2558 2560
f 2555 2558 5508
f 2553 4755 2541
f 2547 2552 2530
f 2530 2552 4742
f 4742 2552 2491
f 2552 2551 2491
f 2491 2551 2492
f 2551 2550 2492
f 2492 2550 4755
f 2550 4759 4755
f 4759 2550 2549
f 4759 2541 4755
f 4758 2492 4755
f 4758 2491 2492
f 4758 2546 2491
f 2544 4749 2504
f 2544 2504 2502
f 2543 2537 4731
f 4754 4754 4756
f 4754 4738 4754
f 4754 4738 5503
f 4754 2526 4757
f 4754 5503 2526
f 4739 2538 2493
f 4739 4733 2538
f 5731 4749 2524
f 2534 2535 2533
f 2534 2536 2535
f 2536 2517 2535
f 4729 4730 2533
f 2521 4747 2516
f 4753 2497 2515
f 2531 2512 2511
f 2499 2529 2511
f 5507 5505 4752
f 2497 2528 4741
f 2505 5506 2489
f 2507 5731 2505
f 2505 5731 2523
f 5726 4748 4750
f 5725 5732 2524
f 2507 2503 2504
f 2507 2508 2503
f 2503 2508 2510
f 2508 2512 2510
f 2510 2512 2514
f 2512 2522 2514
f 2514 2522 2516
f 2522 2521 2516
f 2507 2504 5731
f 2517 4744 2518
f 4746 2497 2495
f 2514 4747 2513
f 2513 2510 2514
f 2495 4745 4746
f 2506 2512 2508
f 2490 2511 2506
f 2509 2503 2510
f 2485 4743 4745
f 2505 2508 2507
f 2489 2506 2505
f 2501 2504 2503
f 2486 4744 4743
f 5504 4737 5505
f 2497 4741 2495
f 2495 4740 2485
f 2486 4739 2493
f 5503 4738 5504
f 2485 4735 2486
f 4732 4733 2482
f 2477 2480 4729
f 4720 2467 2476
f 2475 2429 2431
f 4714 2475 2431
f 2471 2454 4725
f 4725 2454 4726
f 4726 2454 5724
f 5729 2419 4728
f 5730 5724 4704
f 4722 2470 4724
f 4722 4705 2470
f 2453 4714 4715
f 2466 2446 2445
f 2465 2466 2445
f 2465 2462 2466
f 4719 2463 2462
f 2443 4713 2450
f 2425 4718 2444
f 2449 2459 2440
f 2459 2458 2439
f 2457 5500 5502
f 4707 2455 2425
f 2434 5501 2451
f 4715 2436 2434
f 2451 4715 2434
f 2451 2453 4715
f 2436 4715 4715
f 2432 2438 2435
f 2440 2442 2449
f 2440 2438 2442
f 2449 2443 2450
f 2449 2442 2443
f 2438 2440 2435
f 2432 2436 2431
f 2432 2435 2436
f 2431 2436 4715
f 2445 2446 4709
f 2441 2425 2444
f 2442 4713 2443
f 4712 2438 4711
f 2423 2437 2415
f 2433 2440 2439
f 2418 2439 2428
f 4711 2432 4710
f 2415 2430 2414
f 2434 2435 2433
f 5499 2433 2418
f 4710 2431 2429
f 2414 4709 2422
f 4708 4703 5500
f 4706 4707 2423
f 4702 4706 2415
f 4705 2414 2422
f 4703 4704 5498
f 4701 2415 2414
f 2412 2384 2399
f 2411 2409 2392
f 2372 2401 2400
f 2410 2340 2377
f 2377 2396 2410
f 4699 2378 2408
f 4700 2398 2381
f 2362 2363 2395
f 2339 5497 2406
f 2403 2345 2346
f 2339 2406 5473
f 2349 5496 2352
f 2352 2404 2346
f 2386 2402 5495
f 2371 5785 2399
f 2363 2369 2397
f 2395 2376 2362
f 2379 2394 2391
f 5483 2338 2390
f 2389 2344 2353
f 2393 2364 2366
f 2393 2394 2364
f 5494 2378 5487
f 2373 5492 2372
f 2374 2355 5784
f 2383 5478 2374
f 2376 2356 2375
f 2357 2368 5481
f 2358 2367 2357
f 5489 2380 2370
f 5484 5488 2369
f 5472 2390 2338
f 2343 2388 5476
f 5476 5493 2348
f 2344 4694 5479
f 2345 5490 2341
f 2374 2371 2383
f 2364 5485 2360
f 2378 4699 5487
f 5471 5864 5486
f 2362 2375 4697
f 2365 4698 2368
f 2371 2374 5783
f 2363 5484 2369
f 2365 2368 2366
f 2364 2360 2365
f 4696 2362 4697
f 2357 2337 2358
f 5470 5482 5781
f 2344 5479 2353
f 2346 2342 2352
f 4695 5476 5475
f 5477 5474 5473
f 5863 5472 5782
f 5473 2347 2339
f 5782 2338 5780
f 2345 2341 2346
f 4694 2344 4695
f 2339 2336 5471
f 5780 5470 5781
f 2310 2329 2269
f 2333 2315 2331
f 2309 2272 2317
f 2326 2332 2257
f 2302 5445 2330
f 4693 2283 4689
f 2313 2321 2312
f 2302 2320 2294
f 2269 5779 5776
f 2322 2327 5464
f 2304 2319 2325
f 5469 2307 2327
f 2304 2325 2284
f 2323 2308 2318
f 2321 5468 2312
f 2293 2294 2319
f 5467 2318 5465
f 2311 2270 5460
f 2300 2296 2290
f 2316 2301 2277
f 2316 2291 2301
f 2266 2305 2314
f 5453 2283 2315
f 5461 2264 5458
f 2314 2279 2266
f 2271 2309 5862
f 2270 5775 2282
f 2302 2259 5445
f 2296 5444 2289
f 2276 2285 2275
f 5462 2304 5457
f 2301 5463 5452
f 2307 5774 2274
f 4688 4687 2279
f 5778 5458 2264
f 2308 2313 2280
f 2313 2312 2265
f 5466 5464 5449
f 2270 2311 2269
f 2308 5454 5465
f 5464 2307 2273
f 5861 5446 2267
f 5448 2262 2305
f 2293 5462 4692
f 2294 2288 2302
f 2301 2286 2292
f 2296 2300 2295
f 2279 2298 5456
f 5458 2258 5459
f 4692 2287 2293
f 2286 2291 2289
f 2286 4691 4690
f 2283 2275 4689
f 2279 5456 4688
f 5451 2277 5452
f 5777 2264 5446
f 2269 5776 2270
f 4687 5448 2266
f 5446 2263 5447
f 5442 5860 5774
f 2255 2249 2104
f 2255 2104 2094
f 2255 2094 2091
f 2255 2091 2095
f 2255 2095 2250
f 2247 2254 2104
f 2104 2254 2094
f 2094 2254 2253
f 2094 2253 2091
f 2091 2253 2252
f 2091 2252 2095
f 2095 2252 2251
f 2095 2251 2250
f 2247 2104 2249
f 2241 2246 2106
f 2241 2106 2178
f 2241 2178 2242
f 2106 2246 2102
f 2102 2246 2245
f 2102 2245 2100
f 2100 2245 2244
f 2100 2244 2097
f 2097 2244 2243
f 2191 2240 2239
f 2191 2239 2184
f 2184 2239 2183
f 2183 2239 2186
f 2186 2239 2237
f 2231 2216 2232
f 2232 2216 2191
f 2232 2191 2233
f 2233 2191 2184
f 2233 2184 2234
f 2234 2184 2183
f 2234 2183 2235
f 2235 2183 2186
f 2235 2186 2236
f 2225 2220 2226
f 2226 2220 4637
f 2226 4637 2227
f 2227 4637 4638
f 2227 4638 2228
f 2228 4638 4639
f 2228 4639 2229
f 2229 4639 4640
f 2229 4640 2230
f 2210 2207 2223
f 2221 2206 2209
f 2215 4675 2224
f 4686 2199 2211
f 2185 4685 4678
f 2214 2222 2188
f 2222 2212 2194
f 2192 2205 2219
f 5441 4684 5439
f 4682 4683 4672
f 4680 4681 4673
f 4679 5440 2086
f 2206 2202 2204
f 2202 2200 2204
f 2208 2210 2209
f 2206 2208 2209
f 2206 2204 2208
f 2200 2195 2199
f 2200 2202 2195
f 2199 2196 2211
f 2199 2195 2196
f 2203 2208 2204
f 2182 4678 4677
f 2205 2202 2206
f 2192 2201 2205
f 2198 2204 2200
f 2181 4677 4676
f 2201 2195 2202
f 2189 2193 2201
f 2197 2200 2199
f 2190 4676 4675
f 2193 2196 2195
f 2187 2194 2193
f 5439 2083 5438
f 4673 4674 4667
f 5438 2084 5436
f 5436 2085 5437
f 4668 4669 4671
f 4667 4670 4668
f 2168 5433 2180
f 2179 2169 2163
f 2172 2102 2146
f 2146 2100 2145
f 2146 2102 2100
f 2172 2106 2102
f 2172 2178 2106
f 2097 2145 2100
f 2097 2155 2145
f 2097 2177 2155
f 2155 2177 2148
f 2148 2177 2147
f 2147 2177 2159
f 5433 2175 2176
f 2161 2173 4666
f 2159 2174 2160
f 2146 2171 2172
f 2144 2170 5435
f 2169 2142 2139
f 2167 2154 5434
f 2166 2153 2167
f 2165 2158 2166
f 2164 2140 2165
f 2163 2139 2164
f 5720 2154 4663
f 2160 2152 2150
f 2159 2150 2147
f 2157 2140 4661
f 2156 2141 2143
f 2155 2143 2145
f 2151 2158 2157
f 2149 4664 2156
f 2148 2156 2155
f 4663 2153 2151
f 2150 4662 2149
f 2147 2149 2148
f 5432 2145 2143
f 5431 2143 2141
f 2139 4661 2140
f 2123 2121 2122
f 2135 2120 2119
f 2112 4657 2138
f 2114 4660 2126
f 4659 2096 4656
f 2136 2098 2107
f 2125 2107 2109
f 5430 2119 5428
f 4652 2134 2105
f 4658 4645 4646
f 2129 2103 4651
f 5429 4647 5425
f 2118 2116 2120
f 2118 2120 2122
f 2120 2124 2122
f 2124 2123 2122
f 2118 2113 2116
f 2116 2113 2110
f 2113 2114 2110
f 2110 2114 2109
f 2114 2126 2109
f 2117 2122 2121
f 2092 4656 2096
f 2119 2116 2115
f 5428 2115 2101
f 2111 2118 2117
f 2093 4655 2092
f 2115 2110 2108
f 2101 2108 2099
f 4654 2113 2111
f 4650 4653 2093
f 2108 2109 2107
f 2099 2107 2098
f 4649 4652 5427
f 4644 4651 4643
f 4648 4649 5426
f 4647 4648 5425
f 4645 4641 4646
f 4641 4644 4642
f 2074 2090 2068
f 2076 2089 2045
f 4637 2078 4638
f 4638 2051 4639
f 4639 2052 4640
f 4640 2062 2087
f 4637 2088 2078
f 4638 2078 2051
f 4639 2051 2052
f 4640 2052 2062
f 2087 2062 2056
f 2087 2056 2053
f 2087 2053 2065
f 2082 2081 2068
f 4636 2079 4635
f 2079 2080 2066
f 2078 2077 2051
f 5424 2075 2049
f 2075 2076 5419
f 2073 5423 2059
f 2072 2073 2060
f 2071 2072 2064
f 2070 2071 2048
f 2069 2070 2045
f 5421 2059 5422
f 2066 4632 4635
f 2065 2054 2066
f 2063 2048 2064
f 2061 2047 4634
f 2062 2050 2061
f 2058 2064 2060
f 2055 4634 4633
f 2056 2061 2055
f 2057 2060 2059
f 2054 4633 4632
f 2053 2055 2054
f 5420 2052 2051
f 2046 2050 5420
f 2045 4631 5419
f 2033 2044 1861
f 1861 2044 1864
f 1864 2044 1882
f 1882 2044 1871
f 1871 2044 1874
f 1874 2044 1876
f 1876 2044 2042
f 2033 1861 2035
f 2035 1864 2036
f 2035 1861 1864
f 2036 1882 2037
f 2036 1864 1882
f 2037 1871 2038
f 2037 1882 1871
f 2038 1874 2039
f 2038 1871 1874
f 2039 1876 2040
f 2039 1874 1876
f 2040 1876 2041
f 2041 1876 2042
f 2031 2030 2032
f 1877 2030 1880
f 1880 2030 1869
f 1877 2018 2030
f 1869 2030 1865
f 1865 2030 1868
f 2030 1884 1868
f 2030 2029 2028
f 2030 1886 1884
f 2018 1877 2020
f 2018 2020 2019
f 2020 1880 2021
f 2020 1877 1880
f 2021 1869 2022
f 2021 1880 1869
f 2022 1865 2023
f 2022 1869 1865
f 2023 1868 2024
f 2023 1865 1868
f 2024 1884 2025
f 2024 1868 1884
f 2025 1886 2026
f 2025 1884 1886
f 2026 1886 2027
f 2016 2000 2017
f 1997 2015 1996
f 1998 1999 1993
f 1991 2012 5415
f 2006 2007 2005
f 2010 2011 2012
f 5417 2009 5418
f 2006 2008 2007
f 2004 4629 2005
f 2000 4630 2001
f 1998 1994 1999
f 4627 1997 4628
f 1992 1988 1993
f 1988 5416 1989
f 1984 1987 4575
f 1984 4575 1794
f 1984 1794 1812
f 1984 1812 1803
f 1984 1803 1804
f 1984 1804 1806
f 1984 1806 1986
f 1853 1983 1982
f 1853 1982 4575
f 4575 1982 1794
f 1982 1981 1794
f 1794 1981 1812
f 1981 1980 1812
f 1812 1980 1803
f 1980 1979 1803
f 1803 1979 1804
f 1979 1978 1804
f 1804 1978 1806
f 1978 1977 1806
f 1806 1977 1976
f 1972 1975 1973
f 1958 1970 4625
f 1958 1816 1970
f 1958 1971 1809
f 1958 1814 1816
f 1958 1809 1810
f 1958 1798 1814
f 1958 1810 1800
f 1958 1797 1798
f 1961 1969 1851
f 1851 1969 1809
f 1809 1969 1810
f 1969 1968 1810
f 1810 1968 1800
f 1968 1967 1800
f 1800 1967 1797
f 1967 1966 1797
f 1797 1966 1798
f 1966 1965 1798
f 1798 1965 1814
f 1965 1964 1814
f 1814 1964 1816
f 1964 1963 1816
f 1816 1963 1962
f 1944 1960 1943
f 1940 4626 1939
f 1941 1935 1942
f 1932 1956 1931
f 1950 1947 1949
f 1955 1956 1953
f 5413 1951 1952
f 1949 1952 1950
f 1947 4623 1948
f 1943 4624 1944
f 1941 1942 1938
f 4621 1940 4622
f 1935 1933 1936
f 5411 1934 5412
f 1930 1911 1916
f 1923 4618 4620
f 1929 1917 1915
f 1926 1929 5408
f 4615 1919 1896
f 1895 1875 4619
f 1878 1891 5409
f 4612 5410 1885
f 4607 1924 1875
f 1922 1862 1923
f 5405 1920 4608
f 1911 1906 1909
f 1903 1907 1902
f 1903 1906 1907
f 1902 1889 1894
f 1902 1907 1889
f 1894 1890 1893
f 1894 1889 1890
f 1893 1896 1897
f 1893 1890 1896
f 1897 1896 1918
f 1918 1896 1919
f 1906 1903 1909
f 1911 1913 1916
f 1911 1909 1913
f 1916 1913 1914
f 1905 1872 4613
f 1907 1887 1889
f 1912 5408 1915
f 1913 1915 1914
f 1892 1870 1900
f 1894 1900 1902
f 1912 1909 1908
f 1883 1908 1867
f 1904 1911 1910
f 1863 4618 1862
f 1908 1903 1901
f 1867 1901 1866
f 4617 1906 1904
f 1881 4616 1863
f 1901 1902 1900
f 1866 1900 1870
f 1898 1891 1893
f 1897 1898 1893
f 4615 1890 4614
f 1875 1888 1873
f 1892 1893 1891
f 1879 1891 1878
f 4614 1889 1887
f 1873 4613 1872
f 4611 4612 5407
f 4610 4605 1881
f 4603 4611 5403
f 4601 4610 1863
f 4609 4604 5406
f 4608 4609 5405
f 4606 4607 1873
f 4605 4606 1872
f 4604 4602 5404
f 4602 4603 5402
f 4600 4601 1862
f 1847 1841 1860
f 4593 1852 4599
f 1845 1846 1844
f 1859 1815 1844
f 1848 1825 1826
f 4598 1805 4590
f 5400 1822 1808
f 5401 4587 5399
f 1805 1855 4582
f 1792 4595 1852
f 4583 4594 5397
f 1839 1837 1841
f 1839 1832 1837
f 1837 1832 1836
f 1832 1833 1836
f 1836 1833 1820
f 1833 1823 1820
f 1820 1823 1819
f 1823 1824 1819
f 1819 1824 1826
f 1824 1827 1826
f 1826 1827 1849
f 1826 1849 1848
f 1839 1841 1843
f 1841 1847 1843
f 1843 1847 1845
f 4591 1802 1811
f 1836 1818 1834
f 1842 1815 1813
f 1843 1844 1842
f 1821 1799 1807
f 1823 1831 1821
f 1842 1839 1843
f 1813 1838 1842
f 1835 1841 1837
f 1791 4593 4592
f 1838 1832 1839
f 1795 1830 1838
f 1834 1837 1836
f 1811 4592 4591
f 1830 1833 1832
f 1796 1831 1830
f 1822 1829 1824
f 1824 1829 1827
f 1825 1819 1826
f 1805 4588 4590
f 1821 1824 1823
f 1807 1822 1821
f 1817 1820 1819
f 1801 4589 4588
f 5399 4587 5398
f 1802 4580 1811
f 5398 4586 5393
f 1811 4585 1791
f 5395 4579 5396
f 5396 4584 5397
f 1805 4582 1801
f 1801 4581 1802
f 5394 4577 5395
f 5393 4578 5394
f 1791 4576 1792
f 1653 1777 1790
f 1653 1790 1626
f 1626 1790 1629
f 1629 1790 1641
f 1641 1790 1647
f 1647 1790 1789
f 1647 1789 1622
f 1622 1789 1625
f 1625 1789 1645
f 1777 1653 1779
f 1779 1653 1780
f 1780 1653 1626
f 1780 1626 1781
f 1781 1626 1629
f 1781 1629 1782
f 1782 1629 1641
f 1782 1641 1783
f 1783 1641 1647
f 1783 1647 1622
f 1783 1622 1784
f 1784 1622 1625
f 1784 1625 1785
f 1785 1625 1645
f 1785 1645 1786
f 1777 1779 1778
f 1786 1645 1788
f 1643 1650 1776
f 1776 1650 1766
f 1643 1776 1775
f 1643 1775 1633
f 1633 1775 1774
f 1633 1774 1630
f 1630 1774 1773
f 1766 1650 1648
f 1766 1648 1767
f 1634 1768 1767
f 1767 1648 1634
f 1768 1634 1769
f 1769 1634 1637
f 1769 1637 1770
f 1770 1637 1639
f 1770 1639 1771
f 1771 1639 1652
f 1771 1652 1772
f 1762 1765 1535
f 1762 1535 1509
f 1762 1509 1510
f 1762 1510 4501
f 1762 1528 1763
f 1762 4501 1528
f 1763 1528 1505
f 1763 1505 1506
f 1763 1506 1526
f 1752 1761 1582
f 1582 1761 1535
f 1535 1761 1760
f 1535 1760 1509
f 1509 1760 1759
f 1509 1759 1510
f 1510 1759 1758
f 1510 1758 4501
f 4501 1758 1528
f 1528 1758 1757
f 1528 1757 1505
f 1505 1757 1756
f 1505 1756 1506
f 1506 1756 1755
f 1506 1755 1526
f 1526 1755 1754
f 1526 1754 1576
f 1748 1743 1531
f 1748 1531 1524
f 1748 1524 1749
f 1749 1524 1514
f 1749 1514 1750
f 1750 1514 1513
f 1750 1513 1751
f 1741 1747 1517
f 1741 1517 1742
f 1529 1743 1742
f 1742 1517 1529
f 1743 1529 1531
f 1517 1747 1518
f 1518 1747 1746
f 1518 1746 1520
f 1520 1746 1745
f 1520 1745 1533
f 1533 1745 1744
f 1732 1722 1740
f 1739 1733 1728
f 1726 5389 1719
f 5392 5390 1720
f 1722 1737 1736
f 5387 1725 1712
f 5388 5391 1713
f 1733 1734 1717
f 1731 1704 1732
f 4569 1704 1730
f 1729 1718 4574
f 1728 1717 1729
f 1723 1630 1727
f 1723 1633 1630
f 1723 1643 1633
f 1723 1650 1643
f 1723 1709 1710
f 1723 1727 1709
f 1709 1727 1719
f 1711 1712 1724
f 1711 1723 1710
f 1711 1652 1723
f 1723 1637 1650
f 1711 1724 1652
f 1723 1652 1639
f 1723 1639 1637
f 1650 1637 1634
f 1650 1634 1648
f 1718 1716 1703
f 4573 1714 4571
f 1714 1711 1708
f 5390 1704 4570
f 5389 1705 1707
f 1719 1707 1709
f 1716 1718 5388
f 1714 4573 5387
f 1711 1714 1712
f 1708 1709 1707
f 4571 1707 1705
f 4569 4570 1704
f 1654 1667 4568
f 1694 1671 1695
f 1666 1651 1691
f 1668 1693 1631
f 4555 4556 1701
f 4554 5386 5384
f 4540 5385 1697
f 4567 1644 1696
f 4562 4566 1685
f 4562 1685 1677
f 4562 1677 1670
f 1682 1683 1668
f 1682 1668 1669
f 1682 1669 1673
f 1665 1686 4560
f 1665 4560 4559
f 4560 1686 4565
f 1656 1663 1690
f 1656 1690 1658
f 1690 1663 1689
f 1689 1663 1666
f 1689 1666 1688
f 1686 1665 1690
f 1658 1665 1661
f 1657 1661 1662
f 1686 1689 1687
f 1662 1681 1657
f 1681 5771 1657
f 1661 1657 1658
f 1665 1658 1690
f 1686 1690 1689
f 1676 1679 5773
f 1676 1674 1679
f 1677 1674 1676
f 1673 1674 1677
f 1685 1673 1677
f 1685 1682 1673
f 1685 1684 1682
f 4558 1646 4564
f 1662 1680 1681
f 1678 1635 1655
f 5771 1655 1657
f 1675 5773 5772
f 1623 5841 5768
f 5770 1674 1672
f 5769 1672 1642
f 1670 1676 1675
f 1624 4563 1623
f 1672 1673 1669
f 1642 1669 1632
f 4548 4561 1624
f 1632 1668 1631
f 1627 1664 1654
f 1651 1666 1638
f 4557 1661 4559
f 1628 1659 1627
f 1638 1663 1636
f 1660 1662 4557
f 1640 4558 1628
f 1656 1658 1655
f 1636 1656 1635
f 4555 4537 4556
f 4544 5384 5381
f 4547 4553 5382
f 5382 4553 5383
f 5840 4542 5859
f 4551 4532 5838
f 4546 5839 4545
f 4535 4549 4534
f 4541 4547 5378
f 4539 4545 4538
f 4543 5381 5380
f 4542 5380 5379
f 4540 4541 5377
f 4536 4538 4537
f 4532 4535 4533
f 1613 1621 1603
f 1599 1615 1609
f 1608 5373 1619
f 5376 1602 1618
f 1617 1618 1603
f 1605 5371 1595
f 5375 5372 1594
f 1614 1599 5372
f 1612 1613 1587
f 4526 1611 1587
f 1610 4531 1598
f 1609 1610 1599
f 1591 1600 1607
f 1591 1604 1590
f 1591 1607 1604
f 1604 1524 1531
f 1604 1607 1513
f 1604 1513 1514
f 1604 1514 1524
f 1604 1533 1592
f 1604 1520 1533
f 1604 1518 1520
f 1604 1531 1518
f 1518 1531 1517
f 1517 1531 1529
f 1604 1592 1590
f 1533 1606 1592
f 1592 1606 1595
f 1598 1584 1596
f 4530 4528 1593
f 1593 1588 1592
f 1602 1587 1603
f 5373 1586 5374
f 1600 1589 5373
f 1596 5372 1598
f 1593 5371 4530
f 1592 1595 1593
f 1588 1591 1590
f 4528 1589 1588
f 4526 4529 4527
f 4525 1548 1534
f 4523 4516 1575
f 1581 1532 1572
f 1512 1574 1550
f 4524 4510 4511
f 5368 5370 4509
f 5362 4495 5369
f 4504 4503 4522
f 1557 1563 1551
f 1557 1551 1552
f 1551 1563 4521
f 1549 1550 1566
f 1549 1566 1555
f 1566 1550 1565
f 4515 4520 1571
f 4515 1571 1546
f 4515 1546 4514
f 1567 1568 1544
f 1567 1544 1536
f 1567 1536 1538
f 1544 1568 1547
f 1547 1568 1569
f 1567 1571 1568
f 1567 1546 1571
f 1538 1539 1543
f 1538 1546 1567
f 1538 1543 1546
f 1539 1542 1543
f 1539 1562 1542
f 1562 1539 1560
f 1571 1570 1568
f 5765 1558 5767
f 1554 1558 5765
f 1566 1564 1563
f 1555 1563 1557
f 1554 1557 1558
f 1557 1554 1555
f 1563 1555 1566
f 4512 5762 1521
f 1542 5766 1540
f 1559 1516 1530
f 1560 1537 1559
f 1556 5767 1558
f 1504 5837 4518
f 5764 1554 5765
f 5763 1553 5764
f 1552 1558 1557
f 1503 4518 4517
f 1553 1555 1554
f 1523 1549 1553
f 1525 4517 4516
f 1511 1550 1549
f 1508 1534 1545
f 1532 1519 1547
f 4513 4514 1543
f 1507 1508 1541
f 1519 1515 1544
f 1540 4513 1542
f 1521 1507 4512
f 1536 1537 1538
f 1515 1516 1536
f 4492 4511 4510
f 5368 4499 5365
f 5367 4508 5366
f 5366 4508 4502
f 5836 5858 4497
f 4488 4489 4505
f 5834 5835 4500
f 4503 4504 4487
f 5366 4502 5361
f 4500 4494 4491
f 5365 4498 5363
f 5363 4497 5364
f 5361 4496 5362
f 4491 4493 4492
f 4487 4490 4488
f 1501 1493 1322
f 1501 1322 1319
f 1501 1319 1335
f 1501 1335 1337
f 1501 1337 1330
f 1501 1330 1327
f 1501 1327 1494
f 1491 1319 1322
f 1491 1500 1319
f 1319 1500 1335
f 1500 1499 1335
f 1335 1499 1337
f 1499 1498 1337
f 1337 1498 1330
f 1498 1497 1330
f 1330 1497 1327
f 1497 1496 1327
f 1327 1496 1495
f 1327 1495 1494
f 1491 1322 1493
f 1489 1479 1488
f 1489 1377 1479
f 1489 1478 1344
f 1489 1323 1377
f 1489 1326 1323
f 1344 1342 1489
f 1489 1342 1340
f 1489 1332 1326
f 1489 1340 1334
f 1487 1489 1488
f 1476 1342 1344
f 1476 1344 1478
f 1476 1478 1477
f 1476 1486 1342
f 1342 1486 1340
f 1486 1485 1340
f 1340 1485 1334
f 1485 1484 1334
f 1334 1484 1332
f 1484 1483 1332
f 1332 1483 1482
f 1332 1482 1326
f 1326 1482 1481
f 1326 1481 1323
f 1323 1481 1480
f 1323 1480 1377
f 1474 1464 1475
f 1472 1468 1473
f 1471 5357 1470
f 1446 1471 1449
f 1467 1469 4485
f 1448 4486 1447
f 1463 1465 4483
f 1455 4484 1454
f 1457 1460 1456
f 1459 1461 5359
f 1451 5360 1450
f 1454 1457 1455
f 1450 5358 1451
f 1446 1449 1447
f 4430 1445 1444
f 4430 1444 1251
f 1251 1444 1266
f 1266 1444 1268
f 1268 1444 1260
f 1260 1444 1259
f 1259 1444 1442
f 1434 1313 1435
f 1435 1313 4430
f 1435 1251 1436
f 1435 4430 1251
f 1436 1266 1437
f 1436 1251 1266
f 1437 1268 1438
f 1437 1266 1268
f 1438 1260 1439
f 1438 1268 1260
f 1439 1259 1440
f 1439 1260 1259
f 1440 1259 1441
f 1274 1415 1272
f 1272 1415 1270
f 1274 1433 1415
f 1270 1415 1264
f 1264 1415 1262
f 1415 1256 1262
f 1415 1416 1432
f 1415 1255 1256
f 1415 1432 1307
f 1428 1431 1429
f 1419 1308 1420
f 1420 1308 1274
f 1420 1272 1421
f 1420 1274 1272
f 1421 1270 1422
f 1421 1272 1270
f 1422 1264 1423
f 1422 1270 1264
f 1423 1262 1424
f 1423 1264 1262
f 1424 1262 1425
f 1425 1262 1256
f 1425 1256 1426
f 1426 1256 1255
f 1426 1255 1427
f 1427 1255 1307
f 1408 1418 1407
f 4481 1412 4482
f 5353 1396 1414
f 1413 1390 1414
f 1411 1412 1409
f 4479 4480 1389
f 1407 1405 1408
f 4477 1397 4478
f 1400 1403 1399
f 1403 1401 1404
f 5355 1393 5356
f 1397 1400 1398
f 1393 5354 1394
f 1389 1391 1390
f 1387 1357 1373
f 1324 1387 1376
f 4476 1366 4472
f 1383 1364 1321
f 1352 1385 1372
f 1350 5352 1385
f 1371 4468 1347
f 4475 1328 1345
f 1382 1321 4456
f 1380 4459 1328
f 1378 5350 4467
f 1375 4474 5351
f 5351 4457 5344
f 1347 1351 1352
f 1347 1352 1372
f 1347 1372 1371
f 1347 1348 1351
f 1351 1348 1356
f 1348 1354 1356
f 1356 1354 1368
f 1354 1370 1368
f 1368 1370 1362
f 1370 1365 1362
f 1362 1365 1366
f 1362 1366 1360
f 1360 1366 1374
f 1360 1374 1359
f 4470 1338 1369
f 1354 1353 1370
f 1367 1333 1355
f 1368 1367 1356
f 1363 1365 4473
f 1320 4471 1336
f 1367 1368 1361
f 1333 1367 1331
f 4472 1365 1363
f 1321 4471 1320
f 1361 1360 1358
f 1331 1358 1325
f 1358 1359 1357
f 1325 1357 1324
f 1349 1351 1355
f 1341 1349 1339
f 1353 1354 1346
f 1338 4470 1329
f 1350 1352 1349
f 1343 1350 1341
f 1346 1348 4468
f 1329 4469 1328
f 4460 1338 1329
f 4466 5350 5349
f 4465 5349 5348
f 4462 5348 5347
f 4464 1336 1338
f 4463 1320 1336
f 4461 5347 5346
f 4458 4461 5345
f 4459 1329 1328
f 4457 4458 5344
f 4455 1321 1320
f 1290 1288 1304
f 1305 1317 1254
f 1295 4453 1293
f 4445 1312 1249
f 1301 1315 1281
f 1315 5343 1279
f 1302 4443 1314
f 1258 4452 1276
f 1312 4451 1249
f 4450 1311 4433
f 5341 4449 4441
f 4431 5342 5336
f 4431 4448 5342
f 1282 1286 1277
f 1286 1284 1277
f 1282 1278 1281
f 1282 1277 1278
f 1281 1278 1301
f 1301 1278 1302
f 1284 1298 1300
f 1284 1286 1298
f 1300 1292 1296
f 1300 1298 1292
f 1296 1292 1295
f 1295 1292 1289
f 1295 1289 1303
f 1303 1289 1290
f 4444 1299 1267
f 1284 1300 1283
f 1297 1285 1263
f 1298 1286 1297
f 1294 4447 1296
f 1250 1265 4446
f 1297 1291 1298
f 1263 1261 1297
f 1293 1296 1295
f 1249 4446 4445
f 1291 1289 1292
f 1261 1287 1291
f 1287 1290 1289
f 1253 1288 1287
f 1280 1285 1282
f 1271 1269 1280
f 1283 1275 1284
f 1267 1257 4444
f 1279 1280 1281
f 1273 1271 1279
f 1275 4443 1277
f 1257 1258 4442
f 1267 4434 1257
f 5341 4440 5340
f 5340 4439 5339
f 5339 4436 5338
f 1265 4438 1267
f 1250 4437 1265
f 5338 4435 5337
f 5337 4435 5335
f 1257 4433 1258
f 5335 4432 5336
f 1249 4429 1250
f 1135 1239 1248
f 1135 1248 1127
f 1127 1248 1130
f 1130 1248 1138
f 1138 1248 1246
f 1239 1135 1241
f 1241 1135 1242
f 1242 1135 1127
f 1242 1127 1243
f 1243 1127 1130
f 1243 1130 1244
f 1244 1130 1138
f 1244 1138 1245
f 1245 1138 1246
f 1229 1238 1200
f 1237 1233 1223
f 1232 1142 1139
f 1218 1198 1134
f 1205 1142 1232
f 1134 1131 1206
f 1131 1142 1205
f 1191 1232 1139
f 1131 1205 1206
f 1134 1206 1218
f 1198 1218 1213
f 1198 1213 1214
f 1198 1214 1219
f 1220 1236 1219
f 1221 1235 1220
f 1233 4428 1222
f 5331 1205 5334
f 1201 1203 1230
f 1200 1201 1229
f 1199 1200 1227
f 1226 1215 1227
f 1208 1215 1225
f 1207 1208 1224
f 5333 5332 1224
f 4425 1207 5719
f 1212 1210 1220
f 1214 1212 1219
f 4423 1199 1216
f 1204 1202 1217
f 1206 1204 1218
f 1211 1213 1217
f 4424 1211 4426
f 1208 1209 1215
f 1212 1214 1211
f 1210 1212 4424
f 1207 4425 1208
f 1204 1206 5331
f 1202 1204 5330
f 1199 4423 1200
f 1191 1139 1193
f 1191 1193 1192
f 1193 1139 1194
f 1194 1139 1142
f 1194 1142 1195
f 1195 1142 1131
f 1195 1131 1196
f 1196 1131 1134
f 1196 1134 1197
f 1187 1190 1046
f 1187 1046 1039
f 1187 1039 1040
f 1187 1040 1048
f 1187 1048 1189
f 1181 1186 1076
f 1076 1186 1046
f 1046 1186 1185
f 1046 1185 1039
f 1039 1185 1184
f 1039 1184 1040
f 1040 1184 1183
f 1040 1183 1048
f 1048 1183 1182
f 1078 1180 1179
f 1078 1179 1051
f 1051 1179 1178
f 1051 1178 1052
f 1052 1178 1177
f 1052 1177 1043
f 1043 1177 1176
f 1043 1176 1044
f 1044 1176 1175
f 1162 1155 1174
f 1161 1172 1158
f 4418 1137 4422
f 1143 1165 1136
f 4415 1145 4421
f 1172 5329 1157
f 1148 1133 1171
f 1160 1148 1171
f 4411 4412 4420
f 4413 5326 1167
f 4419 1166 4410
f 5328 4408 1164
f 1145 1146 1149
f 1154 1152 1158
f 1154 1146 1152
f 1158 1156 1161
f 1158 1152 1156
f 1161 1156 1162
f 1146 1154 1149
f 1145 1150 1159
f 1145 1149 1150
f 1153 1154 1157
f 1141 1153 1140
f 1155 1156 1151
f 1137 4418 1129
f 1147 1149 1153
f 1132 1147 1141
f 1151 1152 1144
f 1129 4417 1128
f 1148 1150 1147
f 1133 1148 1132
f 1144 1146 4415
f 1128 4416 1136
f 4414 5324 5327
f 4413 5327 5326
f 4406 4411 4405
f 4409 4404 4410
f 4407 5325 5324
f 4403 4405 4404
f 1088 1114 1116
f 1108 1120 1109
f 1123 1051 1118
f 1051 1052 1118
f 1052 1043 1092
f 1043 1044 1091
f 1052 1092 1118
f 1043 1091 1092
f 1044 1104 1091
f 1044 1124 1104
f 1104 1124 1100
f 1100 1124 1099
f 1099 1124 1106
f 1122 1105 1106
f 1121 1107 1105
f 4402 1108 4401
f 5323 1092 5320
f 1115 1090 1087
f 1088 1116 1087
f 1085 1113 1088
f 1112 1113 1102
f 1096 1111 1102
f 1093 1110 1096
f 5322 1110 5321
f 4398 5718 1093
f 1097 1105 1094
f 1099 1106 1097
f 4397 1101 1085
f 1089 1103 1086
f 1091 1104 1089
f 1098 1103 1100
f 4399 4400 1098
f 1096 1102 1095
f 1097 1098 1099
f 1094 4399 1097
f 1093 1096 4398
f 1089 5320 1091
f 1086 5319 1089
f 1085 1088 4397
f 1065 1071 1084
f 1082 1068 1067
f 4388 4396 1047
f 1045 1075 1054
f 4395 1056 4386
f 5318 1067 1050
f 1041 1081 1074
f 1081 1057 1069
f 4382 4394 4393
f 4383 4392 5316
f 4379 4391 4390
f 4378 5317 4389
f 1060 1055 1056
f 1060 1064 1055
f 1055 1064 1062
f 1064 1068 1062
f 1062 1068 1066
f 1068 1072 1066
f 1066 1072 1071
f 1060 1056 1059
f 1056 1070 1059
f 1063 1067 1064
f 1049 1050 1063
f 1065 1061 1066
f 1047 1037 4388
f 1058 1063 1060
f 1042 1049 1058
f 1061 1053 1062
f 1037 1038 4387
f 1057 1058 1059
f 1041 1042 1057
f 1053 4386 1055
f 1038 1045 4385
f 5314 4384 5315
f 5315 4383 5316
f 4381 4376 4373
f 4374 4380 4379
f 5313 4377 5314
f 4373 4375 4374
f 1034 4318 4319
f 1034 4319 1035
f 1035 4319 4320
f 1035 4320 1036
f 4320 4322 1036
f 1036 4322 4323
f 813 1023 1033
f 813 1033 793
f 793 1033 796
f 796 1033 801
f 801 1033 804
f 804 1033 1031
f 1023 813 1025
f 1025 793 1026
f 1025 813 793
f 1026 793 1027
f 1027 793 796
f 1027 796 1028
f 1028 796 801
f 1028 801 1029
f 1029 801 804
f 1029 804 1030
f 1030 804 1031
f 1013 805 1016
f 1013 1016 1015
f 1016 805 1017
f 1017 805 797
f 1017 797 1018
f 1018 797 800
f 1018 800 1019
f 1019 800 807
f 1019 807 1020
f 1020 807 810
f 1020 810 1021
f 1021 810 812
f 1021 812 1022
f 1008 1014 954
f 786 787 997
f 805 1011 797
f 797 1011 800
f 800 1011 807
f 807 1011 810
f 960 1012 812
f 959 960 812
f 805 1013 1011
f 810 1011 959
f 810 959 812
f 1012 960 972
f 1012 972 967
f 1012 967 968
f 1012 968 984
f 1012 984 979
f 1012 979 980
f 1012 980 996
f 1012 996 991
f 1012 991 992
f 1012 992 949
f 949 992 791
f 4370 985 788
f 990 988 789
f 992 990 790
f 957 959 1010
f 4361 957 4372
f 954 955 1008
f 953 954 1006
f 1005 969 1006
f 962 969 1004
f 1003 961 1004
f 1002 981 1003
f 1001 974 1002
f 1000 973 1001
f 999 993 1000
f 998 986 999
f 997 985 998
f 4362 953 4365
f 958 956 971
f 960 958 972
f 964 981 4368
f 966 982 983
f 968 983 984
f 976 993 4371
f 978 994 995
f 980 995 996
f 989 996 995
f 4369 995 994
f 986 4371 993
f 990 992 989
f 988 990 4369
f 985 4370 986
f 977 984 983
f 975 983 982
f 974 4368 981
f 978 979 977
f 4367 977 975
f 973 4366 974
f 965 967 971
f 963 971 970
f 962 4365 969
f 966 967 965
f 4364 965 963
f 961 4363 962
f 958 960 957
f 956 958 4361
f 953 4362 954
f 952 948 786
f 790 945 791
f 951 949 791
f 951 950 949
f 788 787 947
f 946 4321 4360
f 790 789 945
f 944 902 937
f 943 933 718
f 718 933 714
f 714 933 715
f 933 920 715
f 715 920 716
f 716 920 717
f 717 920 929
f 912 913 932
f 5296 5311 886
f 893 939 892
f 886 942 5299
f 896 5312 899
f 899 940 893
f 892 938 921
f 4359 903 4355
f 934 935 4351
f 933 4358 920
f 912 932 916
f 916 931 887
f 5298 927 885
f 926 928 914
f 4357 929 4354
f 5306 885 927
f 925 5297 904
f 926 914 909
f 890 924 5302
f 5302 5310 895
f 892 4356 888
f 891 4347 900
f 903 900 4355
f 920 918 4354
f 914 4353 910
f 913 4352 4351
f 5296 5761 5309
f 912 5308 4350
f 908 5307 5305
f 5295 905 5759
f 914 910 908
f 4349 912 4350
f 908 5305 909
f 5305 884 906
f 891 900 5304
f 900 903 901
f 893 889 899
f 4348 5302 5301
f 5303 5300 5299
f 5857 5298 5760
f 5299 894 886
f 5760 885 5758
f 892 888 893
f 5717 5297 4348
f 886 883 5296
f 5758 5295 5759
f 717 881 880
f 717 880 716
f 716 880 879
f 716 879 715
f 715 879 714
f 879 718 714
f 875 878 616
f 875 616 597
f 875 597 598
f 875 598 605
f 875 605 606
f 875 606 877
f 868 597 616
f 868 874 597
f 597 874 873
f 597 873 598
f 598 873 872
f 598 872 605
f 605 872 871
f 605 871 606
f 606 871 870
f 606 870 4282
f 868 616 647
f 860 867 646
f 646 867 608
f 608 867 866
f 608 866 601
f 601 866 865
f 601 865 602
f 602 865 864
f 602 864 611
f 611 864 863
f 611 863 612
f 612 863 862
f 612 862 614
f 614 862 861
f 856 859 4302
f 857 858 719
f 854 4298 4303
f 858 4303 719
f 4302 855 856
f 4300 853 4346
f 853 4299 854
f 848 4345 803
f 827 825 840
f 851 843 820
f 822 851 820
f 4342 836 850
f 846 837 4344
f 841 849 811
f 847 4343 4332
f 4337 814 845
f 5294 844 5287
f 5293 4336 842
f 836 835 833
f 833 835 829
f 829 835 831
f 829 831 823
f 823 831 826
f 823 826 822
f 822 826 827
f 822 827 839
f 839 827 840
f 836 817 838
f 836 833 817
f 837 814 5292
f 836 4342 835
f 832 808 815
f 833 832 817
f 4340 831 4341
f 795 830 5284
f 832 833 828
f 808 832 799
f 4338 826 4340
f 802 824 795
f 828 829 821
f 799 828 798
f 825 827 4338
f 803 4339 802
f 821 823 820
f 798 821 806
f 816 818 815
f 815 818 817
f 811 816 809
f 4328 5288 5286
f 4326 4330 795
f 4337 4325 814
f 5716 5291 5290
f 4334 5289 5288
f 4333 5285 5287
f 4329 4331 4330
f 4327 5286 5285
f 5715 795 5284
f 792 779 744
f 785 4324 776
f 776 4324 4323
f 776 4323 4322
f 762 4322 4320
f 762 4320 4319
f 762 4319 771
f 771 4319 4318
f 754 774 753
f 5267 728 5282
f 735 734 782
f 5270 784 728
f 741 5283 738
f 735 781 741
f 778 780 764
f 743 4317 4314
f 777 760 753
f 4316 762 4311
f 772 774 5280
f 729 772 5280
f 5269 769 766
f 768 756 770
f 4315 761 771
f 5277 725 5266
f 767 5268 732
f 768 751 756
f 732 765 767
f 740 5281 765
f 734 4313 764
f 731 742 4305
f 743 4314 742
f 762 759 4311
f 756 4310 4312
f 753 4309 4307
f 5267 5757 5755
f 754 5279 5280
f 750 5278 4308
f 5266 727 747
f 756 750 752
f 4307 754 753
f 750 751 5276
f 5276 749 726
f 731 5275 742
f 742 745 743
f 735 741 733
f 4306 740 732
f 5274 5270 5271
f 5856 5269 5273
f 5270 728 736
f 5756 725 5269
f 734 735 730
f 5714 4306 5268
f 728 5755 724
f 5754 5266 725
f 658 709 711
f 687 4302 699
f 612 614 662
f 713 612 662
f 713 611 612
f 713 602 611
f 713 601 602
f 713 608 601
f 713 721 608
f 614 661 662
f 614 720 661
f 661 720 674
f 674 720 670
f 670 720 669
f 669 720 686
f 686 720 682
f 682 720 681
f 681 720 698
f 698 720 694
f 694 720 693
f 693 720 719
f 693 719 4303
f 4301 687 4294
f 688 4299 4300
f 4298 691 693
f 712 662 660
f 4297 660 4287
f 658 711 657
f 655 708 658
f 707 708 672
f 666 706 672
f 705 706 663
f 704 705 684
f 703 704 678
f 702 703 675
f 701 702 696
f 700 701 690
f 699 700 687
f 4286 4290 655
f 659 673 656
f 661 674 659
f 4288 684 663
f 667 683 664
f 669 685 667
f 4291 696 675
f 679 695 676
f 681 697 679
f 692 698 694
f 4295 697 692
f 690 4296 689
f 691 692 693
f 688 4295 691
f 687 690 4294
f 680 686 682
f 677 685 680
f 678 4293 4292
f 679 682 681
f 676 680 679
f 675 4292 4291
f 668 673 670
f 665 673 668
f 666 4290 4289
f 667 670 669
f 664 668 667
f 663 4289 4288
f 659 660 661
f 656 4287 659
f 655 658 4286
f 654 603 4274
f 4285 626 641
f 5265 623 607
f 653 625 623
f 638 652 640
f 4284 639 648
f 651 613 617
f 4265 4283 4268
f 4281 615 4273
f 4269 4280 5258
f 4279 4272 5264
f 635 631 637
f 637 631 633
f 633 631 624
f 633 624 629
f 629 624 625
f 629 625 628
f 628 625 642
f 628 642 641
f 635 637 638
f 635 638 619
f 638 640 619
f 639 5263 615
f 638 637 4278
f 634 618 610
f 635 619 634
f 4276 4277 633
f 595 5255 632
f 634 630 635
f 610 599 634
f 4275 4276 629
f 604 595 627
f 630 622 631
f 599 600 630
f 626 4275 628
f 603 604 4274
f 622 623 624
f 600 607 622
f 619 621 618
f 618 621 617
f 613 609 617
f 5261 4264 5256
f 4266 4262 595
f 596 4261 615
f 5262 5713 5260
f 5259 4270 5261
f 5257 4269 5258
f 4265 4267 4266
f 5256 4263 5257
f 595 5712 5255
f 565 582 553
f 574 560 593
f 581 583 556
f 522 592 5243
f 592 577 5243
f 4260 560 4259
f 580 561 552
f 578 579 544
f 5228 521 5254
f 584 585 527
f 521 5230 588
f 531 534 5253
f 585 586 528
f 5252 584 5247
f 553 5753 5752
f 579 552 543
f 577 578 558
f 563 576 5246
f 5240 518 5227
f 571 524 525
f 575 550 546
f 575 546 576
f 5251 560 574
f 555 567 5855
f 554 5751 535
f 566 554 5236
f 558 539 5243
f 538 5239 548
f 541 538 549
f 564 562 5245
f 5241 552 5244
f 5229 572 570
f 525 569 571
f 533 5250 569
f 524 5235 4254
f 527 5248 5247
f 554 566 553
f 546 5242 5246
f 560 5245 4259
f 5228 5854 5749
f 544 557 558
f 547 4258 4257
f 553 5752 554
f 543 5241 4256
f 547 550 548
f 546 547 542
f 4256 544 543
f 538 541 519
f 5227 520 5237
f 524 537 5235
f 528 534 526
f 4255 533 525
f 5234 5230 5231
f 5853 5229 5233
f 5230 521 529
f 5750 518 5229
f 527 528 523
f 4254 4255 524
f 521 5749 517
f 5748 5227 518
f 493 510 516
f 515 513 497
f 452 5224 511
f 440 514 439
f 512 440 484
f 4253 465 513
f 504 495 494
f 502 484 475
f 5743 5747 451
f 508 5221 489
f 476 485 501
f 508 489 5226
f 485 467 506
f 490 505 500
f 5225 494 488
f 501 502 476
f 490 500 491
f 492 5217 454
f 481 473 478
f 498 459 483
f 498 483 472
f 450 487 5207
f 458 465 457
f 5218 444 445
f 496 461 479
f 453 5222 452
f 454 462 5744
f 484 441 470
f 478 469 5202
f 5210 466 486
f 5219 5214 485
f 483 5220 474
f 489 442 5199
f 4248 461 4247
f 5746 5215 5742
f 490 464 495
f 495 447 494
f 5223 5206 5221
f 454 451 492
f 490 5212 464
f 5221 455 489
f 5851 5203 5745
f 5207 5204 443
f 476 5219 485
f 475 470 4251
f 483 474 468
f 478 477 481
f 461 5211 479
f 5215 5216 5742
f 4252 476 4251
f 468 469 472
f 468 4250 469
f 465 4249 457
f 461 4248 5211
f 5208 459 5209
f 5745 444 5746
f 451 454 5743
f 4247 5207 5205
f 5203 445 444
f 5199 5850 5200
f 437 436 294
f 437 294 288
f 437 288 284
f 437 284 282
f 437 282 279
f 437 279 428
f 294 436 434
f 294 434 288
f 434 433 288
f 288 433 284
f 433 432 284
f 284 432 282
f 432 431 282
f 282 431 430
f 282 430 279
f 279 430 429
f 279 429 428
f 421 427 286
f 421 286 396
f 421 396 422
f 286 427 278
f 278 427 426
f 278 426 275
f 275 426 425
f 275 425 292
f 292 425 424
f 292 424 289
f 289 424 423
f 4210 4211 420
f 121 4164 414
f 414 88 415
f 414 4164 88
f 415 84 416
f 415 88 84
f 416 82 417
f 416 84 82
f 417 82 418
f 418 82 81
f 418 81 419
f 419 81 126
f 88 4164 411
f 88 411 84
f 84 411 82
f 82 411 81
f 81 411 409
f 409 411 410
f 402 123 403
f 403 123 86
f 403 86 404
f 404 86 78
f 404 78 405
f 405 78 77
f 405 77 406
f 406 77 92
f 406 92 407
f 407 92 91
f 407 91 408
f 4143 401 63
f 4212 271 400
f 370 271 387
f 399 391 377
f 397 394 398
f 397 262 394
f 397 392 262
f 292 289 332
f 389 292 332
f 389 275 292
f 389 278 275
f 389 286 278
f 389 396 286
f 289 331 332
f 289 395 331
f 331 395 347
f 347 395 340
f 340 395 339
f 339 395 359
f 359 395 352
f 352 395 351
f 351 395 371
f 371 395 364
f 364 395 363
f 363 395 394
f 363 394 262
f 267 267 268
f 267 376 267
f 267 376 393
f 267 370 4243
f 267 393 271
f 267 271 370
f 370 271 271
f 392 264 263
f 392 375 264
f 264 375 366
f 264 363 263
f 391 335 337
f 4246 333 4234
f 388 332 333
f 386 369 387
f 385 374 386
f 384 358 385
f 383 357 384
f 382 362 383
f 381 346 382
f 380 345 381
f 379 350 380
f 378 338 379
f 377 337 378
f 4241 362 344
f 360 361 342
f 359 342 339
f 4238 338 4235
f 348 336 334
f 347 334 331
f 4208 368 366
f 375 4208 366
f 375 4245 4208
f 368 4208 4208
f 373 358 356
f 372 4240 354
f 371 354 351
f 367 374 373
f 365 4244 372
f 364 372 371
f 4243 369 367
f 366 4242 365
f 363 365 364
f 4239 357 4241
f 353 355 360
f 352 360 359
f 356 358 4239
f 354 4240 353
f 351 353 352
f 4236 345 4238
f 341 343 348
f 340 348 347
f 344 346 4236
f 342 4237 341
f 339 341 340
f 4235 337 335
f 334 4234 333
f 331 333 332
f 4233 280 4226
f 315 295 297
f 329 300 323
f 302 329 316
f 317 312 311
f 328 5193 312
f 313 4232 318
f 322 314 293
f 4216 4231 4215
f 285 324 5198
f 321 293 5711
f 319 4223 5197
f 298 304 301
f 298 301 302
f 298 302 297
f 297 302 316
f 297 316 315
f 301 304 306
f 306 304 308
f 306 308 310
f 310 308 313
f 310 313 311
f 313 318 311
f 307 5195 5196
f 308 4230 313
f 312 291 309
f 311 309 310
f 305 310 309
f 276 309 291
f 4229 304 4228
f 287 303 283
f 299 306 305
f 277 305 276
f 4228 298 4227
f 283 296 281
f 300 301 299
f 5191 299 277
f 4227 297 295
f 281 4226 280
f 4222 5195 287
f 4224 4213 5194
f 5710 4224 5192
f 4220 287 4219
f 4214 4221 5190
f 4218 4219 4217
f 4215 4218 4216
f 4213 4214 5189
f 248 215 274
f 4203 273 260
f 4203 260 4204
f 4204 260 4205
f 260 265 4205
f 265 216 4207
f 265 4207 4206
f 4207 216 269
f 4207 269 4209
f 265 260 216
f 269 216 4211
f 269 4211 4210
f 4211 216 234
f 223 261 252
f 249 224 227
f 219 216 4202
f 222 4196 250
f 4201 215 4192
f 253 212 209
f 256 235 5181
f 239 5188 5181
f 241 251 5184
f 209 254 253
f 241 5187 251
f 227 250 249
f 214 215 247
f 5174 214 244
f 5179 231 246
f 229 5179 245
f 232 220 245
f 208 213 5186
f 5185 202 203
f 5741 5180 5739
f 241 226 5175
f 210 213 238
f 209 4190 235
f 5740 202 5741
f 5184 240 241
f 5183 5170 5740
f 236 5849 5184
f 238 5172 5182
f 235 4200 5181
f 233 234 4193
f 232 4199 220
f 221 222 4198
f 220 4197 229
f 5180 230 5739
f 229 225 5179
f 227 5178 4198
f 5175 5848 5176
f 222 218 4196
f 220 4195 4197
f 216 4194 4193
f 215 214 4192
f 5174 5173 214
f 209 4191 4190
f 5172 5171 201
f 205 207 5172
f 5170 203 202
f 200 193 4142
f 4142 64 187
f 191 199 138
f 195 198 197
f 195 73 198
f 198 73 192
f 86 189 78
f 189 92 77
f 78 189 77
f 92 134 91
f 91 131 194
f 86 196 189
f 92 189 134
f 91 134 131
f 194 131 148
f 194 148 142
f 194 142 139
f 194 139 160
f 194 160 154
f 194 154 151
f 194 151 172
f 194 172 166
f 194 166 163
f 194 163 195
f 163 72 73
f 67 68 167
f 169 67 167
f 169 64 65
f 169 65 67
f 67 65 193
f 67 176 68
f 65 64 193
f 71 72 72
f 72 72 192
f 192 72 175
f 72 164 175
f 190 191 136
f 133 4189 4178
f 133 134 188
f 186 187 170
f 185 186 174
f 184 185 157
f 183 184 158
f 182 183 162
f 181 182 145
f 180 181 146
f 179 180 150
f 178 179 137
f 177 178 138
f 4184 143 162
f 159 140 161
f 160 140 159
f 4181 137 150
f 147 4177 149
f 148 132 147
f 4185 4147 164
f 164 4147 175
f 5723 5728 69
f 5722 5721 4188
f 173 157 174
f 171 4182 4187
f 172 152 171
f 168 174 170
f 165 4187 4186
f 166 171 165
f 167 170 169
f 164 4186 4185
f 163 165 164
f 4183 4184 158
f 153 159 156
f 154 159 153
f 155 4183 157
f 152 153 4182
f 151 153 152
f 4180 4181 146
f 141 147 144
f 142 147 141
f 143 4180 145
f 140 141 4179
f 139 141 140
f 135 138 137
f 132 4178 4177
f 131 133 132
f 125 130 80
f 4176 116 96
f 5169 99 129
f 99 101 129
f 111 112 118
f 128 5164 119
f 114 4175 4169
f 5167 122 93
f 4173 4156 4174
f 4160 5161 4172
f 4171 93 122
f 5168 5709 4170
f 101 102 97
f 101 97 98
f 101 98 115
f 115 98 116
f 97 102 104
f 104 102 106
f 104 106 108
f 108 106 110
f 108 110 114
f 114 111 117
f 114 110 111
f 4168 5165 87
f 108 4169 107
f 112 89 5164
f 111 109 112
f 105 110 106
f 76 109 105
f 107 104 108
f 87 4167 4168
f 100 106 102
f 75 105 100
f 103 97 104
f 83 4165 4167
f 99 102 101
f 85 100 99
f 95 98 97
f 79 4166 4165
f 5165 4161 87
f 5160 4152 5162
f 5162 4163 5163
f 87 4159 4158
f 5161 4160 5159
f 4158 4157 4154
f 4154 4157 4155
f 5159 4153 5160
f 74 58 48
f 62 4151 60
f 70 16 60
f 60 4151 4150
f 60 4150 4149
f 60 4149 70
f 16 70 4146
f 70 4148 4146
f 16 4146 66
f 4146 4145 66
f 16 66 4143
f 66 4144 4143
f 16 4143 34
f 52 61 23
f 61 50 5148
f 59 60 4132
f 4141 17 49
f 58 57 15
f 4140 53 4129
f 54 56 35
f 56 55 5153
f 5158 51 5154
f 53 54 9
f 51 5157 42
f 49 27 50
f 14 47 15
f 5144 5156 14
f 30 46 31
f 29 45 30
f 32 45 20
f 6 13 5
f 5155 4 5150
f 41 5150 4
f 42 5736 5738
f 4131 36 13
f 9 35 12
f 39 4 5141
f 5154 42 5737
f 5151 5141 8
f 38 5154 5847
f 36 5143 5
f 35 5153 4139
f 33 19 34
f 32 20 4138
f 4136 28 22
f 20 29 21
f 5150 24 5149
f 29 25 4137
f 27 5147 5148
f 5145 5846 5736
f 22 18 4136
f 20 4134 4135
f 16 4133 4132
f 15 10 14
f 5144 14 5708
f 9 4130 4129
f 5143 2 7
f 5 7 6
f 5141 3 5142
